run_id,asset_id,technical_name,source_ref,column_names_text,column_value_semantics_text,y_true,y_pred,y_pred_alt,confidence_score,confidence_margin,uncertainty_entropy,confidence_band,is_error,is_other_pred,is_borderline,is_rare_pred,is_rare_true,review_priority
5,1154652,R_TFLT_CF2,PS_R_TFLT_CF2,OTBI_SRC_INSTANCE | RANGE_FROM | RANGE_TO | SETCNTRLVALUE | SETID | SETID_TREE | TREE_EFFDT | TREE_NAME,OTBI_SRC_INSTANCE:quantity | RANGE_FROM:label | RANGE_TO:label | SETCNTRLVALUE:label | SETID:label | SETID_TREE:label | TREE_EFFDT:date_or_timestamp | TREE_NAME:label,Other,Other,IT & Sécurité,0.99322855,0.98649836,0.020985471,high,0,True,False,False,False,60.68000000715256
5,1099265,COMBO_SEL_11,PS_COMBO_SEL_11,CHARTFIELD | COMBINATION | EFFDT_FROM | EFFDT_TO | PROCESS_GROUP | RANGE_FROM_11 | RANGE_TO_11 | SEQUENCE_NBR_6 | SETID | TREE_EFFDT,CHARTFIELD:label | COMBINATION:label | EFFDT_FROM:date_or_timestamp | EFFDT_TO:date_or_timestamp | PROCESS_GROUP:processing_identifier | RANGE_FROM_11:label | RANGE_TO_11:label | SEQUENCE_NBR_6:quantity | SETID:label | TREE_EFFDT:date_or_timestamp,Other,Other,IT & Sécurité,0.9934533,0.98692244,0.020340076,high,0,True,False,False,False,60.64999997615814
5,1024132,SYSADM.PS_COMBO_SEL_14,PS_COMBO_SEL_14,CHARTFIELD | COMBINATION | EFFDT_FROM | EFFDT_TO | PROCESS_GROUP | RANGE_FROM_14 | RANGE_TO_14 | SEQUENCE_NBR_6 | SETID | TREE_EFFDT,CHARTFIELD:label | COMBINATION:label | EFFDT_FROM:date_or_timestamp | EFFDT_TO:date_or_timestamp | PROCESS_GROUP:processing_identifier | RANGE_FROM_14:label | RANGE_TO_14:label | SEQUENCE_NBR_6:quantity | SETID:label | TREE_EFFDT:date_or_timestamp,Other,Other,IT & Sécurité,0.993558,0.9871451,0.020117348,high,0,True,False,False,False,60.639999985694885
5,1017042,SYSADM.PS_CA_BI_FF_TA5,PS_CA_BI_FF_TA5,BILL_PLAN_ID | BPLAN_LN_NBR | CONTRACT_LINE_NUM | CONTRACT_NUM | CONTRACT_PPD_SEQ | DELETE_ME | EVENT_OCCURRENCE | PROCESS_INSTANCE | XREF_SEQ_NUM | XREF_STATUS,BILL_PLAN_ID:identifier | BPLAN_LN_NBR:quantity | CONTRACT_LINE_NUM:quantity | CONTRACT_NUM:quantity | CONTRACT_PPD_SEQ:quantity | DELETE_ME:label | EVENT_OCCURRENCE:quantity | PROCESS_INSTANCE:processing_identifier | XREF_SEQ_NUM:quantity | XREF_STATUS:status,Other,Other,Finance & Contrôle,0.9941701,0.9895231,0.020145545,high,0,True,False,False,False,60.5799999833107
5,1130249,NET_MANRQST_LNG,PS_NET_MANRQST_LNG,DESCR | LANGUAGE_CD | NET_REF_ID,DESCR:label | LANGUAGE_CD:label | NET_REF_ID:reference_identifier,Other,Other,IT & Sécurité,0.99465746,0.9894878,0.017600903,high,0,True,False,False,False,60.52999997138977
5,1067436,SYSADM.PS_PTSF_CATPSFTSDL,PS_PTSF_CATPSFTSDL,DESCR254 | LANGUAGE_CD | MSGNODENAME | PTSF_SBO_NAME | PTSF_SRCCAT_NAME,DESCR254:label | LANGUAGE_CD:label | MSGNODENAME:label | PTSF_SBO_NAME:label | PTSF_SRCCAT_NAME:label,Other,Other,IT & Sécurité,0.9956598,0.991331,0.014404763,high,0,True,False,False,False,60.43000000715256
5,1042719,SYSADM.PS_IN_ITM_RECD_LST,PS_IN_ITM_RECD_LST,ITM_CHG_REC_LIST | OPRID | RECNAME | RUN_CNTL_ID | WHERE_CLAUSE_LONG2,ITM_CHG_REC_LIST:label | OPRID:user_identifier | RECNAME:label | RUN_CNTL_ID:processing_identifier | WHERE_CLAUSE_LONG2:label,Other,Other,IT & Sécurité,0.99575293,0.9916973,0.014583772,high,0,True,False,False,False,60.41999998688698
5,1082204,SYSADM.PS_WM_CREWSCHD_REQ,PS_WM_CREWSCHD_REQ,BUSINESS_UNIT | CREW_ID | INCLUDE_DETAIL | LANGUAGE_CD | OPRID | PERIOD_FROM_DT | PERIOD_TO_DT | RUN_CNTL_ID | SHOP_ID,BUSINESS_UNIT:label | CREW_ID:identifier | INCLUDE_DETAIL:label | LANGUAGE_CD:label | OPRID:user_identifier | PERIOD_FROM_DT:date_or_timestamp | PERIOD_TO_DT:date_or_timestamp | RUN_CNTL_ID:processing_identifier | SHOP_ID:identifier,Other,Other,Achats & Fournisseurs,0.9959071,0.9930435,0.015478951,high,0,True,False,False,False,60.40999999642372
5,1013471,SYSADM.PS_BI_WNHCC_TAO,PS_BI_WNHCC_TAO,ADD_DTTM | ADDRESS1 | ADDRESS2 | ADDRESS3 | ADDRESS4 | ADDRESS_SEQ_NUM | ADDR_FIELD1 | ADDR_FIELD2 | ADDR_FIELD3 | BILL_TO_COPIES | BILL_TO_MEDIA | BUSINESS_UNIT | CITY | CNTCT_SEQ_NUM | COUNTRY | COUNTY | CUST_ID | CUST_NAME | EMAILID | ERROR_STATUS_BI | FAX | HOUSE_TYPE | IN_CITY_LIMIT | INVOICE | IVC_DELIVERED_FLG | LANGUAGE_CD | LAST_MAINT_OPRID | LAST_UPDATE_DTTM | NAME1 | NUM1 | NUM2 | POSTAL | PROCESS_INSTANCE | SEQ_NUM | STATE,ADD_DTTM:technical_timestamp | ADDRESS1:label | ADDRESS2:label | ADDRESS3:label | ADDRESS4:label | ADDRESS_SEQ_NUM:quantity | ADDR_FIELD1:label | ADDR_FIELD2:label | ADDR_FIELD3:label | BILL_TO_COPIES:quantity | BILL_TO_MEDIA:label | BUSINESS_UNIT:label | CITY:label | CNTCT_SEQ_NUM:quantity | COUNTRY:label | COUNTY:label | CUST_ID:identifier | CUST_NAME:label | EMAILID:label | ERROR_STATUS_BI:status | FAX:label | HOUSE_TYPE:classification | IN_CITY_LIMIT:label | INVOICE:label | IVC_DELIVERED_FLG:label | LANGUAGE_CD:label | LAST_MAINT_OPRID:user_identifier | LAST_UPDATE_DTTM:technical_timestamp | NAME1:label | NUM1:label | NUM2:label | POSTAL:postal_location | PROCESS_INSTANCE:processing_identifier | SEQ_NUM:quantity | STATE:status,Other,Other,Ventes & Clients,0.9960548,0.9923927,0.013884115,high,0,True,False,False,False,60.389999985694885
5,1120734,GM_IN_CONTAC_DT,PS_GM_IN_CONTAC_DT,EFFDT | EFF_STATUS | INSTID | SETID,EFFDT:date_or_timestamp | EFF_STATUS:status | INSTID:label | SETID:label,Other,Other,RH,0.99620533,0.992641,0.013411495,high,0,True,False,False,False,60.37999999523163
5,1018346,SYSADM.PS_CA_LREVRED_LANG,PS_CA_LREVRED_LANG,CONTRACT_LINE_NUM | CONTRACT_NUM | DESCR | LANGUAGE_CD | SEQ_NUM,CONTRACT_LINE_NUM:quantity | CONTRACT_NUM:quantity | DESCR:label | LANGUAGE_CD:label | SEQ_NUM:quantity,Other,Other,Supply Chain / Logistique / Production,0.99630535,0.99455947,0.014380279,high,0,True,False,False,False,60.37000000476837
5,1076626,SYSADM.PS_TD_FUND_TAO,PS_TD_FUND_TAO,PROCESS_INSTANCE | SETID | SETID_CUSTOMER | SETID_PRODUCT | SETID_PROMO | SETID_SETUP | TD_FUND_CODE | TD_SKIP_FIXED_FLAG,PROCESS_INSTANCE:processing_identifier | SETID:label | SETID_CUSTOMER:label | SETID_PRODUCT:label | SETID_PROMO:label | SETID_SETUP:label | TD_FUND_CODE:reference_identifier | TD_SKIP_FIXED_FLAG:flag,Other,Other,Finance & Contrôle,0.99678516,0.9951687,0.012389638,high,0,True,False,False,False,60.31999999284744
5,1146147,PTIASPPKGCATPI,PS_PTIASPPKGCATPI,PTIASPPKGGUID | PTIASPSPVERS | PTIASPSPVERSPRE,PTIASPPKGGUID:label | PTIASPSPVERS:quantity | PTIASPSPVERSPRE:quantity,Other,Other,IT & Sécurité,0.9968024,0.99360865,0.011099968,high,0,True,False,False,False,60.31999999284744
5,1118771,FS_MAP_CX_TRAN,PS_FS_MAP_CX_TRAN,FS_MAP_EXTR_CHECK | FS_MAP_EXTR_FROM | FS_MAP_EXTR_REPL | FS_MAP_EXTR_TO | FS_MAP_GROUP_SEQ | FS_MAP_ID | FS_MAP_TRG_FLD | QRYCOLUMN,FS_MAP_EXTR_CHECK:label | FS_MAP_EXTR_FROM:quantity | FS_MAP_EXTR_REPL:label | FS_MAP_EXTR_TO:quantity | FS_MAP_GROUP_SEQ:quantity | FS_MAP_ID:identifier | FS_MAP_TRG_FLD:label | QRYCOLUMN:quantity,Other,Other,Finance & Contrôle,0.9968327,0.9936929,0.011080593,high,0,True,False,False,False,60.31999999284744
5,1083190,SYSADM.PS_WM_WO_TTCKL_LNG,PS_WM_WO_TTCKL_LNG,DESCR254 | EFFDT | LANGUAGE_CD | SEQ_NBR_5 | SETID | WO_TEMPLATE_ID,DESCR254:label | EFFDT:date_or_timestamp | LANGUAGE_CD:label | SEQ_NBR_5:quantity | SETID:label | WO_TEMPLATE_ID:identifier,Other,Other,Supply Chain / Logistique / Production,0.99689,0.9938796,0.011092027,high,0,True,False,False,False,60.310000002384186
5,1101553,CURRENCY_CD_TBL,PS_CURRENCY_CD_TBL,COUNTRY | CURRENCY_CD | CUR_SYMBOL | DECIMAL_POSITIONS | DESCR | DESCRSHORT | EFFDT | EFF_STATUS | LASTUPDDTTM | SCALE_POSITIONS | SYNCID,COUNTRY:label | CURRENCY_CD:label | CUR_SYMBOL:label | DECIMAL_POSITIONS:quantity | DESCR:label | DESCRSHORT:label | EFFDT:date_or_timestamp | EFF_STATUS:status | LASTUPDDTTM:date_or_timestamp | SCALE_POSITIONS:quantity | SYNCID:quantity,Other,Other,Finance & Contrôle,0.997011,0.9941635,0.01082706,high,0,True,False,False,False,60.30000001192093
5,1146172,PTIASPPKGTSTOBJ,PS_PTIASPPKGTSTOBJ,OBJECTTYPE | OBJECTVALUE1 | OBJECTVALUE2 | OBJECTVALUE3 | OBJECTVALUE4 | PROJECTNAME | PTIA_COUNTER | PTIASPPKGGUID,OBJECTTYPE:quantity | OBJECTVALUE1:label | OBJECTVALUE2:label | OBJECTVALUE3:label | OBJECTVALUE4:label | PROJECTNAME:label | PTIA_COUNTER:quantity | PTIASPPKGGUID:label,Other,Other,IT & Sécurité,0.9970427,0.994087,0.010375514,high,0,True,False,False,False,60.30000001192093
5,1146136,PTIASPOBJDPENDS,PS_PTIASPOBJDPENDS,OBJECTID1 | OBJECTID2 | OBJECTID3 | OBJECTID4 | OBJECTTYPE | OBJECTVALUE1 | OBJECTVALUE2 | OBJECTVALUE3 | OBJECTVALUE4 | PTIASPRPTFIXDT | PTIASPRPTFIXDTPRE | PTIASPRPTNO | PTIASPRPTNOPRE,OBJECTID1:quantity | OBJECTID2:quantity | OBJECTID3:quantity | OBJECTID4:quantity | OBJECTTYPE:quantity | OBJECTVALUE1:label | OBJECTVALUE2:label | OBJECTVALUE3:label | OBJECTVALUE4:label | PTIASPRPTFIXDT:date_or_timestamp | PTIASPRPTFIXDTPRE:date_or_timestamp | PTIASPRPTNO:quantity | PTIASPRPTNOPRE:quantity,Other,Other,IT & Sécurité,0.99716616,0.99435496,0.010080604,high,0,True,False,False,False,60.28000000119209
5,1150011,QS_UPG_QCMFD_KY,PS_QS_UPG_QCMFD_KY,BUSINESS_UNIT | CHART_ID | GREF_ID | INV_ITEM_ID | MFDS_ID | OLD_CHART_ID | OLD_GREF_ID | OLD_PROC_ID | PROC_ID | QC_STEP_ID | QS_MFDS_PLAN_ID | QS_MFDS_PLAN_NAME | SETID | TR_ID,BUSINESS_UNIT:label | CHART_ID:identifier | GREF_ID:identifier | INV_ITEM_ID:identifier | MFDS_ID:identifier | OLD_CHART_ID:identifier | OLD_GREF_ID:identifier | OLD_PROC_ID:identifier | PROC_ID:identifier | QC_STEP_ID:identifier | QS_MFDS_PLAN_ID:identifier | QS_MFDS_PLAN_NAME:label | SETID:label | TR_ID:identifier,Other,Other,Supply Chain / Logistique / Production,0.99719673,0.99461,0.010316,high,0,True,False,False,False,60.28000000119209
5,1072197,SYSADM.PS_R_TFLT_CF1,PS_R_TFLT_CF1,OTBI_SRC_INSTANCE | RANGE_FROM | RANGE_TO | SETCNTRLVALUE | SETID | SETID_TREE | TREE_EFFDT | TREE_NAME,OTBI_SRC_INSTANCE:quantity | RANGE_FROM:label | RANGE_TO:label | SETCNTRLVALUE:label | SETID:label | SETID_TREE:label | TREE_EFFDT:date_or_timestamp | TREE_NAME:label,Other,Other,IT & Sécurité,0.99720585,0.9951804,0.010838498,high,0,True,False,False,False,60.28000000119209
5,1066955,SYSADM.PS_PTDM_XMLDATA,PS_PTDM_XMLDATA,ATTACHSYSFILENAME | FILE_DATA | FILE_SEQ | FILE_SIZE | LASTUPDDTTM | LASTUPDOPRID | VERSION,ATTACHSYSFILENAME:label | FILE_DATA:file_reference | FILE_SEQ:quantity | FILE_SIZE:quantity | LASTUPDDTTM:date_or_timestamp | LASTUPDOPRID:label | VERSION:quantity,Other,Other,IT & Sécurité,0.9972185,0.99446166,0.009930619,high,0,True,False,False,False,60.28000000119209
5,1116077,EX_TAUTH_AW,PS_EX_TAUTH_AW,COMMENTS | EOAWDEFN_ID | EOAWDTTM_MODIFIED | EOAWPARENT_THREAD | EOAWPRCS_ID | EOAWREQUESTOR_ID | EOAWTHREAD_ID | EOAWTHREAD_STATUS | LINE_NBR | ORIGINATORID | RECNAME | TRAVEL_AUTH_ID,COMMENTS:label | EOAWDEFN_ID:identifier | EOAWDTTM_MODIFIED:technical_timestamp | EOAWPARENT_THREAD:quantity | EOAWPRCS_ID:identifier | EOAWREQUESTOR_ID:identifier | EOAWTHREAD_ID:identifier | EOAWTHREAD_STATUS:status | LINE_NBR:quantity | ORIGINATORID:label | RECNAME:label | TRAVEL_AUTH_ID:identifier,Other,Other,IT & Sécurité,0.9972391,0.9945278,0.009931384,high,0,True,False,False,False,60.28000000119209
5,1099261,COMBO_SEL_07,PS_COMBO_SEL_07,CHARTFIELD | COMBINATION | EFFDT_FROM | EFFDT_TO | PROCESS_GROUP | RANGE_FROM_07 | RANGE_TO_07 | SEQUENCE_NBR_6 | SETID | TREE_EFFDT,CHARTFIELD:label | COMBINATION:label | EFFDT_FROM:date_or_timestamp | EFFDT_TO:date_or_timestamp | PROCESS_GROUP:processing_identifier | RANGE_FROM_07:label | RANGE_TO_07:label | SEQUENCE_NBR_6:quantity | SETID:label | TREE_EFFDT:date_or_timestamp,Other,Other,IT & Sécurité,0.9972835,0.9945971,0.009747463,high,0,True,False,False,False,60.270000010728836
5,1057587,SYSADM.PS_PC_SCH_PRODUCT,PS_PC_SCH_PRODUCT,DESCR | ODBC_ALIAS | PC_SCH_PRODUCT | PC_TRACE_LOG,DESCR:label | ODBC_ALIAS:label | PC_SCH_PRODUCT:label | PC_TRACE_LOG:label,Other,Other,IT & Sécurité,0.99730945,0.9948231,0.010013145,high,0,True,False,False,False,60.270000010728836
5,1100788,CS_DOC_PTXTBASE,PS_CS_DOC_PTXTBASE,CS_BODY | CS_BODY_TYPE | CS_CLAUSE_COMPARE | CS_CLAUSE_LEAD | CS_DOC_ID | CS_DOC_OBJ_ACTION | CS_DOC_TYPE | CS_KEYVALUE | CS_NUMBERED | CS_OBJECT_ID | CS_OBJECT_TYPE | CS_OBJ_GROUP | CS_OBJ_GROUP_TYPE | CS_PROTECTED | CS_RPT_FLG | CS_RULE_FLG | CS_SLA_FLG | CS_TITLE | DESCR60 | EFFDT | SEQ_NBR,CS_BODY:label | CS_BODY_TYPE:classification | CS_CLAUSE_COMPARE:label | CS_CLAUSE_LEAD:label | CS_DOC_ID:identifier | CS_DOC_OBJ_ACTION:label | CS_DOC_TYPE:classification | CS_KEYVALUE:label | CS_NUMBERED:label | CS_OBJECT_ID:identifier | CS_OBJECT_TYPE:classification | CS_OBJ_GROUP:label | CS_OBJ_GROUP_TYPE:classification | CS_PROTECTED:label | CS_RPT_FLG:label | CS_RULE_FLG:label | CS_SLA_FLG:label | CS_TITLE:label | DESCR60:label | EFFDT:date_or_timestamp | SEQ_NBR:quantity,Other,Other,IT & Sécurité,0.99733204,0.9946725,0.009529911,high,0,True,False,False,False,60.270000010728836
5,1153784,RS_RSRCGRP_SHOP,PS_RS_RSRCGRP_SHOP,BUSINESS_UNIT | OPRID_ENTERED_BY | RS_RSRCGRP_NAME | SHOP_ID | SYSTEM_SOURCE,BUSINESS_UNIT:label | OPRID_ENTERED_BY:user_identifier | RS_RSRCGRP_NAME:label | SHOP_ID:identifier | SYSTEM_SOURCE:label,Other,Other,IT & Sécurité,0.99734354,0.99501806,0.01020592,high,0,True,False,False,False,60.270000010728836
5,1095955,CC_MC_TBL5110,PS_CC_MC_TBL5110,CC_MC_PARENTREC | CC_MC_PARENTSEQNO | CC_MC_REC_TYPE | CC_MC_SEQNO | CRDMEM_ACCT_NBR | MC_CITY | MC_CONTACTFUNCTION | MC_CONTACTNAME | MC_COUNTRYCODE | MC_EMAILADDRESS | MC_FUNCTION | MC_LOADDATE | MC_LOADTIME | MC_MAINTAINCODE | MC_NAME1 | MC_NAME2 | MC_NAME3 | MC_PARTYID | MC_PARTYTYPE | MC_PHONENBR | MC_POSTALCODE | MC_RECSEQNUM | MC_REJECTREASON1 | MC_REJECTREASON2 | MC_REJECTREASON3 | MC_STATEPROVINCE | MC_STREET1 | MC_STREET2 | MC_STREET3 | MC_STREET4 | MC_STREET5 | MC_STREET6 | POST_DT | TRANS_NBR,CC_MC_PARENTREC:label | CC_MC_PARENTSEQNO:quantity | CC_MC_REC_TYPE:classification | CC_MC_SEQNO:quantity | CRDMEM_ACCT_NBR:quantity | MC_CITY:label | MC_CONTACTFUNCTION:label | MC_CONTACTNAME:label | MC_COUNTRYCODE:label | MC_EMAILADDRESS:label | MC_FUNCTION:label | MC_LOADDATE:date_or_timestamp | MC_LOADTIME:label | MC_MAINTAINCODE:label | MC_NAME1:label | MC_NAME2:label | MC_NAME3:label | MC_PARTYID:label | MC_PARTYTYPE:label | MC_PHONENBR:label | MC_POSTALCODE:label | MC_RECSEQNUM:label | MC_REJECTREASON1:label | MC_REJECTREASON2:label | MC_REJECTREASON3:label | MC_STATEPROVINCE:label | MC_STREET1:label | MC_STREET2:label | MC_STREET3:label | MC_STREET4:label | MC_STREET5:label | MC_STREET6:label | POST_DT:date_or_timestamp | TRANS_NBR:quantity,Other,Other,Finance & Contrôle,0.99737525,0.9948889,0.009696928,high,0,True,False,False,False,60.25999999046326
5,1027273,SYSADM.PS_DPA_EISPECU_VWS,PS_DPA_EISPECU_VWS,DP_CAPTION | DP_CONFIGVIEW | DP_DESCRIPTION | DP_IMPORTSPEC | PSARCH_ID,DP_CAPTION:label | DP_CONFIGVIEW:label | DP_DESCRIPTION:label | DP_IMPORTSPEC:label | PSARCH_ID:identifier,Other,Other,IT & Sécurité,0.9974945,0.9950072,0.009062025,high,0,True,False,False,False,60.25
5,1165938,TV_MYRESV_DTL,PS_TV_MYRESV_DTL,ARRIVAL_LOC | CONFIRM_STATUS | DEPARTURE_DTTM | DEPARTURE_LOC | EMPLID | FLIGHT_NUM | ITINERARY_ID | LEG_ID | RESERVATION_NBR | SEAT | TRAVEL_PARTNER,ARRIVAL_LOC:label | CONFIRM_STATUS:status | DEPARTURE_DTTM:technical_timestamp | DEPARTURE_LOC:label | EMPLID:person_identifier | FLIGHT_NUM:quantity | ITINERARY_ID:identifier | LEG_ID:identifier | RESERVATION_NBR:quantity | SEAT:label | TRAVEL_PARTNER:label,Other,Other,RH,0.9975765,0.9953085,0.0091439225,high,0,True,False,False,False,60.23999999463558
5,1076424,SYSADM.PS_T_AESTEPLANG,PS_T_AESTEPLANG,AE_APPLID | AE_SECTION | AE_STEP | DBTYPE | DESCR | DESCRLONG | EFFDT | LANGUAGE_CD | MARKET,AE_APPLID:label | AE_SECTION:label | AE_STEP:label | DBTYPE:label | DESCR:label | DESCRLONG:comment_text | EFFDT:date_or_timestamp | LANGUAGE_CD:label | MARKET:label,Other,Other,IT & Sécurité,0.99759203,0.99520123,0.008755928,high,0,True,False,False,False,60.23999999463558
5,1169341,WL_TEMPLATE_GLN,PS_WL_TEMPLATE_GLN,DESCR | LANGUAGE_CD | WL_INSTR_TXT | WL_MSG_TXT | WL_RESPONSE_TXT | WL_SUBJECT | WL_TEMPLATE_ID,DESCR:label | LANGUAGE_CD:label | WL_INSTR_TXT:label | WL_MSG_TXT:label | WL_RESPONSE_TXT:label | WL_SUBJECT:label | WL_TEMPLATE_ID:identifier,Other,Other,Finance & Contrôle,0.9976786,0.9959614,0.00913149,high,0,True,False,False,False,60.230000004172325
5,1063964,SYSADM.PS_POS_SOURCE_KEYS,PS_POS_SOURCE_KEYS,DRILL_TO_FLAG | FIELDNAME_SOURCE | FIELDNAME_TO | LABEL_ID | PMT_VIEW_KEY_FLG | POS_SOURCE_ID | RANK_FLAG | SETID,DRILL_TO_FLAG:flag | FIELDNAME_SOURCE:label | FIELDNAME_TO:label | LABEL_ID:label | PMT_VIEW_KEY_FLG:reference_identifier | POS_SOURCE_ID:identifier | RANK_FLAG:flag | SETID:label,Other,Other,IT & Sécurité,0.997695,0.99567807,0.008916987,high,0,True,False,False,False,60.230000004172325
5,1058628,SYSADM.PS_PGM_CHC_PRD_LG,PS_PGM_CHC_PRD_LG,BUSINESS_UNIT | CHANGE_REQ_ID | LANGUAGE_CD | PRJ_CHNG_DESCR | PROJECT_ID,BUSINESS_UNIT:label | CHANGE_REQ_ID:identifier | LANGUAGE_CD:label | PRJ_CHNG_DESCR:label | PROJECT_ID:identifier,Other,Other,IT & Sécurité,0.99774086,0.9958347,0.008966786,high,0,True,False,False,False,60.230000004172325
5,1084128,ACV_NODE_ZOOM,PS_ACV_NODE_ZOOM,ACV_NDTPL_ID | ACV_ND_VIEW_NAME | ACV_WIDTH_LEFT | ACV_WIDTH_RIGHT | ACV_ZOOM_LEVEL | DEFAULT_FLAG,ACV_NDTPL_ID:identifier | ACV_ND_VIEW_NAME:label | ACV_WIDTH_LEFT:quantity | ACV_WIDTH_RIGHT:quantity | ACV_ZOOM_LEVEL:quantity | DEFAULT_FLAG:flag,Other,Other,IT & Sécurité,0.99786353,0.9957561,0.00794489,high,0,True,False,False,False,60.20999999344349
5,1150107,RA_STATUS_TAO,PS_RA_STATUS_TAO,BUSINESS_UNIT | CUST_ID | ITEM | ITEM_LINE | PROCESS_INSTANCE | STATUS_AGE_TYPE,BUSINESS_UNIT:label | CUST_ID:identifier | ITEM:label | ITEM_LINE:quantity | PROCESS_INSTANCE:processing_identifier | STATUS_AGE_TYPE:status,Other,Other,IT & Sécurité,0.99786973,0.9960417,0.008340955,high,0,True,False,False,False,60.20999999344349
5,1067021,SYSADM.PS_PTGP_LINKPARMS,PS_PTGP_LINKPARMS,NAME | ORDERNO | PTPPB_FIELDNAME | PTPPB_GROUPLET_ID | PTPPB_VALUE,NAME:label | ORDERNO:quantity | PTPPB_FIELDNAME:label | PTPPB_GROUPLET_ID:identifier | PTPPB_VALUE:label,Other,Other,IT & Sécurité,0.99789965,0.99581176,0.007780327,high,0,True,False,False,False,60.20999999344349
5,1075010,SYSADM.PS_SPL_MAP_VALS,PS_SPL_MAP_VALS,PROBINST,PROBINST:label,Other,Other,IT & Sécurité,0.99792355,0.99605596,0.008155552,high,0,True,False,False,False,60.20999999344349
5,1018981,SYSADM.PS_CA_TYP_TBL_LANG,PS_CA_TYP_TBL_LANG,CONTRACT_TYPE | DESCR | LANGUAGE_CD | SETID,CONTRACT_TYPE:classification | DESCR:label | LANGUAGE_CD:label | SETID:label,Other,Other,Achats & Fournisseurs,0.9979741,0.99700624,0.00877747,high,0,True,False,False,False,60.20000000298023
5,1071604,SYSADM.PS_RS_FR_DMD_HDR,PS_RS_FR_DMD_HDR,DESCR | DESCRLONG | EFFORT | FMS_DTTM_STAMP | FMS_LASTUPDDTTM | FMS_LASTUPDOPRID | FMS_OPRID | FORECAST_ID_DMD | FROM_DATE | FROM_MONTH_SCP | FROM_YEAR | FULL_TIME_RES_DMD | OPRID | SCENARIO_STATUS | TO_DATE | TO_MONTH_SCP | TO_YEAR,DESCR:label | DESCRLONG:comment_text | EFFORT:quantity | FMS_DTTM_STAMP:technical_timestamp | FMS_LASTUPDDTTM:date_or_timestamp | FMS_LASTUPDOPRID:label | FMS_OPRID:user_identifier | FORECAST_ID_DMD:label | FROM_DATE:date_or_timestamp | FROM_MONTH_SCP:date_part | FROM_YEAR:date_part | FULL_TIME_RES_DMD:quantity | OPRID:user_identifier | SCENARIO_STATUS:status | TO_DATE:date_or_timestamp | TO_MONTH_SCP:date_part | TO_YEAR:date_part,Other,Other,IT & Sécurité,0.99797887,0.9969273,0.00889219,high,0,True,False,False,False,60.20000000298023
5,1165980,UA_WTHD_HDR_TMP,PS_UA_WTHD_HDR_TMP,DESCR | SETID | WTHD_CD,DESCR:label | SETID:label | WTHD_CD:label,Other,Other,Finance & Contrôle,0.9979826,0.99610084,0.0078056203,high,0,True,False,False,False,60.20000000298023
5,1118778,FS_MAP_EVLF_TBL,PS_FS_MAP_EVLF_TBL,FS_MAP_ID | FS_MAP_SEQ | FS_MAP_SRC_FLD | FS_MAP_TRG_FLD,FS_MAP_ID:identifier | FS_MAP_SEQ:quantity | FS_MAP_SRC_FLD:label | FS_MAP_TRG_FLD:label,Other,Other,IT & Sécurité,0.9980029,0.996272,0.007834949,high,0,True,False,False,False,60.20000000298023
5,1044821,SYSADM.PS_ITM_TREE_WS,PS_ITM_TREE_WS,DRILL_DOWN_BUTTON | DRILL_UP_BUTTON | PARENT_NODE_NUM | SETID | TREE_NAME | TREE_NODE | TREE_NODE_NUM,DRILL_DOWN_BUTTON:label | DRILL_UP_BUTTON:label | PARENT_NODE_NUM:quantity | SETID:label | TREE_NAME:label | TREE_NODE:label | TREE_NODE_NUM:quantity,Other,Other,IT & Sécurité,0.9980246,0.9968465,0.008255484,high,0,True,False,False,False,60.20000000298023
5,1129312,MC_TYPE_WHERE,PS_MC_TYPE_WHERE,MC_SEQ | MC_STMNT_SEQ | MC_TYPE_ID | MC_WHERE_STMNT | SEQUENCE_NBR_6,MC_SEQ:quantity | MC_STMNT_SEQ:quantity | MC_TYPE_ID:classification | MC_WHERE_STMNT:label | SEQUENCE_NBR_6:quantity,Other,Other,IT & Sécurité,0.9980381,0.99613017,0.0074511548,high,0,True,False,False,False,60.20000000298023
5,1025380,SYSADM.PS_CUST_DATA_FIELD,PS_CUST_DATA_FIELD,ACTIVE_FLG | ACV_FIELD_VAL_FUNC | APPCLASSID | AR_DESCR | DATA_CATEGORY | DATA_FIELD_ID | DATA_FIELD_TYPE | DATA_ITEM_ID | DATA_ITEM_VAL_TYPE | DEFINITION_TEXT | DEFN_LOCKED_FLG | PACKAGEROOT | PARAM_VALUE | QUALIFYPATH | STRING_TEXT | SYS_DEFINED_FLAG | USER_CLICKABLE_FLG | VALUE_ROLLUP_FLG,ACTIVE_FLG:flag | ACV_FIELD_VAL_FUNC:label | APPCLASSID:label | AR_DESCR:label | DATA_CATEGORY:classification | DATA_FIELD_ID:identifier | DATA_FIELD_TYPE:classification | DATA_ITEM_ID:identifier | DATA_ITEM_VAL_TYPE:classification | DEFINITION_TEXT:label | DEFN_LOCKED_FLG:label | PACKAGEROOT:label | PARAM_VALUE:label | QUALIFYPATH:label | STRING_TEXT:label | SYS_DEFINED_FLAG:flag | USER_CLICKABLE_FLG:user_identifier | VALUE_ROLLUP_FLG:label,Other,Other,IT & Sécurité,0.99805236,0.99674165,0.00806805,high,0,True,False,False,False,60.189999997615814
5,1066872,SYSADM.PS_PTBR_THM_REG_LN,PS_PTBR_THM_REG_LN,DESCR | EFFDT | LANGUAGE_CD | PORTAL_NAME,DESCR:label | EFFDT:date_or_timestamp | LANGUAGE_CD:label | PORTAL_NAME:label,Other,Other,IT & Sécurité,0.99806213,0.99629545,0.007558892,high,0,True,False,False,False,60.189999997615814
5,1105405,DR_ENTRYSUB_TBL,PS_DR_ENTRYSUB_TBL,DRAFT_BUSN_EVENT | DRAFT_POST_ACTION | DRAFT_SUB_EVENT | DRAFT_TYPE | ENTRY_USE_ID | SETID,DRAFT_BUSN_EVENT:label | DRAFT_POST_ACTION:label | DRAFT_SUB_EVENT:label | DRAFT_TYPE:classification | ENTRY_USE_ID:identifier | SETID:label,Other,Other,IT & Sécurité,0.99806696,0.9971411,0.008278254,high,0,True,False,False,False,60.189999997615814
5,1170092,WM_PM_BKP,PS_WM_PM_BKP,ASSET_ID | BUSINESS_UNIT | BUSINESS_UNIT_AM | END_DATE | NEXT_DUE_DT | PM_SCHD_ID | SEQ_NUM | START_DATE,ASSET_ID:identifier | BUSINESS_UNIT:label | BUSINESS_UNIT_AM:label | END_DATE:date_or_timestamp | NEXT_DUE_DT:date_or_timestamp | PM_SCHD_ID:identifier | SEQ_NUM:quantity | START_DATE:date_or_timestamp,Other,Other,IT & Sécurité,0.99810755,0.99672484,0.007805886,high,0,True,False,False,False,60.189999997615814
5,1070651,SYSADM.PS_RFND_MULTISEL,PS_RFND_MULTISEL,BUSINESS_UNIT | CUST_ID | ITEM | ITEM_LINE | ITEM_SEQ_NUM | OPRID | RUN_CNTL_ID,BUSINESS_UNIT:label | CUST_ID:identifier | ITEM:label | ITEM_LINE:quantity | ITEM_SEQ_NUM:quantity | OPRID:user_identifier | RUN_CNTL_ID:processing_identifier,Other,Other,IT & Sécurité,0.99810886,0.99693143,0.008013659,high,0,True,False,False,False,60.189999997615814
5,1004611,SYSADM.PS_AGC_CAT_STEPBTL,PS_AGC_CAT_STEPBTL,AGC_BUTTON_METHOD | AGC_CATEGORY_ID | AGC_STEP_ID | DESCR | EFFDT | LANGUAGE_CD,AGC_BUTTON_METHOD:label | AGC_CATEGORY_ID:classification | AGC_STEP_ID:identifier | DESCR:label | EFFDT:date_or_timestamp | LANGUAGE_CD:label,Other,Other,IT & Sécurité,0.9981121,0.9963442,0.007311704,high,0,True,False,False,False,60.189999997615814
5,1024118,SYSADM.PS_COMBO_RULE_TBL,PS_COMBO_RULE_TBL,COMBINATION | COMBO_DEFN_NAME | DESCR | DESCRLONG | EFFDT_FROM | EFFDT_OPEN | EFFDT_TO | SETID | VALID_CODE,COMBINATION:label | COMBO_DEFN_NAME:label | DESCR:label | DESCRLONG:comment_text | EFFDT_FROM:date_or_timestamp | EFFDT_OPEN:label | EFFDT_TO:date_or_timestamp | SETID:label | VALID_CODE:reference_identifier,Other,Other,IT & Sécurité,0.99813026,0.9967521,0.0077581117,high,0,True,False,False,False,60.189999997615814
5,1028082,SYSADM.PS_DST_CNTRL_HDR,PS_DST_CNTRL_HDR,DESCR | DESCRSHORT | DST_CNTRL_ID | SETID,DESCR:label | DESCRSHORT:label | DST_CNTRL_ID:identifier | SETID:label,Other,Other,IT & Sécurité,0.9981604,0.9967733,0.007745683,high,0,True,False,False,False,60.18000000715256
5,1038443,SYSADM.PS_GM_PM_PROP_LNG,PS_GM_PM_PROP_LNG,BUSINESS_UNIT | LANGUAGE_CD | PROPOSAL_ID | PROPOSAL_TITLE,BUSINESS_UNIT:label | LANGUAGE_CD:label | PROPOSAL_ID:identifier | PROPOSAL_TITLE:label,Other,Other,Ventes & Clients,0.99816585,0.9964801,0.007195541,high,0,True,False,False,False,60.18000000715256
5,1095043,CA_PE_PERS_PROD,PS_CA_PE_PERS_PROD,BUSINESS_UNIT | CA_PAGELET_FORMAT | CA_RQST_SRC | COMPONENT_ID | CONTRACT_NUM | CONTRACT_TYPE | CURRENCY_CD | DATE_TYPE | FROM_DATE | FROM_DATE_OPTION | MY_CONTRACTS | OPRID | PRODUCT_SORT_BY | REGION_CD | RENEWAL_OPTION | SOLD_TO_CUST_ID | SUBCUST_QUAL1 | SUBCUST_QUAL2 | THRU_DATE | THRU_DATE_OPTION,BUSINESS_UNIT:label | CA_PAGELET_FORMAT:label | CA_RQST_SRC:label | COMPONENT_ID:identifier | CONTRACT_NUM:quantity | CONTRACT_TYPE:classification | CURRENCY_CD:label | DATE_TYPE:classification | FROM_DATE:date_or_timestamp | FROM_DATE_OPTION:label | MY_CONTRACTS:label | OPRID:user_identifier | PRODUCT_SORT_BY:label | REGION_CD:label | RENEWAL_OPTION:label | SOLD_TO_CUST_ID:identifier | SUBCUST_QUAL1:label | SUBCUST_QUAL2:label | THRU_DATE:date_or_timestamp | THRU_DATE_OPTION:label,Other,Other,RH,0.99817646,0.99721056,0.008029391,high,0,True,False,False,False,60.18000000715256
5,1077419,SYSADM.PS_TR_FCST_DTE_AET,PS_TR_FCST_DTE_AET,BUSINESS_DT_RULE | CSH_FCST_RULE_ID | CURRENCY_CD | ERROR_FLAG | FCST_RULE_TYPE | NEW_DATE | POS_SHIFT_DAYS | POS_SHIFT_MONTHS | POS_SHIFT_YEARS | PROCESS_INSTANCE | PYMNT_METHOD | RETURN_DATE | SETID | VALUE_DT,BUSINESS_DT_RULE:label | CSH_FCST_RULE_ID:identifier | CURRENCY_CD:label | ERROR_FLAG:flag | FCST_RULE_TYPE:classification | NEW_DATE:date_or_timestamp | POS_SHIFT_DAYS:quantity | POS_SHIFT_MONTHS:quantity | POS_SHIFT_YEARS:quantity | PROCESS_INSTANCE:processing_identifier | PYMNT_METHOD:label | RETURN_DATE:date_or_timestamp | SETID:label | VALUE_DT:date_or_timestamp,Other,Other,Finance & Contrôle,0.99819213,0.99691015,0.007527144,high,0,True,False,False,False,60.18000000715256
5,1166051,UNPOST_GRP_TMP,PS_UNPOST_GRP_TMP,CUST_ID | ENTRY_TYPE | GROUP_BU | GROUP_ID | ITEM,CUST_ID:identifier | ENTRY_TYPE:classification | GROUP_BU:label | GROUP_ID:identifier | ITEM:label,Other,Other,Finance & Contrôle,0.99822706,0.99763393,0.007976525,high,0,True,False,False,False,60.18000000715256
5,1029307,SYSADM.PS_EN_RTG_HATT_TMP,PS_EN_RTG_HATT_TMP,BUSINESS_UNIT | DESCR | DOCUMENT_NAME | FILE_EXTENSION | INV_ITEM_ID | RTG_CODE | RTG_STATE | RTG_TYPE,BUSINESS_UNIT:label | DESCR:label | DOCUMENT_NAME:label | FILE_EXTENSION:label | INV_ITEM_ID:identifier | RTG_CODE:reference_identifier | RTG_STATE:status | RTG_TYPE:classification,Other,Other,Supply Chain / Logistique / Production,0.9982357,0.9965112,0.0067794146,high,0,True,False,False,False,60.18000000715256
5,1077171,SYSADM.PS_TRA_RUN_4_PORTF,PS_TRA_RUN_4_PORTF,OPRID | RUN_CNTL_ID | SETID | TREASURY_PORTFOLIO,OPRID:user_identifier | RUN_CNTL_ID:processing_identifier | SETID:label | TREASURY_PORTFOLIO:label,Other,Other,IT & Sécurité,0.99823606,0.9966511,0.0070179235,high,0,True,False,False,False,60.18000000715256
5,1047450,SYSADM.PS_LEASE_DIST3_TMP,PS_LEASE_DIST3_TMP,ASSET_ID | BOOK | BUSINESS_UNIT | CF_SEQNO | PROCESS_INSTANCE | TRANS_DT,ASSET_ID:identifier | BOOK:label | BUSINESS_UNIT:label | CF_SEQNO:quantity | PROCESS_INSTANCE:processing_identifier | TRANS_DT:date_or_timestamp,Other,Other,IT & Sécurité,0.99823797,0.9967499,0.0070548044,high,0,True,False,False,False,60.18000000715256
5,1085689,AM_SS_RET_HDR,PS_AM_SS_RET_HDR,APPR_STATUS | ASSET_ID | BUSINESS_UNIT | DATE_SUBMITTED | DTTM_STAMP | ORIGINATOR_ID,APPR_STATUS:status | ASSET_ID:identifier | BUSINESS_UNIT:label | DATE_SUBMITTED:date_or_timestamp | DTTM_STAMP:technical_timestamp | ORIGINATOR_ID:identifier,Other,Other,Achats & Fournisseurs,0.9982439,0.9969312,0.0072775707,high,0,True,False,False,False,60.18000000715256
5,1031158,SYSADM.PS_EP_GROUP_IN,PS_EP_GROUP_IN,BUSINESS_UNIT_IN | EP_GROUP_CODE | MASTER_IN_EP | PL_SUB_OPTIONS,BUSINESS_UNIT_IN:label | EP_GROUP_CODE:reference_identifier | MASTER_IN_EP:label | PL_SUB_OPTIONS:label,Other,Other,IT & Sécurité,0.99824655,0.9969772,0.0073425644,high,0,True,False,False,False,60.18000000715256
5,1121350,GM_PROP_SUG_REV,PS_GM_PROP_SUG_REV,BUSINESS_UNIT | COMMENTS | NAME | PROPOSAL_ID | SEQ_NUM | VERSION_ID,BUSINESS_UNIT:label | COMMENTS:label | NAME:label | PROPOSAL_ID:identifier | SEQ_NUM:quantity | VERSION_ID:identifier,Other,Other,Ventes & Clients,0.9982833,0.9967037,0.0068253977,high,0,True,False,False,False,60.17000000178814
5,1049765,SYSADM.PS_OMBCK_RLS_TAO,PS_OMBCK_RLS_TAO,BUSINESS_UNIT | BUSINESS_UNIT_IN | CUST_GROUP_FLAG | CUST_ID | CUSTOMER_GROUP | DISTRIB_SET_ID | DISTRIB_TYPE | DOC_TYPE_OM | DST_RULE_CD | EFFDT | EFF_STATUS | ORDER_GRP | PROCESS_INSTANCE | PRODUCT_GROUP | PRODUCT_GROUP_FLAG | PRODUCT_ID | REGION_CD | REGION_FLAG | SEQ_NUM | SEQUENCE_NBR,BUSINESS_UNIT:label | BUSINESS_UNIT_IN:label | CUST_GROUP_FLAG:flag | CUST_ID:identifier | CUSTOMER_GROUP:label | DISTRIB_SET_ID:identifier | DISTRIB_TYPE:classification | DOC_TYPE_OM:classification | DST_RULE_CD:label | EFFDT:date_or_timestamp | EFF_STATUS:status | ORDER_GRP:label | PROCESS_INSTANCE:processing_identifier | PRODUCT_GROUP:label | PRODUCT_GROUP_FLAG:flag | PRODUCT_ID:identifier | REGION_CD:label | REGION_FLAG:flag | SEQ_NUM:quantity | SEQUENCE_NBR:quantity,Other,Other,Ventes & Clients,0.99830586,0.9973009,0.007399304,high,0,True,False,False,False,60.17000000178814
5,1068786,SYSADM.PS_RA_STATUS_TAO,PS_RA_STATUS_TAO,BUSINESS_UNIT | CUST_ID | ITEM | ITEM_LINE | PROCESS_INSTANCE | STATUS_AGE_TYPE,BUSINESS_UNIT:label | CUST_ID:identifier | ITEM:label | ITEM_LINE:quantity | PROCESS_INSTANCE:processing_identifier | STATUS_AGE_TYPE:status,Other,Other,IT & Sécurité,0.998344,0.9968932,0.0066690953,high,0,True,False,False,False,60.17000000178814
5,1019275,SYSADM.PS_CC_MC_TAO5001,PS_CC_MC_TAO5001,CC_MC_PARENTREC | CC_MC_PARENTSEQNO | CC_MC_REC_TYPE | CC_MC_SEQNO | CRDMEM_ACCT_NBR | MC_ACCOUNTNBR | MC_ACQUIRINGICA | MC_AUSTINTETRANUM | MC_CA_ADDCONTACT | MC_CA_ADDRESS | MC_CA_BUSINESSCODE | MC_CA_CITY | MC_CA_COUNTRY | MC_CA_DESCR | MC_CA_LOCPOSTAL | MC_CA_NAICSNUM | MC_CA_NAME | MC_CA_PHONE | MC_CARDACCEPTORID | MC_CA_SERVICEPHONE | MC_CA_STATE | MC_CA_TAXID | MC_CA_TYPE | MC_CA_TYPEIND | MC_CA_VATNUM | MC_DUNNUM | MC_LEGALNAME | MC_LOADDATE | MC_LOADTIME | MC_MAINTAINCODE | MC_RECSEQNUM | MC_REJECTREASON1 | MC_REJECTREASON2 | MC_REJECTREASON3 | MC_SOLEPROPRIETOR | MC_TAXIDINDICATOR | POST_DT | PROCESS_INSTANCE | TRANS_NBR,CC_MC_PARENTREC:label | CC_MC_PARENTSEQNO:quantity | CC_MC_REC_TYPE:classification | CC_MC_SEQNO:quantity | CRDMEM_ACCT_NBR:quantity | MC_ACCOUNTNBR:label | MC_ACQUIRINGICA:label | MC_AUSTINTETRANUM:label | MC_CA_ADDCONTACT:label | MC_CA_ADDRESS:label | MC_CA_BUSINESSCODE:label | MC_CA_CITY:label | MC_CA_COUNTRY:label | MC_CA_DESCR:label | MC_CA_LOCPOSTAL:label | MC_CA_NAICSNUM:label | MC_CA_NAME:label | MC_CA_PHONE:phone_number | MC_CARDACCEPTORID:label | MC_CA_SERVICEPHONE:label | MC_CA_STATE:status | MC_CA_TAXID:label | MC_CA_TYPE:classification | MC_CA_TYPEIND:label | MC_CA_VATNUM:label | MC_DUNNUM:label | MC_LEGALNAME:label | MC_LOADDATE:date_or_timestamp | MC_LOADTIME:label | MC_MAINTAINCODE:label | MC_RECSEQNUM:label | MC_REJECTREASON1:label | MC_REJECTREASON2:label | MC_REJECTREASON3:label | MC_SOLEPROPRIETOR:label | MC_TAXIDINDICATOR:label | POST_DT:date_or_timestamp | PROCESS_INSTANCE:processing_identifier | TRANS_NBR:quantity,Other,Other,Finance & Contrôle,0.99836,0.997094,0.0068995655,high,0,True,False,False,False,60.15999999642372
5,1169884,WM_INSP_SRCH,PS_WM_INSP_SRCH,ACTIVITY_ID | ACTL_DT_CD | ACTL_END_DT | ACTL_SRCH_CD | ACTL_START_DT | AREA_ID | ASSET_CRITICALITY | ASSET_DESCR | ASSET_ID | ASSET_LOCATION | ASSET_SUBTYPE | ASSET_TYPE | BASIS_DT_CD | BUSINESS_UNIT | BUSINESS_UNIT_AM | BUSINESS_UNIT_PC | BUSINESS_UNIT_WR | CAUSE_CD | CRAFT_ID | CREW_BU | CREW_FLG | CREW_ID | CREW_SHOP | EMPLID | ENTERED_BY | ENTERED_DT_FROM | ENTERED_DT_TO | LAST_VIEW_SW | LOCATION | LOCATION_IN_LIST | MAINT_TYPE | MFG_ID | MODEL | OPRID | PERIOD_START_DT | PM_SCHD_ID | PM_SRCH_CD | PROBLEM_CD | PROBLEM_GROUP | PROJECT_ID | PUBLIC_SW | REQ_DT_CD | REQ_END_DT | REQ_SRCH_CD | REQ_START_DT | RESOLUTION_CD | SCHED_DT_CD | SCHED_END_DT | SCHED_PERIOD | SCHED_SRCH_CD | SCHED_START_DT | SCHEDULING_STATUS | SHOP_ID | SRCH_OPR_1 | SRCH_OPR_2 | SRCH_OPR_3 | SRCH_OPR_4 | SRVC_GRP_ID | STANDING_WO_FLG | TASK_ACTION | TASK_DESCR | TOOLS_ASSET_SUBTYP | TOOLS_ASSET_TYPE | TOOLS_REQ_FLG | TSK_SRCH_CD | TSK_SRCH_VIEW | UNASSIGNED | VIEW_MODE | WM_CUR_EMPLID_SW | WM_SCHED_FROM | WM_SCHED_TO | WO_APPROVAL_STATUS | WO_ID | WO_INSPECT_STATUS | WO_TASK_ID | WO_TYPE | WR_ID,ACTIVITY_ID:identifier | ACTL_DT_CD:label | ACTL_END_DT:date_or_timestamp | ACTL_SRCH_CD:label | ACTL_START_DT:date_or_timestamp | AREA_ID:identifier | ASSET_CRITICALITY:label | ASSET_DESCR:label | ASSET_ID:identifier | ASSET_LOCATION:label | ASSET_SUBTYPE:label | ASSET_TYPE:classification | BASIS_DT_CD:label | BUSINESS_UNIT:label | BUSINESS_UNIT_AM:label | BUSINESS_UNIT_PC:label | BUSINESS_UNIT_WR:label | CAUSE_CD:label | CRAFT_ID:identifier | CREW_BU:label | CREW_FLG:label | CREW_ID:identifier | CREW_SHOP:label | EMPLID:person_identifier | ENTERED_BY:label | ENTERED_DT_FROM:date_or_timestamp | ENTERED_DT_TO:date_or_timestamp | LAST_VIEW_SW:label | LOCATION:label | LOCATION_IN_LIST:label | MAINT_TYPE:classification | MFG_ID:identifier | MODEL:label | OPRID:user_identifier | PERIOD_START_DT:date_or_timestamp | PM_SCHD_ID:identifier | PM_SRCH_CD:label | PROBLEM_CD:label | PROBLEM_GROUP:label | PROJECT_ID:identifier | PUBLIC_SW:label | REQ_DT_CD:label | REQ_END_DT:date_or_timestamp | REQ_SRCH_CD:label | REQ_START_DT:date_or_timestamp | RESOLUTION_CD:label | SCHED_DT_CD:label | SCHED_END_DT:date_or_timestamp | SCHED_PERIOD:label | SCHED_SRCH_CD:label | SCHED_START_DT:date_or_timestamp | SCHEDULING_STATUS:status | SHOP_ID:identifier | SRCH_OPR_1:label | SRCH_OPR_2:label | SRCH_OPR_3:label | SRCH_OPR_4:label | SRVC_GRP_ID:identifier | STANDING_WO_FLG:label | TASK_ACTION:label | TASK_DESCR:label | TOOLS_ASSET_SUBTYP:label | TOOLS_ASSET_TYPE:classification | TOOLS_REQ_FLG:label | TSK_SRCH_CD:label | TSK_SRCH_VIEW:label | UNASSIGNED:label | VIEW_MODE:label | WM_CUR_EMPLID_SW:person_identifier | WM_SCHED_FROM:label | WM_SCHED_TO:label | WO_APPROVAL_STATUS:status | WO_ID:identifier | WO_INSPECT_STATUS:status | WO_TASK_ID:identifier | WO_TYPE:classification | WR_ID:identifier,Other,Other,IT & Sécurité,0.99838233,0.9974615,0.0070731784,high,0,True,False,False,False,60.15999999642372
5,1103373,DL_TFLT_OPRUNIT,PS_DL_TFLT_OPRUNIT,EFFDT | FIELD_DESC | INEFFDT | OPERATING_UNIT | OTBI_SRC_INSTANCE | SETCNTRLVALUE | SETID | SETID_TREE | TLVL1 | TLVL1_DESC | TNODE1 | TNODE1_DESC | TREE_EFFDT | TREE_NAME,EFFDT:date_or_timestamp | FIELD_DESC:label | INEFFDT:date_or_timestamp | OPERATING_UNIT:label | OTBI_SRC_INSTANCE:quantity | SETCNTRLVALUE:label | SETID:label | SETID_TREE:label | TLVL1:label | TLVL1_DESC:label | TNODE1:label | TNODE1_DESC:label | TREE_EFFDT:date_or_timestamp | TREE_NAME:label,Other,Other,IT & Sécurité,0.9983949,0.9971252,0.0065803337,high,0,True,False,False,False,60.15999999642372
5,1036649,SYSADM.PS_FS_MAP_DCC_TBL,PS_FS_MAP_DCC_TBL,FS_MAP_ID | FS_MAP_SEQ | FS_MAP_SRC_FLD | FS_MAP_TRG_FLD,FS_MAP_ID:identifier | FS_MAP_SEQ:quantity | FS_MAP_SRC_FLD:label | FS_MAP_TRG_FLD:label,Other,Other,IT & Sécurité,0.9983982,0.99689144,0.0063356273,high,0,True,False,False,False,60.15999999642372
5,1112378,EODP_SQR_REF,PS_EODP_SQR_REF,EODP_SQR_NAME | FIELDNAME | RECNAME,EODP_SQR_NAME:label | FIELDNAME:label | RECNAME:label,Other,Other,IT & Sécurité,0.9984048,0.99682856,0.006158186,high,0,True,False,False,False,60.15999999642372
5,1118220,FOSKILLSHDR_UPG,PS_FOSKILLSHDR_UPG,DESCRSHORT | RS_TYPE,DESCRSHORT:label | RS_TYPE:classification,Other,Other,RH,0.99842113,0.99699783,0.0063707707,high,0,True,False,False,False,60.15999999642372
5,1164748,TR_DASH_CP_CFG,PS_TR_DASH_CP_CFG,BANK_CD | BUSINESS_UNIT | COMPLETE | CURRENCY_CD | FROM_DATE | GROUP_BY_FIELD | OPRID | POSITION_CURRENCY | SETID | SOURCE_SET | TO_DATE | WORKSHEET_ID,BANK_CD:label | BUSINESS_UNIT:label | COMPLETE:label | CURRENCY_CD:label | FROM_DATE:date_or_timestamp | GROUP_BY_FIELD:label | OPRID:user_identifier | POSITION_CURRENCY:job_label | SETID:label | SOURCE_SET:label | TO_DATE:date_or_timestamp | WORKSHEET_ID:identifier,Other,Other,Finance & Contrôle,0.99842364,0.9975708,0.0068686795,high,0,True,False,False,False,60.15999999642372
5,1145403,PTAI_PRIV_LNG,PS_PTAI_PRIV_LNG,DESCR | DESCR254 | LANGUAGE_CD | PTAI_PRIV_ID,DESCR:label | DESCR254:label | LANGUAGE_CD:label | PTAI_PRIV_ID:identifier,Other,Other,IT & Sécurité,0.9984266,0.9969799,0.006323365,high,0,True,False,False,False,60.15999999642372
5,1093665,BU_TYPE_INV,PS_BU_TYPE_INV,BUSIN_UNIT_TYPE | DESCR | DESCRSHORT | EFFDT | EFF_STATUS | SETID,BUSIN_UNIT_TYPE:classification | DESCR:label | DESCRSHORT:label | EFFDT:date_or_timestamp | EFF_STATUS:status | SETID:label,Other,Other,Supply Chain / Logistique / Production,0.99843395,0.9975668,0.0066162962,high,0,True,False,False,False,60.15999999642372
5,1069976,SYSADM.PS_RE_PROP_TA0,PS_RE_PROP_TA0,CURRENT_OCCUPANCY | PROCESS_INSTANCE | PROPERTY_ID | SPACE_UOM | TOTAL_AREA,CURRENT_OCCUPANCY:quantity | PROCESS_INSTANCE:processing_identifier | PROPERTY_ID:identifier | SPACE_UOM:label | TOTAL_AREA:quantity,Other,Other,IT & Sécurité,0.99843585,0.99687696,0.006016135,high,0,True,False,False,False,60.15999999642372
5,1146247,PTIATESTREPO,PS_PTIATESTREPO,PTIATESTCRIT1 | PTIATESTCRIT2 | PTIATESTCRIT3 | PTIATESTCRIT4 | PTIATESTDESC | PTIATESTNAME | PTIATESTPKGINCLUDE,PTIATESTCRIT1:quantity | PTIATESTCRIT2:quantity | PTIATESTCRIT3:quantity | PTIATESTCRIT4:quantity | PTIATESTDESC:label | PTIATESTNAME:label | PTIATESTPKGINCLUDE:label,Other,Other,IT & Sécurité,0.998442,0.9970566,0.006282478,high,0,True,False,False,False,60.15999999642372
5,1028390,SYSADM.PS_ECBUSDOCID,PS_ECBUSDOCID,ECBUSDOCID,ECBUSDOCID:quantity,Other,Other,IT & Sécurité,0.99844617,0.9968977,0.0059840684,high,0,True,False,False,False,60.15999999642372
5,1044751,SYSADM.PS_ITM_SCH_GRP_LNG,PS_ITM_SCH_GRP_LNG,DESCR | LANGUAGE_CD | SCHED_GROUP_CD | SETID,DESCR:label | LANGUAGE_CD:label | SCHED_GROUP_CD:label | SETID:label,Other,Other,Supply Chain / Logistique / Production,0.9984526,0.9973704,0.0065150214,high,0,True,False,False,False,60.150000005960464
5,1082225,SYSADM.PS_WM_FAIL_SEVR_LG,PS_WM_FAIL_SEVR_LG,DESCR | DESCRSHORT | LANGUAGE_CD | SETID | SEVERITY_CD,DESCR:label | DESCRSHORT:label | LANGUAGE_CD:label | SETID:label | SEVERITY_CD:label,Other,Other,IT & Sécurité,0.99846494,0.9971315,0.006306844,high,0,True,False,False,False,60.150000005960464
5,1146145,PTIASPPKGCATFML,PS_PTIASPPKGCATFML,PTIASPPKGGUID | PTIASPPRDFMLY | PTIASPPRDFMLYDESC,PTIASPPKGGUID:label | PTIASPPRDFMLY:label | PTIASPPRDFMLYDESC:label,Other,Other,IT & Sécurité,0.99848145,0.9969913,0.005922386,high,0,True,False,False,False,60.150000005960464
5,1112106,EODI_TSK_REG_TG,PS_EODI_TSK_REG_TG,EODI_DYN_ID | EODI_TSK_PROC_ID,EODI_DYN_ID:identifier | EODI_TSK_PROC_ID:identifier,Other,Other,IT & Sécurité,0.9984941,0.99703354,0.005923666,high,0,True,False,False,False,60.150000005960464
5,1083162,SYSADM.PS_WM_WO_LN_COMP,PS_WM_WO_LN_COMP,BUSINESS_UNIT | COMPETENCY | PROFICIENCY | RQMT_LN_NBR | WEIGHT_POINTS | WO_ID | WO_TASK_ID | YEARS_OF_EXP,BUSINESS_UNIT:label | COMPETENCY:label | PROFICIENCY:label | RQMT_LN_NBR:quantity | WEIGHT_POINTS:quantity | WO_ID:identifier | WO_TASK_ID:identifier | YEARS_OF_EXP:quantity,Other,Other,RH,0.9984974,0.9973176,0.0062899427,high,0,True,False,False,False,60.150000005960464
5,1147031,PTSCHEDMODFYPAR,PS_PTSCHEDMODFYPAR,BCNAME | DESCR50 | PTSCHDL_NAME | PTSCHED_LOOKUPCI | PTSCHED_MODPARMVAL | PTSCHED_PARAMNAME | PTSCHED_REQPARAM,BCNAME:label | DESCR50:label | PTSCHDL_NAME:label | PTSCHED_LOOKUPCI:label | PTSCHED_MODPARMVAL:label | PTSCHED_PARAMNAME:label | PTSCHED_REQPARAM:label,Other,Other,IT & Sécurité,0.9985052,0.9970289,0.0058212727,high,0,True,False,False,False,60.150000005960464
5,1103230,DIRATTRIBMAP,PS_DIRATTRIBMAP,DIRATTRIBUTE | DIRMAPNAME | FIELDNAME | PSFTMASTER | RECNAME,DIRATTRIBUTE:label | DIRMAPNAME:label | FIELDNAME:label | PSFTMASTER:label | RECNAME:label,Other,Other,IT & Sécurité,0.9985259,0.99711573,0.00585789,high,0,True,False,False,False,60.150000005960464
5,1112452,EO_DS_TMP_DS,PS_EO_DS_TMP_DS,DSATTRIBUTE | DSDN | DSVALUE,DSATTRIBUTE:label | DSDN:label | DSVALUE:label,Other,Other,IT & Sécurité,0.99852765,0.9971088,0.005839198,high,0,True,False,False,False,60.150000005960464
5,1147078,PTSF_CATCHLDFCT,PS_PTSF_CATCHLDFCT,PTSF_CHLD_FCT_NAME | PTSF_FACET_NAME | PTSF_SRCCAT_NAME | SEQNO,PTSF_CHLD_FCT_NAME:label | PTSF_FACET_NAME:label | PTSF_SRCCAT_NAME:label | SEQNO:quantity,Other,Other,IT & Sécurité,0.9985366,0.997075,0.00566851,high,0,True,False,False,False,60.150000005960464
5,1162662,SSO_SURPLUS_WRK,PS_SSO_SURPLUS_WRK,PROBINST | SSO_BOUND_INDEX | SSO_SURPLUS_VAL,PROBINST:label | SSO_BOUND_INDEX:score | SSO_SURPLUS_VAL:quantity,Other,Other,IT & Sécurité,0.9985381,0.99717504,0.0058919685,high,0,True,False,False,False,60.150000005960464
5,1094043,CA_BINOTE_TA1,PS_CA_BINOTE_TA1,BILL_PLAN_ID | BPLAN_LN_NBR | CA_NOTE_SEQ_NBR | CONTRACT_NUM | EVENT_OCCURRENCE | HDR_OR_LINE_NOTE | INTFC_LINE_NUM | NOTE_TYPE | PROCESS_INSTANCE | SEQ_NBR | TEXT254 | TRANS_TYPE_BI_SEQ,BILL_PLAN_ID:identifier | BPLAN_LN_NBR:quantity | CA_NOTE_SEQ_NBR:quantity | CONTRACT_NUM:quantity | EVENT_OCCURRENCE:quantity | HDR_OR_LINE_NOTE:comment_text | INTFC_LINE_NUM:quantity | NOTE_TYPE:classification | PROCESS_INSTANCE:processing_identifier | SEQ_NBR:quantity | TEXT254:label | TRANS_TYPE_BI_SEQ:classification,Other,Other,IT & Sécurité,0.9985424,0.99732924,0.006060659,high,0,True,False,False,False,60.150000005960464
5,1033093,SYSADM.PS_EX_MC3_MS_TA3,PS_EX_MC3_MS_TA3,AUTO_TOWING_EX | CAR_DAILY_RATE_EX | CAR_PHONE_TOT_EX | CAR_WEEKLY_RATE_EX | CHECKOUT_DT | CLASS_CODE_EX | CRDMEM_ACCT_NBR | CURR_CD_CAR | ENHC_NAME_EX | EX_ENHC_DAYS | EXTRA_MILE_EX | FUEL_TOTAL_EX | INSURANCE_TOTAL_EX | LATE_RETURN_EX | MC_ACCT_NUM | MC_PROCESS_TRANSID | MC_RENTALAGREEMENT | MC_TRANS_DT | ONEWAY_DROPOFF_EX | PROCESS_INSTANCE | REG_MILE_EX | RETURN_LOC_EX | SEQ_NBR | TRANS_NBR,AUTO_TOWING_EX:quantity | CAR_DAILY_RATE_EX:percentage_or_rate | CAR_PHONE_TOT_EX:phone_number | CAR_WEEKLY_RATE_EX:percentage_or_rate | CHECKOUT_DT:date_or_timestamp | CLASS_CODE_EX:classification | CRDMEM_ACCT_NBR:quantity | CURR_CD_CAR:label | ENHC_NAME_EX:label | EX_ENHC_DAYS:quantity | EXTRA_MILE_EX:quantity | FUEL_TOTAL_EX:quantity | INSURANCE_TOTAL_EX:quantity | LATE_RETURN_EX:quantity | MC_ACCT_NUM:quantity | MC_PROCESS_TRANSID:processing_identifier | MC_RENTALAGREEMENT:label | MC_TRANS_DT:date_or_timestamp | ONEWAY_DROPOFF_EX:quantity | PROCESS_INSTANCE:processing_identifier | REG_MILE_EX:quantity | RETURN_LOC_EX:label | SEQ_NBR:quantity | TRANS_NBR:quantity,Other,Other,Finance & Contrôle,0.9985487,0.9972492,0.0059127007,high,0,True,False,False,False,60.150000005960464
5,1141233,PROJ_ANALYSIS,PS_PROJ_ANALYSIS,ACTIVITY_ID | ANALYSIS | ANALYSIS_DTTM | ANALYSIS_EMPLID | ANALYSIS_SHORT | ANALYSIS_TYPE | BUSINESS_UNIT | PROJECT_ID | SETID,ACTIVITY_ID:identifier | ANALYSIS:label | ANALYSIS_DTTM:technical_timestamp | ANALYSIS_EMPLID:person_identifier | ANALYSIS_SHORT:label | ANALYSIS_TYPE:classification | BUSINESS_UNIT:label | PROJECT_ID:identifier | SETID:label,Other,Other,RH,0.99854916,0.99743104,0.0061785537,high,0,True,False,False,False,60.150000005960464
5,1117232,FO_APP_REF,PS_FO_APP_REF,ADDRESS1 | ADDRESS2 | ADDRESS3 | ADDRESS4 | ADDR_FIELD1 | ADDR_FIELD2 | ADDR_FIELD3 | APPLID | CITY | COMMENTS | COUNTRY | COUNTRY_CODE | COUNTY | DT_CONTACTD | EMAIL_ADDR | EMPLOYER | EXTENSION | FO_TEMPLATE_TYPE | GEO_CODE | HOUSE_TYPE | IN_CITY_LIMIT | NUM1 | NUM2 | OPRID | PHONE | PHONE_TYPE | POSTAL | REFERENCE_CHECK | REFERENCE_NUM | REFERENCE_TYPE | REF_NAME | REF_TITLE | SETID | STATE | TEMPLATE_CODE,ADDRESS1:label | ADDRESS2:label | ADDRESS3:label | ADDRESS4:label | ADDR_FIELD1:label | ADDR_FIELD2:label | ADDR_FIELD3:label | APPLID:label | CITY:label | COMMENTS:label | COUNTRY:label | COUNTRY_CODE:reference_identifier | COUNTY:label | DT_CONTACTD:date_or_timestamp | EMAIL_ADDR:email_address | EMPLOYER:label | EXTENSION:label | FO_TEMPLATE_TYPE:classification | GEO_CODE:reference_identifier | HOUSE_TYPE:classification | IN_CITY_LIMIT:label | NUM1:label | NUM2:label | OPRID:user_identifier | PHONE:phone_number | PHONE_TYPE:phone_number | POSTAL:postal_location | REFERENCE_CHECK:label | REFERENCE_NUM:quantity | REFERENCE_TYPE:classification | REF_NAME:label | REF_TITLE:label | SETID:label | STATE:status | TEMPLATE_CODE:reference_identifier,Other,Other,IT & Sécurité,0.998553,0.99765855,0.0064168028,high,0,True,False,False,False,60.14000000059605
5,1145965,PTGANTTGLYPH,PS_PTGANTTGLYPH,PTGLYPHCODE | PTGLYPHDESCR | PTGLYPHVALUE,PTGLYPHCODE:quantity | PTGLYPHDESCR:label | PTGLYPHVALUE:quantity,Other,Other,IT & Sécurité,0.9985537,0.9971138,0.005628695,high,0,True,False,False,False,60.14000000059605
5,1066817,SYSADM.PS_PTAI_POST,PS_PTAI_POST,PTAI_ITEM_ID | PTAI_POST_ID,PTAI_ITEM_ID:identifier | PTAI_POST_ID:identifier,Other,Other,IT & Sécurité,0.99855494,0.9971911,0.005791698,high,0,True,False,False,False,60.14000000059605
5,1067042,SYSADM.PS_PTIACPCHPTR,PS_PTIACPCHPTR,DESCR254 | PTIACPCHPTR | PTIACPCHPTRID | PTIACPNOTEID,DESCR254:label | PTIACPCHPTR:label | PTIACPCHPTRID:label | PTIACPNOTEID:label,Other,Other,IT & Sécurité,0.99855745,0.99713415,0.005652389,high,0,True,False,False,False,60.14000000059605
5,1078472,SYSADM.PS_UPG_EE_TMP3,PS_UPG_EE_TMP3,REC_GROUP_ID | RECNAME | SETCNTRLVALUE | SETID | SETID2,REC_GROUP_ID:identifier | RECNAME:label | SETCNTRLVALUE:label | SETID:label | SETID2:label,Other,Other,IT & Sécurité,0.99856395,0.9971764,0.005703166,high,0,True,False,False,False,60.14000000059605
5,1025205,SYSADM.PS_CTI_TRANSACTION,PS_CTI_TRANSACTION,CTI_TRANSACTION | PORTAL_CNTPRV_NAM,CTI_TRANSACTION:label | PORTAL_CNTPRV_NAM:label,Other,Other,IT & Sécurité,0.9985642,0.9971338,0.005588184,high,0,True,False,False,False,60.14000000059605
5,1166628,UTILIZ_TYPE_INV,PS_UTILIZ_TYPE_INV,DESCR | DESCRSHORT | EFFDT | EFF_STATUS | SETID | UTILIZ_CD,DESCR:label | DESCRSHORT:label | EFFDT:date_or_timestamp | EFF_STATUS:status | SETID:label | UTILIZ_CD:label,Other,Other,Supply Chain / Logistique / Production,0.9985665,0.99737394,0.005941266,high,0,True,False,False,False,60.14000000059605
5,1033199,SYSADM.PS_EX_MERCHANT_TBL,PS_EX_MERCHANT_TBL,DESCR | DESCRSHORT | EFFDT | EFF_STATUS | MERCHANT_CD | MERCHANT_REG_NUM | SETID,DESCR:label | DESCRSHORT:label | EFFDT:date_or_timestamp | EFF_STATUS:status | MERCHANT_CD:label | MERCHANT_REG_NUM:quantity | SETID:label,Other,Other,Ventes & Clients,0.99857247,0.99794203,0.006531654,high,0,True,False,False,False,60.14000000059605
5,1145069,PTACM_FILE_ATT,PS_PTACM_FILE_ATT,ATTACHSYSFILENAME | FILE_DATA | FILE_SEQ | FILE_SIZE | LASTUPDDTTM | LASTUPDOPRID | VERSION,ATTACHSYSFILENAME:label | FILE_DATA:file_reference | FILE_SEQ:quantity | FILE_SIZE:quantity | LASTUPDDTTM:date_or_timestamp | LASTUPDOPRID:label | VERSION:quantity,Other,Other,IT & Sécurité,0.99857515,0.99715537,0.0055512358,high,0,True,False,False,False,60.14000000059605
5,1029430,SYSADM.PS_EOAW_MONDIS_DTL,PS_EOAW_MONDIS_DTL,EOAW_DISPLAY_LOC | EOAW_LVL_DISP | EOAWPRCS_ID | FIELDNAME | LABEL_ID | RECNAME | SEQ_NUM,EOAW_DISPLAY_LOC:label | EOAW_LVL_DISP:label | EOAWPRCS_ID:identifier | FIELDNAME:label | LABEL_ID:label | RECNAME:label | SEQ_NUM:quantity,Other,Other,IT & Sécurité,0.99857605,0.99716115,0.0055624032,high,0,True,False,False,False,60.14000000059605
5,1068061,SYSADM.PS_PV_TMPL_RULE,PS_PV_TMPL_RULE,BATCH_TYPE | PV_RULE_ID | RULE_SEQ_NUM | TMPLT_ID,BATCH_TYPE:classification | PV_RULE_ID:identifier | RULE_SEQ_NUM:quantity | TMPLT_ID:identifier,Other,Other,IT & Sécurité,0.99858415,0.9972816,0.005789047,high,0,True,False,False,False,60.14000000059605
5,1127084,JGEN_APPL_LANG,PS_JGEN_APPL_LANG,APPL_JRNL_ID | DESCR | EFFDT | LANGUAGE_CD | SETID,APPL_JRNL_ID:identifier | DESCR:label | EFFDT:date_or_timestamp | LANGUAGE_CD:label | SETID:label,Other,Other,Finance & Contrôle,0.9985845,0.99766743,0.0062906127,high,0,True,False,False,False,60.14000000059605
5,1082149,SYSADM.PS_WM_CLAIM_CAUSAL,PS_WM_CLAIM_CAUSAL,ASSET_ID | BUSINESS_UNIT | BUSINESS_UNIT_AM | CAUSAL_PART_TYPE | CLAIM_ID | COMMENTS_254 | DESCR | INV_ITEM_ID | LINE_NBR | QTY | WO_ID | WO_TASK_ID,ASSET_ID:identifier | BUSINESS_UNIT:label | BUSINESS_UNIT_AM:label | CAUSAL_PART_TYPE:classification | CLAIM_ID:identifier | COMMENTS_254:label | DESCR:label | INV_ITEM_ID:identifier | LINE_NBR:quantity | QTY:quantity | WO_ID:identifier | WO_TASK_ID:identifier,Other,Other,Supply Chain / Logistique / Production,0.99859565,0.99727243,0.0056594354,high,0,True,False,False,False,60.14000000059605
5,1148590,PV_RECV_SR_LANG,PS_PV_RECV_SR_LANG,LANGUAGE_CD | PV_LEFTNAV_LBL | PV_RECV_SRCH_FLD,LANGUAGE_CD:label | PV_LEFTNAV_LBL:label | PV_RECV_SRCH_FLD:label,Other,Other,IT & Sécurité,0.99860024,0.9975909,0.0059040585,high,0,True,False,False,False,60.14000000059605
5,1132967,ORIGIN_TBL_LG,PS_ORIGIN_TBL_LG,DESCR | DESCRSHORT | EFFDT | LANGUAGE_CD | ORIGIN_ID | SETID,DESCR:label | DESCRSHORT:label | EFFDT:date_or_timestamp | LANGUAGE_CD:label | ORIGIN_ID:identifier | SETID:label,Other,Other,Finance & Contrôle,0.9986074,0.9980931,0.0064616227,high,0,True,False,False,False,60.14000000059605
5,1170551,WM_TOP_COST_PRS,PS_WM_TOP_COST_PRS,ASSET_SUBTYPE | ASSET_TYPE | BUSINESS_UNIT | BUSINESS_UNIT_DEF | LIFE_TO_DATE_FG | MFG_ID | MODEL | MONTH_LEN | OPRID,ASSET_SUBTYPE:label | ASSET_TYPE:classification | BUSINESS_UNIT:label | BUSINESS_UNIT_DEF:label | LIFE_TO_DATE_FG:label | MFG_ID:identifier | MODEL:label | MONTH_LEN:date_part | OPRID:user_identifier,Other,Other,IT & Sécurité,0.9986098,0.997823,0.0061259223,high,0,True,False,False,False,60.14000000059605
5,1036650,SYSADM.PS_FS_MAP_DTL_TBL,PS_FS_MAP_DTL_TBL,FS_MAP_ACT_PRM1 | FS_MAP_ACT_PRM2 | FS_MAP_CALC_FAT | FS_MAP_CALC_OP | FS_MAP_CANCEL_PB | FS_MAP_CONST_VAL | FS_MAP_DTF_VAL | FS_MAP_EDIT_PB | FS_MAP_ID | FS_MAP_OK_PB | FS_MAP_RELT_FIELD | FS_MAP_RELT_PATH | FS_MAP_SEQ | FS_MAP_SRC_FLD | FS_MAP_SRC_FLD_TYP | FS_MAP_TRG_FLD | FS_MAP_UPPERCASE | FS_MAP_XLAT_TYP | MAPPING_FIELD_NAME | MAPPING_GROUP_ID,FS_MAP_ACT_PRM1:label | FS_MAP_ACT_PRM2:label | FS_MAP_CALC_FAT:quantity | FS_MAP_CALC_OP:label | FS_MAP_CANCEL_PB:label | FS_MAP_CONST_VAL:label | FS_MAP_DTF_VAL:label | FS_MAP_EDIT_PB:label | FS_MAP_ID:identifier | FS_MAP_OK_PB:label | FS_MAP_RELT_FIELD:label | FS_MAP_RELT_PATH:label | FS_MAP_SEQ:quantity | FS_MAP_SRC_FLD:label | FS_MAP_SRC_FLD_TYP:label | FS_MAP_TRG_FLD:label | FS_MAP_UPPERCASE:label | FS_MAP_XLAT_TYP:label | MAPPING_FIELD_NAME:label | MAPPING_GROUP_ID:identifier,Other,Other,IT & Sécurité,0.99861944,0.9973664,0.005622197,high,0,True,False,False,False,60.14000000059605
5,1086646,APPR_HDR_LNG,PS_APPR_HDR_LNG,APPR_RULE_SET | DESCR60 | DESCRLONG | EFFDT | FONT | LANGUAGE_CD,APPR_RULE_SET:label | DESCR60:label | DESCRLONG:comment_text | EFFDT:date_or_timestamp | FONT:label | LANGUAGE_CD:label,Other,Other,IT & Sécurité,0.99863577,0.99733233,0.005496421,high,0,True,False,False,False,60.14000000059605
5,1054594,SYSADM.PS_OMPB_BOOK_DEFN,PS_OMPB_BOOK_DEFN,BUSINESS_UNIT | DATETIME_ADDED | LAST_MAINT_OPRID | LASTUPDDTTM | OMPB_BOOK_DEFN_ID | OMPB_BOOK_FOR_FLG | OMPB_BOOK_FOR_OPR | OMPB_BOOK_FOR_TO | OMPB_BOOK_FOR_VAL | OMPB_BOOK_TYPE | OMPB_DEFN_DESCR | OPRID_ENTERED_BY | TMPLDEFN_ID,BUSINESS_UNIT:label | DATETIME_ADDED:date_or_timestamp | LAST_MAINT_OPRID:user_identifier | LASTUPDDTTM:date_or_timestamp | OMPB_BOOK_DEFN_ID:identifier | OMPB_BOOK_FOR_FLG:label | OMPB_BOOK_FOR_OPR:label | OMPB_BOOK_FOR_TO:label | OMPB_BOOK_FOR_VAL:label | OMPB_BOOK_TYPE:classification | OMPB_DEFN_DESCR:label | OPRID_ENTERED_BY:user_identifier | TMPLDEFN_ID:identifier,Other,Other,IT & Sécurité,0.99864256,0.997543,0.005688288,high,0,True,False,False,False,60.14000000059605
5,1145475,PTARCHBATCHNUM,PS_PTARCHBATCHNUM,PTBATCH_NUM,PTBATCH_NUM:quantity,Other,Other,IT & Sécurité,0.9986437,0.9972989,0.0053419406,high,0,True,False,False,False,60.14000000059605
5,1048451,SYSADM.PS_NAME_SUFFIX_TBL,PS_NAME_SUFFIX_TBL,DESCR | DESCRSHORT | NAME_SUFFIX,DESCR:label | DESCRSHORT:label | NAME_SUFFIX:label,Other,Other,RH,0.99866724,0.9974088,0.0054130796,high,0,True,False,False,False,60.12999999523163
5,1121689,GM_SPNSR,PS_GM_SPNSR,CFDA_NBR | COST_LIV_INCR_PCT | CUST_ID | EMAILID | FA_SPNSR_BASE_ID | FOREIGN_FLAG | GM_DEL_LOC_REFS_SW | GM_FEDERAL_FLAG | GM_LOC_SPONSOR_ID | GRANTS_SPONSOR_FLG | LOC_INDICATOR | REPORTS_TO_SPONSOR | SETID | SPNSR_LEVEL | SPNSR_PROGRAM | SPNSR_TYPE | URL | US_FLAG_CARRIER,CFDA_NBR:quantity | COST_LIV_INCR_PCT:percentage_or_rate | CUST_ID:identifier | EMAILID:label | FA_SPNSR_BASE_ID:identifier | FOREIGN_FLAG:flag | GM_DEL_LOC_REFS_SW:label | GM_FEDERAL_FLAG:flag | GM_LOC_SPONSOR_ID:identifier | GRANTS_SPONSOR_FLG:label | LOC_INDICATOR:label | REPORTS_TO_SPONSOR:label | SETID:label | SPNSR_LEVEL:label | SPNSR_PROGRAM:label | SPNSR_TYPE:classification | URL:url | US_FLAG_CARRIER:flag,Other,Other,IT & Sécurité,0.9986719,0.99811697,0.0060441433,high,0,True,False,False,False,60.12999999523163
5,1065983,SYSADM.PS_PSDMT_SRCHS_AUX,PS_PSDMT_SRCHS_AUX,BUSINESS_UNIT | CURRENCY_CD | DECIMALPOS | FIELDLABEL | FIELDNAME | FIELDNUM | FIELDTYPE | FIELDVALUE_AMT1 | FIELDVALUE_AMT2 | FIELDVALUE_CHAR1 | FIELDVALUE_CHAR2 | FIELDVALUE_DEC1 | FIELDVALUE_DEC2 | FIELDVALUE_DT1 | FIELDVALUE_DT2 | FIELDVALUE_NUM1 | FIELDVALUE_NUM2 | LENGTH | PSDMT_LOPER_CHAR | PSDMT_LOPER_DATE | PSDMT_LOPER_NUM | PSDMUNIT_FIELDSEQ | PSDMUNIT_ID | PS_OWNER | SETID | UPPER_SW | USER_DEFINED,BUSINESS_UNIT:label | CURRENCY_CD:label | DECIMALPOS:quantity | FIELDLABEL:label | FIELDNAME:label | FIELDNUM:quantity | FIELDTYPE:quantity | FIELDVALUE_AMT1:quantity | FIELDVALUE_AMT2:quantity | FIELDVALUE_CHAR1:label | FIELDVALUE_CHAR2:label | FIELDVALUE_DEC1:quantity | FIELDVALUE_DEC2:quantity | FIELDVALUE_DT1:date_or_timestamp | FIELDVALUE_DT2:date_or_timestamp | FIELDVALUE_NUM1:quantity | FIELDVALUE_NUM2:quantity | LENGTH:quantity | PSDMT_LOPER_CHAR:label | PSDMT_LOPER_DATE:label | PSDMT_LOPER_NUM:quantity | PSDMUNIT_FIELDSEQ:quantity | PSDMUNIT_ID:identifier | PS_OWNER:label | SETID:label | UPPER_SW:label | USER_DEFINED:user_identifier,Other,Other,Finance & Contrôle,0.9986725,0.99802196,0.006000165,high,0,True,False,False,False,60.12999999523163
5,1067117,SYSADM.PS_PTIASPPKGCATS,PS_PTIASPPKGCATS,PTIASPPKGGUID | PTIASPSELECTAVDCAT | PTIASPSELECTCR | PTIASPSELECTCR2 | PTIASPSELECTDOC | PTIASPSELECTINST | PTIASPSELECTPI | PTIASPSELECTPOSTED | PTIASPSELECTPRDFML | PTIASPSELECTPRI | PTIASPSELECTPROD | PTIASPSELECTPSTREQ | PTIASPSELECTSTDCAT | PTIASPSELECTTAX | PTIASPSELECTTRANS | PTIASPSELECTUPG,PTIASPPKGGUID:label | PTIASPSELECTAVDCAT:label | PTIASPSELECTCR:label | PTIASPSELECTCR2:label | PTIASPSELECTDOC:label | PTIASPSELECTINST:label | PTIASPSELECTPI:label | PTIASPSELECTPOSTED:label | PTIASPSELECTPRDFML:label | PTIASPSELECTPRI:label | PTIASPSELECTPROD:label | PTIASPSELECTPSTREQ:label | PTIASPSELECTSTDCAT:label | PTIASPSELECTTAX:label | PTIASPSELECTTRANS:label | PTIASPSELECTUPG:label,Other,Other,IT & Sécurité,0.99868023,0.9974147,0.005313726,high,0,True,False,False,False,60.12999999523163
5,1030291,SYSADM.PS_EODP_SQR_REF,PS_EODP_SQR_REF,EODP_SQR_NAME | FIELDNAME | RECNAME,EODP_SQR_NAME:label | FIELDNAME:label | RECNAME:label,Other,Other,IT & Sécurité,0.9986823,0.9973737,0.0052000512,high,0,True,False,False,False,60.12999999523163
5,1145417,PTAI_QUES_LIST,PS_PTAI_QUES_LIST,PTAI_LIST_ID | PTAI_QUES_HELP | PTAI_QUESTION | PTAI_QUESTION_ID,PTAI_LIST_ID:identifier | PTAI_QUES_HELP:label | PTAI_QUESTION:label | PTAI_QUESTION_ID:identifier,Other,Other,IT & Sécurité,0.9986827,0.99737,0.0051857913,high,0,True,False,False,False,60.12999999523163
5,1092769,BOOK_DEFN_LANG,PS_BOOK_DEFN_LANG,BOOK | COMMENTS | DESCR | LANGUAGE_CD | SETID,BOOK:label | COMMENTS:label | DESCR:label | LANGUAGE_CD:label | SETID:label,Other,Other,Finance & Contrôle,0.99869186,0.9975138,0.005421552,high,0,True,False,False,False,60.12999999523163
5,1130232,NET_EXCL_PRM_CF,PS_NET_EXCL_PRM_CF,APPLICATION_ID | CHARTFIELD | CHARTFIELD_VALUE | EFFDT | EXCLUSION_ID | SETID,APPLICATION_ID:identifier | CHARTFIELD:label | CHARTFIELD_VALUE:label | EFFDT:date_or_timestamp | EXCLUSION_ID:identifier | SETID:label,Other,Other,Finance & Contrôle,0.9986957,0.99768674,0.0055407574,high,0,True,False,False,False,60.12999999523163
5,1030219,SYSADM.PS_EODI_XFRREG_LNG,PS_EODI_XFRREG_LNG,DESCR | EODI_XFR_PROC_ID | LANGUAGE_CD,DESCR:label | EODI_XFR_PROC_ID:identifier | LANGUAGE_CD:label,Other,Other,IT & Sécurité,0.99869686,0.9974329,0.0052169645,high,0,True,False,False,False,60.12999999523163
5,1112410,EO_DSCONTMAP,PS_EO_DSCONTMAP,DSMAPNAME | DSSRCHID,DSMAPNAME:label | DSSRCHID:label,Other,Other,IT & Sécurité,0.9987017,0.99741155,0.0051322263,high,0,True,False,False,False,60.12999999523163
5,1030036,SYSADM.PS_EOCM_SOFF_ATTCH,PS_EOCM_SOFF_ATTCH,EFFDT | EFF_STATUS | EOCM_ACCESS_ID | EOCM_CATALOG_ID | EOCM_EPRO_FILENAME | EOCM_FILEEXTENSION | EOCM_FILEPATH | EOCM_OFFER_ID | EOCM_SUP_OFFER_SKU | SETID,EFFDT:date_or_timestamp | EFF_STATUS:status | EOCM_ACCESS_ID:identifier | EOCM_CATALOG_ID:identifier | EOCM_EPRO_FILENAME:label | EOCM_FILEEXTENSION:label | EOCM_FILEPATH:label | EOCM_OFFER_ID:identifier | EOCM_SUP_OFFER_SKU:label | SETID:label,Other,Other,IT & Sécurité,0.9987082,0.99746466,0.0051958337,high,0,True,False,False,False,60.12999999523163
5,1105982,ECINMAPFLD,PS_ECINMAPFLD,DAY_LEN | DAY_START | DECIMALPOS | DELIMIT_DATE | DESCR | ECCONVERTCD | ECFILEROWID | ECFLDSPECIALCD | ECMAPID | ECROWIDVALUE | ECSTARTPOS | ECTPCVTID | FIELDNAME | FIELDTYPE | FLEX_DATE | LENGTH | MONTH_LEN | MONTH_START | SEQNO | YEAR_LEN | YEAR_START,DAY_LEN:quantity | DAY_START:quantity | DECIMALPOS:quantity | DELIMIT_DATE:label | DESCR:label | ECCONVERTCD:label | ECFILEROWID:label | ECFLDSPECIALCD:label | ECMAPID:label | ECROWIDVALUE:label | ECSTARTPOS:quantity | ECTPCVTID:label | FIELDNAME:label | FIELDTYPE:quantity | FLEX_DATE:label | LENGTH:quantity | MONTH_LEN:date_part | MONTH_START:date_part | SEQNO:quantity | YEAR_LEN:date_part | YEAR_START:date_part,Other,Other,IT & Sécurité,0.99871004,0.9974385,0.005134479,high,0,True,False,False,False,60.12999999523163
5,1090900,BI_AW_XREF,PS_BI_AW_XREF,BUSINESS_UNIT | COMMENTS | EOAWDEFN_ID | EOAWDTTM_MODIFIED | EOAWPARENT_THREAD | EOAWPRCS_ID | EOAWREQUESTOR_ID | EOAWTHREAD_ID | EOAWTHREAD_STATUS | INVOICE | ORIGINATORID | RECNAME,BUSINESS_UNIT:label | COMMENTS:label | EOAWDEFN_ID:identifier | EOAWDTTM_MODIFIED:technical_timestamp | EOAWPARENT_THREAD:quantity | EOAWPRCS_ID:identifier | EOAWREQUESTOR_ID:identifier | EOAWTHREAD_ID:identifier | EOAWTHREAD_STATUS:status | INVOICE:label | ORIGINATORID:label | RECNAME:label,Other,Other,IT & Sécurité,0.9987127,0.9980027,0.00556031,high,0,True,False,False,False,60.12999999523163
5,1073497,SYSADM.PS_SF224_1220_DEFN,PS_SF224_1220_DEFN,EFFDT | EFF_STATUS | SETID,EFFDT:date_or_timestamp | EFF_STATUS:status | SETID:label,Other,Other,Finance & Contrôle,0.99871826,0.997669,0.005491354,high,0,True,False,False,False,60.12999999523163
5,1140726,PRODCTLG_PGRP,PS_PRODCTLG_PGRP,CATALOG_NBR | DATETIME_ADDED | EFFDT | LAST_MAINT_OPRID | LASTUPDDTTM | PRODUCT_GROUP | SETID,CATALOG_NBR:quantity | DATETIME_ADDED:date_or_timestamp | EFFDT:date_or_timestamp | LAST_MAINT_OPRID:user_identifier | LASTUPDDTTM:date_or_timestamp | PRODUCT_GROUP:label | SETID:label,Other,Other,IT & Sécurité,0.998719,0.9979346,0.0058076633,high,0,True,False,False,False,60.12999999523163
5,1005049,SYSADM.PS_ALTACCT_EDR,PS_ALTACCT_EDR,ALTACCT | DTTM_STAMP | EFFDT | INEFFDT | OPRID_LAST_UPDT | SETID,ALTACCT:label | DTTM_STAMP:technical_timestamp | EFFDT:date_or_timestamp | INEFFDT:date_or_timestamp | OPRID_LAST_UPDT:user_identifier | SETID:label,Other,Other,IT & Sécurité,0.9987202,0.9975919,0.0053466912,high,0,True,False,False,False,60.12999999523163
5,1129194,MCFAGENTBUDDY,PS_MCFAGENTBUDDY,MCFBUDDY | MCFUQAGENTID,MCFBUDDY:label | MCFUQAGENTID:label,Other,Other,IT & Sécurité,0.9987242,0.9976572,0.0053422074,high,0,True,False,False,False,60.12999999523163
5,1153845,RS_SHFT_DTL_LNG,PS_RS_SHFT_DTL_LNG,DESCR | LANGUAGE_CD | SETID | SHIFT_ID,DESCR:label | LANGUAGE_CD:label | SETID:label | SHIFT_ID:identifier,Other,Other,IT & Sécurité,0.9987334,0.9980474,0.00573813,high,0,True,False,False,False,60.12999999523163
5,1112030,EODI_APTREG_LNG,PS_EODI_APTREG_LNG,DESCR | EODI_APT_PROC_ID | LANGUAGE_CD,DESCR:label | EODI_APT_PROC_ID:identifier | LANGUAGE_CD:label,Other,Other,IT & Sécurité,0.9987365,0.99754655,0.005143758,high,0,True,False,False,False,60.12999999523163
5,1036073,SYSADM.PS_FO_SRC_CSTSR_WS,PS_FO_SRC_CSTSR_WS,BUSINESS_UNIT | COMBINED_SRCH_FLD | COMBINED_SRCH_REF | COMP_OPERATOR | FIELDNAME | FIELDTYPE | FO_SRCH_FLD_VAL | MTCH_COL_ID | ORDERNO | PROMPTED_SELECT | SELECT_DT | SO_ID | SO_LINE | SRCH_CATEGORY | SRCH_PREF_REQ | SRCH_RESUME | VERITY_FIELD,BUSINESS_UNIT:label | COMBINED_SRCH_FLD:label | COMBINED_SRCH_REF:reference_identifier | COMP_OPERATOR:label | FIELDNAME:label | FIELDTYPE:quantity | FO_SRCH_FLD_VAL:label | MTCH_COL_ID:identifier | ORDERNO:quantity | PROMPTED_SELECT:label | SELECT_DT:date_or_timestamp | SO_ID:identifier | SO_LINE:quantity | SRCH_CATEGORY:classification | SRCH_PREF_REQ:label | SRCH_RESUME:label | VERITY_FIELD:label,Other,Other,IT & Sécurité,0.9987385,0.9979073,0.0054866844,high,0,True,False,False,False,60.12999999523163
5,1129199,MCFAGENTURLS,PS_MCFAGENTURLS,MCFUQAGENTID | MCFURL | MCFURLDESCR | MCFURLNAME,MCFUQAGENTID:label | MCFURL:label | MCFURLDESCR:label | MCFURLNAME:label,Other,Other,IT & Sécurité,0.99873924,0.9974988,0.005041818,high,0,True,False,False,False,60.12999999523163
5,1101957,CUST_DATA_FIELD,PS_CUST_DATA_FIELD,ACTIVE_FLG | ACV_FIELD_VAL_FUNC | APPCLASSID | AR_DESCR | DATA_CATEGORY | DATA_FIELD_ID | DATA_FIELD_TYPE | DATA_ITEM_ID | DATA_ITEM_VAL_TYPE | DEFINITION_TEXT | DEFN_LOCKED_FLG | PACKAGEROOT | PARAM_VALUE | QUALIFYPATH | STRING_TEXT | SYS_DEFINED_FLAG | USER_CLICKABLE_FLG | VALUE_ROLLUP_FLG,ACTIVE_FLG:flag | ACV_FIELD_VAL_FUNC:label | APPCLASSID:label | AR_DESCR:label | DATA_CATEGORY:classification | DATA_FIELD_ID:identifier | DATA_FIELD_TYPE:classification | DATA_ITEM_ID:identifier | DATA_ITEM_VAL_TYPE:classification | DEFINITION_TEXT:label | DEFN_LOCKED_FLG:label | PACKAGEROOT:label | PARAM_VALUE:label | QUALIFYPATH:label | STRING_TEXT:label | SYS_DEFINED_FLAG:flag | USER_CLICKABLE_FLG:user_identifier | VALUE_ROLLUP_FLG:label,Other,Other,IT & Sécurité,0.99874043,0.9979439,0.005563392,high,0,True,False,False,False,60.12999999523163
5,1100407,CS_CNT_CONT_TMP,PS_CS_CNT_CONT_TMP,CNTCT_SEQ_NUM | CNTRCT_ID | CS_EXT_CNTCT_FLG | SETID | VERSION_NBR,CNTCT_SEQ_NUM:quantity | CNTRCT_ID:identifier | CS_EXT_CNTCT_FLG:label | SETID:label | VERSION_NBR:quantity,Other,Other,Achats & Fournisseurs,0.99874175,0.99797744,0.0057175183,high,0,True,False,False,False,60.12999999523163
5,1170971,WM_WO_TTATT_LNG,PS_WM_WO_TTATT_LNG,DESCR | EFFDT | LANGUAGE_CD | SEQ_NBR_5 | SETID | WO_TEMPLATE_ID,DESCR:label | EFFDT:date_or_timestamp | LANGUAGE_CD:label | SEQ_NBR_5:quantity | SETID:label | WO_TEMPLATE_ID:identifier,Other,Other,Supply Chain / Logistique / Production,0.9987421,0.99753344,0.005084463,high,0,True,False,False,False,60.12999999523163
5,1154649,R_TFLT_ALTACCT,PS_R_TFLT_ALTACCT,OTBI_SRC_INSTANCE | RANGE_FROM | RANGE_TO | SETCNTRLVALUE | SETID | SETID_TREE | TREE_EFFDT | TREE_NAME,OTBI_SRC_INSTANCE:quantity | RANGE_FROM:label | RANGE_TO:label | SETCNTRLVALUE:label | SETID:label | SETID_TREE:label | TREE_EFFDT:date_or_timestamp | TREE_NAME:label,Other,Other,IT & Sécurité,0.9987464,0.9978031,0.0053490284,high,0,True,False,False,False,60.12999999523163
5,1065208,SYSADM.PS_PRCSRECURLANG,PS_PRCSRECURLANG,LANGUAGE_CD | RECURDESCR | RECURNAME,LANGUAGE_CD:label | RECURDESCR:label | RECURNAME:label,Other,Other,IT & Sécurité,0.9987489,0.9975055,0.0049700425,high,0,True,False,False,False,60.12999999523163
5,1066777,SYSADM.PS_PTAFEMC_PND_LIN,PS_PTAFEMC_PND_LIN,FIELDNAME | GUID | PTAFHTMLFIELDNAME | PTAF_ROW_PATH | PTAF_SENT_VALUE | RECNAME,FIELDNAME:label | GUID:technical_identifier | PTAFHTMLFIELDNAME:label | PTAF_ROW_PATH:label | PTAF_SENT_VALUE:label | RECNAME:label,Other,Other,IT & Sécurité,0.99874973,0.99750674,0.0049615502,high,0,True,False,False,False,60.12999999523163
5,1067162,SYSADM.PS_PTIASPTFPCALC,PS_PTIASPTFPCALC,FILENAME | PTIASPEXPORTNUM | PTIASPPKGGUID | PTIASPROWNUM | PTIASPRPTNO | RECNAME | RELLANGRECNAME,FILENAME:label | PTIASPEXPORTNUM:quantity | PTIASPPKGGUID:label | PTIASPROWNUM:quantity | PTIASPRPTNO:quantity | RECNAME:label | RELLANGRECNAME:label,Other,Other,IT & Sécurité,0.99875146,0.9975051,0.004941186,high,0,True,False,False,False,60.11999999731779
5,1165772,TSE_COMPANY_TBL,PS_TSE_COMPANY_TBL,COMPANY | DESCR | DESCRSHORT | EFFDT | EFF_STATUS,COMPANY:label | DESCR:label | DESCRSHORT:label | EFFDT:date_or_timestamp | EFF_STATUS:status,Other,Other,RH,0.9987537,0.9976993,0.0053411983,high,0,True,False,False,False,60.11999999731779
5,1140544,PRD_SRCH_SYSAUD,PS_PRD_SRCH_SYSAUD,PRODUCT_ID | SETID,PRODUCT_ID:identifier | SETID:label,Other,Other,Supply Chain / Logistique / Production,0.9987644,0.9983446,0.005838702,high,0,True,False,False,False,60.11999999731779
5,1129361,MESSAGE_TBL,PS_MESSAGE_TBL,CWB_DISPLAY_OPT | DESCR | DESCR254 | EFFDT | EFF_STATUS | HOLD_CD | INCL_IN_PLAN | MESSAGE_ACTION | MESSAGE_CD | MESSAGE_CD_TYPE | PASS_HOLD_TO_BI | PASS_HOLD_TO_ID | PASS_HOLD_TO_IP | PASS_HOLD_TO_IR | PASS_HOLD_TO_IS | PASS_HOLD_TO_IU | PASS_TO_PURCH | SANCTION_MATCH_FLG | SETID,CWB_DISPLAY_OPT:label | DESCR:label | DESCR254:label | EFFDT:date_or_timestamp | EFF_STATUS:status | HOLD_CD:label | INCL_IN_PLAN:label | MESSAGE_ACTION:comment_text | MESSAGE_CD:comment_text | MESSAGE_CD_TYPE:classification | PASS_HOLD_TO_BI:label | PASS_HOLD_TO_ID:identifier | PASS_HOLD_TO_IP:label | PASS_HOLD_TO_IR:label | PASS_HOLD_TO_IS:flag | PASS_HOLD_TO_IU:label | PASS_TO_PURCH:label | SANCTION_MATCH_FLG:label | SETID:label,Other,Other,IT & Sécurité,0.99876684,0.9977571,0.005334431,high,0,True,False,False,False,60.11999999731779
5,1067269,SYSADM.PS_PTOBI_SERVLANG,PS_PTOBI_SERVLANG,LANGUAGE_CD | PTOBI_DESCRIPTION | PTOBI_SERVER_NAME,LANGUAGE_CD:label | PTOBI_DESCRIPTION:label | PTOBI_SERVER_NAME:label,Other,Other,IT & Sécurité,0.99876744,0.9975361,0.0048818737,high,0,True,False,False,False,60.11999999731779
5,1164912,TREE_NODE_TBL,PS_TREE_NODE_TBL,DESCR | EFFDT | EFF_STATUS | SETID | TREE_NODE,DESCR:label | EFFDT:date_or_timestamp | EFF_STATUS:status | SETID:label | TREE_NODE:label,Other,Other,IT & Sécurité,0.9987688,0.99776983,0.00527338,high,0,True,False,False,False,60.11999999731779
5,1140397,PRCSRECURLANG,PS_PRCSRECURLANG,LANGUAGE_CD | RECURDESCR | RECURNAME,LANGUAGE_CD:label | RECURDESCR:label | RECURNAME:label,Other,Other,IT & Sécurité,0.9987727,0.9975573,0.004901623,high,0,True,False,False,False,60.11999999731779
5,1115400,EX_MC3_MS_TA3,PS_EX_MC3_MS_TA3,AUTO_TOWING_EX | CAR_DAILY_RATE_EX | CAR_PHONE_TOT_EX | CAR_WEEKLY_RATE_EX | CHECKOUT_DT | CLASS_CODE_EX | CRDMEM_ACCT_NBR | CURR_CD_CAR | ENHC_NAME_EX | EX_ENHC_DAYS | EXTRA_MILE_EX | FUEL_TOTAL_EX | INSURANCE_TOTAL_EX | LATE_RETURN_EX | MC_ACCT_NUM | MC_PROCESS_TRANSID | MC_RENTALAGREEMENT | MC_TRANS_DT | ONEWAY_DROPOFF_EX | PROCESS_INSTANCE | REG_MILE_EX | RETURN_LOC_EX | SEQ_NBR | TRANS_NBR,AUTO_TOWING_EX:quantity | CAR_DAILY_RATE_EX:percentage_or_rate | CAR_PHONE_TOT_EX:phone_number | CAR_WEEKLY_RATE_EX:percentage_or_rate | CHECKOUT_DT:date_or_timestamp | CLASS_CODE_EX:classification | CRDMEM_ACCT_NBR:quantity | CURR_CD_CAR:label | ENHC_NAME_EX:label | EX_ENHC_DAYS:quantity | EXTRA_MILE_EX:quantity | FUEL_TOTAL_EX:quantity | INSURANCE_TOTAL_EX:quantity | LATE_RETURN_EX:quantity | MC_ACCT_NUM:quantity | MC_PROCESS_TRANSID:processing_identifier | MC_RENTALAGREEMENT:label | MC_TRANS_DT:date_or_timestamp | ONEWAY_DROPOFF_EX:quantity | PROCESS_INSTANCE:processing_identifier | REG_MILE_EX:quantity | RETURN_LOC_EX:label | SEQ_NBR:quantity | TRANS_NBR:quantity,Other,Other,Finance & Contrôle,0.9987731,0.99766606,0.0050950754,high,0,True,False,False,False,60.11999999731779
5,1076740,SYSADM.PS_TDS_QRET_NMHDR,PS_TDS_QRET_NMHDR,BUSINESS_UNIT | WTHD_ENTITY,BUSINESS_UNIT:label | WTHD_ENTITY:label,Other,Other,Finance & Contrôle,0.9987746,0.997667,0.0051422743,high,0,True,False,False,False,60.11999999731779
5,1029425,SYSADM.PS_EOAWFRMINPT_HDR,PS_EOAWFRMINPT_HDR,MSGNAME,MSGNAME:label,Other,Other,IT & Sécurité,0.9987798,0.9975795,0.004898861,high,0,True,False,False,False,60.11999999731779
5,1011150,SYSADM.PS_BD_AST_ITM_LANG,PS_BD_AST_ITM_LANG,DESCR | EFFDT | LANGUAGE_CD | PROFILE_ID | SETID,DESCR:label | EFFDT:date_or_timestamp | LANGUAGE_CD:label | PROFILE_ID:identifier | SETID:label,Other,Other,Supply Chain / Logistique / Production,0.99878335,0.9980682,0.0055216355,high,0,True,False,False,False,60.11999999731779
5,1146306,PTIGNALERTS,PS_PTIGNALERTS,PTIGNOREALERTS,PTIGNOREALERTS:label,Other,Other,IT & Sécurité,0.99878836,0.99758077,0.0048208726,high,0,True,False,False,False,60.11999999731779
5,1146261,PTIB_BKPTRSLT,PS_PTIB_BKPTRSLT,PTIB_COMP_CODE | PTIB_NUMPROC | PTIB_PID,PTIB_COMP_CODE:reference_identifier | PTIB_NUMPROC:quantity | PTIB_PID:quantity,Other,Other,IT & Sécurité,0.9987945,0.9975988,0.004817713,high,0,True,False,False,False,60.11999999731779
5,1124542,INSTALLATION_RE,PS_INSTALLATION_RE,AUTO_APPROVAL | DESCR200 | FMS_DTTM_STAMP | FMS_LASTUPDDTTM | FMS_LASTUPDOPRID | FMS_OPRID | LAST_LEASE_NBR | MAP_KEY | NEW_ACCT_RULE | TRANS_DT,AUTO_APPROVAL:label | DESCR200:label | FMS_DTTM_STAMP:technical_timestamp | FMS_LASTUPDDTTM:date_or_timestamp | FMS_LASTUPDOPRID:label | FMS_OPRID:user_identifier | LAST_LEASE_NBR:quantity | MAP_KEY:reference_identifier | NEW_ACCT_RULE:label | TRANS_DT:date_or_timestamp,Other,Other,IT & Sécurité,0.99880147,0.99783593,0.0051667085,high,0,True,False,False,False,60.11999999731779
5,1111328,EOCF_DSP_MSG,PS_EOCF_DSP_MSG,DESCRLONG | EOCF_ACTION_ID | EOCF_ACTION_NAME,DESCRLONG:comment_text | EOCF_ACTION_ID:identifier | EOCF_ACTION_NAME:label,Other,Other,IT & Sécurité,0.9988098,0.9976214,0.00473802,high,0,True,False,False,False,60.11999999731779
5,1089763,AUC_TREE_NODE,PS_AUC_TREE_NODE,AUC_BRANCH_ID | BRANCH_SEQ_NUM | CLASSPATH1 | DESCR254_MIXED | LEVEL_NUM | NAME1 | PARENT_NODE_ID | SETID | TREE_ID | TREE_NODE_ID,AUC_BRANCH_ID:identifier | BRANCH_SEQ_NUM:quantity | CLASSPATH1:label | DESCR254_MIXED:label | LEVEL_NUM:quantity | NAME1:label | PARENT_NODE_ID:identifier | SETID:label | TREE_ID:identifier | TREE_NODE_ID:identifier,Other,Other,IT & Sécurité,0.9988111,0.9977379,0.004991429,high,0,True,False,False,False,60.11999999731779
5,1094161,CA_BP_NOTE,PS_CA_BP_NOTE,BILL_PLAN_ID | BPLAN_LN_NBR | CONTRACT_NUM | SEQ_NBR | TEXT254,BILL_PLAN_ID:identifier | BPLAN_LN_NBR:quantity | CONTRACT_NUM:quantity | SEQ_NBR:quantity | TEXT254:label,Other,Other,Finance & Contrôle,0.99881136,0.9979793,0.00526296,high,0,True,False,False,False,60.11999999731779
5,1150159,RC_CASETYPE_TBL,PS_RC_CASETYPE_TBL,CASE_TYPE | CASE_VISIBILITY | LONG_DESC | RC_DESCR_SS | RC_SHORT_DESCR | RC_SS_IND | SETID | SHOW_ACCOUNT_FLG | SHOW_PRODUCTS_FLG | SOLUTION_ID,CASE_TYPE:classification | CASE_VISIBILITY:label | LONG_DESC:label | RC_DESCR_SS:label | RC_SHORT_DESCR:label | RC_SS_IND:label | SETID:label | SHOW_ACCOUNT_FLG:user_identifier | SHOW_PRODUCTS_FLG:label | SOLUTION_ID:identifier,Other,Other,Finance & Contrôle,0.99881214,0.99784493,0.005035789,high,0,True,False,False,False,60.11999999731779
5,1020882,SYSADM.PS_CHARTFIELD1_EDR,PS_CHARTFIELD1_EDR,CHARTFIELD1 | DTTM_STAMP | EFFDT | INEFFDT | OPRID_LAST_UPDT | SETID,CHARTFIELD1:label | DTTM_STAMP:technical_timestamp | EFFDT:date_or_timestamp | INEFFDT:date_or_timestamp | OPRID_LAST_UPDT:user_identifier | SETID:label,Other,Other,IT & Sécurité,0.9988164,0.9976898,0.0048507103,high,0,True,False,False,False,60.11999999731779
5,1010617,SYSADM.PS_AUC_HDR_CLB_GRP,PS_AUC_HDR_CLB_GRP,AUC_AWD_ROUTE_DTTM | AUC_AWDRVW_BY_DTTM | AUC_BF_RVW_DFLT | AUC_COLLAB_GRP | AUC_COLLAB_GRP_NBR | AUC_COLLAB_SRC | AUC_COLLAB_TYPE | AUC_DSP_BFCOST | AUC_ID | AUC_REVIEW_BY_DTTM | AUC_ROUND | AUC_ROUTE_DTTM | AUC_ROUTE_SEQ | AUC_VERSION | BUSINESS_UNIT | WEIGHTING,AUC_AWD_ROUTE_DTTM:technical_timestamp | AUC_AWDRVW_BY_DTTM:technical_timestamp | AUC_BF_RVW_DFLT:label | AUC_COLLAB_GRP:label | AUC_COLLAB_GRP_NBR:quantity | AUC_COLLAB_SRC:label | AUC_COLLAB_TYPE:classification | AUC_DSP_BFCOST:label | AUC_ID:identifier | AUC_REVIEW_BY_DTTM:technical_timestamp | AUC_ROUND:quantity | AUC_ROUTE_DTTM:technical_timestamp | AUC_ROUTE_SEQ:quantity | AUC_VERSION:quantity | BUSINESS_UNIT:label | WEIGHTING:quantity,Other,Other,Supply Chain / Logistique / Production,0.99881744,0.99834853,0.0056107147,high,0,True,False,False,False,60.11999999731779
5,1028851,SYSADM.PS_EG_QRY_TMP,PS_EG_QRY_TMP,EG_CHECKBOX | INV_ITEM_ID,EG_CHECKBOX:label | INV_ITEM_ID:identifier,Other,Other,Supply Chain / Logistique / Production,0.99882233,0.9977266,0.004888979,high,0,True,False,False,False,60.11999999731779
5,1149220,PYCYCL_MAP_HDR,PS_PYCYCL_MAP_HDR,DESCR | MAP_CHILD_REC_FLAG | MAP_TYPE | RECNAME | RECNAME_UPDATE | RECNAME_UPD_CPY | SOURCE_TXN,DESCR:label | MAP_CHILD_REC_FLAG:flag | MAP_TYPE:classification | RECNAME:label | RECNAME_UPDATE:label | RECNAME_UPD_CPY:label | SOURCE_TXN:label,Other,Other,Finance & Contrôle,0.9988228,0.9981816,0.0051977416,high,0,True,False,False,False,60.11999999731779
5,1015679,SYSADM.PS_BOOK_CODE_EDR,PS_BOOK_CODE_EDR,BOOK_CODE | DTTM_STAMP | EFFDT | INEFFDT | OPRID_LAST_UPDT | SETID,BOOK_CODE:reference_identifier | DTTM_STAMP:technical_timestamp | EFFDT:date_or_timestamp | INEFFDT:date_or_timestamp | OPRID_LAST_UPDT:user_identifier | SETID:label,Other,Other,IT & Sécurité,0.99882853,0.9977621,0.0049169897,high,0,True,False,False,False,60.11999999731779
5,1029987,SYSADM.PS_EOCM_NEW_OFFCAT,PS_EOCM_NEW_OFFCAT,EOCM_ACCESS_ID | EOCM_CATALOG_ID | EOCM_CATEGORY_ID | EOCM_OFFER_ID | EOCM_PRIMARY_CATEG | EOCM_TP_VER_ID | SETID,EOCM_ACCESS_ID:identifier | EOCM_CATALOG_ID:identifier | EOCM_CATEGORY_ID:classification | EOCM_OFFER_ID:identifier | EOCM_PRIMARY_CATEG:label | EOCM_TP_VER_ID:identifier | SETID:label,Other,Other,IT & Sécurité,0.9988313,0.99768305,0.004717979,high,0,True,False,False,False,60.11999999731779
5,1047457,SYSADM.PS_LEASE_SCH2_RQST,PS_LEASE_SCH2_RQST,ASSET_ID_FROM | ASSET_ID_TO | BUSINESS_UNIT | DTTM_STAMP_SEC | LEASE_SELECT_RANGE | OPEN_TRANS_ID | OPRID | PARALLEL_SW | PROCESS_FREQUENCY | PROCESS_INSTANCE | PROCESS_ORIG | PROCESS_STATUS | REQUEST_ID | RUN_CNTL_ID | TO_OPEN_TRANS_ID,ASSET_ID_FROM:label | ASSET_ID_TO:label | BUSINESS_UNIT:label | DTTM_STAMP_SEC:technical_timestamp | LEASE_SELECT_RANGE:label | OPEN_TRANS_ID:identifier | OPRID:user_identifier | PARALLEL_SW:label | PROCESS_FREQUENCY:processing_identifier | PROCESS_INSTANCE:processing_identifier | PROCESS_ORIG:processing_identifier | PROCESS_STATUS:status | REQUEST_ID:processing_identifier | RUN_CNTL_ID:processing_identifier | TO_OPEN_TRANS_ID:identifier,Other,Other,IT & Sécurité,0.9988322,0.9977939,0.004872797,high,0,True,False,False,False,60.11999999731779
5,1111090,EOAWXLAT_SYMBOL,PS_EOAWXLAT_SYMBOL,CONTNAME | EOAW_SYMBOLIC_NAME | FIELDNAME | FIELDVALUE,CONTNAME:label | EOAW_SYMBOLIC_NAME:label | FIELDNAME:label | FIELDVALUE:label,Other,Other,IT & Sécurité,0.9988385,0.99769425,0.004687568,high,0,True,False,False,False,60.11999999731779
5,1073018,SYSADM.PS_SCD_TEMPL_SECT,PS_SCD_TEMPL_SECT,CREATED_BY | CREATEDTTM | LASTUPDDTTM | LASTUPDOPRID | SCD_BENCHMRK_SCORE | SCD_IDEAL_SCORE | SCD_INSTRUCTIONS | SCD_RATIN_MODEL_ID | SCD_SECTION_DESC | SCD_SECTION_GROUP | SCD_SECTION_ID | SCD_SECTION_NAME | SCD_SECT_TYPE | SCD_SEQ_NBR | SCD_TEMPLATE_ID | SCD_VERSION_NBR | SCD_WEIGHT,CREATED_BY:technical_timestamp | CREATEDTTM:date_or_timestamp | LASTUPDDTTM:date_or_timestamp | LASTUPDOPRID:label | SCD_BENCHMRK_SCORE:score | SCD_IDEAL_SCORE:score | SCD_INSTRUCTIONS:label | SCD_RATIN_MODEL_ID:identifier | SCD_SECTION_DESC:label | SCD_SECTION_GROUP:label | SCD_SECTION_ID:identifier | SCD_SECTION_NAME:label | SCD_SECT_TYPE:classification | SCD_SEQ_NBR:quantity | SCD_TEMPLATE_ID:identifier | SCD_VERSION_NBR:quantity | SCD_WEIGHT:quantity,Other,Other,IT & Sécurité,0.9988474,0.9977203,0.0046747136,high,0,True,False,False,False,60.11999999731779
5,1151328,RE_LS_TXN_NOTE,PS_RE_LS_TXN_NOTE,FMS_DTTM_STAMP | FMS_OPRID | LS_TXN_ID | LS_TXN_NOTE_SEQ | LS_TXN_RSN_TYPE | REASONDESCR,FMS_DTTM_STAMP:technical_timestamp | FMS_OPRID:user_identifier | LS_TXN_ID:identifier | LS_TXN_NOTE_SEQ:quantity | LS_TXN_RSN_TYPE:classification | REASONDESCR:label,Other,Other,IT & Sécurité,0.9988512,0.99808574,0.0050125504,high,0,True,False,False,False,60.10999999940395
5,1035612,SYSADM.PS_FOASGNTMTDT_UPG,PS_FOASGNTMTDT_UPG,BUSINESS_UNIT | DESCR254 | FO_ASSIGNMENT_ID | FO_TEMPLATE_TYPE | ORDER_ID | ORDER_TYPE | TEMPLATE_CODE | TEMPLATE_ITEM_CD,BUSINESS_UNIT:label | DESCR254:label | FO_ASSIGNMENT_ID:identifier | FO_TEMPLATE_TYPE:classification | ORDER_ID:identifier | ORDER_TYPE:classification | TEMPLATE_CODE:reference_identifier | TEMPLATE_ITEM_CD:label,Other,Other,IT & Sécurité,0.9988516,0.9984272,0.0054482846,high,0,True,False,False,False,60.10999999940395
5,1048537,SYSADM.PS_NET_STG_HDR_LNG,PS_NET_STG_HDR_LNG,DESCR | LANGUAGE_CD | NET_REF_ID,DESCR:label | LANGUAGE_CD:label | NET_REF_ID:reference_identifier,Other,Other,IT & Sécurité,0.9988519,0.99797094,0.005063048,high,0,True,False,False,False,60.10999999940395
5,1157536,SET_CNTRL_TBL,PS_SET_CNTRL_TBL,SETCNTRLVALUE | SETID | VERSION,SETCNTRLVALUE:label | SETID:label | VERSION:quantity,Other,Other,IT & Sécurité,0.9988525,0.99787134,0.0048916866,high,0,True,False,False,False,60.10999999940395
5,1126435,ITM_SCH_GRP_LNG,PS_ITM_SCH_GRP_LNG,DESCR | LANGUAGE_CD | SCHED_GROUP_CD | SETID,DESCR:label | LANGUAGE_CD:label | SCHED_GROUP_CD:label | SETID:label,Other,Other,Supply Chain / Logistique / Production,0.9988567,0.9978739,0.004861282,high,0,True,False,False,False,60.10999999940395
5,1156857,SDN_SRCH_LISTS,PS_SDN_SRCH_LISTS,INDEX_TYPE | PTSF_SBO_NAME | STOPLIST_FLAG | STOPLIST_WORDS,INDEX_TYPE:classification | PTSF_SBO_NAME:label | STOPLIST_FLAG:flag | STOPLIST_WORDS:label,Other,Other,IT & Sécurité,0.9988588,0.9977415,0.0046328898,high,0,True,False,False,False,60.10999999940395
5,1038948,SYSADM.PS_GM_SP_LOC_LNG,PS_GM_SP_LOC_LNG,CUST_ID | DESCR | LANGUAGE_CD | LOC_REFERENCE_ID | SETID,CUST_ID:identifier | DESCR:label | LANGUAGE_CD:label | LOC_REFERENCE_ID:identifier | SETID:label,Other,Other,Ventes & Clients,0.9988613,0.9982397,0.005263858,high,0,True,False,False,False,60.10999999940395
5,1113350,EOIU_SOLANGUAGE,PS_EOIU_SOLANGUAGE,IB_OPERATIONNAME | LANGUAGE_CD | PUBLISH_RULE_ID,IB_OPERATIONNAME:label | LANGUAGE_CD:label | PUBLISH_RULE_ID:identifier,Other,Other,IT & Sécurité,0.99886423,0.9977328,0.004558392,high,0,True,False,False,False,60.10999999940395
5,1123054,IN_DMD_CHG_CFG,PS_IN_DMD_CHG_CFG,CHG_ALL_DEMAND | CHNG_ORD_SEQ | FIELDNAME | IN_CHANGE_STATE | IN_FIELDNAME | MESSAGE_NBR | MESSAGE_SET_NBR | OM_ALLOW_CHG | OM_CHANGE_STATE | OM_FIELDNAME | SYSTEM_DATA_FLG,CHG_ALL_DEMAND:label | CHNG_ORD_SEQ:quantity | FIELDNAME:label | IN_CHANGE_STATE:status | IN_FIELDNAME:label | MESSAGE_NBR:quantity | MESSAGE_SET_NBR:quantity | OM_ALLOW_CHG:label | OM_CHANGE_STATE:status | OM_FIELDNAME:label | SYSTEM_DATA_FLG:label,Other,Other,IT & Sécurité,0.9988678,0.9979109,0.0047864052,high,0,True,False,False,False,60.10999999940395
5,1120929,GM_PCL_PROC,PS_GM_PCL_PROC,AA_ID | ADD_CARE_DESCR | ADD_CARE_NEED | AGENT_ID | BUSINESS_UNIT | DESCR | DESCR254 | DESCR254_1 | FDA_APP_DT | FDA_APP_NUM | FDA_APP_REQ | FDA_DCSN | FDA_DCSN_DT | FDA_SUB_DT | FDA_TYPE | GM_ALT_PROC_FLG | GM_HAZ_AGENT_FLG | GM_PCL_EUTH | GM_PCL_EUTH_FLG | GM_PROC_FLG | GM_UN_PROC_FLG | HA_DCSN | HA_DCSN_DT | IND_NBR | OTHR_DTL_FLG | PCL_ALT_PROC | PCL_ID | PCL_PROC | PCL_UN_PROC | PCL_VRSN_ID | SEQNBR | SUB_DT | TITLE56 | TRACKING_NBR,AA_ID:identifier | ADD_CARE_DESCR:label | ADD_CARE_NEED:label | AGENT_ID:identifier | BUSINESS_UNIT:label | DESCR:label | DESCR254:label | DESCR254_1:label | FDA_APP_DT:date_or_timestamp | FDA_APP_NUM:quantity | FDA_APP_REQ:label | FDA_DCSN:label | FDA_DCSN_DT:date_or_timestamp | FDA_SUB_DT:date_or_timestamp | FDA_TYPE:classification | GM_ALT_PROC_FLG:label | GM_HAZ_AGENT_FLG:label | GM_PCL_EUTH:label | GM_PCL_EUTH_FLG:label | GM_PROC_FLG:label | GM_UN_PROC_FLG:label | HA_DCSN:label | HA_DCSN_DT:date_or_timestamp | IND_NBR:quantity | OTHR_DTL_FLG:label | PCL_ALT_PROC:label | PCL_ID:identifier | PCL_PROC:label | PCL_UN_PROC:label | PCL_VRSN_ID:identifier | SEQNBR:quantity | SUB_DT:date_or_timestamp | TITLE56:label | TRACKING_NBR:quantity,Other,Other,IT & Sécurité,0.998872,0.9980317,0.004920149,high,0,True,False,False,False,60.10999999940395
5,1104760,DP_PUB_FIELDS,PS_DP_PUB_FIELDS,DP_CAPTION | DP_DATATYPE | DP_FIELDID | DP_FIELD_SOURCE,DP_CAPTION:label | DP_DATATYPE:label | DP_FIELDID:label | DP_FIELD_SOURCE:label,Other,Other,IT & Sécurité,0.99888587,0.99781215,0.0045729456,high,0,True,False,False,False,60.10999999940395
5,1005635,SYSADM.PS_AM_EPL_MASTR,PS_AM_EPL_MASTR,ASSET_SUBTYPE | ASSET_TYPE | DESCR100 | EPL_TMPL_ID | MFG_ID | MODEL | PROD_VERSION | SETID | STATUS,ASSET_SUBTYPE:label | ASSET_TYPE:classification | DESCR100:label | EPL_TMPL_ID:identifier | MFG_ID:identifier | MODEL:label | PROD_VERSION:label | SETID:label | STATUS:status,Other,Other,Supply Chain / Logistique / Production,0.9988868,0.9980464,0.0048650247,high,0,True,False,False,False,60.10999999940395
5,1102245,CUST_REG_SETUP,PS_CUST_REG_SETUP,SETID | USER_ID,SETID:label | USER_ID:user_identifier,Other,Other,Ventes & Clients,0.99888897,0.998222,0.005065152,high,0,True,False,False,False,60.10999999940395
5,1067098,SYSADM.PS_PTIASPDLTPKGADS,PS_PTIASPDLTPKGADS,PTIASPADSCAT | PTIASPADSNAME | PTIASPKEYHASH | PTIASPPKGGUID | PTIASPRPTNO | PTIASPZIPFILENAME | RECNAME,PTIASPADSCAT:label | PTIASPADSNAME:label | PTIASPKEYHASH:label | PTIASPPKGGUID:label | PTIASPRPTNO:quantity | PTIASPZIPFILENAME:label | RECNAME:label,Other,Other,IT & Sécurité,0.9988946,0.9977912,0.0044441894,high,0,True,False,False,False,60.10999999940395
5,1025441,SYSADM.PS_CUST_REG_SETUP,PS_CUST_REG_SETUP,SETID | USER_ID,SETID:label | USER_ID:user_identifier,Other,Other,Ventes & Clients,0.99889654,0.9982754,0.005051923,high,0,True,False,False,False,60.10999999940395
5,1167493,VCHRLN_ENTY_FLD,PS_VCHRLN_ENTY_FLD,FIELDNAME | FLD_HIDE_FLG | VCHR_ENTRY_CD,FIELDNAME:label | FLD_HIDE_FLG:label | VCHR_ENTRY_CD:label,Other,Other,Finance & Contrôle,0.9989015,0.9978523,0.0045341435,high,0,True,False,False,False,60.10999999940395
5,1113171,EOEW_LU_DFN,PS_EOEW_LU_DFN,CREATEDTTM | DESCR | EOEW_AGG_DEF_TYP | EOEW_FAIL_VAL | EOEW_LU_FLDNAME | EOEW_LU_FLD_TYP | EOEW_LU_OBJ | EOEW_LU_RECNAME | EOEW_OBJORIGINATOR | EOEW_OBJ_OWNER | EOEW_OBJREUSE_FLG | EOEW_SYSMAINT_FLG | LASTUPDDTTM | LASTUPDOPRID,CREATEDTTM:date_or_timestamp | DESCR:label | EOEW_AGG_DEF_TYP:label | EOEW_FAIL_VAL:label | EOEW_LU_FLDNAME:label | EOEW_LU_FLD_TYP:label | EOEW_LU_OBJ:label | EOEW_LU_RECNAME:label | EOEW_OBJORIGINATOR:label | EOEW_OBJ_OWNER:label | EOEW_OBJREUSE_FLG:label | EOEW_SYSMAINT_FLG:label | LASTUPDDTTM:date_or_timestamp | LASTUPDOPRID:label,Other,Other,IT & Sécurité,0.9989026,0.997808,0.004418712,high,0,True,False,False,False,60.10999999940395
5,1006382,SYSADM.PS_AMR_TMPL_HDR_L,PS_AMR_TMPL_HDR_L,DESCR | DESCRSHORT | DST_CNTRL_ID | LANGUAGE_CD | SETID,DESCR:label | DESCRSHORT:label | DST_CNTRL_ID:identifier | LANGUAGE_CD:label | SETID:label,Other,Other,IT & Sécurité,0.99890417,0.9983327,0.005056722,high,0,True,False,False,False,60.10999999940395
5,1075060,SYSADM.PS_SPNDNG_REG_HDR,PS_SPNDNG_REG_HDR,COUNTRY | EFFDT | EFF_STATUS | STATE,COUNTRY:label | EFFDT:date_or_timestamp | EFF_STATUS:status | STATE:status,Other,Other,RH,0.9989089,0.9982496,0.0050659818,high,0,True,False,False,False,60.10999999940395
5,1029630,SYSADM.PS_EO_CHUNKEFFDT,PS_EO_CHUNKEFFDT,CHUNK_RULE_ID | EFFDT | EFF_STATUS,CHUNK_RULE_ID:identifier | EFFDT:date_or_timestamp | EFF_STATUS:status,Other,Other,IT & Sécurité,0.99890924,0.9983521,0.004934713,high,0,True,False,False,False,60.10999999940395
5,1036099,SYSADM.PS_FOTEMPLATET_UPG,PS_FOTEMPLATET_UPG,DESCR | EFFDT | EFF_STATUS | FO_TEMPLATE_TYPE | SEQUENCE_NBR | SETID | TEMPLATE_CODE | TEMPLATE_ITEM_CD,DESCR:label | EFFDT:date_or_timestamp | EFF_STATUS:status | FO_TEMPLATE_TYPE:classification | SEQUENCE_NBR:quantity | SETID:label | TEMPLATE_CODE:reference_identifier | TEMPLATE_ITEM_CD:label,Other,Other,IT & Sécurité,0.998918,0.9979979,0.0046795546,high,0,True,False,False,False,60.10999999940395
5,1069833,SYSADM.PS_RE_NEWPRP_INTFC,PS_RE_NEWPRP_INTFC,ACQUISITION_CD | ACQUISITION_DT | APPROVAL_SW | AREA_PROPERTY_ID | ASSET_ID | ASSET_STATUS | ASSET_TYPE | BLDG_PROPERTY_ID | BLOCK | BUSINESS_UNIT | CAPITALIZATION_SW | COMPONENT_OF_ID | CURRENT_OCCUPANCY | CUSTODIAN_DEPTID | CUSTODIAN_EFFDT | DEFAULT_PROFILE_SW | DESCR | DESCRSHORT | DOCUMENT_ID | DTTM_STAMP | EC1_PROP_ID | EFFSEQ | FINANCIAL_ASSET_SW | FLOOR_PROPERTY_ID | INTFC_ID | INTFC_LINE_NUM | INTFC_STATUS | INTFC_TYPE | LEGAL_DESCR | LOAD_STATUS | LOCATION | LOCATION_EFFDT | LOCATION_EFFSEQ | LOC_AUTH_DT | LOC_AUTH_NAME | LOC_AUTH_STATUS | LOT | MAX_OCCUPANCY | OCCUPANCY_STATUS | OWNERSHIP_STATUS | PARCEL_NUMBER | PARENT_ID | PARENT_PROPERTY_ID | PROPERTY_CLASS | PROPERTY_DESCR | PROPERTY_ID | PROPERTY_NM | PROPERTY_SUBCLASS | SITE_PROPERTY_ID | SPACE_PROPERTY_ID | SPACE_UOM | SYSTEM_SOURCE | TOTAL_AREA,ACQUISITION_CD:label | ACQUISITION_DT:date_or_timestamp | APPROVAL_SW:label | AREA_PROPERTY_ID:identifier | ASSET_ID:identifier | ASSET_STATUS:status | ASSET_TYPE:classification | BLDG_PROPERTY_ID:identifier | BLOCK:label | BUSINESS_UNIT:label | CAPITALIZATION_SW:label | COMPONENT_OF_ID:identifier | CURRENT_OCCUPANCY:quantity | CUSTODIAN_DEPTID:label | CUSTODIAN_EFFDT:date_or_timestamp | DEFAULT_PROFILE_SW:label | DESCR:label | DESCRSHORT:label | DOCUMENT_ID:identifier | DTTM_STAMP:technical_timestamp | EC1_PROP_ID:identifier | EFFSEQ:quantity | FINANCIAL_ASSET_SW:label | FLOOR_PROPERTY_ID:identifier | INTFC_ID:identifier | INTFC_LINE_NUM:quantity | INTFC_STATUS:status | INTFC_TYPE:classification | LEGAL_DESCR:label | LOAD_STATUS:status | LOCATION:label | LOCATION_EFFDT:date_or_timestamp | LOCATION_EFFSEQ:quantity | LOC_AUTH_DT:date_or_timestamp | LOC_AUTH_NAME:label | LOC_AUTH_STATUS:status | LOT:label | MAX_OCCUPANCY:quantity | OCCUPANCY_STATUS:status | OWNERSHIP_STATUS:status | PARCEL_NUMBER:label | PARENT_ID:identifier | PARENT_PROPERTY_ID:identifier | PROPERTY_CLASS:classification | PROPERTY_DESCR:label | PROPERTY_ID:identifier | PROPERTY_NM:label | PROPERTY_SUBCLASS:label | SITE_PROPERTY_ID:identifier | SPACE_PROPERTY_ID:identifier | SPACE_UOM:label | SYSTEM_SOURCE:label | TOTAL_AREA:quantity,Other,Other,IT & Sécurité,0.9989296,0.9982892,0.0047714664,high,0,True,False,False,False,60.10999999940395
5,1013139,SYSADM.PS_BI_SORT_LIN_TYP,PS_BI_SORT_LIN_TYP,ADD_DTTM | LAST_MAINT_OPRID | LAST_UPDATE_DTTM | LINE_TYPE | LIN_TYP_ORDER_SEQ | LIN_TYP_SORT_BY_ID,ADD_DTTM:technical_timestamp | LAST_MAINT_OPRID:user_identifier | LAST_UPDATE_DTTM:technical_timestamp | LINE_TYPE:classification | LIN_TYP_ORDER_SEQ:quantity | LIN_TYP_SORT_BY_ID:identifier,Other,Other,IT & Sécurité,0.9989297,0.99805295,0.00469474,high,0,True,False,False,False,60.10999999940395
5,1121270,GM_PROP_NS_REV,PS_GM_PROP_NS_REV,BUSINESS_UNIT | COMMENTS | NAME | PROPOSAL_ID | SEQ_NUM | VERSION_ID,BUSINESS_UNIT:label | COMMENTS:label | NAME:label | PROPOSAL_ID:identifier | SEQ_NUM:quantity | VERSION_ID:identifier,Other,Other,Ventes & Clients,0.9989343,0.9980873,0.004718889,high,0,True,False,False,False,60.10999999940395
5,1146178,PTIASPPRDFMLY,PS_PTIASPPRDFMLY,PTIASPLICGRP | PTIASPLOCALIZATN | PTIASPPRDFMLY | PTIASPPRDFMLYDESC | PTIASPPRDFMLYGDESC | PTIASPPRDFMLYGRP | PTIASPPRDID,PTIASPLICGRP:label | PTIASPLOCALIZATN:label | PTIASPPRDFMLY:label | PTIASPPRDFMLYDESC:label | PTIASPPRDFMLYGDESC:label | PTIASPPRDFMLYGRP:label | PTIASPPRDID:quantity,Other,Other,IT & Sécurité,0.9989373,0.9978801,0.0043060887,high,0,True,False,False,False,60.10999999940395
5,1013628,SYSADM.PS_BIXPNLSERIESDTL,PS_BIXPNLSERIESDTL,ADD_DTTM | BI_PNLSERIES_ID | LAST_MAINT_OPRID | LAST_UPDATE_DTTM | PANELNAME | SEQ_NUM,ADD_DTTM:technical_timestamp | BI_PNLSERIES_ID:identifier | LAST_MAINT_OPRID:user_identifier | LAST_UPDATE_DTTM:technical_timestamp | PANELNAME:label | SEQ_NUM:quantity,Other,Other,IT & Sécurité,0.99893767,0.99824905,0.0047086095,high,0,True,False,False,False,60.10999999940395
5,1036082,SYSADM.PS_FO_SRC_PLSRC_WS,PS_FO_SRC_PLSRC_WS,BUSINESS_UNIT | COMBINED_SRCH_FLD | COMBINED_SRCH_REF | COMP_OPERATOR | FIELDNAME | FIELDTYPE | FO_SRCH_FLD_VAL | MTCH_COL_ID | ORDERNO | PROMPTED_SELECT | SELECT_DT | SO_ID | SO_LINE | SRCH_CATEGORY | SRCH_PREF_REQ | SRCH_RESUME | VERITY_FIELD,BUSINESS_UNIT:label | COMBINED_SRCH_FLD:label | COMBINED_SRCH_REF:reference_identifier | COMP_OPERATOR:label | FIELDNAME:label | FIELDTYPE:quantity | FO_SRCH_FLD_VAL:label | MTCH_COL_ID:identifier | ORDERNO:quantity | PROMPTED_SELECT:label | SELECT_DT:date_or_timestamp | SO_ID:identifier | SO_LINE:quantity | SRCH_CATEGORY:classification | SRCH_PREF_REQ:label | SRCH_RESUME:label | VERITY_FIELD:label,Other,Other,IT & Sécurité,0.99893904,0.99820316,0.004708899,high,0,True,False,False,False,60.10999999940395
5,1010593,SYSADM.PS_AUC_DISP_ADDR,PS_AUC_DISP_ADDR,ADDR_SEQ_NUM | AUC_ID | AUC_ROUND | AUC_VERSION | BIDDER_ID | BIDDER_LOC | BIDDER_SETID | BIDDER_TYPE | BUSINESS_UNIT | CNTCT_SEQ_NUM,ADDR_SEQ_NUM:quantity | AUC_ID:identifier | AUC_ROUND:quantity | AUC_VERSION:quantity | BIDDER_ID:identifier | BIDDER_LOC:label | BIDDER_SETID:label | BIDDER_TYPE:classification | BUSINESS_UNIT:label | CNTCT_SEQ_NUM:quantity,Other,Other,Achats & Fournisseurs,0.9989393,0.9979309,0.004420326,high,0,True,False,False,False,60.10999999940395
5,1099841,COUNT_UTIL_INV,PS_COUNT_UTIL_INV,BUSINESS_UNIT | INTERVAL_PERIOD | REVIEW_PERIOD | UTIL_CD_PCT | UTILIZ_CD | UTILIZ_GROUP,BUSINESS_UNIT:label | INTERVAL_PERIOD:quantity | REVIEW_PERIOD:quantity | UTIL_CD_PCT:percentage_or_rate | UTILIZ_CD:label | UTILIZ_GROUP:label,Other,Other,Finance & Contrôle,0.99894017,0.99813324,0.0046983925,high,0,True,False,False,False,60.10999999940395
5,1030428,SYSADM.PS_EO_EIP_SET_LNG,PS_EO_EIP_SET_LNG,DESCR | EIP_PROGRAM | LANGUAGE_CD,DESCR:label | EIP_PROGRAM:label | LANGUAGE_CD:label,Other,Other,IT & Sécurité,0.99894345,0.99790406,0.0043217116,high,0,True,False,False,False,60.10999999940395
5,1113670,EOPM_SUPDMLNG,PS_EOPM_SUPDMLNG,BARLABEL | BARNAME | DESCRLONG | ITEMLABEL | ITEMNAME | LANGUAGE_CD | MENUNAME | PTIASPRPTNO,BARLABEL:label | BARNAME:label | DESCRLONG:comment_text | ITEMLABEL:label | ITEMNAME:label | LANGUAGE_CD:label | MENUNAME:label | PTIASPRPTNO:quantity,Other,Other,Achats & Fournisseurs,0.99894357,0.9983083,0.0046497444,high,0,True,False,False,False,60.10999999940395
5,1082152,SYSADM.PS_WM_CLAIM_LASTID,PS_WM_CLAIM_LASTID,BUSINESS_UNIT | LAST_CLAIM_ID,BUSINESS_UNIT:label | LAST_CLAIM_ID:identifier,Other,Other,IT & Sécurité,0.9989445,0.99806225,0.0045566456,high,0,True,False,False,False,60.10999999940395
5,1085273,AM_IOT_PLACES,PS_AM_IOT_PLACES,AM_IOT_ORG_ID | AM_IOT_PLACE_DESCR | AM_IOT_PLACE_ID | AM_IOT_PLACE_NAME | AM_IOT_PLACE_TYPE | AM_IOT_PLACE_URL | AM_LASTUPDT_DTTM | AM_LASTUPDT_OPRID,AM_IOT_ORG_ID:identifier | AM_IOT_PLACE_DESCR:label | AM_IOT_PLACE_ID:identifier | AM_IOT_PLACE_NAME:label | AM_IOT_PLACE_TYPE:classification | AM_IOT_PLACE_URL:url | AM_LASTUPDT_DTTM:technical_timestamp | AM_LASTUPDT_OPRID:user_identifier,Other,Other,IT & Sécurité,0.9989457,0.9979096,0.0043106596,high,0,True,False,False,False,60.10999999940395
5,1115498,EX_PE_PGLET_DT,PS_EX_PE_PGLET_DT,BEGIN_DT_OTA | BEGIN_DT_PRED | DATE_SEL_DT | DATE_SEL_DT2 | DATEVAL1 | DATEVAL2 | DATEVAL3 | DATEVAL4 | DATEVAL5 | END_DATE_01 | END_DATE_02 | END_DATE_03 | END_DATE_04 | END_DATE_05 | END_DT_OTA | END_DT_PRED | FLAG,BEGIN_DT_OTA:date_or_timestamp | BEGIN_DT_PRED:date_or_timestamp | DATE_SEL_DT:date_or_timestamp | DATE_SEL_DT2:date_or_timestamp | DATEVAL1:date_or_timestamp | DATEVAL2:date_or_timestamp | DATEVAL3:date_or_timestamp | DATEVAL4:date_or_timestamp | DATEVAL5:date_or_timestamp | END_DATE_01:date_or_timestamp | END_DATE_02:date_or_timestamp | END_DATE_03:date_or_timestamp | END_DATE_04:date_or_timestamp | END_DATE_05:date_or_timestamp | END_DT_OTA:date_or_timestamp | END_DT_PRED:date_or_timestamp | FLAG:flag,Other,Other,IT & Sécurité,0.99895114,0.99845356,0.004779604,high,0,True,False,False,False,60.100000001490116
5,1034855,SYSADM.PS_FAI_MAN_RTGT,PS_FAI_MAN_RTGT,FIELDNAME | FIELD_VALUE,FIELDNAME:label | FIELD_VALUE:label,Other,Other,IT & Sécurité,0.99895585,0.9983133,0.0046193306,high,0,True,False,False,False,60.100000001490116
5,1104066,DP_EISPECF_VWS,PS_DP_EISPECF_VWS,DP_CAPTION | DP_CONFIGVIEW | DP_DESCRIPTION | DP_IMPORTSPEC,DP_CAPTION:label | DP_CONFIGVIEW:label | DP_DESCRIPTION:label | DP_IMPORTSPEC:label,Other,Other,IT & Sécurité,0.9989624,0.9979326,0.0042241067,high,0,True,False,False,False,60.100000001490116
5,1072753,SYSADM.PS_RUN_RE1000,PS_RUN_RE1000,BEGIN_DT | BUSINESS_UNIT | END_DT | LEASE_NAME | LEASE_STATUS | LS_ADMIN | LSE_TYPE_CD | LS_NBR | OPRID | PRTFL_MGR | REGION_CD | RUN_CNTL_ID,BEGIN_DT:date_or_timestamp | BUSINESS_UNIT:label | END_DT:date_or_timestamp | LEASE_NAME:label | LEASE_STATUS:status | LS_ADMIN:quantity | LSE_TYPE_CD:classification | LS_NBR:quantity | OPRID:user_identifier | PRTFL_MGR:quantity | REGION_CD:label | RUN_CNTL_ID:processing_identifier,Other,Other,IT & Sécurité,0.9989684,0.9980334,0.00439636,high,0,True,False,False,False,60.100000001490116
5,1153070,RS_APPL_TAO,PS_RS_APPL_TAO,APPLICATION | FORECAST_ID_DMD | SELECT_CB2,APPLICATION:label | FORECAST_ID_DMD:label | SELECT_CB2:label,Other,Other,IT & Sécurité,0.99896926,0.9980147,0.0043474417,high,0,True,False,False,False,60.100000001490116
5,1066712,SYSADM.PS_PTACEDIMGRIDREC,PS_PTACEDIMGRIDREC,ACEDIMNAME | PTACEMEMBER,ACEDIMNAME:label | PTACEMEMBER:label,Other,Other,IT & Sécurité,0.99896955,0.9979432,0.0041884156,high,0,True,False,False,False,60.100000001490116
5,1025082,SYSADM.PS_CS_OBJECT_WORD,PS_CS_OBJECT_WORD,CS_BINDS_EXIST | CS_BODY_TYPE | CS_OBJECT_ID | CS_OBJECT_TYPE | CS_WORDML | EFFDT | SETID,CS_BINDS_EXIST:label | CS_BODY_TYPE:classification | CS_OBJECT_ID:identifier | CS_OBJECT_TYPE:classification | CS_WORDML:label | EFFDT:date_or_timestamp | SETID:label,Other,Other,IT & Sécurité,0.9989718,0.9981381,0.004492192,high,0,True,False,False,False,60.100000001490116
5,1010462,SYSADM.PS_ASSET_INSRNCE_H,PS_ASSET_INSRNCE_H,ASSET_ID | BUSINESS_UNIT | BUSINESS_UNIT_AM | INSURANCE_TYPE | INSURANCE_VNDR | POLICY_ID,ASSET_ID:identifier | BUSINESS_UNIT:label | BUSINESS_UNIT_AM:label | INSURANCE_TYPE:classification | INSURANCE_VNDR:label | POLICY_ID:identifier,Other,Other,Achats & Fournisseurs,0.99897265,0.99824417,0.0045828912,high,0,True,False,False,False,60.100000001490116
5,1030318,SYSADM.PS_EO_DSDNMAP_XLT,PS_EO_DSDNMAP_XLT,DSATTRSEQNO | DSDBVALUE | DSDN | DSMAPNAME | SEQNO,DSATTRSEQNO:quantity | DSDBVALUE:label | DSDN:label | DSMAPNAME:label | SEQNO:quantity,Other,Other,IT & Sécurité,0.9989737,0.9979598,0.0041987225,high,0,True,False,False,False,60.100000001490116
5,1115534,EXPLODE_DOCADH,PS_EXPLODE_DOCADH,CS_ADHOC_ID | NEW_VAL_TO_SEQ | OLD_VAL_TO_SEQ,CS_ADHOC_ID:identifier | NEW_VAL_TO_SEQ:quantity | OLD_VAL_TO_SEQ:quantity,Other,Other,IT & Sécurité,0.9989752,0.99797964,0.0042410325,high,0,True,False,False,False,60.100000001490116
5,1018358,SYSADM.PS_CA_MS_COND,PS_CA_MS_COND,ACTIVITY_ID | ACTIVITY_STATUS | BUSINESS_UNIT_PC | COMPLETION_DATE | CONTRACT_NUM | DAYS_LAG | DESCR | ESTIMATED_COMP_DT | LASTUPDDTTM | LASTUPDOPRID | MILESTONE_SOURCE | MS_COND_SEQ | MS_COND_STATUS | MS_COND_TYPE | MS_ID_NEST_SEQ | MS_SEQNUM | PROJECT_ID | SQL_STMT | SYSTEM_COMP_DT,ACTIVITY_ID:identifier | ACTIVITY_STATUS:status | BUSINESS_UNIT_PC:label | COMPLETION_DATE:date_or_timestamp | CONTRACT_NUM:quantity | DAYS_LAG:quantity | DESCR:label | ESTIMATED_COMP_DT:date_or_timestamp | LASTUPDDTTM:date_or_timestamp | LASTUPDOPRID:label | MILESTONE_SOURCE:label | MS_COND_SEQ:quantity | MS_COND_STATUS:status | MS_COND_TYPE:classification | MS_ID_NEST_SEQ:quantity | MS_SEQNUM:quantity | PROJECT_ID:identifier | SQL_STMT:label | SYSTEM_COMP_DT:date_or_timestamp,Other,Other,IT & Sécurité,0.99897605,0.99804944,0.0043812776,high,0,True,False,False,False,60.100000001490116
5,1031074,SYSADM.PS_EOTL_TB_DEFNLNG,PS_EOTL_TB_DEFNLNG,DESCR | DESCRLONG | EOTL_TB_PG_TITLE | EOTL_TOOLBAR_ID | LANGUAGE_CD,DESCR:label | DESCRLONG:comment_text | EOTL_TB_PG_TITLE:label | EOTL_TOOLBAR_ID:identifier | LANGUAGE_CD:label,Other,Other,IT & Sécurité,0.99897885,0.9980621,0.0043750363,high,0,True,False,False,False,60.100000001490116
5,1121676,GM_SP_FORM_DT,PS_GM_SP_FORM_DT,CUST_ID | EFFDT | EFF_STATUS | SETID,CUST_ID:identifier | EFFDT:date_or_timestamp | EFF_STATUS:status | SETID:label,Other,Other,RH,0.99897933,0.99859405,0.0048749787,high,0,True,False,False,False,60.100000001490116
5,1089252,AUC_H_CLB_FTRVW,PS_AUC_H_CLB_FTRVW,AUC_COLLAB_GRP_NBR | AUC_DTTM_CLB_RESP | AUC_ID | AUC_ROUND | AUC_VERSION | BID_FACTOR_NBR | BID_FACTOR_TYPE | BUSINESS_UNIT | OPRID | WEIGHTING,AUC_COLLAB_GRP_NBR:quantity | AUC_DTTM_CLB_RESP:technical_timestamp | AUC_ID:identifier | AUC_ROUND:quantity | AUC_VERSION:quantity | BID_FACTOR_NBR:quantity | BID_FACTOR_TYPE:classification | BUSINESS_UNIT:label | OPRID:user_identifier | WEIGHTING:quantity,Other,Other,IT & Sécurité,0.9989798,0.99808884,0.004397872,high,0,True,False,False,False,60.100000001490116
5,1140968,PROD_NOTE_LNG,PS_PROD_NOTE_LNG,LANGUAGE_CD | PRODUCT_ID | SEQ_NUM | SETID | TEXT254,LANGUAGE_CD:label | PRODUCT_ID:identifier | SEQ_NUM:quantity | SETID:label | TEXT254:label,Other,Other,Supply Chain / Logistique / Production,0.9989801,0.9983387,0.0046609356,high,0,True,False,False,False,60.100000001490116
5,1111809,EOCM_NEW_CAT,PS_EOCM_NEW_CAT,EOCM_ACCESS_ID | EOCM_APPROVED | EOCM_CATALOG_ID | EOCM_CATEGORY_CD | EOCM_CATEGORY_ID | EOCM_CATEGORY_NM | EOCM_CAT_HIER_ID | EOCM_TP_VER_ID | SETID,EOCM_ACCESS_ID:identifier | EOCM_APPROVED:label | EOCM_CATALOG_ID:identifier | EOCM_CATEGORY_CD:classification | EOCM_CATEGORY_ID:classification | EOCM_CATEGORY_NM:classification | EOCM_CAT_HIER_ID:identifier | EOCM_TP_VER_ID:identifier | SETID:label,Other,Other,IT & Sécurité,0.9989822,0.9979921,0.004210256,high,0,True,False,False,False,60.100000001490116
5,1120668,GM_FA_OPTIONS2,PS_GM_FA_OPTIONS2,BUSINESS_UNIT | FIELDNAME,BUSINESS_UNIT:label | FIELDNAME:label,Other,Other,Finance & Contrôle,0.9989829,0.99812895,0.0043908893,high,0,True,False,False,False,60.100000001490116
5,1091542,BI_INST_PLAN_LG,PS_BI_INST_PLAN_LG,DESCR | DESCRSHORT | EFFDT | INSTALL_PLAN_ID | LANGUAGE_CD | SETID,DESCR:label | DESCRSHORT:label | EFFDT:date_or_timestamp | INSTALL_PLAN_ID:identifier | LANGUAGE_CD:label | SETID:label,Other,Other,Supply Chain / Logistique / Production,0.99898934,0.9985653,0.0048076143,high,0,True,False,False,False,60.100000001490116
5,1035611,SYSADM.PS_FO_ASGN_TMT_DTL,PS_FO_ASGN_TMT_DTL,ASSIGNMENT_ID | DESCR254 | FO_TEMPLATE_TYPE | SEQ_NUM | TEMPLATE_CODE | TEMPLATE_ITEM_CD,ASSIGNMENT_ID:identifier | DESCR254:label | FO_TEMPLATE_TYPE:classification | SEQ_NUM:quantity | TEMPLATE_CODE:reference_identifier | TEMPLATE_ITEM_CD:label,Other,Other,IT & Sécurité,0.9989905,0.9982896,0.0045913556,high,0,True,False,False,False,60.100000001490116
5,1067316,SYSADM.PS_PTPPB_DS_SETTGS,PS_PTPPB_DS_SETTGS,ORDERNO | PTPPB_FIELDNAME | PTPPB_PAGELET_ID | PTPPB_VALUE,ORDERNO:quantity | PTPPB_FIELDNAME:label | PTPPB_PAGELET_ID:identifier | PTPPB_VALUE:label,Other,Other,IT & Sécurité,0.99899197,0.997986,0.00410152,high,0,True,False,False,False,60.100000001490116
5,1109103,EG_CLASSIFY_CD,PS_EG_CLASSIFY_CD,DESCR | EFFDT | EFF_STATUS | EG_CLASSIFICATION | SETID | TEXT254,DESCR:label | EFFDT:date_or_timestamp | EFF_STATUS:status | EG_CLASSIFICATION:label | SETID:label | TEXT254:label,Other,Other,RH,0.99899197,0.99849945,0.004609916,high,0,True,False,False,False,60.100000001490116
5,1065991,SYSADM.PS_PSDMT_UNITFROM,PS_PSDMT_UNITFROM,PSDMT_CUSTOM_SW | PSDMUNIT_FROMSEQ | PSDMUNIT_ID | PSDMUNIT_SEQ | PS_OWNER | RECALIAS | RECNAME,PSDMT_CUSTOM_SW:label | PSDMUNIT_FROMSEQ:quantity | PSDMUNIT_ID:identifier | PSDMUNIT_SEQ:quantity | PS_OWNER:label | RECALIAS:label | RECNAME:label,Other,Other,IT & Sécurité,0.9989961,0.99800473,0.004116828,high,0,True,False,False,False,60.100000001490116
5,1024592,SYSADM.PS_CONT_ATT,PS_CONT_ATT,ATTACHSYSFILENAME | ATTACH_TYPE | ATTACHUSERFILE | ATT_VERSION | CONTACT_ID | DESCR | EFFDT | SCM_ATTACH_ID | SETID,ATTACHSYSFILENAME:label | ATTACH_TYPE:classification | ATTACHUSERFILE:label | ATT_VERSION:quantity | CONTACT_ID:identifier | DESCR:label | EFFDT:date_or_timestamp | SCM_ATTACH_ID:identifier | SETID:label,Other,Other,IT & Sécurité,0.99899745,0.9984037,0.0046607284,high,0,True,False,False,False,60.100000001490116
5,1030779,SYSADM.PS_EOEW_CODE_ITEM,PS_EOEW_CODE_ITEM,CREATEDTTM | DESCR254 | EOEW_CODE_OBJ | EOEW_FLDVALUE | EOEW_LU_VALUE | EOEW_SYSMAINT_FLG | LASTUPDDTTM | LASTUPDOPRID,CREATEDTTM:date_or_timestamp | DESCR254:label | EOEW_CODE_OBJ:reference_identifier | EOEW_FLDVALUE:label | EOEW_LU_VALUE:label | EOEW_SYSMAINT_FLG:label | LASTUPDDTTM:date_or_timestamp | LASTUPDOPRID:label,Other,Other,IT & Sécurité,0.9989985,0.9982199,0.004392659,high,0,True,False,False,False,60.100000001490116
5,1146775,PTPPB_PGLT_CATG,PS_PTPPB_PGLT_CATG,ACTIVE_FLAG | CREATEDTTM | CREATEOPRID | DESCR | DESCR254 | LASTUPDDTTM | LASTUPDOPRID | PTPPB_PGLT_CATG_ID,ACTIVE_FLAG:flag | CREATEDTTM:date_or_timestamp | CREATEOPRID:label | DESCR:label | DESCR254:label | LASTUPDDTTM:date_or_timestamp | LASTUPDOPRID:label | PTPPB_PGLT_CATG_ID:identifier,Other,Other,IT & Sécurité,0.9989987,0.9980036,0.0040923045,high,0,True,False,False,False,60.100000001490116
5,1024537,SYSADM.PS_CONSMR_SRVC_TMP,PS_CONSMR_SRVC_TMP,CONSUMER_ID | DESCR40 | LAST_DTTM_UPDATE | LAST_OPRID | LOCATION | SERVICE_CLASS | SERVICE_END_DTTM | SERVICE_ID | SERVICE_MGR | SERVICE_START_DTTM | SERVICE_TYPE_CD | SETID,CONSUMER_ID:identifier | DESCR40:label | LAST_DTTM_UPDATE:technical_timestamp | LAST_OPRID:user_identifier | LOCATION:label | SERVICE_CLASS:classification | SERVICE_END_DTTM:technical_timestamp | SERVICE_ID:identifier | SERVICE_MGR:label | SERVICE_START_DTTM:technical_timestamp | SERVICE_TYPE_CD:classification | SETID:label,Other,Other,IT & Sécurité,0.9990027,0.99853474,0.004629458,high,0,True,False,False,False,60.100000001490116
5,1089750,AUC_TMPLTE_DEPT,PS_AUC_TMPLTE_DEPT,AUC_ID | AUC_ROUND | AUC_VERSION | BUSINESS_UNIT | DEPTID,AUC_ID:identifier | AUC_ROUND:quantity | AUC_VERSION:quantity | BUSINESS_UNIT:label | DEPTID:label,Other,Other,RH,0.9990042,0.99842256,0.004567479,high,0,True,False,False,False,60.100000001490116
5,1114040,EOTP_BU,PS_EOTP_BU,BUSINESS_UNIT | DESCR | RECNAME,BUSINESS_UNIT:label | DESCR:label | RECNAME:label,Other,Other,IT & Sécurité,0.9990048,0.99826217,0.0044512525,high,0,True,False,False,False,60.100000001490116
5,1122460,HP_BUD_MSG_TBL,PS_HP_BUD_MSG_TBL,MESSAGE_NBR | MESSAGE_TEXT,MESSAGE_NBR:quantity | MESSAGE_TEXT:comment_text,Other,Other,Finance & Contrôle,0.9990093,0.99818224,0.004273229,high,0,True,False,False,False,60.100000001490116
5,1165396,TRP_PART_ACT_LG,PS_TRP_PART_ACT_LG,BUSINESS_UNIT | DESCR | EFFDT | LANGUAGE_CD | PARTICIPANT_ACCT | PARTICIPANT_ID | POOL_ID | SETID,BUSINESS_UNIT:label | DESCR:label | EFFDT:date_or_timestamp | LANGUAGE_CD:label | PARTICIPANT_ACCT:label | PARTICIPANT_ID:identifier | POOL_ID:identifier | SETID:label,Other,Other,Finance & Contrôle,0.99901193,0.9985711,0.004767756,high,0,True,False,False,False,60.100000001490116
5,1038989,SYSADM.PS_GOV_CERTSRC_LNG,PS_GOV_CERTSRC_LNG,CERTIF_SOURCE | DESCR50 | LANGUAGE_CD | SETID,CERTIF_SOURCE:label | DESCR50:label | LANGUAGE_CD:label | SETID:label,Other,Other,IT & Sécurité,0.9990138,0.9981598,0.004291393,high,0,True,False,False,False,60.100000001490116
5,1170039,WM_PCR_GROUP,PS_WM_PCR_GROUP,DESCR50 | EFF_STATUS | PROBLEM_GROUP | SETID,DESCR50:label | EFF_STATUS:status | PROBLEM_GROUP:label | SETID:label,Other,Other,IT & Sécurité,0.9990178,0.99808776,0.00413858,high,0,True,False,False,False,60.100000001490116
5,1114289,ESIGN_HDR_LNG,PS_ESIGN_HDR_LNG,DESCR | DESCRLONG | DESCRSHORT | EFFDT | ESIGN_GB_HEADER | ESIGN_ID | LANGUAGE_CD,DESCR:label | DESCRLONG:comment_text | DESCRSHORT:label | EFFDT:date_or_timestamp | ESIGN_GB_HEADER:label | ESIGN_ID:identifier | LANGUAGE_CD:label,Other,Other,IT & Sécurité,0.9990183,0.9980875,0.0041299076,high,0,True,False,False,False,60.100000001490116
5,1031114,SYSADM.PS_EO_TRAN_CAT,PS_EO_TRAN_CAT,DESCR | SYSTEM_DATA_FLG | TRAN_CATEGORY,DESCR:label | SYSTEM_DATA_FLG:label | TRAN_CATEGORY:classification,Other,Other,IT & Sécurité,0.99901944,0.9982495,0.004325076,high,0,True,False,False,False,60.100000001490116
5,1117676,FO_EVENT_CNTCT,PS_FO_EVENT_CNTCT,EVENT_CONTACT_TYPE | EVENT_FREQ | SETID,EVENT_CONTACT_TYPE:classification | EVENT_FREQ:label | SETID:label,Other,Other,IT & Sécurité,0.99902,0.99824405,0.0043960544,high,0,True,False,False,False,60.100000001490116
5,1070596,SYSADM.PS_RE_UDF,PS_RE_UDF,SETID | UDF_DESCR | UDF_FLDNM | USR_DEF_ID,SETID:label | UDF_DESCR:label | UDF_FLDNM:label | USR_DEF_ID:identifier,Other,Other,IT & Sécurité,0.99902207,0.99809426,0.004117284,high,0,True,False,False,False,60.100000001490116
5,1111211,EOCF_ACTION_LNG,PS_EOCF_ACTION_LNG,EOCF_ACTION_ID | EOCF_ACTION_NAME | EOCF_TEXT | LANGUAGE_CD,EOCF_ACTION_ID:identifier | EOCF_ACTION_NAME:label | EOCF_TEXT:label | LANGUAGE_CD:label,Other,Other,IT & Sécurité,0.9990224,0.9980666,0.004050778,high,0,True,False,False,False,60.100000001490116
5,1038517,SYSADM.PS_GM_PROP_J_RES,PS_GM_PROP_J_RES,BUSINESS_UNIT | DESCRLONG | GRANTS_RES_TYPE | PROPOSAL_ID | RESOURCE_SEQ_NBR | SUB_PROP_NBR | VERSION_ID,BUSINESS_UNIT:label | DESCRLONG:comment_text | GRANTS_RES_TYPE:classification | PROPOSAL_ID:identifier | RESOURCE_SEQ_NBR:quantity | SUB_PROP_NBR:quantity | VERSION_ID:identifier,Other,Other,IT & Sécurité,0.9990239,0.99824613,0.0043505672,high,0,True,False,False,False,60.100000001490116
5,1121225,GM_PROP_B_SEG,PS_GM_PROP_B_SEG,AE_STMT_SEG1 | AE_STMT_SEG2 | AE_STMT_SEG3 | AE_STMT_SEG4 | AE_STMT_SEG5 | DATA_TYPE | SEG_ELEMENT,AE_STMT_SEG1:label | AE_STMT_SEG2:label | AE_STMT_SEG3:label | AE_STMT_SEG4:label | AE_STMT_SEG5:label | DATA_TYPE:classification | SEG_ELEMENT:label,Other,Other,IT & Sécurité,0.999024,0.9980556,0.004006813,high,0,True,False,False,False,60.100000001490116
5,1025157,SYSADM.PS_CS_VERITY_C_STG,PS_CS_VERITY_C_STG,CS_CONTENT_ID | CS_CONTENT_TYPE | DTTM_STAMP | SETID,CS_CONTENT_ID:identifier | CS_CONTENT_TYPE:classification | DTTM_STAMP:technical_timestamp | SETID:label,Other,Other,IT & Sécurité,0.9990249,0.998106,0.004122223,high,0,True,False,False,False,60.100000001490116
5,1029308,SYSADM.PS_EN_RTG_HDC2_TMP,PS_EN_RTG_HDC2_TMP,BUSINESS_UNIT | DC_FIXED | DC_OBJECT_ID | DC_OBJECT_NAME | DC_TITLE | EIP_CTL_ID | INV_ITEM_ID | RTG_CODE | RTG_STATE | RTG_TYPE,BUSINESS_UNIT:label | DC_FIXED:label | DC_OBJECT_ID:identifier | DC_OBJECT_NAME:label | DC_TITLE:label | EIP_CTL_ID:identifier | INV_ITEM_ID:identifier | RTG_CODE:reference_identifier | RTG_STATE:status | RTG_TYPE:classification,Other,Other,Supply Chain / Logistique / Production,0.9990259,0.9981492,0.0041910694,high,0,True,False,False,False,60.100000001490116
5,1151577,RE_PTYTYPE_LG,PS_RE_PTYTYPE_LG,EFFDT | INSTANCE_DESCR | INSTANCE_NAME | LANGUAGE_CD | PARTY_TYPE_CD | SETID,EFFDT:date_or_timestamp | INSTANCE_DESCR:label | INSTANCE_NAME:label | LANGUAGE_CD:label | PARTY_TYPE_CD:classification | SETID:label,Other,Other,IT & Sécurité,0.9990262,0.9980825,0.0040572747,high,0,True,False,False,False,60.100000001490116
5,1117545,FO_CUST_QL_FDBK,PS_FO_CUST_QL_FDBK,ASSIGNMENT_ID | DESCR254 | FO_TEMPLATE_TYPE | SEQNUM | SETID | TEMPLATE_CODE | TEMPLATE_ITEM_CD,ASSIGNMENT_ID:identifier | DESCR254:label | FO_TEMPLATE_TYPE:classification | SEQNUM:quantity | SETID:label | TEMPLATE_CODE:reference_identifier | TEMPLATE_ITEM_CD:label,Other,Other,Ventes & Clients,0.99902827,0.9981947,0.004231504,high,0,True,False,False,False,60.100000001490116
5,1146201,PTIASPRPTREQS,PS_PTIASPRPTREQS,PTIASPREQDIRECTN | PTIASPREQTYPE | PTIASPRPTNO | PTIASPRPTNOPRE | PTIASPSPVERS | PTIASPSPVERSPRE,PTIASPREQDIRECTN:label | PTIASPREQTYPE:label | PTIASPRPTNO:quantity | PTIASPRPTNOPRE:quantity | PTIASPSPVERS:quantity | PTIASPSPVERSPRE:quantity,Other,Other,IT & Sécurité,0.99902856,0.99806345,0.0039857547,high,0,True,False,False,False,60.100000001490116
5,1073069,SYSADM.PS_SCHEDULE_H_TBL,PS_SCHEDULE_H_TBL,DESCR | END_DATE | SCHEDULE | SETID | START_DATE,DESCR:label | END_DATE:date_or_timestamp | SCHEDULE:label | SETID:label | START_DATE:date_or_timestamp,Other,Other,IT & Sécurité,0.9990293,0.9984874,0.0045767464,high,0,True,False,False,False,60.100000001490116
5,1155546,SAC_FRMINPT_LIN,PS_SAC_FRMINPT_LIN,FIELDNAME | LABEL_ID | MSGNAME | NAVINDEX | RECNAME | SAC_EMC_ELEM_TYPE,FIELDNAME:label | LABEL_ID:label | MSGNAME:label | NAVINDEX:quantity | RECNAME:label | SAC_EMC_ELEM_TYPE:classification,Other,Other,IT & Sécurité,0.9990302,0.99806434,0.0039722654,high,0,True,False,False,False,60.100000001490116
5,1029525,SYSADM.PS_EOCC_MASK_SEP,PS_EOCC_MASK_SEP,EOCC_MASK_SEP,EOCC_MASK_SEP:label,Other,Other,IT & Sécurité,0.99903184,0.99839735,0.0044191214,high,0,True,False,False,False,60.100000001490116
5,1075671,SYSADM.PS_SSO_DEFICIT_WRK,PS_SSO_DEFICIT_WRK,PROBINST | SSO_BOUND_INDEX | SSO_DEFICIT_VAL,PROBINST:label | SSO_BOUND_INDEX:score | SSO_DEFICIT_VAL:quantity,Other,Other,IT & Sécurité,0.9990325,0.998167,0.0041587767,high,0,True,False,False,False,60.100000001490116
5,1083155,SYSADM.PS_WM_WO_IPCKL_LG,PS_WM_WO_IPCKL_LG,DESCR254 | EFFDT | INSP_ACTIVITY_NBR | LANGUAGE_CD | SEQ_NBR_5 | SETID | WO_TEMPLATE_ID,DESCR254:label | EFFDT:date_or_timestamp | INSP_ACTIVITY_NBR:quantity | LANGUAGE_CD:label | SEQ_NBR_5:quantity | SETID:label | WO_TEMPLATE_ID:identifier,Other,Other,Supply Chain / Logistique / Production,0.99903363,0.99833083,0.004315382,high,0,True,False,False,False,60.100000001490116
5,1013620,SYSADM.PS_BI_XLN_SF_TAO,PS_BI_XLN_SF_TAO,ADDRESS1 | ADDRESS2 | ADDRESS3 | ADDRESS4 | ADDR_FIELD1 | ADDR_FIELD2 | ADDR_FIELD3 | ATTN_TO | AUDIT_ACTN | BUSINESS_UNIT | CITY | COUNTRY | COUNTY | CUST_ID | DESCR | GEO_CODE | HOUSE_TYPE | IN_CITY_LIMIT | IN_PROCESS_FLG | INVOICE | LINE_SEQ_NUM | NUM1 | NUM2 | POSTAL | PROCESS_INSTANCE | SETID | STATE,ADDRESS1:label | ADDRESS2:label | ADDRESS3:label | ADDRESS4:label | ADDR_FIELD1:label | ADDR_FIELD2:label | ADDR_FIELD3:label | ATTN_TO:label | AUDIT_ACTN:label | BUSINESS_UNIT:label | CITY:label | COUNTRY:label | COUNTY:label | CUST_ID:identifier | DESCR:label | GEO_CODE:reference_identifier | HOUSE_TYPE:classification | IN_CITY_LIMIT:label | IN_PROCESS_FLG:processing_identifier | INVOICE:label | LINE_SEQ_NUM:quantity | NUM1:label | NUM2:label | POSTAL:postal_location | PROCESS_INSTANCE:processing_identifier | SETID:label | STATE:status,Other,Other,IT & Sécurité,0.99903446,0.9982874,0.004343391,high,0,True,False,False,False,60.100000001490116
5,1114120,EOTR_OWN_MSGCAT,PS_EOTR_OWN_MSGCAT,MESSAGE_NBR | MESSAGE_SET_NBR | OBJECTOWNERID,MESSAGE_NBR:quantity | MESSAGE_SET_NBR:quantity | OBJECTOWNERID:label,Other,Other,IT & Sécurité,0.9990357,0.9980867,0.0039834464,high,0,True,False,False,False,60.100000001490116
5,1111325,EOCF_DSP_AL_DTL,PS_EOCF_DSP_AL_DTL,DESCRLONG | EOCF_ACTION_ID | EOCF_ACTION_NAME,DESCRLONG:comment_text | EOCF_ACTION_ID:identifier | EOCF_ACTION_NAME:label,Other,Other,IT & Sécurité,0.9990359,0.9980835,0.0039765565,high,0,True,False,False,False,60.100000001490116
5,1095433,CA_RULES_LVL,PS_CA_RULES_LVL,BUSINESS_UNIT | CA_TXN_SOURCE | CRIT_SEQ | INTER_ORG_LEVEL,BUSINESS_UNIT:label | CA_TXN_SOURCE:label | CRIT_SEQ:quantity | INTER_ORG_LEVEL:label,Other,Other,IT & Sécurité,0.99903667,0.99850124,0.0044548167,high,0,True,False,False,False,60.100000001490116
5,1031026,SYSADM.PS_EORD_DAYS,PS_EORD_DAYS,EORD_NO_DAYS,EORD_NO_DAYS:quantity,Other,Other,IT & Sécurité,0.999037,0.99830294,0.0043004556,high,0,True,False,False,False,60.100000001490116
5,1013167,SYSADM.PS_BI_SUM_TMPL_DTL,PS_BI_SUM_TMPL_DTL,ADD_DTTM | CUSTOMIZED_TEXT | FIELDNAME | FIELD_VALUE_FLG | FLD_VAL_FIRST_FLG | GROUP_DETAIL_FLG | LAST_MAINT_OPRID | LAST_UPDATE_DTTM | SORT_ORDER_NUM | SUM_ORDER | SUM_TEMPLATE_ID,ADD_DTTM:technical_timestamp | CUSTOMIZED_TEXT:label | FIELDNAME:label | FIELD_VALUE_FLG:label | FLD_VAL_FIRST_FLG:label | GROUP_DETAIL_FLG:label | LAST_MAINT_OPRID:user_identifier | LAST_UPDATE_DTTM:technical_timestamp | SORT_ORDER_NUM:quantity | SUM_ORDER:quantity | SUM_TEMPLATE_ID:identifier,Other,Other,IT & Sécurité,0.99903905,0.99848664,0.0045327297,high,0,True,False,False,False,60.100000001490116
5,1169367,WL_TEMPL_XUR_LN,PS_WL_TEMPL_XUR_LN,DESCR | LANGUAGE_CD | MARKET | PNLGRPNAME | SEQNO | URL,DESCR:label | LANGUAGE_CD:label | MARKET:label | PNLGRPNAME:label | SEQNO:quantity | URL:url,Other,Other,IT & Sécurité,0.9990403,0.99813384,0.0040596314,high,0,True,False,False,False,60.100000001490116
5,1171004,WM_WO_TTNOT_LNG,PS_WM_WO_TTNOT_LNG,EFFDT | LANGUAGE_CD | NOTES | SEQ_NBR_5 | SETID | TITLE | WO_TEMPLATE_ID,EFFDT:date_or_timestamp | LANGUAGE_CD:label | NOTES:label | SEQ_NBR_5:quantity | SETID:label | TITLE:label | WO_TEMPLATE_ID:identifier,Other,Other,Supply Chain / Logistique / Production,0.99904096,0.99817634,0.0041235886,high,0,True,False,False,False,60.100000001490116
5,1096061,CCR_RENAME_REC,PS_CCR_RENAME_REC,ACTIVE_INACT_FLAG | FIELDNAME_BU | LED_FLD_NAME | RECNAME | SETID_BU_DRIVEN,ACTIVE_INACT_FLAG:flag | FIELDNAME_BU:label | LED_FLD_NAME:label | RECNAME:label | SETID_BU_DRIVEN:label,Other,Other,IT & Sécurité,0.9990429,0.9984045,0.004411272,high,0,True,False,False,False,60.100000001490116
5,1103739,DPA_LIFEPROFILE,PS_DPA_LIFEPROFILE,DP_AMSPLITDATA | DP_CAPTION | DP_CONFIGLEVEL | DP_CONFIGVIEW | DP_LIFEDESC | DP_LIFEDURATION | DP_LIFEPROFILE | PSARCH_ID,DP_AMSPLITDATA:label | DP_CAPTION:label | DP_CONFIGLEVEL:quantity | DP_CONFIGVIEW:label | DP_LIFEDESC:label | DP_LIFEDURATION:quantity | DP_LIFEPROFILE:label | PSARCH_ID:identifier,Other,Other,IT & Sécurité,0.9990438,0.99811137,0.003977282,high,0,True,False,False,False,60.100000001490116
5,1093686,BU_WTHD_ENT_FLD,PS_BU_WTHD_ENT_FLD,FIELDNAME | OPTIONAL_FLG | REQUIRED_FLAG | WTHD_ENTITY,FIELDNAME:label | OPTIONAL_FLG:label | REQUIRED_FLAG:flag | WTHD_ENTITY:label,Other,Other,Finance & Contrôle,0.9990461,0.99823403,0.0041576964,high,0,True,False,False,False,60.100000001490116
5,1135390,PG_GNT_DEPTID,PS_PG_GNT_DEPTID,DEPTID | INCENTIVE_ID,DEPTID:label | INCENTIVE_ID:identifier,Other,Other,RH,0.9990469,0.99822736,0.0041654967,high,0,True,False,False,False,60.100000001490116
5,1033297,SYSADM.PS_EXP_GA_CUST,PS_EXP_GA_CUST,NEW_VAL_TO_SEQ | OLD_VAL_TO_SEQ,NEW_VAL_TO_SEQ:quantity | OLD_VAL_TO_SEQ:quantity,Other,Other,Ventes & Clients,0.9990498,0.99826646,0.0042336104,high,0,True,False,False,False,60.100000001490116
5,1097802,CM_DISTR_T_LANG,PS_CM_DISTR_T_LANG,DESCR | DESCRSHORT | DISTRIB_TYPE | LANGUAGE_CD | SETID,DESCR:label | DESCRSHORT:label | DISTRIB_TYPE:classification | LANGUAGE_CD:label | SETID:label,Other,Other,Supply Chain / Logistique / Production,0.99905616,0.9987018,0.0044830195,high,0,True,False,False,False,60.09000000357628
5,1111251,EOCF_BUS_DOMAIN,PS_EOCF_BUS_DOMAIN,DESCRLONG | EOCF_BUSDOM_ID | EOCF_BUSDOM_NAME | EOCF_CREATEDTTM | EOCF_CREATEOPRID | EOCF_LASTUPDDTTM | EOCF_LASTUPDOPRID | STATUS,DESCRLONG:comment_text | EOCF_BUSDOM_ID:identifier | EOCF_BUSDOM_NAME:label | EOCF_CREATEDTTM:date_or_timestamp | EOCF_CREATEOPRID:label | EOCF_LASTUPDDTTM:date_or_timestamp | EOCF_LASTUPDOPRID:label | STATUS:status,Other,Other,IT & Sécurité,0.9990563,0.9981232,0.003900066,high,0,True,False,False,False,60.09000000357628
5,1028865,SYSADM.PS_EID_CM,PS_EID_CM,EID_CM_ID | EID_CM_NAME,EID_CM_ID:identifier | EID_CM_NAME:label,Other,Other,IT & Sécurité,0.999059,0.9981321,0.0039011163,high,0,True,False,False,False,60.09000000357628
5,1153869,RS_SO_ACMP_MEM,PS_RS_SO_ACMP_MEM,ACCOMPLISHMENT | BUSINESS_UNIT | SO_ID | SO_LINE | SRCH_RESUME | WEIGHT_POINTS,ACCOMPLISHMENT:label | BUSINESS_UNIT:label | SO_ID:identifier | SO_LINE:quantity | SRCH_RESUME:label | WEIGHT_POINTS:quantity,Other,Other,RH,0.999059,0.9982923,0.004175767,high,0,True,False,False,False,60.09000000357628
5,1145013,PSXSDFILE_ATT,PS_PSXSDFILE_ATT,ATTACHSYSFILENAME | FILE_DATA | FILE_SEQ | FILE_SIZE | LASTUPDDTTM | LASTUPDOPRID | VERSION,ATTACHSYSFILENAME:label | FILE_DATA:file_reference | FILE_SEQ:quantity | FILE_SIZE:quantity | LASTUPDDTTM:date_or_timestamp | LASTUPDOPRID:label | VERSION:quantity,Other,Other,IT & Sécurité,0.9990595,0.998132,0.0038965282,high,0,True,False,False,False,60.09000000357628
5,1082258,SYSADM.PS_WM_LAST_PM_SCHD,PS_WM_LAST_PM_SCHD,BUSINESS_UNIT | LAST_PM_SCHD_ID,BUSINESS_UNIT:label | LAST_PM_SCHD_ID:identifier,Other,Other,IT & Sécurité,0.99905974,0.99814147,0.003913009,high,0,True,False,False,False,60.09000000357628
5,1110461,EN_REV_ATT,PS_EN_REV_ATT,BUSINESS_UNIT | DATE_IN_EFFECT | DESCR | DOCUMENT_NAME | FILE_EXTENSION | INV_ITEM_ID,BUSINESS_UNIT:label | DATE_IN_EFFECT:date_or_timestamp | DESCR:label | DOCUMENT_NAME:label | FILE_EXTENSION:label | INV_ITEM_ID:identifier,Other,Other,Supply Chain / Logistique / Production,0.99906063,0.9982256,0.004075665,high,0,True,False,False,False,60.09000000357628
5,1115575,EXP_PPRC_UNIT,PS_EXP_PPRC_UNIT,CHAR_VALUE | NEW_VAL_TO_SEQ | OLD_VAL_TO_SEQ,CHAR_VALUE:label | NEW_VAL_TO_SEQ:quantity | OLD_VAL_TO_SEQ:quantity,Other,Other,IT & Sécurité,0.9990613,0.99827826,0.00414789,high,0,True,False,False,False,60.09000000357628
5,1146750,PTPPB_HEADER,PS_PTPPB_HEADER,ACTIVE_FLAG | CREATEDTTM | CREATEOPRID | DESCR | DESCR254 | HTMLAREA | LASTUPDDTTM | LASTUPDOPRID | MSGNUM | MSGSET | PTPPB_CONTENT_SRC | PTPPB_HEADER_ID | PTPPB_IMGALIGN | PTPPB_IMGALT | PTPPB_IMGHEIGHT | PTPPB_IMGSRC | PTPPB_IMGWIDTH | PTPPB_TEXT_TYPE,ACTIVE_FLAG:flag | CREATEDTTM:date_or_timestamp | CREATEOPRID:label | DESCR:label | DESCR254:label | HTMLAREA:label | LASTUPDDTTM:date_or_timestamp | LASTUPDOPRID:label | MSGNUM:quantity | MSGSET:quantity | PTPPB_CONTENT_SRC:label | PTPPB_HEADER_ID:identifier | PTPPB_IMGALIGN:label | PTPPB_IMGALT:label | PTPPB_IMGHEIGHT:quantity | PTPPB_IMGSRC:label | PTPPB_IMGWIDTH:quantity | PTPPB_TEXT_TYPE:classification,Other,Other,IT & Sécurité,0.9990615,0.99813753,0.0038927572,high,0,True,False,False,False,60.09000000357628
5,1140967,PROD_NOTE_KEYWD,PS_PROD_NOTE_KEYWD,DATETIME_ADDED | KEY_WORD | LAST_MAINT_OPRID | LASTUPDDTTM | PRODUCT_ID | SEQ_NUM | SETID,DATETIME_ADDED:date_or_timestamp | KEY_WORD:reference_identifier | LAST_MAINT_OPRID:user_identifier | LASTUPDDTTM:date_or_timestamp | PRODUCT_ID:identifier | SEQ_NUM:quantity | SETID:label,Other,Other,IT & Sécurité,0.99906284,0.9985166,0.0043430165,high,0,True,False,False,False,60.09000000357628
5,1065106,SYSADM.PS_PR_CONVER_REC_H,PS_PR_CONVER_REC_H,CONVER_DTTM_INIT | CONVER_SEQ_NUM | KEY1_FLDNAME | KEY1_FLD_VAL | PSARCH_BATCHNUM | PSARCH_ID,CONVER_DTTM_INIT:technical_timestamp | CONVER_SEQ_NUM:quantity | KEY1_FLDNAME:label | KEY1_FLD_VAL:label | PSARCH_BATCHNUM:quantity | PSARCH_ID:identifier,Other,Other,Achats & Fournisseurs,0.9990631,0.99839807,0.004268363,high,0,True,False,False,False,60.09000000357628
5,1036676,SYSADM.PS_FS_MAP_TH_DTL,PS_FS_MAP_TH_DTL,FS_MAP_EVL_OP | FS_MAP_ID | FS_MAP_TRG_FLD,FS_MAP_EVL_OP:label | FS_MAP_ID:identifier | FS_MAP_TRG_FLD:label,Other,Other,Finance & Contrôle,0.99906373,0.99860257,0.0042720004,high,0,True,False,False,False,60.09000000357628
5,1047079,SYSADM.PS_KSEC_PRODUCT,PS_KSEC_PRODUCT,KK_PRODUCT | KSEC_RULE,KK_PRODUCT:label | KSEC_RULE:label,Other,Other,IT & Sécurité,0.99906427,0.9982582,0.0040509347,high,0,True,False,False,False,60.09000000357628
5,1067206,SYSADM.PS_PTLT_BUSPRC_DTL,PS_PTLT_BUSPRC_DTL,DESCR254_MIXED | OBJECTOWNERID | PTLT_BP_DTL_NAME | PTLT_BP_ID | PTLT_BP_NAME | PTLT_BP_NAME_EXT | PTLT_BP_VERSION,DESCR254_MIXED:label | OBJECTOWNERID:label | PTLT_BP_DTL_NAME:label | PTLT_BP_ID:identifier | PTLT_BP_NAME:label | PTLT_BP_NAME_EXT:label | PTLT_BP_VERSION:quantity,Other,Other,IT & Sécurité,0.9990648,0.9981464,0.003887767,high,0,True,False,False,False,60.09000000357628
5,1085157,AM_FV_GROUP,PS_AM_FV_GROUP,BUSINESS_UNIT | COMMENTS | DESCR | FV_GROUP_ID,BUSINESS_UNIT:label | COMMENTS:label | DESCR:label | FV_GROUP_ID:identifier,Other,Other,Finance & Contrôle,0.9990654,0.99865633,0.004351192,high,0,True,False,False,False,60.09000000357628
5,1029610,SYSADM.PS_EOCF_RES_DTYPES,PS_EOCF_RES_DTYPES,EOCF_IMPL_DATATYPE | EOCF_RES_MTHD_ID,EOCF_IMPL_DATATYPE:label | EOCF_RES_MTHD_ID:identifier,Other,Other,IT & Sécurité,0.9990673,0.99813867,0.0038398274,high,0,True,False,False,False,60.09000000357628
5,1017664,SYSADM.PS_CA_DTL_UAR_SB,PS_CA_DTL_UAR_SB,CONTRACT_LINE_NUM | CONTRACT_NUM | DST_SEQ_NUM | EFFDT | MESSAGE_NBR | MESSAGE_PARM | MESSAGE_PARM1 | MESSAGE_PARM2 | MESSAGE_PARM3 | MESSAGE_SET_NBR,CONTRACT_LINE_NUM:quantity | CONTRACT_NUM:quantity | DST_SEQ_NUM:quantity | EFFDT:date_or_timestamp | MESSAGE_NBR:quantity | MESSAGE_PARM:comment_text | MESSAGE_PARM1:comment_text | MESSAGE_PARM2:comment_text | MESSAGE_PARM3:comment_text | MESSAGE_SET_NBR:quantity,Other,Other,Achats & Fournisseurs,0.9990698,0.9984445,0.0042701755,high,0,True,False,False,False,60.09000000357628
5,1047870,SYSADM.PS_MASS_RPT_XX_LN,PS_MASS_RPT_XX_LN,BUSINESS_UNIT | MASS_REPORT_ID | MASS_REPORT_SEQ | PRCSNAME,BUSINESS_UNIT:label | MASS_REPORT_ID:identifier | MASS_REPORT_SEQ:quantity | PRCSNAME:label,Other,Other,IT & Sécurité,0.99907976,0.9983775,0.004190729,high,0,True,False,False,False,60.09000000357628
5,1039007,SYSADM.PS_GROUP_TYPE_LG,PS_GROUP_TYPE_LG,DESCR | DESCRSHORT | EFFDT | GROUP_TYPE | LANGUAGE_CD | SETID,DESCR:label | DESCRSHORT:label | EFFDT:date_or_timestamp | GROUP_TYPE:classification | LANGUAGE_CD:label | SETID:label,Other,Other,Finance & Contrôle,0.9990798,0.9988236,0.0045600827,high,0,True,False,False,False,60.09000000357628
5,1090501,BC_PROJ_ATTACH,PS_BC_PROJ_ATTACH,ATTACHSYSFILENAME | ATTACHUSERFILE | BUSINESS_UNIT | DESCR | DOCUMENT_REQUESTS | FMS_DTTM_STAMP | FMS_LASTUPDDTTM | FMS_LASTUPDOPRID | FMS_OPRID | PROJECT_ID,ATTACHSYSFILENAME:label | ATTACHUSERFILE:label | BUSINESS_UNIT:label | DESCR:label | DOCUMENT_REQUESTS:quantity | FMS_DTTM_STAMP:technical_timestamp | FMS_LASTUPDDTTM:date_or_timestamp | FMS_LASTUPDOPRID:label | FMS_OPRID:user_identifier | PROJECT_ID:identifier,Other,Other,IT & Sécurité,0.9990827,0.99821794,0.0039113103,high,0,True,False,False,False,60.09000000357628
5,1065448,SYSADM.PS_PROD_NOTE_DOC,PS_PROD_NOTE_DOC,DATETIME_ADDED | DOCUMENT_CD | LAST_MAINT_OPRID | LASTUPDDTTM | PRODUCT_ID | SEQ_NUM | SETID,DATETIME_ADDED:date_or_timestamp | DOCUMENT_CD:label | LAST_MAINT_OPRID:user_identifier | LASTUPDDTTM:date_or_timestamp | PRODUCT_ID:identifier | SEQ_NUM:quantity | SETID:label,Other,Other,IT & Sécurité,0.99908495,0.9986197,0.004253199,high,0,True,False,False,False,60.09000000357628
5,1075956,SYSADM.PS_SUB_TOPIC_TBL,PS_SUB_TOPIC_TBL,CONVER_SUB_TOPIC | DESCR | SETID,CONVER_SUB_TOPIC:label | DESCR:label | SETID:label,Other,Other,IT & Sécurité,0.99908644,0.9985528,0.004301355,high,0,True,False,False,False,60.09000000357628
5,1055296,SYSADM.PS_ORG_DOC_SER_LNG,PS_ORG_DOC_SER_LNG,DESCR1 | EXD_DOC_NBR_SER | LANGUAGE_CD | SETID,DESCR1:label | EXD_DOC_NBR_SER:quantity | LANGUAGE_CD:label | SETID:label,Other,Other,IT & Sécurité,0.9990886,0.9983319,0.004063468,high,0,True,False,False,False,60.09000000357628
5,1159005,SPA_EXP_APR_AU,PS_SPA_EXP_APR_AU,BUSINESS_UNIT | COMMENTS | DATETIME_STAMP | LINE_NBR | NAME | REASON_CD | REASON_TYPE | SEQNUM | SHEET_ID | SHEET_STATUS | WORK_ORDER_ID,BUSINESS_UNIT:label | COMMENTS:label | DATETIME_STAMP:technical_timestamp | LINE_NBR:quantity | NAME:label | REASON_CD:label | REASON_TYPE:classification | SEQNUM:quantity | SHEET_ID:identifier | SHEET_STATUS:status | WORK_ORDER_ID:identifier,Other,Other,IT & Sécurité,0.99908876,0.9986782,0.0043562064,high,0,True,False,False,False,60.09000000357628
5,1145933,PTFP_PARMS_LANG,PS_PTFP_PARMS_LANG,DESCR | LANGUAGE_CD | PTFP_FEED_ID | PTFP_FIELD_NAME,DESCR:label | LANGUAGE_CD:label | PTFP_FEED_ID:identifier | PTFP_FIELD_NAME:label,Other,Other,IT & Sécurité,0.9990897,0.9981836,0.0037594242,high,0,True,False,False,False,60.09000000357628
5,1119350,FUND_LANG,PS_FUND_LANG,DESCR | DESCRLONG | DESCRSHORT | EFFDT | FUND_CODE | LANGUAGE_CD | SETID,DESCR:label | DESCRLONG:comment_text | DESCRSHORT:label | EFFDT:date_or_timestamp | FUND_CODE:reference_identifier | LANGUAGE_CD:label | SETID:label,Other,Other,Finance & Contrôle,0.99909085,0.9981939,0.0037803857,high,0,True,False,False,False,60.09000000357628
5,1071730,SYSADM.PS_RS_OPTSCHDTL_WS,PS_RS_OPTSCHDTL_WS,ASSGN_EXTENSION | DESCR | END_DT | SCHEDULED_HRS | START_DT | TIME_START,ASSGN_EXTENSION:label | DESCR:label | END_DT:date_or_timestamp | SCHEDULED_HRS:quantity | START_DT:date_or_timestamp | TIME_START:date_or_timestamp,Other,Other,IT & Sécurité,0.9990913,0.99854994,0.004194628,high,0,True,False,False,False,60.09000000357628
5,1024486,SYSADM.PS_COMP_SKLHDR_UPG,PS_COMP_SKLHDR_UPG,CM_TYPE_FO_UPG | RS_TYPE,CM_TYPE_FO_UPG:classification | RS_TYPE:classification,Other,Other,IT & Sécurité,0.99909496,0.99866813,0.004292746,high,0,True,False,False,False,60.09000000357628
5,1011095,SYSADM.PS_BC_PRJREQST_DPN,PS_BC_PRJREQST_DPN,BUSINESS_UNIT | COMMENTS_254 | FMS_DTTM_STAMP | FMS_LASTUPDDTTM | FMS_LASTUPDOPRID | FMS_OPRID | PROJECT_DEPENDANCY | PROJECT_ID | REQUIRED_FLAG,BUSINESS_UNIT:label | COMMENTS_254:label | FMS_DTTM_STAMP:technical_timestamp | FMS_LASTUPDDTTM:date_or_timestamp | FMS_LASTUPDOPRID:label | FMS_OPRID:user_identifier | PROJECT_DEPENDANCY:label | PROJECT_ID:identifier | REQUIRED_FLAG:flag,Other,Other,IT & Sécurité,0.99909616,0.99852836,0.004157533,high,0,True,False,False,False,60.09000000357628
5,1145188,PTAFAW_PATH_LNG,PS_PTAFAW_PATH_LNG,DESCR | DESCRLONG | EFFDT | LANGUAGE_CD | PTAFDEFN_ID | PTAFPATH_ID | PTAFPRCS_ID | PTAFSTAGE_NBR,DESCR:label | DESCRLONG:comment_text | EFFDT:date_or_timestamp | LANGUAGE_CD:label | PTAFDEFN_ID:identifier | PTAFPATH_ID:identifier | PTAFPRCS_ID:identifier | PTAFSTAGE_NBR:quantity,Other,Other,IT & Sécurité,0.9990965,0.9981997,0.0037440243,high,0,True,False,False,False,60.09000000357628
5,1094405,CA_EMAIL_BU2,PS_CA_EMAIL_BU2,BUSINESS_UNIT | CA_COMP_NAME,BUSINESS_UNIT:label | CA_COMP_NAME:label,Other,Other,Finance & Contrôle,0.99909794,0.9986926,0.00432871,high,0,True,False,False,False,60.09000000357628
5,1145900,PTFP_CATEGORY,PS_PTFP_CATEGORY,ACTIVE_FLAG | CREATEDTTM | CREATEOPRID | DESCR | DESCR254 | LASTUPDDTTM | LASTUPDOPRID | PTFP_CATEGORY_ID,ACTIVE_FLAG:flag | CREATEDTTM:date_or_timestamp | CREATEOPRID:label | DESCR:label | DESCR254:label | LASTUPDDTTM:date_or_timestamp | LASTUPDOPRID:label | PTFP_CATEGORY_ID:classification,Other,Other,IT & Sécurité,0.9990989,0.99823725,0.0038167534,high,0,True,False,False,False,60.09000000357628
5,1097170,CHNG_MAP_TMPLT,PS_CHNG_MAP_TMPLT,CHNG_MAP_TMPLT_ID | CHNG_SOURCE | DESCR | DESCRSHORT,CHNG_MAP_TMPLT_ID:identifier | CHNG_SOURCE:label | DESCR:label | DESCRSHORT:label,Other,Other,IT & Sécurité,0.9991005,0.99853504,0.004057426,high,0,True,False,False,False,60.09000000357628
5,1080365,SYSADM.PS_VCHRLN_ENTY_FLD,PS_VCHRLN_ENTY_FLD,FIELDNAME | FLD_HIDE_FLG | VCHR_ENTRY_CD,FIELDNAME:label | FLD_HIDE_FLG:label | VCHR_ENTRY_CD:label,Other,Other,Finance & Contrôle,0.9991014,0.99824786,0.0038123846,high,0,True,False,False,False,60.09000000357628
5,1112360,EODP_RPRT_DTL,PS_EODP_RPRT_DTL,DS_ID | EODP_QUERYNAME | FIELDNAME | RECNAME | REPORT_DEFN_ID,DS_ID:identifier | EODP_QUERYNAME:label | FIELDNAME:label | RECNAME:label | REPORT_DEFN_ID:identifier,Other,Other,IT & Sécurité,0.9991025,0.99822617,0.0037611376,high,0,True,False,False,False,60.09000000357628
5,1148982,PV_TMPL,PS_PV_TMPL,BATCH_TYPE | DESCR100 | SYSTEM_TEMPLATE | TMPLT_ID,BATCH_TYPE:classification | DESCR100:label | SYSTEM_TEMPLATE:label | TMPLT_ID:identifier,Other,Other,IT & Sécurité,0.999103,0.99821573,0.0037293502,high,0,True,False,False,False,60.09000000357628
5,1068985,SYSADM.PS_RE_CLAUSE_TYPE,PS_RE_CLAUSE_TYPE,CLAUSE_CD | EFFDT | EFF_STATUS | END_EFFDT | INSTANCE_DESCR | INSTANCE_NAME | SETID,CLAUSE_CD:label | EFFDT:date_or_timestamp | EFF_STATUS:status | END_EFFDT:date_or_timestamp | INSTANCE_DESCR:label | INSTANCE_NAME:label | SETID:label,Other,Other,RH,0.9991041,0.9983923,0.004021116,high,0,True,False,False,False,60.09000000357628
5,1010552,SYSADM.PS_AUC_BIDDER_VAT,PS_AUC_BIDDER_VAT,BIDDER_ID | COUNTRY | COUNTRY_2CHAR | HOME_COUNTRY_FLG | SETID | VAT_RGSTRN_ID,BIDDER_ID:identifier | COUNTRY:label | COUNTRY_2CHAR:label | HOME_COUNTRY_FLG:label | SETID:label | VAT_RGSTRN_ID:identifier,Other,Other,Finance & Contrôle,0.99910456,0.9985,0.0040371832,high,0,True,False,False,False,60.09000000357628
5,1171299,WTHDENTITY_LANG,PS_WTHDENTITY_LANG,DESCR | LANGUAGE_CD | WTHD_ENTITY,DESCR:label | LANGUAGE_CD:label | WTHD_ENTITY:label,Other,Other,Finance & Contrôle,0.9991054,0.9987334,0.004233466,high,0,True,False,False,False,60.09000000357628
5,1073269,SYSADM.PS_SDK_SM,PS_SDK_SM,SDK_SM_CONCATKEY | SDK_SM_CONCAT_PBTN | SDK_SM_RESULTSTR,SDK_SM_CONCATKEY:label | SDK_SM_CONCAT_PBTN:label | SDK_SM_RESULTSTR:label,Other,Other,IT & Sécurité,0.99910736,0.99839234,0.0039980817,high,0,True,False,False,False,60.09000000357628
5,1006088,SYSADM.PS_AM_OWNER_TBL,PS_AM_OWNER_TBL,DESCR | DISPOSAL_WKSHT_SW | OWNER,DESCR:label | DISPOSAL_WKSHT_SW:label | OWNER:label,Other,Other,IT & Sécurité,0.9991089,0.998412,0.003997324,high,0,True,False,False,False,60.09000000357628
5,1121481,GM_PT_INSTALLTN,PS_GM_PT_INSTALLTN,FIELDNAME,FIELDNAME:label,Other,Other,IT & Sécurité,0.9991107,0.9982637,0.003783026,high,0,True,False,False,False,60.09000000357628
5,1076393,SYSADM.PS_SUT_EXCPTN_TBL,PS_SUT_EXCPTN_TBL,EFFDT | EFF_STATUS | SETID | SHIPTO_ID | SUT_EXCPTN_CERTIF | SUT_EXCPTN_END_DT | SUT_EXCPTN_TYPE,EFFDT:date_or_timestamp | EFF_STATUS:status | SETID:label | SHIPTO_ID:identifier | SUT_EXCPTN_CERTIF:label | SUT_EXCPTN_END_DT:date_or_timestamp | SUT_EXCPTN_TYPE:classification,Other,Other,Finance & Contrôle,0.99911684,0.99872273,0.004207942,high,0,True,False,False,False,60.09000000357628
5,1048557,SYSADM.PS_NM_ROYPREF_TBL,PS_NM_ROYPREF_TBL,CERTIFIED_BY | DESCR | DESCRSHORT | EFF_STATUS | NM_ROYAL_PREF,CERTIFIED_BY:label | DESCR:label | DESCRSHORT:label | EFF_STATUS:status | NM_ROYAL_PREF:label,Other,Other,Finance & Contrôle,0.99911726,0.9986373,0.0042201774,high,0,True,False,False,False,60.09000000357628
5,1105045,DP_SEASPROFACTS,PS_DP_SEASPROFACTS,DP_CONFIGVIEW | DP_PERIOD | DP_SEASONALITYPROF | DP_SEASONFACTOR,DP_CONFIGVIEW:label | DP_PERIOD:quantity | DP_SEASONALITYPROF:label | DP_SEASONFACTOR:quantity,Other,Other,IT & Sécurité,0.9991185,0.9982727,0.0037291353,high,0,True,False,False,False,60.09000000357628
5,1038235,SYSADM.PS_GM_FA_AGRMT_LNG,PS_GM_FA_AGRMT_LNG,DESCR | DESCR50 | EFFDT | INSTID | LANGUAGE_CD | SETID,DESCR:label | DESCR50:label | EFFDT:date_or_timestamp | INSTID:label | LANGUAGE_CD:label | SETID:label,Other,Other,Finance & Contrôle,0.99911994,0.9983532,0.0038351621,high,0,True,False,False,False,60.09000000357628
5,1067143,SYSADM.PS_PTIASPRPTADSNVP,PS_PTIASPRPTADSNVP,PTIASPADSNAME | PTIASPNVNAME | PTIASPNVVALUE | PTIASPRPTNO,PTIASPADSNAME:label | PTIASPNVNAME:label | PTIASPNVVALUE:label | PTIASPRPTNO:quantity,Other,Other,IT & Sécurité,0.99912006,0.9982528,0.0036763437,high,0,True,False,False,False,60.09000000357628
5,1028329,SYSADM.PS_EB_CONVER_DTL,PS_EB_CONVER_DTL,BUSINESS_UNIT | CONVER_DT | CONVER_DTTM_INIT | CONVER_SEQ_NUM | CONVR_QUAL_BU | CONVR_QUAL_FIELD | CONVR_QUAL_FIELD3 | CONVR_QUALIFIER_CD | CUST_ID | ITEM_LINE | SETID,BUSINESS_UNIT:label | CONVER_DT:date_or_timestamp | CONVER_DTTM_INIT:technical_timestamp | CONVER_SEQ_NUM:quantity | CONVR_QUAL_BU:label | CONVR_QUAL_FIELD:label | CONVR_QUAL_FIELD3:label | CONVR_QUALIFIER_CD:label | CUST_ID:identifier | ITEM_LINE:quantity | SETID:label,Other,Other,Ventes & Clients,0.9991206,0.9984775,0.0040413477,high,0,True,False,False,False,60.09000000357628
5,1155756,SAC_XLAT_SYMBOL,PS_SAC_XLAT_SYMBOL,FIELDNAME | FIELDVALUE | SYMBOLIC_NAME,FIELDNAME:label | FIELDVALUE:label | SYMBOLIC_NAME:label,Other,Other,IT & Sécurité,0.99912107,0.9982613,0.003685509,high,0,True,False,False,False,60.09000000357628
5,1095857,CC_DECIMAL_POS,PS_CC_DECIMAL_POS,DATA_SOURCE_EX | DECIMALPOS | FIELDNAME | LENGTH,DATA_SOURCE_EX:label | DECIMALPOS:quantity | FIELDNAME:label | LENGTH:quantity,Other,Other,IT & Sécurité,0.99912167,0.99837404,0.0038600224,high,0,True,False,False,False,60.09000000357628
5,1006037,SYSADM.PS_AM_LEASE_DTL,PS_AM_LEASE_DTL,ASSET_ID | ASSET_STATUS | BUSINESS_UNIT | CUSTODIAN | DEPTID | IN_PHY_USE | LEASE_ID | LESSOR | LOCATION | MODEL | PROCESS_INSTANCE | SERIAL_ID,ASSET_ID:identifier | ASSET_STATUS:status | BUSINESS_UNIT:label | CUSTODIAN:label | DEPTID:label | IN_PHY_USE:label | LEASE_ID:identifier | LESSOR:label | LOCATION:label | MODEL:label | PROCESS_INSTANCE:processing_identifier | SERIAL_ID:identifier,Other,Other,IT & Sécurité,0.9991229,0.9983726,0.0038240433,high,0,True,False,False,False,60.09000000357628
5,1028411,SYSADM.PS_ECOUTMAPCVT,PS_ECOUTMAPCVT,ECCVTFROMVALUE | ECCVTTOVALUE | ECFILEROWID | ECMAPID | SEQNO,ECCVTFROMVALUE:label | ECCVTTOVALUE:label | ECFILEROWID:label | ECMAPID:label | SEQNO:quantity,Other,Other,IT & Sécurité,0.99912345,0.9982577,0.003659607,high,0,True,False,False,False,60.09000000357628
5,1065446,SYSADM.PS_PROD_NOTE,PS_PROD_NOTE,DATETIME_ADDED | LAST_MAINT_OPRID | LASTUPDDTTM | NOTE_TYPE | PRODUCT_ID | SEQ_NUM | SETID | STD_NOTE_CD | TEXT254,DATETIME_ADDED:date_or_timestamp | LAST_MAINT_OPRID:user_identifier | LASTUPDDTTM:date_or_timestamp | NOTE_TYPE:classification | PRODUCT_ID:identifier | SEQ_NUM:quantity | SETID:label | STD_NOTE_CD:comment_text | TEXT254:label,Other,Other,IT & Sécurité,0.99912405,0.99837655,0.003862482,high,0,True,False,False,False,60.09000000357628
5,1154061,RS_TRNSASGN_MSG,PS_RS_TRNSASGN_MSG,BUSINESS_UNIT | COMMENTS_254 | DATE_IN_EFFECT | DESCR254 | PROJECT_ID | SEQNO,BUSINESS_UNIT:label | COMMENTS_254:label | DATE_IN_EFFECT:date_or_timestamp | DESCR254:label | PROJECT_ID:identifier | SEQNO:quantity,Other,Other,IT & Sécurité,0.9991254,0.9984649,0.004005468,high,0,True,False,False,False,60.09000000357628
5,1146177,PTIASPPRDCOMP,PS_PTIASPPRDCOMP,PTIASPPRDCMP | PTIASPPRDCMPNM | PTIASPPRDID,PTIASPPRDCMP:label | PTIASPPRDCMPNM:label | PTIASPPRDID:quantity,Other,Other,IT & Sécurité,0.9991279,0.99826735,0.0036449141,high,0,True,False,False,False,60.09000000357628
5,1035413,SYSADM.PS_FINT_EXSPLO_FLT,PS_FINT_EXSPLO_FLT,DP_CLOSE_PARENS | DP_DATATYPE | DP_DATE | DP_DESCRIPTION | DP_NEXTOPER | DP_OPEN_PARENS | DP_ROWNUMBER | DP_SELECTIONFLD | DP_SELECT_OPERATOR | DP_SPECS_ID,DP_CLOSE_PARENS:label | DP_DATATYPE:label | DP_DATE:date_or_timestamp | DP_DESCRIPTION:label | DP_NEXTOPER:label | DP_OPEN_PARENS:label | DP_ROWNUMBER:quantity | DP_SELECTIONFLD:label | DP_SELECT_OPERATOR:label | DP_SPECS_ID:identifier,Other,Other,IT & Sécurité,0.999129,0.99841857,0.0038508398,high,0,True,False,False,False,60.09000000357628
5,1145344,PTAI_ITEMATLNG,PS_PTAI_ITEMATLNG,LANGUAGE_CD | PTAI_ATTR_TYPE | PTAI_ITEM_ID | PTAI_VALUE_LONG,LANGUAGE_CD:label | PTAI_ATTR_TYPE:classification | PTAI_ITEM_ID:identifier | PTAI_VALUE_LONG:label,Other,Other,IT & Sécurité,0.999129,0.9982679,0.003634268,high,0,True,False,False,False,60.09000000357628
5,1056759,SYSADM.PS_PC_CPY_TMPL_BUS,PS_PC_CPY_TMPL_BUS,BUSINESS_UNIT | PC_ACT_COPY_FLG | PC_CPY_UPD_TREE | PC_PROJ_COPY_FLG | PC_RES_COPY_FLG,BUSINESS_UNIT:label | PC_ACT_COPY_FLG:label | PC_CPY_UPD_TREE:label | PC_PROJ_COPY_FLG:label | PC_RES_COPY_FLG:label,Other,Other,IT & Sécurité,0.9991319,0.9983366,0.0037674273,high,0,True,False,False,False,60.09000000357628
5,1116342,EX_TW_BU_PHONE,PS_EX_TW_BU_PHONE,BUSINESS_UNIT_GL | DATETIME_DLT_REQ | DATETIME_UPDATED | EX_INTL_PREFIX | PHONE_FULL_NBR | TW_PHONE_NBR,BUSINESS_UNIT_GL:label | DATETIME_DLT_REQ:date_or_timestamp | DATETIME_UPDATED:technical_timestamp | EX_INTL_PREFIX:label | PHONE_FULL_NBR:phone_number | TW_PHONE_NBR:phone_number,Other,Other,Finance & Contrôle,0.9991325,0.99856144,0.004023366,high,0,True,False,False,False,60.09000000357628
5,1074455,SYSADM.PS_SPB_SCALRT_LANG,PS_SPB_SCALRT_LANG,LANGUAGE_CD | PERSON_ID | SC_FUNCTION_TYPE | SP_ALERT_DESCR | SP_ALERT_SEQ_NUM,LANGUAGE_CD:label | PERSON_ID:identifier | SC_FUNCTION_TYPE:classification | SP_ALERT_DESCR:label | SP_ALERT_SEQ_NUM:quantity,Other,Other,IT & Sécurité,0.99913424,0.99852324,0.003907658,high,0,True,False,False,False,60.09000000357628
5,1006008,SYSADM.PS_AM_IOT_ASSET,PS_AM_IOT_ASSET,AM_IOT_ASSETGEOLOC | AM_IOT_ASSET_ID | AM_IOT_ASSET_NAME | AM_IOT_ASSET_TYPE | AM_IOT_ASSET_URL | AM_IOT_ASSGN_PLACE | AM_IOT_EAMID | AM_IOT_ORG_ID | AM_LASTUPDT_DTTM | AM_LASTUPDT_OPRID | ASSET_DESCR,AM_IOT_ASSETGEOLOC:label | AM_IOT_ASSET_ID:identifier | AM_IOT_ASSET_NAME:label | AM_IOT_ASSET_TYPE:classification | AM_IOT_ASSET_URL:url | AM_IOT_ASSGN_PLACE:label | AM_IOT_EAMID:label | AM_IOT_ORG_ID:identifier | AM_LASTUPDT_DTTM:technical_timestamp | AM_LASTUPDT_OPRID:user_identifier | ASSET_DESCR:label,Other,Other,IT & Sécurité,0.9991351,0.99860877,0.0038828605,high,0,True,False,False,False,60.09000000357628
5,1113502,EOPCGEN_KEYS,PS_EOPCGEN_KEYS,EOPCGEN_APPKEYFLD | EOPCGEN_APPSRCREC | EOPCGEN_DEFN | EOPCGEN_DEFNAPPKEY | EOPCGEN_FDSTYLE | EOPCGEN_FIELD | EOPCGEN_FLDEVNT | EOPCGEN_FORMAT | EOPCGEN_IMAGE | EOPCGEN_INTEXT | EOPCGEN_MAIN | EOPCGEN_MAINFIELD | EOPCGEN_OWNER | EOPCGEN_PFX | EOPCGEN_STYLE | EOPCNEW_DEFN | EOPCSOURCE_CD | EOPCSRCCD_FLDNAME,EOPCGEN_APPKEYFLD:quantity | EOPCGEN_APPSRCREC:quantity | EOPCGEN_DEFN:quantity | EOPCGEN_DEFNAPPKEY:quantity | EOPCGEN_FDSTYLE:quantity | EOPCGEN_FIELD:quantity | EOPCGEN_FLDEVNT:quantity | EOPCGEN_FORMAT:quantity | EOPCGEN_IMAGE:quantity | EOPCGEN_INTEXT:label | EOPCGEN_MAIN:quantity | EOPCGEN_MAINFIELD:quantity | EOPCGEN_OWNER:label | EOPCGEN_PFX:label | EOPCGEN_STYLE:quantity | EOPCNEW_DEFN:label | EOPCSOURCE_CD:label | EOPCSRCCD_FLDNAME:label,Other,Other,IT & Sécurité,0.99913555,0.9983106,0.0036821552,high,0,True,False,False,False,60.09000000357628
5,1141036,PROD_SPECS_MD,PS_PROD_SPECS_MD,AUDIT_ACTN | DATETIME_ADDED | DESCRLONG | EIP_CTL_ID | EIP_PROGRAM | LAST_MAINT_OPRID | LASTUPDDTTM | PROD_SPEC_TYPE_SEQ | PRODUCT_ID | SEQUENCE_NBR | SETID | URL_ID | WS_CONCAT_SPEC | WS_USE_AS_URL,AUDIT_ACTN:label | DATETIME_ADDED:date_or_timestamp | DESCRLONG:comment_text | EIP_CTL_ID:identifier | EIP_PROGRAM:label | LAST_MAINT_OPRID:user_identifier | LASTUPDDTTM:date_or_timestamp | PROD_SPEC_TYPE_SEQ:classification | PRODUCT_ID:identifier | SEQUENCE_NBR:quantity | SETID:label | URL_ID:url | WS_CONCAT_SPEC:label | WS_USE_AS_URL:url,Other,Other,IT & Sécurité,0.99913585,0.99847245,0.0038675996,high,0,True,False,False,False,60.09000000357628
5,1150192,RCN_RECORD_TBL,PS_RCN_RECORD_TBL,DESCR | DESCR254_MIXED | RCN_RECORD_TYPE | RCN_REQUIRED_FLG | RECNAME,DESCR:label | DESCR254_MIXED:label | RCN_RECORD_TYPE:classification | RCN_REQUIRED_FLG:label | RECNAME:label,Other,Other,Ventes & Clients,0.99913603,0.9986848,0.0041205846,high,0,True,False,False,False,60.09000000357628
5,1027765,SYSADM.PS_DP_LPWEIGHTS,PS_DP_LPWEIGHTS,DP_CONFIGLEVEL | DP_CONFIGVIEW | DP_LIFEPROFILE | DP_LIFEWEIGHT | DP_PERIOD,DP_CONFIGLEVEL:quantity | DP_CONFIGVIEW:label | DP_LIFEPROFILE:label | DP_LIFEWEIGHT:quantity | DP_PERIOD:quantity,Other,Other,IT & Sécurité,0.9991375,0.9988374,0.0040650535,high,0,True,False,False,False,60.09000000357628
5,1118716,FS_FLD_PROMPT,PS_FS_FLD_PROMPT,FIELDNAME | PROMPT_TBL | PROMPT_TBL2 | PROMPT_TBL3 | PROMPT_TBL4 | PROMPT_TBL5 | PROMPT_TBL6 | PROMPT_TBL7 | PROMPT_TBL8 | PROMPT_TBL9,FIELDNAME:label | PROMPT_TBL:label | PROMPT_TBL2:label | PROMPT_TBL3:label | PROMPT_TBL4:label | PROMPT_TBL5:label | PROMPT_TBL6:label | PROMPT_TBL7:label | PROMPT_TBL8:label | PROMPT_TBL9:label,Other,Other,IT & Sécurité,0.9991376,0.9984048,0.0038455008,high,0,True,False,False,False,60.09000000357628
5,1129603,MIN_BARCD_RULE,PS_MIN_BARCD_RULE,BARCD_AI_FLG | BARCD_AI_VLE_LEN | BARCD_AI_VLE_LN_TP | BARCD_CUST_FLG | BARCD_DATA_USG_TPE | BARCD_DATE_FLG | BARCD_DATE_FMT | BARCD_DATE_USG_TPE | BARCD_LINK_CHAR | BARCD_MOD_CHAR | BARCD_QTY_FMT_CHAR | BARCD_QTY_VAL_LEN | BARCD_REG_EXP | BARCD_TYPE | BARCD_TYPE_SEC_IDF | DESCR_LONG | PRIORITY_LVL | SETID | SHORT_DESCR,BARCD_AI_FLG:label | BARCD_AI_VLE_LEN:quantity | BARCD_AI_VLE_LN_TP:label | BARCD_CUST_FLG:label | BARCD_DATA_USG_TPE:label | BARCD_DATE_FLG:label | BARCD_DATE_FMT:label | BARCD_DATE_USG_TPE:label | BARCD_LINK_CHAR:url | BARCD_MOD_CHAR:label | BARCD_QTY_FMT_CHAR:quantity | BARCD_QTY_VAL_LEN:quantity | BARCD_REG_EXP:label | BARCD_TYPE:classification | BARCD_TYPE_SEC_IDF:classification | DESCR_LONG:label | PRIORITY_LVL:quantity | SETID:label | SHORT_DESCR:label,Other,Other,Supply Chain / Logistique / Production,0.99913794,0.9986069,0.00403172,high,0,True,False,False,False,60.09000000357628
5,1153486,RS_HOLIDAY_LANG,PS_RS_HOLIDAY_LANG,DESCR | DESCRSHORT | HOLIDAY_SCHEDULE | LANGUAGE_CD,DESCR:label | DESCRSHORT:label | HOLIDAY_SCHEDULE:label | LANGUAGE_CD:label,Other,Other,RH,0.9991382,0.99832296,0.003693972,high,0,True,False,False,False,60.09000000357628
5,1026024,SYSADM.PS_DIRATTRIBXLAT,PS_DIRATTRIBXLAT,DBVALUE | DIRVALUE | FIELDNAME,DBVALUE:label | DIRVALUE:label | FIELDNAME:label,Other,Other,IT & Sécurité,0.99914014,0.9983284,0.0036825016,high,0,True,False,False,False,60.09000000357628
5,1024780,SYSADM.PS_CPTY_OBMAP_XREF,PS_CPTY_OBMAP_XREF,COUNTERPARTY | ECTRANSID | SETID,COUNTERPARTY:label | ECTRANSID:label | SETID:label,Other,Other,Finance & Contrôle,0.9991405,0.9983595,0.0037302691,high,0,True,False,False,False,60.09000000357628
5,1072139,SYSADM.PS_RTBL_USED_QUOTA,PS_RTBL_USED_QUOTA,OWNER_SCENARIO | RTBL_QUOTA,OWNER_SCENARIO:label | RTBL_QUOTA:quantity,Other,Other,IT & Sécurité,0.99914086,0.99853116,0.0038756172,high,0,True,False,False,False,60.09000000357628
5,1034714,SYSADM.PS_FACT_MAP_TBL,PS_FACT_MAP_TBL,COLUMN_ID | DESCR | DIMENSION_KEY | DW_KEY | ELEMENT_TYPE | ROLLED_LEVEL,COLUMN_ID:identifier | DESCR:label | DIMENSION_KEY:reference_identifier | DW_KEY:reference_identifier | ELEMENT_TYPE:classification | ROLLED_LEVEL:quantity,Other,Other,IT & Sécurité,0.99914116,0.99857676,0.0038866955,high,0,True,False,False,False,60.09000000357628
5,1170294,WM_PRIORITY_LG,PS_WM_PRIORITY_LG,DESCR | DESCRSHORT | LANGUAGE_CD | PRIORITY_CD | SETID,DESCR:label | DESCRSHORT:label | LANGUAGE_CD:label | PRIORITY_CD:label | SETID:label,Other,Other,Supply Chain / Logistique / Production,0.9991417,0.99864537,0.004047446,high,0,True,False,False,False,60.09000000357628
5,1115515,EXP_GA_CUST,PS_EXP_GA_CUST,NEW_VAL_TO_SEQ | OLD_VAL_TO_SEQ,NEW_VAL_TO_SEQ:quantity | OLD_VAL_TO_SEQ:quantity,Other,Other,Ventes & Clients,0.99914634,0.998511,0.0039431704,high,0,True,False,False,False,60.09000000357628
5,1117019,FINT_FIELDS,PS_FINT_FIELDS,DESCR60 | FINT_FIELD_NAME | FINT_ITEM_FLD | FINT_LOC_FLD | FINT_SALE_FLD,DESCR60:label | FINT_FIELD_NAME:label | FINT_ITEM_FLD:label | FINT_LOC_FLD:label | FINT_SALE_FLD:label,Other,Other,Finance & Contrôle,0.9991469,0.9986706,0.003957447,high,0,True,False,False,False,60.09000000357628
5,1102466,DATA_BAL_SEQ,PS_DATA_BAL_SEQ,FILE_TYPE_FED | SETID,FILE_TYPE_FED:classification | SETID:label,Other,Other,Finance & Contrôle,0.99914706,0.998338,0.0036500143,high,0,True,False,False,False,60.09000000357628
5,1067333,SYSADM.PS_PTPPB_PARM_VALS,PS_PTPPB_PARM_VALS,DESCR | ORDERNO | PTPPB_FIELDNAME | PTPPB_PAGELET_ID | PTPPB_VALUE,DESCR:label | ORDERNO:quantity | PTPPB_FIELDNAME:label | PTPPB_PAGELET_ID:identifier | PTPPB_VALUE:label,Other,Other,IT & Sécurité,0.99914724,0.99829656,0.0035440477,high,0,True,False,False,False,60.09000000357628
5,1133342,PACKAG_CD_IN_LN,PS_PACKAG_CD_IN_LN,DESCR | DESCRSHORT | EFFDT | LANGUAGE_CD | PACKAGING_CD | SETID,DESCR:label | DESCRSHORT:label | EFFDT:date_or_timestamp | LANGUAGE_CD:label | PACKAGING_CD:label | SETID:label,Other,Other,Supply Chain / Logistique / Production,0.9991476,0.99846137,0.0038392378,high,0,True,False,False,False,60.09000000357628
5,1118432,FR_ELMT_CFSET,PS_FR_ELMT_CFSET,CFV_SET | EFFDT | FR_ELEMENT_ID | SETID,CFV_SET:label | EFFDT:date_or_timestamp | FR_ELEMENT_ID:identifier | SETID:label,Other,Other,Finance & Contrôle,0.9991494,0.99838257,0.0037196924,high,0,True,False,False,False,60.09000000357628
5,1067444,SYSADM.PS_PTSF_DBOARD_ATT,PS_PTSF_DBOARD_ATT,ATTACHSYSFILENAME | FILE_DATA | FILE_SEQ | FILE_SIZE | LASTUPDDTTM | LASTUPDOPRID | VERSION,ATTACHSYSFILENAME:label | FILE_DATA:file_reference | FILE_SEQ:quantity | FILE_SIZE:quantity | LASTUPDDTTM:date_or_timestamp | LASTUPDOPRID:label | VERSION:quantity,Other,Other,IT & Sécurité,0.99915,0.9983254,0.0036017818,high,0,True,False,False,False,60.09000000357628
5,1139518,POS_SOURCE2_LNG,PS_POS_SOURCE2_LNG,ALIAS_NAME | DESCR200 | LANGUAGE_CD | POS_SOURCE_ID | SETID,ALIAS_NAME:label | DESCR200:label | LANGUAGE_CD:label | POS_SOURCE_ID:identifier | SETID:label,Other,Other,IT & Sécurité,0.9991511,0.9984989,0.0038955829,high,0,True,False,False,False,60.07999999821186
5,1067100,SYSADM.PS_PTIASPDLTPKGREL,PS_PTIASPDLTPKGREL,PTIASPFROMTLSREL | PTIASPPKGGUID | PTIASPTOTLSREL,PTIASPFROMTLSREL:quantity | PTIASPPKGGUID:label | PTIASPTOTLSREL:quantity,Other,Other,IT & Sécurité,0.9991538,0.99830985,0.003521055,high,0,True,False,False,False,60.07999999821186
5,1158948,SOURCE_LANG,PS_SOURCE_LANG,DESCR | EFFDT | LANGUAGE_CD | SETID | SOURCE,DESCR:label | EFFDT:date_or_timestamp | LANGUAGE_CD:label | SETID:label | SOURCE:label,Other,Other,IT & Sécurité,0.9991559,0.9985342,0.0039102165,high,0,True,False,False,False,60.07999999821186
5,1118263,FO_SRCH_PROMPT,PS_FO_SRCH_PROMPT,COMP_OPERATOR | DEFAULT_DESCR | MTCH_COL_ID | PROMPT_TABLE | ROW_REC | ROW_REC_FIELD | RS1_REC | RS2_REC | RS3_REC | SQL_STMT_254 | SRCH_CATEGORY | SRCH_TYPE_CD,COMP_OPERATOR:label | DEFAULT_DESCR:label | MTCH_COL_ID:identifier | PROMPT_TABLE:label | ROW_REC:label | ROW_REC_FIELD:label | RS1_REC:label | RS2_REC:label | RS3_REC:label | SQL_STMT_254:label | SRCH_CATEGORY:classification | SRCH_TYPE_CD:classification,Other,Other,IT & Sécurité,0.9991567,0.9983485,0.0035938795,high,0,True,False,False,False,60.07999999821186
5,1122311,HAZ_TBL_INV,PS_HAZ_TBL_INV,DESCR | DESCR200 | EFFDT | EFF_STATUS | HAZ_CLASS_CD | SETID,DESCR:label | DESCR200:label | EFFDT:date_or_timestamp | EFF_STATUS:status | HAZ_CLASS_CD:classification | SETID:label,Other,Other,Supply Chain / Logistique / Production,0.999158,0.9984686,0.0037248635,high,0,True,False,False,False,60.07999999821186
5,1145618,PTCHARTOPTIONS,PS_PTCHARTOPTIONS,PTCHART_VALUE | PTCHART_VARIABLE,PTCHART_VALUE:quantity | PTCHART_VARIABLE:label,Other,Other,IT & Sécurité,0.9991611,0.9983273,0.0035022239,high,0,True,False,False,False,60.07999999821186
5,1027894,SYSADM.PS_DP_YES_NO_TBL,PS_DP_YES_NO_TBL,DP_CAPTION | DP_YES_NO_VALUE,DP_CAPTION:label | DP_YES_NO_VALUE:label,Other,Other,IT & Sécurité,0.99916255,0.99838245,0.0036025834,high,0,True,False,False,False,60.07999999821186
5,1072125,SYSADM.PS_RTBL_SRCOBJ_LNG,PS_RTBL_SRCOBJ_LNG,DESCR | LANGUAGE_CD | OBJNAME,DESCR:label | LANGUAGE_CD:label | OBJNAME:label,Other,Other,IT & Sécurité,0.9991662,0.9983718,0.0035670379,high,0,True,False,False,False,60.07999999821186
5,1116510,EX_WIZ_LINE_TMP,PS_EX_WIZ_LINE_TMP,LINE_NBR,LINE_NBR:quantity,Other,Other,IT & Sécurité,0.9991673,0.99868214,0.003906677,high,0,True,False,False,False,60.07999999821186
5,1117858,FO_MCR_SO_REASO,PS_FO_MCR_SO_REASO,ASSIGNMENT_ID | BUSINESS_UNIT | EFFDT | FO_MCR_REASON | SEQNUM | SO_ID | SO_LINE,ASSIGNMENT_ID:identifier | BUSINESS_UNIT:label | EFFDT:date_or_timestamp | FO_MCR_REASON:label | SEQNUM:quantity | SO_ID:identifier | SO_LINE:quantity,Other,Other,Ventes & Clients,0.99916875,0.9988869,0.0040728203,high,0,True,False,False,False,60.07999999821186
5,1154688,RTM_SOURCE,PS_RTM_SOURCE,BARNAME | DESCR | ITEMNAME | MENUNAME | PNLNAME | RECNAME_KEY | RTM_SOURCE_TXN,BARNAME:label | DESCR:label | ITEMNAME:label | MENUNAME:label | PNLNAME:label | RECNAME_KEY:reference_identifier | RTM_SOURCE_TXN:label,Other,Other,IT & Sécurité,0.999169,0.99837357,0.0035494154,high,0,True,False,False,False,60.07999999821186
5,1163834,TD_CLAIM_AW,PS_TD_CLAIM_AW,CLAIM_ID | COMMENTS | CUST_ID | EOAWDEFN_ID | EOAWDTTM_MODIFIED | EOAWPARENT_THREAD | EOAWPRCS_ID | EOAWREQUESTOR_ID | EOAWTHREAD_ID | EOAWTHREAD_STATUS | ORIGINATORID | RECNAME | SETID,CLAIM_ID:identifier | COMMENTS:label | CUST_ID:identifier | EOAWDEFN_ID:identifier | EOAWDTTM_MODIFIED:technical_timestamp | EOAWPARENT_THREAD:quantity | EOAWPRCS_ID:identifier | EOAWREQUESTOR_ID:identifier | EOAWTHREAD_ID:identifier | EOAWTHREAD_STATUS:status | ORIGINATORID:label | RECNAME:label | SETID:label,Other,Other,IT & Sécurité,0.99916905,0.9984788,0.0037211748,high,0,True,False,False,False,60.07999999821186
5,1093471,BULK_IOT_ERROR,PS_BULK_IOT_ERROR,ASSET_ID | BUSINESS_UNIT | DATETIMEVAL1 | FLAG,ASSET_ID:identifier | BUSINESS_UNIT:label | DATETIMEVAL1:date_or_timestamp | FLAG:flag,Other,Other,IT & Sécurité,0.99916965,0.99860615,0.0038948015,high,0,True,False,False,False,60.07999999821186
5,1101555,CURRENCY_EURO,PS_CURRENCY_EURO,ACTIVE_STATUS | CURRENCY_CD,ACTIVE_STATUS:status | CURRENCY_CD:label,Other,Other,Finance & Contrôle,0.9991697,0.9986213,0.0038360478,high,0,True,False,False,False,60.07999999821186
5,1117796,FO_MAP_SET,PS_FO_MAP_SET,DESCR_LONG | DYNAMIC_FLAG | EOTF_DOMAIN_NAME | EOTF_MAP_NAME | FO_MAP_COMMON_UID | FO_MAP_ELEMENT,DESCR_LONG:label | DYNAMIC_FLAG:flag | EOTF_DOMAIN_NAME:label | EOTF_MAP_NAME:label | FO_MAP_COMMON_UID:label | FO_MAP_ELEMENT:label,Other,Other,IT & Sécurité,0.9991722,0.9983516,0.00347031,high,0,True,False,False,False,60.07999999821186
5,1112117,EODI_XFR_FILE,PS_EODI_XFR_FILE,ATTACHSYSFILENAME | FILE_DATA | FILE_SEQ | FILE_SIZE | LASTUPDDTTM | LASTUPDOPRID | VERSION,ATTACHSYSFILENAME:label | FILE_DATA:file_reference | FILE_SEQ:quantity | FILE_SIZE:quantity | LASTUPDDTTM:date_or_timestamp | LASTUPDOPRID:label | VERSION:quantity,Other,Other,IT & Sécurité,0.9991725,0.9983544,0.0034750402,high,0,True,False,False,False,60.07999999821186
5,1122638,IB_RESTHDR,PS_IB_RESTHDR,PROPNAME | PROPVALUE,PROPNAME:label | PROPVALUE:label,Other,Other,IT & Sécurité,0.9991731,0.9983551,0.0034721815,high,0,True,False,False,False,60.07999999821186
5,1068860,SYSADM.PS_RE_ABST_SECT,PS_RE_ABST_SECT,ENABLED | LSE_SECTION | SETID,ENABLED:flag | LSE_SECTION:label | SETID:label,Other,Other,IT & Sécurité,0.9991733,0.99837774,0.0035247523,high,0,True,False,False,False,60.07999999821186
5,1067685,SYSADM.PS_PV_ATT_COMP_DIR,PS_PV_ATT_COMP_DIR,PATHNAME | PNLGRPNAME,PATHNAME:label | PNLGRPNAME:label,Other,Other,Finance & Contrôle,0.9991764,0.99873865,0.0038816065,high,0,True,False,False,False,60.07999999821186
5,1112034,EODI_APT_TIMES,PS_EODI_APT_TIMES,EODI_APT_TRANS_ID | EODI_END_DTTM | EODI_START_DTTM | SEQNO | TIMEZONE,EODI_APT_TRANS_ID:identifier | EODI_END_DTTM:technical_timestamp | EODI_START_DTTM:technical_timestamp | SEQNO:quantity | TIMEZONE:label,Other,Other,IT & Sécurité,0.99917775,0.99836326,0.0034518812,high,0,True,False,False,False,60.07999999821186
5,1010743,SYSADM.PS_AUC_ST_CM_TY_LG,PS_AUC_ST_CM_TY_LG,DESCR | DESCRSHORT | EFFDT | LANGUAGE_CD | SETID | STD_COMMENT_TYPE,DESCR:label | DESCRSHORT:label | EFFDT:date_or_timestamp | LANGUAGE_CD:label | SETID:label | STD_COMMENT_TYPE:classification,Other,Other,Finance & Contrôle,0.999178,0.9988837,0.004061805,high,0,True,False,False,False,60.07999999821186
5,1170626,WM_WO_ACMP_DEG,PS_WM_WO_ACMP_DEG,ACCOMPLISHMENT | BUSINESS_UNIT | MAJOR_CODE | RQMT_LN_NBR | WEIGHT_POINTS | WO_ID | WO_TASK_ID,ACCOMPLISHMENT:label | BUSINESS_UNIT:label | MAJOR_CODE:reference_identifier | RQMT_LN_NBR:quantity | WEIGHT_POINTS:quantity | WO_ID:identifier | WO_TASK_ID:identifier,Other,Other,Supply Chain / Logistique / Production,0.99917877,0.998473,0.0036103376,high,0,True,False,False,False,60.07999999821186
5,1111154,EOCC_CONFIG_LNG,PS_EOCC_CONFIG_LNG,DESCR | EOCC_CONFIG_TYPE | LANGUAGE_CD | MARKET | PNLGRPNAME,DESCR:label | EOCC_CONFIG_TYPE:classification | LANGUAGE_CD:label | MARKET:label | PNLGRPNAME:label,Other,Other,IT & Sécurité,0.999179,0.99842596,0.0035690397,high,0,True,False,False,False,60.07999999821186
5,1120796,GM_MILE_HIS_LNG,PS_GM_MILE_HIS_LNG,BUSINESS_UNIT | CONTRACT_NUM | LANGUAGE_CD | LAST_SEQ_NBR | MILESTONE_ID | NOTE | NOTIFED_DTTM,BUSINESS_UNIT:label | CONTRACT_NUM:quantity | LANGUAGE_CD:label | LAST_SEQ_NBR:quantity | MILESTONE_ID:identifier | NOTE:comment_text | NOTIFED_DTTM:technical_timestamp,Other,Other,IT & Sécurité,0.99917907,0.99885595,0.004046238,high,0,True,False,False,False,60.07999999821186
5,1030481,SYSADM.PS_EOEP_APP_CD_DTL,PS_EOEP_APP_CD_DTL,EOEP_APP_CD | EOEP_APP_CD_FIELD | EOEP_TRANS_VALUE,EOEP_APP_CD:label | EOEP_APP_CD_FIELD:label | EOEP_TRANS_VALUE:label,Other,Other,IT & Sécurité,0.99918,0.9984091,0.0035301202,high,0,True,False,False,False,60.07999999821186
5,1083168,SYSADM.PS_WM_WO_NOTES,PS_WM_WO_NOTES,BUSINESS_UNIT | CONTACT_EMPLID | CREATED_BY_USER | CREATED_DTTM | NOTES | NOTE_SOURCE | REPLY_STATUS | SEQ_NBR_5 | SEQ_NBR_5_LINK | TITLE | VISIBLE_FLG | WO_ID,BUSINESS_UNIT:label | CONTACT_EMPLID:person_identifier | CREATED_BY_USER:technical_timestamp | CREATED_DTTM:technical_timestamp | NOTES:label | NOTE_SOURCE:comment_text | REPLY_STATUS:status | SEQ_NBR_5:quantity | SEQ_NBR_5_LINK:url | TITLE:label | VISIBLE_FLG:label | WO_ID:identifier,Other,Other,IT & Sécurité,0.99918,0.9986523,0.0038064364,high,0,True,False,False,False,60.07999999821186
5,1030302,SYSADM.PS_EODP_SUBPNL_NST,PS_EODP_SUBPNL_NST,EODP_LVL0_SUBPNL | EODP_LVL10_SUBPNL | EODP_LVL1_SUBPNL | EODP_LVL2_SUBPNL | EODP_LVL3_SUBPNL | EODP_LVL4_SUBPNL | EODP_LVL5_SUBPNL | EODP_LVL6_SUBPNL | EODP_LVL7_SUBPNL | EODP_LVL8_SUBPNL | EODP_LVL9_SUBPNL,EODP_LVL0_SUBPNL:label | EODP_LVL10_SUBPNL:label | EODP_LVL1_SUBPNL:label | EODP_LVL2_SUBPNL:label | EODP_LVL3_SUBPNL:label | EODP_LVL4_SUBPNL:label | EODP_LVL5_SUBPNL:label | EODP_LVL6_SUBPNL:label | EODP_LVL7_SUBPNL:label | EODP_LVL8_SUBPNL:label | EODP_LVL9_SUBPNL:label,Other,Other,IT & Sécurité,0.9991821,0.99843055,0.0035606804,high,0,True,False,False,False,60.07999999821186
5,1078315,SYSADM.PS_UPG_CA_OFF_CAT,PS_UPG_CA_OFF_CAT,ACCOUNT | ALTACCT | DESCR | DESCR254 | DST_ID | OFFERING_CATEGORY | PRODUCT_GROUP | SETID | UPG_FLAG | UPG_ISSUE,ACCOUNT:user_identifier | ALTACCT:label | DESCR:label | DESCR254:label | DST_ID:identifier | OFFERING_CATEGORY:classification | PRODUCT_GROUP:label | SETID:label | UPG_FLAG:flag | UPG_ISSUE:label,Other,Other,IT & Sécurité,0.99918264,0.99878746,0.0037818155,high,0,True,False,False,False,60.07999999821186
5,1021311,SYSADM.PS_CLOSE_PLFWD_TBL,PS_CLOSE_PLFWD_TBL,CFV_SET | CLOSING_SET | EFFDT | SETID | VERSION_NUM,CFV_SET:label | CLOSING_SET:label | EFFDT:date_or_timestamp | SETID:label | VERSION_NUM:quantity,Other,Other,Finance & Contrôle,0.9991837,0.99842757,0.0035490864,high,0,True,False,False,False,60.07999999821186
5,1091519,BI_INQPHONE_TBL,PS_BI_INQPHONE_TBL,ADD_DTTM | BILL_INQUIRY_PHONE | DESCR | DESCRSHORT | EFFDT | EFF_STATUS | LAST_MAINT_OPRID | LAST_UPDATE_DTTM | SETID,ADD_DTTM:technical_timestamp | BILL_INQUIRY_PHONE:phone_number | DESCR:label | DESCRSHORT:label | EFFDT:date_or_timestamp | EFF_STATUS:status | LAST_MAINT_OPRID:user_identifier | LAST_UPDATE_DTTM:technical_timestamp | SETID:label,Other,Other,IT & Sécurité,0.9991854,0.9987552,0.0039035112,high,0,True,False,False,False,60.07999999821186
5,1148323,PV_MP_SELECT,PS_PV_MP_SELECT,PV_MP_SWITCH,PV_MP_SWITCH:label,Other,Other,IT & Sécurité,0.99918544,0.99871004,0.003712217,high,0,True,False,False,False,60.07999999821186
5,1056398,SYSADM.PS_PC_ACT_TYPE_SCH,PS_PC_ACT_TYPE_SCH,ACT_TYPE_SCH | DESCR | EFFDT | EFF_STATUS | SETID,ACT_TYPE_SCH:classification | DESCR:label | EFFDT:date_or_timestamp | EFF_STATUS:status | SETID:label,Other,Other,IT & Sécurité,0.9991858,0.9987166,0.0038449296,high,0,True,False,False,False,60.07999999821186
5,1010822,SYSADM.PS_AUTO_NUMFLD_TBL,PS_AUTO_NUMFLD_TBL,FIELDNAME | NUM_TYPE | SETID,FIELDNAME:label | NUM_TYPE:classification | SETID:label,Other,Other,Finance & Contrôle,0.99918664,0.99860376,0.003703774,high,0,True,False,False,False,60.07999999821186
5,1057602,SYSADM.PS_PC_SEL_CRIT_254,PS_PC_SEL_CRIT_254,BUSINESS_UNIT | CRITERIA_ID | PROJECT_ID | SEQ_NUM | WHERE_CLAUSE,BUSINESS_UNIT:label | CRITERIA_ID:identifier | PROJECT_ID:identifier | SEQ_NUM:quantity | WHERE_CLAUSE:label,Other,Other,IT & Sécurité,0.9991881,0.99859184,0.0037735505,high,0,True,False,False,False,60.07999999821186
5,1150229,RE_ABST_SECT,PS_RE_ABST_SECT,ENABLED | LSE_SECTION | SETID,ENABLED:flag | LSE_SECTION:label | SETID:label,Other,Other,IT & Sécurité,0.99918836,0.9984206,0.0035000918,high,0,True,False,False,False,60.07999999821186
5,1091363,BI_GTA_SEQ_NBR,PS_BI_GTA_SEQ_NBR,LAST_SEQ_NBR | RECNAME | SEQ_NBR | TYPE,LAST_SEQ_NBR:quantity | RECNAME:label | SEQ_NBR:quantity | TYPE:classification,Other,Other,IT & Sécurité,0.99918896,0.99861705,0.003672817,high,0,True,False,False,False,60.07999999821186
5,1121582,GM_PUBLCN_TBL,PS_GM_PUBLCN_TBL,DATE_FORMAT | ISSUE | NOTES | PAGE_NBR | PUBL_DT | PUBLICATION_DT | PUBLICATION_ID | PUBLICATION_NAME | PUBLICATION_STATUS | PUBLICATION_TITLE | PUBLICATION_TYPE | PUBLISHER | VOLUME,DATE_FORMAT:label | ISSUE:label | NOTES:label | PAGE_NBR:quantity | PUBL_DT:date_or_timestamp | PUBLICATION_DT:label | PUBLICATION_ID:identifier | PUBLICATION_NAME:label | PUBLICATION_STATUS:status | PUBLICATION_TITLE:label | PUBLICATION_TYPE:classification | PUBLISHER:label | VOLUME:label,Other,Other,IT & Sécurité,0.999189,0.99884963,0.0039574387,high,0,True,False,False,False,60.07999999821186
5,1103225,DIM_ROLLUP,PS_DIM_ROLLUP,DECORATION | DECORATION_DTL | DECOR_STYLE | DECOR_STYLE_DTL | DECOR_TYPE | DECOR_TYPE_DTL | DESCR | DIMENSION_ID | MEMBER_SOURCE | SEQUENCE_NBR,DECORATION:label | DECORATION_DTL:label | DECOR_STYLE:label | DECOR_STYLE_DTL:label | DECOR_TYPE:classification | DECOR_TYPE_DTL:classification | DESCR:label | DIMENSION_ID:identifier | MEMBER_SOURCE:label | SEQUENCE_NBR:quantity,Other,Other,IT & Sécurité,0.99919015,0.9987895,0.0038408611,high,0,True,False,False,False,60.07999999821186
5,1097327,CLOSE_LINE_TBL,PS_CLOSE_LINE_TBL,CF_GROUP_NBR | CLOSING_SET | EFFDT | SETID | VERSION_NUM,CF_GROUP_NBR:quantity | CLOSING_SET:label | EFFDT:date_or_timestamp | SETID:label | VERSION_NUM:quantity,Other,Other,Finance & Contrôle,0.99919045,0.9984135,0.0034647763,high,0,True,False,False,False,60.07999999821186
5,1153044,RS_AGG_DEF_TRC,PS_RS_AGG_DEF_TRC,BUSINESS_UNIT | TRC,BUSINESS_UNIT:label | TRC:label,Other,Other,Finance & Contrôle,0.9991913,0.9986912,0.0038547209,high,0,True,False,False,False,60.07999999821186
5,1146050,PTIADEPCALC,PS_PTIADEPCALC,PTIADEPBASEINCLFLG | PTIASPRPTDEPNO | PTIASPRPTNO | SEQNUM,PTIADEPBASEINCLFLG:label | PTIASPRPTDEPNO:quantity | PTIASPRPTNO:quantity | SEQNUM:quantity,Other,Other,IT & Sécurité,0.9991928,0.9983897,0.0033853655,high,0,True,False,False,False,60.07999999821186
5,1129168,MC_DEFN_CRIT_VL,PS_MC_DEFN_CRIT_VL,FIELDNAME | MC_DEFN_ID | MC_FIELD_VALUE | MC_SEQ | MC_STMNT_SEQ | RECNAME,FIELDNAME:label | MC_DEFN_ID:identifier | MC_FIELD_VALUE:label | MC_SEQ:quantity | MC_STMNT_SEQ:quantity | RECNAME:label,Other,Other,IT & Sécurité,0.9991934,0.9984081,0.0034233292,high,0,True,False,False,False,60.07999999821186
5,1057853,SYSADM.PS_PC_TRANS_ID_LNG,PS_PC_TRANS_ID_LNG,DESCR | LANGUAGE_CD | PC_TRANS_ID | SETID,DESCR:label | LANGUAGE_CD:label | PC_TRANS_ID:identifier | SETID:label,Other,Other,Achats & Fournisseurs,0.9991953,0.9988374,0.003813812,high,0,True,False,False,False,60.07999999821186
5,1077492,SYSADM.PS_TR_MAP_GRP_LANG,PS_TR_MAP_GRP_LANG,DESCR | LANGUAGE_CD | MAPPING_GROUP_ID,DESCR:label | LANGUAGE_CD:label | MAPPING_GROUP_ID:identifier,Other,Other,IT & Sécurité,0.9991963,0.99844563,0.0034948303,high,0,True,False,False,False,60.07999999821186
5,1035366,SYSADM.PS_FERC_CD_TBL,PS_FERC_CD_TBL,COMMENTS | DESCR50 | DESCRSHORT | EFFDT | EFF_STATUS | FERC_CD | SETID,COMMENTS:label | DESCR50:label | DESCRSHORT:label | EFFDT:date_or_timestamp | EFF_STATUS:status | FERC_CD:label | SETID:label,Other,Other,Finance & Contrôle,0.99919677,0.99862903,0.0036900784,high,0,True,False,False,False,60.07999999821186
5,1120719,GM_HON_AWD_LNG,PS_GM_HON_AWD_LNG,AWARD_CODE | DESCR | DESCRFORMAL | DESCRSHORT | EFFDT | LANGUAGE_CD,AWARD_CODE:reference_identifier | DESCR:label | DESCRFORMAL:label | DESCRSHORT:label | EFFDT:date_or_timestamp | LANGUAGE_CD:label,Other,Other,RH,0.9991968,0.9986268,0.0037140024,high,0,True,False,False,False,60.07999999821186
5,1146186,PTIASPPRPCALC,PS_PTIASPPRPCALC,PTIASPPRPNAME | PTIASPRPTNO | SEQNBR,PTIASPPRPNAME:label | PTIASPRPTNO:quantity | SEQNBR:quantity,Other,Other,IT & Sécurité,0.9991969,0.99839926,0.0033726753,high,0,True,False,False,False,60.07999999821186
5,1071817,SYSADM.PS_RS_SEARCH_POOLS,PS_RS_SEARCH_POOLS,DESCR | MANAGER_ID | POOL_ID | SELECT_CB | SELECTED_POOL,DESCR:label | MANAGER_ID:identifier | POOL_ID:identifier | SELECT_CB:label | SELECTED_POOL:label,Other,Other,RH,0.9991975,0.9987391,0.003796111,high,0,True,False,False,False,60.07999999821186
5,1102489,DATA_FIND_CRIT,PS_DATA_FIND_CRIT,FIELDNAME | PSARCH_MATCHDT | PSARCH_MATCH_KIND | PSARCH_MATCHVAL,FIELDNAME:label | PSARCH_MATCHDT:date_or_timestamp | PSARCH_MATCH_KIND:label | PSARCH_MATCHVAL:label,Other,Other,Finance & Contrôle,0.99919796,0.9987948,0.0036862062,high,0,True,False,False,False,60.07999999821186
5,1145796,PTCS_SUBPNL_INF,PS_PTCS_SUBPNL_INF,PNLGRPNAME | PNLNAME | PTCS_PNLFLDNAME | SUBPNLNAME,PNLGRPNAME:label | PNLNAME:label | PTCS_PNLFLDNAME:label | SUBPNLNAME:label,Other,Other,IT & Sécurité,0.9991993,0.9986543,0.0036571578,high,0,True,False,False,False,60.07999999821186
5,1066761,SYSADM.PS_PTAFAW_TXN_LBL,PS_PTAFAW_TXN_LBL,FIELDNAME | LABEL_ID | PTAFLEVEL | PTAFPRCS_ID | RECNAME,FIELDNAME:label | LABEL_ID:label | PTAFLEVEL:quantity | PTAFPRCS_ID:identifier | RECNAME:label,Other,Other,IT & Sécurité,0.99919957,0.9984024,0.0033576153,high,0,True,False,False,False,60.07999999821186
5,1072922,SYSADM.PS_SAC_SRCH_RLTFDS,PS_SAC_SRCH_RLTFDS,FIELDNAME | INDEXFIELD | INDEXNAME | PV_SORT_ORDER | RECORDNAME | SORTBY | SORT_ORDER_NBR | SRCH_QRY_ID | SRCH_RSLT_ID,FIELDNAME:label | INDEXFIELD:label | INDEXNAME:label | PV_SORT_ORDER:label | RECORDNAME:label | SORTBY:label | SORT_ORDER_NBR:quantity | SRCH_QRY_ID:identifier | SRCH_RSLT_ID:identifier,Other,Other,IT & Sécurité,0.99920195,0.99853647,0.0036014898,high,0,True,False,False,False,60.07999999821186
5,1146030,PTIACPNOTETEXT,PS_PTIACPNOTETEXT,PTIACPNOTEHASH | PTIACPNOTEID | PTIACPNOTETEXT,PTIACPNOTEHASH:label | PTIACPNOTEID:label | PTIACPNOTETEXT:label,Other,Other,IT & Sécurité,0.999202,0.99840856,0.0033529939,high,0,True,False,False,False,60.07999999821186
5,1101559,CURR_GROUP_LANG,PS_CURR_GROUP_LANG,DESCR | DESCRLONG | LANGUAGE_CD | PROCESS_GROUP | SETID | VERSION_GRP,DESCR:label | DESCRLONG:comment_text | LANGUAGE_CD:label | PROCESS_GROUP:processing_identifier | SETID:label | VERSION_GRP:quantity,Other,Other,IT & Sécurité,0.99920213,0.9984151,0.0033711812,high,0,True,False,False,False,60.07999999821186
5,1034505,SYSADM.PS_EX_VIS_MCG_MAP,PS_EX_VIS_MCG_MAP,CC_TO_ET_CD | CC_TO_ET_CD_DESCR | CC_TO_ET_GRP | DESCR,CC_TO_ET_CD:label | CC_TO_ET_CD_DESCR:label | CC_TO_ET_GRP:label | DESCR:label,Other,Other,IT & Sécurité,0.9992027,0.9988018,0.0037051323,high,0,True,False,False,False,60.07999999821186
5,1036678,SYSADM.PS_FS_MAP_TRAN_DCC,PS_FS_MAP_TRAN_DCC,FS_MAP_GROUP_SEQ | FS_MAP_ID | FS_MAP_SEQ | FS_MAP_SRC_FLD | FS_MAP_TRG_FLD | QRYCOLUMN,FS_MAP_GROUP_SEQ:quantity | FS_MAP_ID:identifier | FS_MAP_SEQ:quantity | FS_MAP_SRC_FLD:label | FS_MAP_TRG_FLD:label | QRYCOLUMN:quantity,Other,Other,Finance & Contrôle,0.9992038,0.9987696,0.003648109,high,0,True,False,False,False,60.07999999821186
5,1122645,IB_ROUTING_TMP,PS_IB_ROUTING_TMP,EFFDT | ROUTINGDEFNNAME,EFFDT:date_or_timestamp | ROUTINGDEFNNAME:label,Other,Other,IT & Sécurité,0.9992062,0.9987255,0.0037559571,high,0,True,False,False,False,60.07999999821186
5,1089321,AUC_IMAGE_STR,PS_AUC_IMAGE_STR,ATTACHSYSFILENAME | FILE_DATA | FILE_SEQ | FILE_SIZE | LASTUPDDTTM | LASTUPDOPRID | VERSION,ATTACHSYSFILENAME:label | FILE_DATA:file_reference | FILE_SEQ:quantity | FILE_SIZE:quantity | LASTUPDDTTM:date_or_timestamp | LASTUPDOPRID:label | VERSION:quantity,Other,Other,IT & Sécurité,0.9992063,0.9984198,0.003345804,high,0,True,False,False,False,60.07999999821186
5,1105715,EB_ABN_DSPTMPL,PS_EB_ABN_DSPTMPL,EB_ABN_TC | PT_CNT_ID | PT_CNT_STYLE | PT_DESCR_MAX | PT_DISPLAY_FLAG | PT_DISPLAY_TYPE | PT_LINE_NUM | PTND_DISPLAY_ORDER | PTNODE_DISPLAY_ID | PT_NODE_VIEW | PT_PADDING_LEFT | PT_PADDING_RIGHT | PT_SCHEMA_LEVEL_ID,EB_ABN_TC:label | PT_CNT_ID:identifier | PT_CNT_STYLE:label | PT_DESCR_MAX:label | PT_DISPLAY_FLAG:flag | PT_DISPLAY_TYPE:classification | PT_LINE_NUM:quantity | PTND_DISPLAY_ORDER:quantity | PTNODE_DISPLAY_ID:identifier | PT_NODE_VIEW:label | PT_PADDING_LEFT:quantity | PT_PADDING_RIGHT:quantity | PT_SCHEMA_LEVEL_ID:identifier,Other,Other,IT & Sécurité,0.9992063,0.9986382,0.0037135056,high,0,True,False,False,False,60.07999999821186
5,1147216,PTSF_SBO_LANG,PS_PTSF_SBO_LANG,DESCR100 | LANGUAGE_CD | PTSF_DISPLAY_BODY | PTSF_DISPLAY_TITLE | PTSF_KEYWORDS | PTSF_SBO_NAME,DESCR100:label | LANGUAGE_CD:label | PTSF_DISPLAY_BODY:label | PTSF_DISPLAY_TITLE:label | PTSF_KEYWORDS:label | PTSF_SBO_NAME:label,Other,Other,IT & Sécurité,0.999207,0.99841696,0.0033285252,high,0,True,False,False,False,60.07999999821186
5,1123439,IN_FUL_TST_LCK,PS_IN_FUL_TST_LCK,LOCK_ACQUIRED,LOCK_ACQUIRED:label,Other,Other,Supply Chain / Logistique / Production,0.9992085,0.9987746,0.0037744304,high,0,True,False,False,False,60.07999999821186
5,1025250,SYSADM.PS_CURR_GROUP_LANG,PS_CURR_GROUP_LANG,DESCR | DESCRLONG | LANGUAGE_CD | PROCESS_GROUP | SETID | VERSION_GRP,DESCR:label | DESCRLONG:comment_text | LANGUAGE_CD:label | PROCESS_GROUP:processing_identifier | SETID:label | VERSION_GRP:quantity,Other,Other,IT & Sécurité,0.9992103,0.99843615,0.0033548658,high,0,True,False,False,False,60.07999999821186
5,1067679,SYSADM.PS_PV_ADM_PROJ_TBL,PS_PV_ADM_PROJ_TBL,DESCR254 | PV_GUIDE_ID | PV_GUIDE_NAME,DESCR254:label | PV_GUIDE_ID:identifier | PV_GUIDE_NAME:label,Other,Other,IT & Sécurité,0.999211,0.99845576,0.003388005,high,0,True,False,False,False,60.07999999821186
5,1068072,SYSADM.PS_PV_TR_RECV_XREF,PS_PV_TR_RECV_XREF,BUSINESS_UNIT | LAST_UPDATE_DTTM | RECEIVER_ID,BUSINESS_UNIT:label | LAST_UPDATE_DTTM:technical_timestamp | RECEIVER_ID:identifier,Other,Other,Achats & Fournisseurs,0.99921113,0.9988144,0.003828838,high,0,True,False,False,False,60.07999999821186
5,1020878,SYSADM.PS_CHANNEL_LNG,PS_CHANNEL_LNG,CHANNEL | DESCR | DESCRSHORT | EFFDT | LANGUAGE_CD | SETID,CHANNEL:label | DESCR:label | DESCRSHORT:label | EFFDT:date_or_timestamp | LANGUAGE_CD:label | SETID:label,Other,Other,RH,0.99921274,0.9986873,0.0037398234,high,0,True,False,False,False,60.07999999821186
5,1165615,TRX_DEAL_HOLLST,PS_TRX_DEAL_HOLLST,BUSINESS_UNIT | HOLIDAY_LIST_ID | TREAS_HEADER_ID,BUSINESS_UNIT:label | HOLIDAY_LIST_ID:identifier | TREAS_HEADER_ID:identifier,Other,Other,Finance & Contrôle,0.9992128,0.99878806,0.0037569539,high,0,True,False,False,False,60.07999999821186
5,1125627,IOT_ASSET_BULK,PS_IOT_ASSET_BULK,AM_IOT_ASSET_NAME | AM_IOT_ASSETYPE | AM_IOT_ORG_ID | AM_IOT_ORG_NAME | AM_IOT_PLACE_NAME | CREATE_IOT_ASSET | DESCR,AM_IOT_ASSET_NAME:label | AM_IOT_ASSETYPE:label | AM_IOT_ORG_ID:identifier | AM_IOT_ORG_NAME:label | AM_IOT_PLACE_NAME:label | CREATE_IOT_ASSET:label | DESCR:label,Other,Other,IT & Sécurité,0.99921393,0.9987342,0.0035877172,high,0,True,False,False,False,60.07999999821186
5,1010469,SYSADM.PS_ASSET_LOC_C,PS_ASSET_LOC_C,AREA_ID | ASSET_ID | AUTHORIZATION_DT | AUTHORIZATION_NAME | AUTH_STATUS | BUSINESS_UNIT | COMPARE_SOURCE | COMPARE_TYPE | DOCUMENT_ID | EFFDT | EFFSEQ | LOCATION | SYNCDTTM | SYNCID | TEST_CASE,AREA_ID:identifier | ASSET_ID:identifier | AUTHORIZATION_DT:date_or_timestamp | AUTHORIZATION_NAME:label | AUTH_STATUS:status | BUSINESS_UNIT:label | COMPARE_SOURCE:label | COMPARE_TYPE:classification | DOCUMENT_ID:identifier | EFFDT:date_or_timestamp | EFFSEQ:quantity | LOCATION:label | SYNCDTTM:date_or_timestamp | SYNCID:quantity | TEST_CASE:label,Other,Other,Supply Chain / Logistique / Production,0.99921453,0.9989118,0.0037766208,high,0,True,False,False,False,60.07999999821186
5,1154581,RTBL_SRCOBJ_V_H,PS_RTBL_SRCOBJ_V_H,FIELDNAME | OBJNAME | RANGE_FROM | RANGE_TO | SCE_ID,FIELDNAME:label | OBJNAME:label | RANGE_FROM:label | RANGE_TO:label | SCE_ID:identifier,Other,Other,IT & Sécurité,0.999215,0.9984479,0.0033433065,high,0,True,False,False,False,60.07999999821186
5,1129224,MCF_IM_BUDDYLST,PS_MCF_IM_BUDDYLST,DESCR | MCFIMBUDDYLIST,DESCR:label | MCFIMBUDDYLIST:label,Other,Other,Finance & Contrôle,0.99921554,0.9987235,0.0035904234,high,0,True,False,False,False,60.07999999821186
5,1088613,ASSET_LOC_E,PS_ASSET_LOC_E,AREA_ID | ASSET_ID | AUTHORIZATION_DT | AUTHORIZATION_NAME | AUTH_STATUS | BUSINESS_UNIT | DOCUMENT_ID | DTTM_REFRESHED | EFFDT | EFFSEQ | LOCATION | SYNCDTTM | SYNCID | TEST_CASE,AREA_ID:identifier | ASSET_ID:identifier | AUTHORIZATION_DT:date_or_timestamp | AUTHORIZATION_NAME:label | AUTH_STATUS:status | BUSINESS_UNIT:label | DOCUMENT_ID:identifier | DTTM_REFRESHED:technical_timestamp | EFFDT:date_or_timestamp | EFFSEQ:quantity | LOCATION:label | SYNCDTTM:date_or_timestamp | SYNCID:quantity | TEST_CASE:label,Other,Other,IT & Sécurité,0.9992179,0.99867755,0.003608317,high,0,True,False,False,False,60.07999999821186
5,1018829,SYSADM.PS_CARRIER_ID_LANG,PS_CARRIER_ID_LANG,CARRIER_ID | DESCR | EFFDT | LANGUAGE_CD | SETID,CARRIER_ID:identifier | DESCR:label | EFFDT:date_or_timestamp | LANGUAGE_CD:label | SETID:label,Other,Other,Supply Chain / Logistique / Production,0.99921864,0.99886936,0.0038644825,high,0,True,False,False,False,60.07999999821186
5,1112219,EODP_COMP_STG,PS_EODP_COMP_STG,EODP_CLFNCD | EODP_CTGRY_CD | EODP_PERS_IDFR | EODP_SNSTV | FIELDNAME | LABEL_ID | LASTUPDDTTM | LASTUPDOPRID | LBLTEXT | PNLGRPNAME | PNLNAME | RECNAME,EODP_CLFNCD:quantity | EODP_CTGRY_CD:label | EODP_PERS_IDFR:label | EODP_SNSTV:label | FIELDNAME:label | LABEL_ID:label | LASTUPDDTTM:date_or_timestamp | LASTUPDOPRID:label | LBLTEXT:label | PNLGRPNAME:label | PNLNAME:label | RECNAME:label,Other,Other,IT & Sécurité,0.99921876,0.9985188,0.0034472442,high,0,True,False,False,False,60.07999999821186
5,1075641,SYSADM.PS_SRM_DB_SCH_FLDS,PS_SRM_DB_SCH_FLDS,SEARCH_FIELD | SRM_DB_PGLT_ID,SEARCH_FIELD:label | SRM_DB_PGLT_ID:identifier,Other,Other,Achats & Fournisseurs,0.99922043,0.9988226,0.0035659573,high,0,True,False,False,False,60.07999999821186
5,1035723,SYSADM.PS_FO_EMAIL_CI,PS_FO_EMAIL_CI,BCNAME | BCPGNAME | DEFAULT_FLG | TEMPLATE_ID,BCNAME:label | BCPGNAME:label | DEFAULT_FLG:label | TEMPLATE_ID:identifier,Other,Other,IT & Sécurité,0.9992211,0.9988767,0.003755469,high,0,True,False,False,False,60.07999999821186
5,1105492,DR_TYPE_BU_TBL,PS_DR_TYPE_BU_TBL,BUSINESS_UNIT | DRAFT_TYPE | LAST_AUTO_NBR | SETID,BUSINESS_UNIT:label | DRAFT_TYPE:classification | LAST_AUTO_NBR:quantity | SETID:label,Other,Other,Finance & Contrôle,0.9992217,0.9985027,0.0034086052,high,0,True,False,False,False,60.07999999821186
5,1067384,SYSADM.PS_PTPRTNDISTSETUP,PS_PTPRTNDISTSETUP,DISTID | DISTIDTYPE | PTSCHDL_NAME,DISTID:label | DISTIDTYPE:label | PTSCHDL_NAME:label,Other,Other,IT & Sécurité,0.9992225,0.99845344,0.0032895734,high,0,True,False,False,False,60.07999999821186
5,1110515,EN_RTG_HAT2_TMP,PS_EN_RTG_HAT2_TMP,BUSINESS_UNIT | DESCR | DOCUMENT_NAME | EIP_CTL_ID | FILE_EXTENSION | INV_ITEM_ID | RTG_CODE | RTG_STATE | RTG_TYPE,BUSINESS_UNIT:label | DESCR:label | DOCUMENT_NAME:label | EIP_CTL_ID:identifier | FILE_EXTENSION:label | INV_ITEM_ID:identifier | RTG_CODE:reference_identifier | RTG_STATE:status | RTG_TYPE:classification,Other,Other,Supply Chain / Logistique / Production,0.9992257,0.9985279,0.0034080446,high,0,True,False,False,False,60.07999999821186
5,1113550,EOPCMIG_DTL,PS_EOPCMIG_DTL,EOPCDTTM_ADDED | EOPCKEYVALUE | EOPCLASTOPRID | EOPCLASTUPDDTTM | EOPCMAIN_FIELD_HSH | EOPCMAIN_FIELDS_ID | EOPCMIG_DEFN_ID | EOPCOPRID_ADDED | FIELDNAME,EOPCDTTM_ADDED:date_or_timestamp | EOPCKEYVALUE:label | EOPCLASTOPRID:label | EOPCLASTUPDDTTM:date_or_timestamp | EOPCMAIN_FIELD_HSH:label | EOPCMAIN_FIELDS_ID:identifier | EOPCMIG_DEFN_ID:identifier | EOPCOPRID_ADDED:label | FIELDNAME:label,Other,Other,IT & Sécurité,0.99922705,0.9984607,0.0032659753,high,0,True,False,False,False,60.07999999821186
5,1070352,SYSADM.PS_RE_RUN_RENTPROP,PS_RE_RUN_RENTPROP,BUSINESS_UNIT | CITY | COUNTRY | LOCATION | OPRID | PROPERTY_DESCR | PROPERTY_ID | PROPERTY_NM | RUN_CNTL_ID | STATE | TOTAL_AREA,BUSINESS_UNIT:label | CITY:label | COUNTRY:label | LOCATION:label | OPRID:user_identifier | PROPERTY_DESCR:label | PROPERTY_ID:identifier | PROPERTY_NM:label | RUN_CNTL_ID:processing_identifier | STATE:status | TOTAL_AREA:quantity,Other,Other,IT & Sécurité,0.9992317,0.9984885,0.0032998596,high,0,True,False,False,False,60.07999999821186
5,1072849,SYSADM.PS_SAC_BBIXTARGET,PS_SAC_BBIXTARGET,BBIX_TARGET_ID | DESCR150_MIXED,BBIX_TARGET_ID:identifier | DESCR150_MIXED:label,Other,Other,IT & Sécurité,0.9992321,0.99850523,0.0033253373,high,0,True,False,False,False,60.07999999821186
5,1118301,FO_TEMP_ITM_LNG,PS_FO_TEMP_ITM_LNG,FIELD_NAME100 | LANGUAGE_CD | TEMPLATE_ITEM_CD,FIELD_NAME100:label | LANGUAGE_CD:label | TEMPLATE_ITEM_CD:label,Other,Other,IT & Sécurité,0.9992335,0.99885356,0.0035447096,high,0,True,False,False,False,60.07999999821186
5,1145661,PTCHPLC_PROJ,PS_PTCHPLC_PROJ,DESCR100 | PROJECTNAME,DESCR100:label | PROJECTNAME:label,Other,Other,IT & Sécurité,0.9992354,0.99847233,0.0032192701,high,0,True,False,False,False,60.07999999821186
5,1036054,SYSADM.PS_FO_SNDMAIL_ATT,PS_FO_SNDMAIL_ATT,ATT_VERSION | EMAIL_ID | FROM_RESUME_TEXT | RESUME_TEXT_FILE | SCM_ATTACH_ID | SEQ_NUM,ATT_VERSION:quantity | EMAIL_ID:email_address | FROM_RESUME_TEXT:label | RESUME_TEXT_FILE:label | SCM_ATTACH_ID:identifier | SEQ_NUM:quantity,Other,Other,IT & Sécurité,0.99923724,0.9985972,0.0034692711,high,0,True,False,False,False,60.07999999821186
5,1153471,RS_GRR_QL_DEG,PS_RS_GRR_QL_DEG,ACCOMPLISHMENT | BUSINESS_UNIT | GRR_ID | MAJOR_CODE | PROJECT_ID | TEAM_MEMBER | WEIGHT_POINTS,ACCOMPLISHMENT:label | BUSINESS_UNIT:label | GRR_ID:identifier | MAJOR_CODE:reference_identifier | PROJECT_ID:identifier | TEAM_MEMBER:label | WEIGHT_POINTS:quantity,Other,Other,RH,0.9992376,0.99849695,0.0032686177,high,0,True,False,False,False,60.07999999821186
5,1102922,DEPR_LIM_LANG,PS_DEPR_LIM_LANG,DEPR_LIMIT_CD | DESCR50 | LANGUAGE_CD | SETID,DEPR_LIMIT_CD:label | DESCR50:label | LANGUAGE_CD:label | SETID:label,Other,Other,Finance & Contrôle,0.9992377,0.9985073,0.003290102,high,0,True,False,False,False,60.07999999821186
5,1025200,SYSADM.PS_CTI_PS_ACT_LANG,PS_CTI_PS_ACT_LANG,CTI_TRANSACTION | DESCR | LANGUAGE_CD,CTI_TRANSACTION:label | DESCR:label | LANGUAGE_CD:label,Other,Other,IT & Sécurité,0.999238,0.99864316,0.0034987999,high,0,True,False,False,False,60.07999999821186
5,1093606,BUS_UNIT_PV_INT,PS_BUS_UNIT_PV_INT,BUSINESS_UNIT | PV_INT_OPTION | PV_INT_OPTION_VAL,BUSINESS_UNIT:label | PV_INT_OPTION:label | PV_INT_OPTION_VAL:label,Other,Other,IT & Sécurité,0.9992383,0.99876434,0.0036088258,high,0,True,False,False,False,60.07999999821186
5,1096275,CDM_FILTER_ARCH,PS_CDM_FILTER_ARCH,ARCHIVE_DT | FILTERUNIT | FILTERVALUE | FROM_DT | PRCSTYPE | PT_FILTERTYPE | PT_FILTERUNIT | PT_FILTERVALUE | RPTDIR | TO_DT,ARCHIVE_DT:date_or_timestamp | FILTERUNIT:label | FILTERVALUE:quantity | FROM_DT:date_or_timestamp | PRCSTYPE:label | PT_FILTERTYPE:label | PT_FILTERUNIT:label | PT_FILTERVALUE:quantity | RPTDIR:label | TO_DT:date_or_timestamp,Other,Other,IT & Sécurité,0.99923927,0.99879456,0.0034961833,high,0,True,False,False,False,60.07999999821186
5,1035452,SYSADM.PS_FINT_IMPSPEC_HD,PS_FINT_IMPSPEC_HD,DP_CALENDARID | DP_CAPTION | DP_DAILYFORECAST | DP_DAILYWEIGHTS | DP_FCIP_OPTION | DP_FILEPATH | DP_IMPORTSPEC | DP_PUBLISHNAME | DP_TIMEPERIODCODE | DP_WEIGHTPROFILE | MAPID,DP_CALENDARID:label | DP_CAPTION:label | DP_DAILYFORECAST:label | DP_DAILYWEIGHTS:label | DP_FCIP_OPTION:label | DP_FILEPATH:label | DP_IMPORTSPEC:label | DP_PUBLISHNAME:label | DP_TIMEPERIODCODE:label | DP_WEIGHTPROFILE:label | MAPID:label,Other,Other,IT & Sécurité,0.99923956,0.9986692,0.003452288,high,0,True,False,False,False,60.07999999821186
5,1113774,EO_PROCGRP_LANG,PS_EO_PROCGRP_LANG,DESCR | DESCR50 | DESCRLONG | LANGUAGE_CD | PROC_GRP_ID | PROC_GRP_NAME,DESCR:label | DESCR50:label | DESCRLONG:comment_text | LANGUAGE_CD:label | PROC_GRP_ID:identifier | PROC_GRP_NAME:label,Other,Other,IT & Sécurité,0.9992399,0.9987253,0.00345993,high,0,True,False,False,False,60.07999999821186
5,1094210,CA_BU_XS_DEF,PS_CA_BU_XS_DEF,BUSINESS_UNIT | EXCESS_TYPE | RESOURCE_CATEGORY | RESOURCE_SUB_CAT | RESOURCE_TYPE,BUSINESS_UNIT:label | EXCESS_TYPE:classification | RESOURCE_CATEGORY:classification | RESOURCE_SUB_CAT:label | RESOURCE_TYPE:classification,Other,Other,Finance & Contrôle,0.99924034,0.99871415,0.003613401,high,0,True,False,False,False,60.07999999821186
5,1072209,SYSADM.PS_RT_INDEX_TBL,PS_RT_INDEX_TBL,DECIMAL_POSITIONS | DEFAULT_INDEX | DESCR | RT_CATEGORY | RT_RATE_INDEX,DECIMAL_POSITIONS:quantity | DEFAULT_INDEX:score | DESCR:label | RT_CATEGORY:classification | RT_RATE_INDEX:percentage_or_rate,Other,Other,Finance & Contrôle,0.99924064,0.99852943,0.0033118385,high,0,True,False,False,False,60.07999999821186
5,1026015,SYSADM.PS_DIM_CTRL_TBL,PS_DIM_CTRL_TBL,BOOK_MARK | DESCR | DIMENSION_ID | DW_KEY,BOOK_MARK:label | DESCR:label | DIMENSION_ID:identifier | DW_KEY:reference_identifier,Other,Other,IT & Sécurité,0.99924153,0.99861854,0.0034424998,high,0,True,False,False,False,60.07999999821186
5,1119369,FUS_CFSEG_MAP,PS_FUS_CFSEG_MAP,CHARTFIELD | SEGMENT,CHARTFIELD:label | SEGMENT:label,Other,Other,Finance & Contrôle,0.9992417,0.9985824,0.0033593264,high,0,True,False,False,False,60.07999999821186
5,1154360,RTBL_CLEANUP,PS_RTBL_CLEANUP,RECNAME | RTBL_CLEANUP_OPTN,RECNAME:label | RTBL_CLEANUP_OPTN:label,Other,Other,IT & Sécurité,0.9992421,0.99851966,0.0032665688,high,0,True,False,False,False,60.07999999821186
5,1141503,PROJ_SOURCE_TBL,PS_PROJ_SOURCE_TBL,ANALYSIS_TYPE | DESCR | EFFDT | EFF_STATUS | PROJ_TRANS_CODE | PROJ_TRANS_TYPE | RESOURCE_CATEGORY | RESOURCE_TYPE | SETID | SOURCE,ANALYSIS_TYPE:classification | DESCR:label | EFFDT:date_or_timestamp | EFF_STATUS:status | PROJ_TRANS_CODE:reference_identifier | PROJ_TRANS_TYPE:classification | RESOURCE_CATEGORY:classification | RESOURCE_TYPE:classification | SETID:label | SOURCE:label,Other,Other,IT & Sécurité,0.9992424,0.9988933,0.0035660707,high,0,True,False,False,False,60.07999999821186
5,1145247,PTAFEMC_LYT_HDR,PS_PTAFEMC_LYT_HDR,MSGNAME,MSGNAME:label,Other,Other,IT & Sécurité,0.99924594,0.99849945,0.0031990893,high,0,True,False,False,False,60.07999999821186
5,1067154,SYSADM.PS_PTIASPSRCHCAT,PS_PTIASPSRCHCAT,PTIA_DTTM_STAMP | PTIASPSEARCHNAME | PTIASPSRCHCATEGORY | PTIASPSRCHCATSEQ | PTIASPSUBSEARCH,PTIA_DTTM_STAMP:technical_timestamp | PTIASPSEARCHNAME:label | PTIASPSRCHCATEGORY:label | PTIASPSRCHCATSEQ:quantity | PTIASPSUBSEARCH:label,Other,Other,IT & Sécurité,0.99924636,0.9985049,0.003213456,high,0,True,False,False,False,60.07999999821186
5,1074342,SYSADM.PS_SPA_TIM_DTL_DLY,PS_SPA_TIM_DTL_DLY,BUSINESS_UNIT | DATE_SEQ | DATE_UNDER_RPT | GROUP_ID_SEQ_NUM | LINE_NBR | SPA_START_TIME | SPA_STOP_TIME | SP_TIME_QTY | TIME_BREAK_DUR | TIME_SHEET_ID | WORK_ORDER_ID,BUSINESS_UNIT:label | DATE_SEQ:quantity | DATE_UNDER_RPT:date_or_timestamp | GROUP_ID_SEQ_NUM:quantity | LINE_NBR:quantity | SPA_START_TIME:date_or_timestamp | SPA_STOP_TIME:date_or_timestamp | SP_TIME_QTY:quantity | TIME_BREAK_DUR:quantity | TIME_SHEET_ID:identifier | WORK_ORDER_ID:identifier,Other,Other,Supply Chain / Logistique / Production,0.999247,0.9989168,0.0036874162,high,0,True,False,False,False,60.07999999821186
5,1069847,SYSADM.PS_RE_OPTION,PS_RE_OPTION,EFFDT | EFF_STATUS | END_EFFDT | INSTANCE_DESCR | INSTANCE_NAME | MAIL_TEMPLATE | OPTION_CD | OPTION_TYPE | SETID,EFFDT:date_or_timestamp | EFF_STATUS:status | END_EFFDT:date_or_timestamp | INSTANCE_DESCR:label | INSTANCE_NAME:label | MAIL_TEMPLATE:email_address | OPTION_CD:label | OPTION_TYPE:classification | SETID:label,Other,Other,IT & Sécurité,0.9992477,0.9987382,0.0035304588,high,0,True,False,False,False,60.07999999821186
5,1136718,PL_PRIO_FAMILY,PS_PL_PRIO_FAMILY,DESCR | DESCRSHORT | PL_PRIO_FAMILY | SETID,DESCR:label | DESCRSHORT:label | PL_PRIO_FAMILY:label | SETID:label,Other,Other,Supply Chain / Logistique / Production,0.9992489,0.999027,0.0037836912,high,0,True,False,False,False,60.07999999821186
5,1101324,CS_TMPL_GRP_TBL,PS_CS_TMPL_GRP_TBL,CS_TEMPLATE_GROUP | DESCR | DESCRSHORT | LAST_DTTM_STAMP | LASTUPDOPRID | SETID | TEXT254,CS_TEMPLATE_GROUP:label | DESCR:label | DESCRSHORT:label | LAST_DTTM_STAMP:technical_timestamp | LASTUPDOPRID:label | SETID:label | TEXT254:label,Other,Other,IT & Sécurité,0.9992494,0.9987772,0.0035700272,high,0,True,False,False,False,60.07999999821186
5,1099668,CONV_TBL,PS_CONV_TBL,BEGIN_DEPR_OPTION | CALENDAR_ID | CONVENTION | CONV_TYPE | DESCR | SETID | SYSTEM_MAINTAINED,BEGIN_DEPR_OPTION:label | CALENDAR_ID:identifier | CONVENTION:label | CONV_TYPE:classification | DESCR:label | SETID:label | SYSTEM_MAINTAINED:label,Other,Other,Finance & Contrôle,0.99925154,0.99862987,0.0033576165,high,0,True,False,False,False,60.07000000029802
5,1071528,SYSADM.PS_RS_DF_RR_FAC,PS_RS_DF_RR_FAC,BUSINESS_UNIT | FACTOR_ID | SO_ID | SO_LINE,BUSINESS_UNIT:label | FACTOR_ID:identifier | SO_ID:identifier | SO_LINE:quantity,Other,Other,Ventes & Clients,0.99925363,0.9988281,0.003590161,high,0,True,False,False,False,60.07000000029802
5,1068824,SYSADM.PS_RC_CASETYPE_TBL,PS_RC_CASETYPE_TBL,CASE_TYPE | CASE_VISIBILITY | LONG_DESC | RC_DESCR_SS | RC_SHORT_DESCR | RC_SS_IND | SETID | SHOW_ACCOUNT_FLG | SHOW_PRODUCTS_FLG | SOLUTION_ID,CASE_TYPE:classification | CASE_VISIBILITY:label | LONG_DESC:label | RC_DESCR_SS:label | RC_SHORT_DESCR:label | RC_SS_IND:label | SETID:label | SHOW_ACCOUNT_FLG:user_identifier | SHOW_PRODUCTS_FLG:label | SOLUTION_ID:identifier,Other,Other,Finance & Contrôle,0.99925417,0.99866056,0.0033526523,high,0,True,False,False,False,60.07000000029802
5,1017578,SYSADM.PS_CA_BU_XS_DEF,PS_CA_BU_XS_DEF,BUSINESS_UNIT | EXCESS_TYPE | RESOURCE_CATEGORY | RESOURCE_SUB_CAT | RESOURCE_TYPE,BUSINESS_UNIT:label | EXCESS_TYPE:classification | RESOURCE_CATEGORY:classification | RESOURCE_SUB_CAT:label | RESOURCE_TYPE:classification,Other,Other,Finance & Contrôle,0.99925494,0.99895495,0.0036347725,high,0,True,False,False,False,60.07000000029802
5,1066840,SYSADM.PS_PTARCHBATCHNUM,PS_PTARCHBATCHNUM,PTBATCH_NUM,PTBATCH_NUM:quantity,Other,Other,IT & Sécurité,0.99925506,0.99851865,0.003170698,high,0,True,False,False,False,60.07000000029802
5,1030201,SYSADM.PS_EODI_SYSTEM_LNG,PS_EODI_SYSTEM_LNG,DESCR | EODI_SYSTEM_ID | LANGUAGE_CD,DESCR:label | EODI_SYSTEM_ID:identifier | LANGUAGE_CD:label,Other,Other,IT & Sécurité,0.9992561,0.99851495,0.0031473988,high,0,True,False,False,False,60.07000000029802
5,1038013,SYSADM.PS_GM_AGENT_LNG,PS_GM_AGENT_LNG,AGENT_ID | DESCR | DESCRSHORT | EFFDT | LANGUAGE_CD | SETID,AGENT_ID:identifier | DESCR:label | DESCRSHORT:label | EFFDT:date_or_timestamp | LANGUAGE_CD:label | SETID:label,Other,Other,Finance & Contrôle,0.9992563,0.998918,0.0035972358,high,0,True,False,False,False,60.07000000029802
5,1029615,SYSADM.PS_EOCF_RSET_SEQ,PS_EOCF_RSET_SEQ,EOCF_ORDERNUM | EOCF_RSET_ITEM_ID | EOCF_RULE_ITEM_TYP | EOCF_RULESET_ID,EOCF_ORDERNUM:quantity | EOCF_RSET_ITEM_ID:identifier | EOCF_RULE_ITEM_TYP:label | EOCF_RULESET_ID:identifier,Other,Other,IT & Sécurité,0.99925816,0.99854785,0.0032164212,high,0,True,False,False,False,60.07000000029802
5,1164575,TRANS_GROUP_HDR,PS_TRANS_GROUP_HDR,DESCR | SETID | TRANS_GRP,DESCR:label | SETID:label | TRANS_GRP:label,Other,Other,Finance & Contrôle,0.9992583,0.9989739,0.0035994416,high,0,True,False,False,False,60.07000000029802
5,1075760,SYSADM.PS_STL_INSTRCT_LNG,PS_STL_INSTRCT_LNG,CURRENCY_CD | DESCR | LANGUAGE_CD | NAME1_AC | NAME2_AC | SETID | SETTLEMENT_ID,CURRENCY_CD:label | DESCR:label | LANGUAGE_CD:label | NAME1_AC:label | NAME2_AC:label | SETID:label | SETTLEMENT_ID:identifier,Other,Other,Finance & Contrôle,0.9992584,0.99880785,0.0035791844,high,0,True,False,False,False,60.07000000029802
5,1118010,FO_PRJ_RESOURCE,PS_FO_PRJ_RESOURCE,ACTIVITY_ID | BUSINESS_UNIT | PROJECT_ID | RESOURCE_ID | USER1 | USER2 | USER3 | USER4 | USER5 | USER6 | USER7 | USER8 | USER9,ACTIVITY_ID:identifier | BUSINESS_UNIT:label | PROJECT_ID:identifier | RESOURCE_ID:identifier | USER1:label | USER2:label | USER3:label | USER4:label | USER5:label | USER6:label | USER7:label | USER8:label | USER9:label,Other,Other,IT & Sécurité,0.9992591,0.9986978,0.0034410707,high,0,True,False,False,False,60.07000000029802
5,1029512,SYSADM.PS_EOCC_CONFIG_LOG,PS_EOCC_CONFIG_LOG,EOCC_CONFIG_TYPE | LASTUPDDTTM | MARKET | PNLGRPNAME,EOCC_CONFIG_TYPE:classification | LASTUPDDTTM:date_or_timestamp | MARKET:label | PNLGRPNAME:label,Other,Other,IT & Sécurité,0.9992602,0.99856365,0.0032255095,high,0,True,False,False,False,60.07000000029802
5,1065457,SYSADM.PS_PROD_NOTE_MD_LN,PS_PROD_NOTE_MD_LN,EIP_CTL_ID | EIP_PROGRAM | LANGUAGE_CD | PRODUCT_ID | SEQ_NUM | SETID | TEXT254,EIP_CTL_ID:identifier | EIP_PROGRAM:label | LANGUAGE_CD:label | PRODUCT_ID:identifier | SEQ_NUM:quantity | SETID:label | TEXT254:label,Other,Other,Ventes & Clients,0.99926025,0.9989505,0.0035991287,high,0,True,False,False,False,60.07000000029802
5,1083226,SYSADM.PS_WORKSHEET_LINES,PS_WORKSHEET_LINES,EFFDT | LINE_ITEM_TYPE | LINE_NBR | SETID | WORKSHEET_ID | WRKSHEET_LINE_ITEM,EFFDT:date_or_timestamp | LINE_ITEM_TYPE:classification | LINE_NBR:quantity | SETID:label | WORKSHEET_ID:identifier | WRKSHEET_LINE_ITEM:label,Other,Other,IT & Sécurité,0.99926025,0.9988434,0.0035444524,high,0,True,False,False,False,60.07000000029802
5,1018426,SYSADM.PS_CAP,PS_CAP,BD_UPDATE_FLAG | BUSINESS_UNIT | CAP_CLASS | CAP_NUM | DESCR,BD_UPDATE_FLAG:flag | BUSINESS_UNIT:label | CAP_CLASS:classification | CAP_NUM:quantity | DESCR:label,Other,Other,IT & Sécurité,0.9992604,0.99889296,0.0035784657,high,0,True,False,False,False,60.07000000029802
5,1143583,PSPING_DYNA_DUM,PS_PSPING_DYNA_DUM,PTP_TEST_CASE_ID,PTP_TEST_CASE_ID:identifier,Other,Other,Finance & Contrôle,0.9992605,0.99887407,0.0035389354,high,0,True,False,False,False,60.07000000029802
5,1122024,GPO_TBL,PS_GPO_TBL,GPO_ID | LONGNAME | SETID | SHORTNAME,GPO_ID:identifier | LONGNAME:label | SETID:label | SHORTNAME:label,Other,Other,Achats & Fournisseurs,0.99926096,0.9987317,0.003469867,high,0,True,False,False,False,60.07000000029802
5,1152157,RE_SPCUTL_TA0,PS_RE_SPCUTL_TA0,ASSET_ID | BUSINESS_UNIT | OCCUPIED_AREA | OWNERSHIP_STATUS | PROCESS_INSTANCE | PROPERTY_CLASS | PROPERTY_ID | REGION_CD | REGION_NAME | SPACE_UOM | VACANT_AREA,ASSET_ID:identifier | BUSINESS_UNIT:label | OCCUPIED_AREA:quantity | OWNERSHIP_STATUS:status | PROCESS_INSTANCE:processing_identifier | PROPERTY_CLASS:classification | PROPERTY_ID:identifier | REGION_CD:label | REGION_NAME:label | SPACE_UOM:label | VACANT_AREA:quantity,Other,Other,IT & Sécurité,0.99926263,0.9985527,0.0031808794,high,0,True,False,False,False,60.07000000029802
5,1145545,PTBR_LTELTAT,PS_PTBR_LTELTAT,PTBR_ATTR_EB_CLA | PTBR_ATTR_EB_FLU | PTBR_ATTR_ID | PTBR_ATTR_LVALUE | PTBR_ATTR_SVALUE | PTBR_ATTR_TXTVALUE | PTBR_ATTR_TYPEVAL | PTBR_ELEMENT_ID | PTBR_LAYOUT_ID,PTBR_ATTR_EB_CLA:label | PTBR_ATTR_EB_FLU:label | PTBR_ATTR_ID:identifier | PTBR_ATTR_LVALUE:label | PTBR_ATTR_SVALUE:label | PTBR_ATTR_TXTVALUE:label | PTBR_ATTR_TYPEVAL:label | PTBR_ELEMENT_ID:identifier | PTBR_LAYOUT_ID:identifier,Other,Other,IT & Sécurité,0.99926525,0.998538,0.0031283249,high,0,True,False,False,False,60.07000000029802
5,1083275,SYSADM.PS_WS_SUBGROUP_TBL,PS_WS_SUBGROUP_TBL,CURRENCY_CD | SUB_GROUP_ID | WS_BU | WS_ID | WS_NET,CURRENCY_CD:label | SUB_GROUP_ID:identifier | WS_BU:label | WS_ID:identifier | WS_NET:quantity,Other,Other,IT & Sécurité,0.9992659,0.99891776,0.0034976646,high,0,True,False,False,False,60.07000000029802
5,1076753,SYSADM.PS_TD_TREE_NODELNG,PS_TD_TREE_NODELNG,DESCR | EFFDT | LANGUAGE_CD | SETID | TD_NODE_ID | TD_TREE_ID,DESCR:label | EFFDT:date_or_timestamp | LANGUAGE_CD:label | SETID:label | TD_NODE_ID:identifier | TD_TREE_ID:identifier,Other,Other,IT & Sécurité,0.99926674,0.9988723,0.0034725657,high,0,True,False,False,False,60.07000000029802
5,1059369,SYSADM.PS_PI_EXTRACT_CAT,PS_PI_EXTRACT_CAT,ACQUISITION_CD | BUSINESS_UNIT | CATEGORY | CYCLE_YEAR | DEPTID,ACQUISITION_CD:label | BUSINESS_UNIT:label | CATEGORY:classification | CYCLE_YEAR:date_part | DEPTID:label,Other,Other,RH,0.9992674,0.9989403,0.0035690102,high,0,True,False,False,False,60.07000000029802
5,1036658,SYSADM.PS_FS_MAP_HDR_LANG,PS_FS_MAP_HDR_LANG,DESCR | FS_MAP_ID | LANGUAGE_CD,DESCR:label | FS_MAP_ID:identifier | LANGUAGE_CD:label,Other,Other,IT & Sécurité,0.99926776,0.9988108,0.0034566363,high,0,True,False,False,False,60.07000000029802
5,1133599,PC_ACT_PERCENT,PS_PC_ACT_PERCENT,ACTIVITY_ID | BUSINESS_UNIT | EFFDT | PERCENT_COMPLETE | PROJECT_ID,ACTIVITY_ID:identifier | BUSINESS_UNIT:label | EFFDT:date_or_timestamp | PERCENT_COMPLETE:percentage_or_rate | PROJECT_ID:identifier,Other,Other,Finance & Contrôle,0.99926937,0.99879795,0.0034917707,high,0,True,False,False,False,60.07000000029802
5,1149944,QS_SESSN_HDR8,PS_QS_SESSN_HDR8,BUSINESS_UNIT | QS_SESSN_DESCR | SESSN_CRE_DTTM | SESSN_ID | SESSN_STS_CD | STREAM_ROOT_ID,BUSINESS_UNIT:label | QS_SESSN_DESCR:label | SESSN_CRE_DTTM:technical_timestamp | SESSN_ID:identifier | SESSN_STS_CD:status | STREAM_ROOT_ID:identifier,Other,Other,IT & Sécurité,0.9992695,0.9985781,0.0031880755,high,0,True,False,False,False,60.07000000029802
5,1118831,FS_MAP_TRG_FLD,PS_FS_MAP_TRG_FLD,FS_MAP_FLD_DISP | FS_MAP_FLD_NAME | FS_MAP_ID | FS_MAP_LEVEL | FS_MAP_NODE | FS_MAP_NODE_PRE | FS_MAP_SEQ,FS_MAP_FLD_DISP:label | FS_MAP_FLD_NAME:label | FS_MAP_ID:identifier | FS_MAP_LEVEL:quantity | FS_MAP_NODE:label | FS_MAP_NODE_PRE:label | FS_MAP_SEQ:quantity,Other,Other,IT & Sécurité,0.9992699,0.99874353,0.0033231126,high,0,True,False,False,False,60.07000000029802
5,1024637,SYSADM.PS_CORP_UPDT_TMP,PS_CORP_UPDT_TMP,CUST_ID | EFFDT | SETID,CUST_ID:identifier | EFFDT:date_or_timestamp | SETID:label,Other,Other,Finance & Contrôle,0.99927026,0.9989431,0.0034949193,high,0,True,False,False,False,60.07000000029802
5,1005308,SYSADM.PS_AM_CEDT_SSRC,PS_AM_CEDT_SSRC,COMBO_EDIT_TMPL | SETID | SYSTEM_SOURCE,COMBO_EDIT_TMPL:label | SETID:label | SYSTEM_SOURCE:label,Other,Other,IT & Sécurité,0.99927044,0.998684,0.0032871608,high,0,True,False,False,False,60.07000000029802
5,1110528,EN_RTG_HDR_LANG,PS_EN_RTG_HDR_LANG,BUSINESS_UNIT | DESCR | DESCRSHORT | INV_ITEM_ID | LANGUAGE_CD | RTG_CODE | RTG_STATE | RTG_TYPE | TEXT254,BUSINESS_UNIT:label | DESCR:label | DESCRSHORT:label | INV_ITEM_ID:identifier | LANGUAGE_CD:label | RTG_CODE:reference_identifier | RTG_STATE:status | RTG_TYPE:classification | TEXT254:label,Other,Other,Supply Chain / Logistique / Production,0.9992712,0.99860966,0.0032364954,high,0,True,False,False,False,60.07000000029802
5,1085711,AM_TEMPLATE_DET,PS_AM_TEMPLATE_DET,ACTIVE_FLG | AM_COL_SEQ | AM_SEQ2_REQ_FLG | AM_TEMPLATE_ID | FIELDNAME | LONGNAME | RECNAME | REQUIRED_FLG,ACTIVE_FLG:flag | AM_COL_SEQ:quantity | AM_SEQ2_REQ_FLG:label | AM_TEMPLATE_ID:identifier | FIELDNAME:label | LONGNAME:label | RECNAME:label | REQUIRED_FLG:label,Other,Other,IT & Sécurité,0.99927145,0.9986628,0.0032757716,high,0,True,False,False,False,60.07000000029802
5,1017935,SYSADM.PS_CA_HDRRED_LANG,PS_CA_HDRRED_LANG,CONTRACT_NUM | DESCR | LANGUAGE_CD | SEQ_NUM,CONTRACT_NUM:quantity | DESCR:label | LANGUAGE_CD:label | SEQ_NUM:quantity,Other,Other,Achats & Fournisseurs,0.999273,0.99893177,0.0035226438,high,0,True,False,False,False,60.07000000029802
5,1152076,RE_SITE_TYPE_LG,PS_RE_SITE_TYPE_LG,EFFDT | INSTANCE_DESCR | INSTANCE_NAME | LANGUAGE_CD | SETID | SITE_TYPE,EFFDT:date_or_timestamp | INSTANCE_DESCR:label | INSTANCE_NAME:label | LANGUAGE_CD:label | SETID:label | SITE_TYPE:classification,Other,Other,IT & Sécurité,0.99927324,0.9986338,0.003256648,high,0,True,False,False,False,60.07000000029802
5,1112387,EODP_SRCHRECREF,PS_EODP_SRCHRECREF,EODP_ALTSRCHKEY | EODP_ISKEY | EODP_ISLISTBOXITEM | EODP_ISSRCHKEY | FIELDNAME | MARKET | MENUNAME | PNLGRPNAME | SEARCHRECNAME,EODP_ALTSRCHKEY:label | EODP_ISKEY:label | EODP_ISLISTBOXITEM:label | EODP_ISSRCHKEY:label | FIELDNAME:label | MARKET:label | MENUNAME:label | PNLGRPNAME:label | SEARCHRECNAME:label,Other,Other,IT & Sécurité,0.9992747,0.99889076,0.003366862,high,0,True,False,False,False,60.07000000029802
5,1103724,DPA_EVENTLINES,PS_DPA_EVENTLINES,DP_CHAR01 | DP_CHAR02 | DP_CHAR03 | DP_CHAR04 | DP_CHAR05 | DP_CHAR06 | DP_CHAR07 | DP_CHAR08 | DP_CHAR09 | DP_CHAR10 | DP_CHAR11 | DP_CHAR12 | DP_CHAR13 | DP_CHAR14 | DP_CHAR15 | DP_CHAR16 | DP_CHAR17 | DP_CHAR18 | DP_CHAR19 | DP_CHAR20 | DP_CHAR21 | DP_CHAR22 | DP_CHAR23 | DP_CHAR24 | DP_CHAR25 | DP_CHAR26 | DP_CHAR27 | DP_CHAR28 | DP_CHAR29 | DP_CHAR30 | DP_CHAR31 | DP_CHAR32 | DP_CHAR33 | DP_CHAR34 | DP_CHAR35 | DP_CHAR36 | DP_CHAR37 | DP_CHAR38 | DP_CHAR39 | DP_CHAR40 | DP_CHAR41 | DP_CHAR42 | DP_CHAR43 | DP_CHAR44 | DP_CHAR45 | DP_CHAR46 | DP_CHAR47 | DP_CHAR48 | DP_CHAR49 | DP_CHAR50 | DP_CHAR51 | DP_CHAR52 | DP_CHAR53 | DP_CHAR54 | DP_CHAR55 | DP_CHAR56 | DP_CHAR57 | DP_CHAR58 | DP_CHAR59 | DP_CHAR60 | DP_CONFIGLEVEL | DP_CONFIGVIEW | DP_EVENTCOMMENT | DP_EVENTID | DP_FORECASTITEM | DP_NUMBER01 | DP_NUMBER02 | DP_NUMBER03 | DP_NUMBER04 | DP_NUMBER05 | DP_NUMBER06 | DP_NUMBER07 | DP_NUMBER08 | DP_NUMBER09 | DP_NUMBER10 | DP_NUMBER11 | DP_NUMBER12 | DP_NUMBER13 | DP_NUMBER14 | DP_NUMBER15 | DP_NUMBER16 | DP_NUMBER17 | DP_NUMBER18 | DP_NUMBER19 | DP_NUMBER20 | DP_NUMBER21 | DP_NUMBER22 | DP_NUMBER23 | DP_NUMBER24 | DP_NUMBER25 | DP_NUMBER26 | DP_NUMBER27 | DP_NUMBER28 | DP_NUMBER29 | DP_NUMBER30 | DP_NUMBER31 | DP_NUMBER32 | DP_NUMBER33 | DP_NUMBER34 | DP_NUMBER35 | DP_NUMBER36 | DP_NUMBER37 | DP_NUMBER38 | DP_NUMBER39 | DP_NUMBER40 | DP_NUMBER41 | DP_NUMBER42 | DP_NUMBER43 | DP_NUMBER44 | DP_NUMBER45 | DP_NUMBER46 | DP_NUMBER47 | DP_NUMBER48 | DP_NUMBER49 | DP_NUMBER50 | DP_NUMBER51 | DP_NUMBER52 | DP_NUMBER53 | DP_NUMBER54 | DP_NUMBER55 | DP_NUMBER56 | DP_NUMBER57 | DP_NUMBER58 | DP_NUMBER59 | DP_NUMBER60 | PSARCH_ID,DP_CHAR01:label | DP_CHAR02:label | DP_CHAR03:label | DP_CHAR04:label | DP_CHAR05:label | DP_CHAR06:label | DP_CHAR07:label | DP_CHAR08:label | DP_CHAR09:label | DP_CHAR10:label | DP_CHAR11:label | DP_CHAR12:label | DP_CHAR13:label | DP_CHAR14:label | DP_CHAR15:label | DP_CHAR16:label | DP_CHAR17:label | DP_CHAR18:label | DP_CHAR19:label | DP_CHAR20:label | DP_CHAR21:label | DP_CHAR22:label | DP_CHAR23:label | DP_CHAR24:label | DP_CHAR25:label | DP_CHAR26:label | DP_CHAR27:label | DP_CHAR28:label | DP_CHAR29:label | DP_CHAR30:label | DP_CHAR31:label | DP_CHAR32:label | DP_CHAR33:label | DP_CHAR34:label | DP_CHAR35:label | DP_CHAR36:label | DP_CHAR37:label | DP_CHAR38:label | DP_CHAR39:label | DP_CHAR40:label | DP_CHAR41:label | DP_CHAR42:label | DP_CHAR43:label | DP_CHAR44:label | DP_CHAR45:label | DP_CHAR46:label | DP_CHAR47:label | DP_CHAR48:label | DP_CHAR49:label | DP_CHAR50:label | DP_CHAR51:label | DP_CHAR52:label | DP_CHAR53:label | DP_CHAR54:label | DP_CHAR55:label | DP_CHAR56:label | DP_CHAR57:label | DP_CHAR58:label | DP_CHAR59:label | DP_CHAR60:label | DP_CONFIGLEVEL:quantity | DP_CONFIGVIEW:label | DP_EVENTCOMMENT:label | DP_EVENTID:label | DP_FORECASTITEM:label | DP_NUMBER01:quantity | DP_NUMBER02:quantity | DP_NUMBER03:quantity | DP_NUMBER04:quantity | DP_NUMBER05:quantity | DP_NUMBER06:quantity | DP_NUMBER07:quantity | DP_NUMBER08:quantity | DP_NUMBER09:quantity | DP_NUMBER10:quantity | DP_NUMBER11:quantity | DP_NUMBER12:quantity | DP_NUMBER13:quantity | DP_NUMBER14:quantity | DP_NUMBER15:quantity | DP_NUMBER16:quantity | DP_NUMBER17:quantity | DP_NUMBER18:quantity | DP_NUMBER19:quantity | DP_NUMBER20:quantity | DP_NUMBER21:quantity | DP_NUMBER22:quantity | DP_NUMBER23:quantity | DP_NUMBER24:quantity | DP_NUMBER25:quantity | DP_NUMBER26:quantity | DP_NUMBER27:quantity | DP_NUMBER28:quantity | DP_NUMBER29:quantity | DP_NUMBER30:quantity | DP_NUMBER31:quantity | DP_NUMBER32:quantity | DP_NUMBER33:quantity | DP_NUMBER34:quantity | DP_NUMBER35:quantity | DP_NUMBER36:quantity | DP_NUMBER37:quantity | DP_NUMBER38:quantity | DP_NUMBER39:quantity | DP_NUMBER40:quantity | DP_NUMBER41:quantity | DP_NUMBER42:quantity | DP_NUMBER43:quantity | DP_NUMBER44:quantity | DP_NUMBER45:quantity | DP_NUMBER46:quantity | DP_NUMBER47:quantity | DP_NUMBER48:quantity | DP_NUMBER49:quantity | DP_NUMBER50:quantity | DP_NUMBER51:quantity | DP_NUMBER52:quantity | DP_NUMBER53:quantity | DP_NUMBER54:quantity | DP_NUMBER55:quantity | DP_NUMBER56:quantity | DP_NUMBER57:quantity | DP_NUMBER58:quantity | DP_NUMBER59:quantity | DP_NUMBER60:quantity | PSARCH_ID:identifier,Other,Other,IT & Sécurité,0.99927527,0.9987265,0.003342973,high,0,True,False,False,False,60.07000000029802
5,1083191,SYSADM.PS_WM_WO_TTEFF_LNG,PS_WM_WO_TTEFF_LNG,DESCR254 | EFFDT | LANGUAGE_CD | SETID | WO_TEMPLATE_ID,DESCR254:label | EFFDT:date_or_timestamp | LANGUAGE_CD:label | SETID:label | WO_TEMPLATE_ID:identifier,Other,Other,Supply Chain / Logistique / Production,0.99927586,0.99859244,0.003169269,high,0,True,False,False,False,60.07000000029802
5,1078538,SYSADM.PS_UPG_IU_TRAN_OPT,PS_UPG_IU_TRAN_OPT,DESCR | IU_SYS_TRAN_CD | IU_TRAN_CD | UPG_IU_INTER_SRC | UPG_IU_INTRA_SRC | UPG_IU_TRAN_OPT,DESCR:label | IU_SYS_TRAN_CD:label | IU_TRAN_CD:label | UPG_IU_INTER_SRC:label | UPG_IU_INTRA_SRC:label | UPG_IU_TRAN_OPT:label,Other,Other,IT & Sécurité,0.99927604,0.99864036,0.0032560013,high,0,True,False,False,False,60.07000000029802
5,1035651,SYSADM.PS_FOCNTCTTEMP_UPG,PS_FOCNTCTTEMP_UPG,CONTACT_ID | EFFDT | FO_DATE | FO_TEMPLATE_TYPE | SETID | TEMPLATE_CODE,CONTACT_ID:identifier | EFFDT:date_or_timestamp | FO_DATE:date_or_timestamp | FO_TEMPLATE_TYPE:classification | SETID:label | TEMPLATE_CODE:reference_identifier,Other,Other,IT & Sécurité,0.9992765,0.99872285,0.003375779,high,0,True,False,False,False,60.07000000029802
5,1066978,SYSADM.PS_PTFILE_MIMEMAP,PS_PTFILE_MIMEMAP,CONTENT_TYPE | FILEEXTN,CONTENT_TYPE:classification | FILEEXTN:label,Other,Other,IT & Sécurité,0.9992782,0.9987608,0.0033462206,high,0,True,False,False,False,60.07000000029802
5,1015677,SYSADM.PS_BOOK_ARCHIVE,PS_BOOK_ARCHIVE,ARCHIVE_ID | ASSET_ID | BEGIN_CALC_DT | BEGIN_CALC_FY | BEGIN_CALC_PD | BEGIN_FRACTION | BOOK | BUSINESS_UNIT | LIFE_REMAINING | OLD_ARCHIVE_ID | RSV_FRACTION | SCHED_FRACTION,ARCHIVE_ID:identifier | ASSET_ID:identifier | BEGIN_CALC_DT:date_or_timestamp | BEGIN_CALC_FY:quantity | BEGIN_CALC_PD:quantity | BEGIN_FRACTION:quantity | BOOK:label | BUSINESS_UNIT:label | LIFE_REMAINING:quantity | OLD_ARCHIVE_ID:identifier | RSV_FRACTION:quantity | SCHED_FRACTION:quantity,Other,Other,Finance & Contrôle,0.9992783,0.99870574,0.0033056638,high,0,True,False,False,False,60.07000000029802
5,1145060,PTACM_APP_TYPE,PS_PTACM_APP_TYPE,DESCR | PACKAGEID | PTACM_USE_TYPE,DESCR:label | PACKAGEID:label | PTACM_USE_TYPE:classification,Other,Other,IT & Sécurité,0.9992793,0.99858785,0.003124614,high,0,True,False,False,False,60.07000000029802
5,1149767,QS_CATALOG,PS_QS_CATALOG,CAT_DESCR | CAT_FIELDNAME | CAT_ID | CAT_LABEL_ID | CAT_MNC | CAT_RECNAME | CAT_RESTRICTS_CD | COLRT_ID | QS_ACTIVE | QS_FIELD_OWNER_CD | QS_FLD_LABEL_CD | QS_PROMPT_TBL | QS_QSX_TRFIELDNAME | QS_SELECT_DTYP | QS_SETCTRL_FLD,CAT_DESCR:label | CAT_FIELDNAME:label | CAT_ID:identifier | CAT_LABEL_ID:label | CAT_MNC:label | CAT_RECNAME:label | CAT_RESTRICTS_CD:label | COLRT_ID:identifier | QS_ACTIVE:flag | QS_FIELD_OWNER_CD:label | QS_FLD_LABEL_CD:label | QS_PROMPT_TBL:label | QS_QSX_TRFIELDNAME:label | QS_SELECT_DTYP:label | QS_SETCTRL_FLD:label,Other,Other,IT & Sécurité,0.9992801,0.99857765,0.003098556,high,0,True,False,False,False,60.07000000029802
5,1100194,CS_AGREE,PS_CS_AGREE,CS_AGREE_CD | CS_COMMENTS | CS_COMMENTS254 | CS_INCL_IN_CNTRCT | CS_METRIC_ID | CS_RESULT_TYPE | DESCR60 | EFFDT | EFF_STATUS | LAST_UPDATE_DTTM | OPRID_LAST_UPDT | SETID | TARGET_DATE_OFFSET | TARGET_DATE_PARM,CS_AGREE_CD:label | CS_COMMENTS:label | CS_COMMENTS254:label | CS_INCL_IN_CNTRCT:label | CS_METRIC_ID:identifier | CS_RESULT_TYPE:classification | DESCR60:label | EFFDT:date_or_timestamp | EFF_STATUS:status | LAST_UPDATE_DTTM:technical_timestamp | OPRID_LAST_UPDT:user_identifier | SETID:label | TARGET_DATE_OFFSET:quantity | TARGET_DATE_PARM:label,Other,Other,IT & Sécurité,0.9992809,0.99872243,0.0033498607,high,0,True,False,False,False,60.07000000029802
5,1010837,SYSADM.PS_AVN_ND_VIEW_LNG,PS_AVN_ND_VIEW_LNG,ACV_NDTPL_ID | ACV_ND_VIEW_NAME | AR_DESCR | LANGUAGE_CD,ACV_NDTPL_ID:identifier | ACV_ND_VIEW_NAME:label | AR_DESCR:label | LANGUAGE_CD:label,Other,Other,IT & Sécurité,0.9992815,0.9989148,0.0034006934,high,0,True,False,False,False,60.07000000029802
5,1153424,RS_FR_COPY_TAO,PS_RS_FR_COPY_TAO,FORECAST_TYPE | PC_PROJ_REC_NAME | PC_TEMP_REC_NAME,FORECAST_TYPE:classification | PC_PROJ_REC_NAME:label | PC_TEMP_REC_NAME:label,Other,Other,IT & Sécurité,0.99928164,0.9986033,0.0031437255,high,0,True,False,False,False,60.07000000029802
5,1057892,SYSADM.PS_PC_WHERE_FND_LN,PS_PC_WHERE_FND_LN,WEIGHT | WHERE_CLAUSE_LONG,WEIGHT:quantity | WHERE_CLAUSE_LONG:label,Other,Other,IT & Sécurité,0.99928266,0.9985756,0.003072658,high,0,True,False,False,False,60.07000000029802
5,1030412,SYSADM.PS_EOEC_UL_ATTRIB,PS_EOEC_UL_ATTRIB,EOEC_UL_ATTR_NAME | EOEC_UL_ATTR_VAL1 | EOEC_UL_ATTR_VAL2 | EOEC_UL_ID,EOEC_UL_ATTR_NAME:label | EOEC_UL_ATTR_VAL1:label | EOEC_UL_ATTR_VAL2:label | EOEC_UL_ID:identifier,Other,Other,IT & Sécurité,0.99928385,0.99857396,0.0030556263,high,0,True,False,False,False,60.07000000029802
5,1165306,TRN_ID_ITEM,PS_TRN_ID_ITEM,ID_SEQ_NUM | REF_QUALIFIER_CODE | REF_VALUE | REF_VALUE_TO | TRN_BU | TRN_ID,ID_SEQ_NUM:quantity | REF_QUALIFIER_CODE:reference_identifier | REF_VALUE:reference_identifier | REF_VALUE_TO:reference_identifier | TRN_BU:label | TRN_ID:identifier,Other,Other,IT & Sécurité,0.99928534,0.9988888,0.0034622615,high,0,True,False,False,False,60.07000000029802
5,1063970,SYSADM.PS_POS_SOURCE_TBL2,PS_POS_SOURCE_TBL2,ALIAS_NAME | DEFAULT_VALUE | DESCR200 | FIELDNAME | FIELDTYPE | FORMAT | POS_SOURCE_ID | SETID,ALIAS_NAME:label | DEFAULT_VALUE:label | DESCR200:label | FIELDNAME:label | FIELDTYPE:quantity | FORMAT:quantity | POS_SOURCE_ID:identifier | SETID:label,Other,Other,IT & Sécurité,0.9992873,0.99864995,0.0031908383,high,0,True,False,False,False,60.07000000029802
5,1089789,AUC_UDDI_SRCH1,PS_AUC_UDDI_SRCH1,AUC_GET_CNTCT_FLG | DESCR254_MIXED | DESCRLONG | UDDI_BUS_KEY | UDDI_BUS_NAME,AUC_GET_CNTCT_FLG:label | DESCR254_MIXED:label | DESCRLONG:comment_text | UDDI_BUS_KEY:reference_identifier | UDDI_BUS_NAME:label,Other,Other,IT & Sécurité,0.99928784,0.9986063,0.0030959486,high,0,True,False,False,False,60.07000000029802
5,1085296,AM_LEASE_SUM,PS_AM_LEASE_SUM,ASSET_COUNT | DESCR | DTTM_STAMP | EXPIRATION_DT | LEASE_ID | LESSOR | PROCESS_INSTANCE | RESPONSIBILITY,ASSET_COUNT:quantity | DESCR:label | DTTM_STAMP:technical_timestamp | EXPIRATION_DT:date_or_timestamp | LEASE_ID:identifier | LESSOR:label | PROCESS_INSTANCE:processing_identifier | RESPONSIBILITY:label,Other,Other,IT & Sécurité,0.99928814,0.9986815,0.0031783718,high,0,True,False,False,False,60.07000000029802
5,1063995,SYSADM.PS_POS_T_DTL_TBL,PS_POS_T_DTL_TBL,DESCR50 | END_PERIOD_DEF | PERIOD_TYPE_END | PERIOD_TYPE_START | REPEAT_FREQ | REPEAT_NUMBER | REPEAT_RELATIVE | REPEAT_TIMES | REPEAT_TYPE | SEQ_NUM | SETID | START_DT | START_PERIOD_DEF | START_PRIOD_OFFSET | TIME_SET,DESCR50:label | END_PERIOD_DEF:label | PERIOD_TYPE_END:classification | PERIOD_TYPE_START:classification | REPEAT_FREQ:label | REPEAT_NUMBER:quantity | REPEAT_RELATIVE:label | REPEAT_TIMES:quantity | REPEAT_TYPE:classification | SEQ_NUM:quantity | SETID:label | START_DT:date_or_timestamp | START_PERIOD_DEF:label | START_PRIOD_OFFSET:label | TIME_SET:label,Other,Other,Finance & Contrôle,0.99928874,0.99898845,0.0035136957,high,0,True,False,False,False,60.07000000029802
5,1035557,SYSADM.PS_FO_APP_BRANCHES,PS_FO_APP_BRANCHES,APPLID | FO_BRANCH | PERCENTAGE | PRIMARY_BRANCH,APPLID:label | FO_BRANCH:label | PERCENTAGE:quantity | PRIMARY_BRANCH:label,Other,Other,IT & Sécurité,0.9992896,0.99875087,0.0032514972,high,0,True,False,False,False,60.07000000029802
5,1067474,SYSADM.PS_PTSF_SBO_PNLGRP,PS_PTSF_SBO_PNLGRP,MARKET | PNLGRPNAME | PTSF_SBO_NAME | PTSF_SRCH_CRITERIA,MARKET:label | PNLGRPNAME:label | PTSF_SBO_NAME:label | PTSF_SRCH_CRITERIA:label,Other,Other,IT & Sécurité,0.99929124,0.99875516,0.0032140426,high,0,True,False,False,False,60.07000000029802
5,1082059,SYSADM.PS_WEDGE_CD_SETUP,PS_WEDGE_CD_SETUP,PACK_WEDGE_CODE | PACK_WEDGE_TYPE | SETID,PACK_WEDGE_CODE:reference_identifier | PACK_WEDGE_TYPE:classification | SETID:label,Other,Other,Finance & Contrôle,0.99929136,0.9988888,0.0033689295,high,0,True,False,False,False,60.07000000029802
5,1006410,SYSADM.PS_AM_SUBTYPE_LG,PS_AM_SUBTYPE_LG,ASSET_SUBTYPE | ASSET_TYPE | DESCR | DESCRSHORT | LANGUAGE_CD | SETID,ASSET_SUBTYPE:label | ASSET_TYPE:classification | DESCR:label | DESCRSHORT:label | LANGUAGE_CD:label | SETID:label,Other,Other,Finance & Contrôle,0.9992921,0.9987876,0.0033188001,high,0,True,False,False,False,60.07000000029802
5,1117823,FOMB_PRGAC_MAPL,PS_FOMB_PRGAC_MAPL,BUSINESS_UNIT | EFFDT | EFF_STATUS | FED_PROGRAM | FOMB_DESCR164 | PRIORITY_ORDER,BUSINESS_UNIT:label | EFFDT:date_or_timestamp | EFF_STATUS:status | FED_PROGRAM:label | FOMB_DESCR164:label | PRIORITY_ORDER:quantity,Other,Other,Achats & Fournisseurs,0.9992922,0.9991057,0.0036082885,high,0,True,False,False,False,60.07000000029802
5,1113532,EOPCMAIN_LNG,PS_EOPCMAIN_LNG,DESCR254 | EOPCDEFN_ID | EOPCMAIN_DESCR | EOPCMAIN_DESCR254 | EOPCMAIN_ID | LANGUAGE_CD,DESCR254:label | EOPCDEFN_ID:identifier | EOPCMAIN_DESCR:label | EOPCMAIN_DESCR254:label | EOPCMAIN_ID:identifier | LANGUAGE_CD:label,Other,Other,IT & Sécurité,0.9992934,0.99866724,0.0031845933,high,0,True,False,False,False,60.07000000029802
5,1100632,CS_DOC_ADH_KEYS,PS_CS_DOC_ADH_KEYS,CS_ADHOC_ID | CS_DOC_ID | SETID,CS_ADHOC_ID:identifier | CS_DOC_ID:identifier | SETID:label,Other,Other,Supply Chain / Logistique / Production,0.9992936,0.9990638,0.0035297386,high,0,True,False,False,False,60.07000000029802
5,1069879,SYSADM.PS_REPL_RULE_FIELD,PS_REPL_RULE_FIELD,ALIAS_NAME | CSH_FCST_RULE_ID | INPUT_VALUE | OUTPUT_VALUE | SEQ_NUM | SETID,ALIAS_NAME:label | CSH_FCST_RULE_ID:identifier | INPUT_VALUE:label | OUTPUT_VALUE:label | SEQ_NUM:quantity | SETID:label,Other,Other,IT & Sécurité,0.9992939,0.9987398,0.0032282018,high,0,True,False,False,False,60.07000000029802
5,1077166,SYSADM.PS_TRANS_TYPE_TBL,PS_TRANS_TYPE_TBL,DESCR | PSFT_PRODUCT | TRANSACTION_TYPE | USE_IN_PRODUCT,DESCR:label | PSFT_PRODUCT:label | TRANSACTION_TYPE:classification | USE_IN_PRODUCT:label,Other,Other,Finance & Contrôle,0.9992945,0.9986832,0.0031795292,high,0,True,False,False,False,60.07000000029802
