asset_id,technical_name,source_ref,column_names_text,business_domain,y_pred,y_pred_alt,confidence,confidence_band,match_llm,llm_consensus_score,review_reason
1130773,OMB_HADD_TAO,PS_OMB_HADD_TAO,ADDRESS1 | ADDRESS2 | ADDRESS3 | ADDRESS4 | ADDRESS_SEQ_NUM | ADDR_FIELD1 | ADDR_FIELD2 | ADDR_FIELD3 | ALT_NAME1 | ALT_NAME2 | CITY | COUNTRY | COUNTRY_CODE | COUNTY | EFFDT | EFF_STATUS | EXTENSION | FAX | GEO_CODE | HOUSE_TYPE | IN_CITY_LIMIT | LAST_MAINT_OPRID | NUM1 | NUM2 | PHONE | POSTAL | PROCESS_INSTANCE | SETID | SHIP_TO_CUST_ID | STATE | TAX_CD,Ventes & Clients,Supply Chain / Logistique / Production,Finance & Contrôle,0.3113,low,0,0.5,low_model_confidence
1048629,SYSADM.PS_OCH_ADD_TAO,PS_OCH_ADD_TAO,ADDRESS1 | ADDRESS2 | ADDRESS3 | ADDRESS4 | ADDRESS_SEQ_NUM | ADDR_FIELD1 | ADDR_FIELD2 | ADDR_FIELD3 | ALT_NAME1 | ALT_NAME2 | CITY | COUNTRY | COUNTRY_CODE | COUNTY | EFFDT | EFF_STATUS | EXTENSION | FAX | GEO_CODE | HOUSE_TYPE | IN_CITY_LIMIT | LAST_MAINT_OPRID | NUM1 | NUM2 | PHONE | POSTAL | PROCESS_INSTANCE | SETID | SHIP_TO_CUST_ID | STATE | TAX_CD,Ventes & Clients,Finance & Contrôle,Ventes & Clients,0.321,low,0,0.5,low_model_confidence
1071688,SYSADM.PS_RS_MEMBER_DATES,PS_RS_MEMBER_DATES,CAP_PERCENT | END_DATE | FMS_DTTM_STAMP | FMS_LASTUPDDTTM | FMS_LASTUPDOPRID | FMS_OPRID | MEMBER_ID | POOL_ID | POOL_ID_FROM | START_DATE,RH,RH,IT & Sécurité,0.3271,low,1,0.5,low_model_confidence
1035902,SYSADM.PS_FOORDREVENT_UPG,PS_FOORDREVENT_UPG,DEFAULT_FLAG | DESCR254 | ORDER_EVENT_GROUP | SETID,Supply Chain / Logistique / Production,Other,IT & Sécurité,0.3273,low,0,0.5,low_model_confidence
1153560,RS_MEMBER_DATES,PS_RS_MEMBER_DATES,CAP_PERCENT | END_DATE | FMS_DTTM_STAMP | FMS_LASTUPDDTTM | FMS_LASTUPDOPRID | FMS_OPRID | MEMBER_ID | POOL_ID | POOL_ID_FROM | START_DATE,RH,RH,IT & Sécurité,0.3299,low,1,0.5,low_model_confidence
1031758,SYSADM.PS_EX_APPRVR_TYPE,PS_EX_APPRVR_TYPE,APPROVER_CATEGORY | APPRVR_TYPE | DESCR | DESCR254 | ROUTING_CHARTFIELD | SETID,IT & Sécurité,RH,Other,0.3319,low,0,0.5,low_model_confidence
1117232,FO_APP_REF,PS_FO_APP_REF,ADDRESS1 | ADDRESS2 | ADDRESS3 | ADDRESS4 | ADDR_FIELD1 | ADDR_FIELD2 | ADDR_FIELD3 | APPLID | CITY | COMMENTS | COUNTRY | COUNTRY_CODE | COUNTY | DT_CONTACTD | EMAIL_ADDR | EMPLOYER | EXTENSION | FO_TEMPLATE_TYPE | GEO_CODE | HOUSE_TYPE | IN_CITY_LIMIT | NUM1 | NUM2 | OPRID | PHONE | PHONE_TYPE | POSTAL | REFERENCE_CHECK | REFERENCE_NUM | REFERENCE_TYPE | REF_NAME | REF_TITLE | SETID | STATE | TEMPLATE_CODE,Other,RH,IT & Sécurité,0.3391,low,0,0.5,low_model_confidence
1105405,DR_ENTRYSUB_TBL,PS_DR_ENTRYSUB_TBL,DRAFT_BUSN_EVENT | DRAFT_POST_ACTION | DRAFT_SUB_EVENT | DRAFT_TYPE | ENTRY_USE_ID | SETID,Other,Finance & Contrôle,IT & Sécurité,0.3397,low,0,0.5,low_model_confidence
1090494,BC_PRJREQST_MST,PS_BC_PRJREQST_MST,ACTION_COUNT | ACTION_TYPE | BUSINESS_UNIT | COMMENTS_254 | COMPLETED | COMPLETED_ID | COMPLETION_DATE | DESCR | DUE_DATE | FMS_DTTM_STAMP | FMS_LASTUPDDTTM | FMS_LASTUPDOPRID | FMS_OPRID | MILESTONE_ID | MILESTONE_STATUS | OWNER_ID | PPK_OWNER_ID | PROJECT_ID | REQUIRED_FLAG,IT & Sécurité,Other,IT & Sécurité,0.3401,low,0,0.5,low_model_confidence
1111734,EOCM_FINL_TMP,PS_EOCM_FINL_TMP,CURRENCY_CD | EFFDT | EFF_STATUS | EOCM_ACCESS_ID | EOCM_CATALOG_ID | EOCM_CONVERSION_RT | EOCM_CRM_CAT_NBR | EOCM_CRM_ORDERABLE | EOCM_CRM_SERVICE | EOCM_DISCONTINU_DT | EOCM_ELM_CEU | EOCM_ELM_KEYWORDS | EOCM_ELM_NOTES | EOCM_EPRO_DESCR | EOCM_EPRO_FILENAME | EOCM_FILEEXTENSION | EOCM_FILEPATH | EOCM_ITMVPRIORITY | EOCM_LEAD_TIME | EOCM_LEARN_OBJ_ID | EOCM_MFG_ID | EOCM_MFG_PART_NUM | EOCM_MIN_QTY | EOCM_MODEL_NBR | EOCM_OFFER_ID | EOCM_OFFER_NM | EOCM_OFFER_NM_UP | EOCM_OFFER_STATE | EOCM_OFFER_STATUS | EOCM_PROD_BRAND | EOCM_PROD_KIT_FLAG | EOCM_PROP_NAME_1 | EOCM_PROP_NAME_2 | EOCM_PROP_NAME_3 | EOCM_PROP_NAME_4 | EOCM_PROP_NAME_5 | EOCM_PROP_VAL_1 | EOCM_PROP_VAL_2 | EOCM_PROP_VAL_3 | EOCM_PROP_VAL_4 | EOCM_PROP_VAL_5 | EOCM_REQUISITE_ID | EOCM_ROW_ID | EOCM_SUP_CAT_CD | EOCM_SUP_CAT_NM | EOCM_SUP_CAT_NM_UP | EOCM_SUP_OFFER_D | EOCM_SUP_OFFER_NM | EOCM_SUPOFFERNM_UP | EOCM_SUP_OFFER_PR | EOCM_SUP_OFFER_SKU | EOCM_SUP_OFFER_UOM | EOCM_TP_VER_ID | EOCM_VNDR_PART_EXT | EOCM_VNDR_PART_NUM | LASTUPDDTTM | LASTUPDOPRID | MESSAGE_NBR | PROCESS_INSTANCE | SETID | URL,Achats & Fournisseurs,Finance & Contrôle,Ventes & Clients,0.3414,low,0,0.5,low_model_confidence
1101953,CUSTD_ARCH,PS_CUSTD_ARCH,ARCHIVE_DT | ARCHIVE_ID | BUSINESS_UNIT | CUST_ID,Finance & Contrôle,Finance & Contrôle,Other,0.3436,low,1,1.0,low_model_confidence
1124971,INV_ADDRESS_TMP,PS_INV_ADDRESS_TMP,ADDRESS1 | ADDRESS2 | ADDRESS3 | ADDRESS4 | ADDRESS_SEQ_NUM | ADDR_FIELD1 | ADDR_FIELD2 | ADDR_FIELD3 | CITY | COUNTRY | COUNTY | EFFDT | GEO_CODE | HOUSE_TYPE | IN_CITY_LIMIT | LOCATION | NUM1 | NUM2 | POSTAL | SETID | SHIP_TO_CUST_ID | STATE,Finance & Contrôle,Finance & Contrôle,Other,0.3523,low,1,1.0,low_model_confidence
1109472,EM_CONVERLN_LN,PS_EM_CONVERLN_LN,BUSINESS_UNIT | CONVER_HDR_SEQ_NUM | CONVER_LN_SEQ_NUM | DESCRLONG | LANGUAGE_CD | OPRID | VOUCHER_ID,IT & Sécurité,Other,IT & Sécurité,0.354,low,0,0.5,low_model_confidence
1083066,SYSADM.PS_WM_WO_ALERT_STS,PS_WM_WO_ALERT_STS,SETID | STATUS_CD | WO_ALERT_TYPE,IT & Sécurité,Supply Chain / Logistique / Production,Other,0.3548,low,0,0.5,low_model_confidence
1153838,RS_SEARCH_POOLS,PS_RS_SEARCH_POOLS,DESCR | MANAGER_ID | POOL_ID | SELECT_CB | SELECTED_POOL,Other,IT & Sécurité,Other,0.3552,low,0,0.5,low_model_confidence
1039850,SYSADM.PS_IN_BU_PAR_EOC,PS_IN_BU_PAR_EOC,BUSINESS_UNIT | CHUNK_RULE_ID | EFFDT | INV_CART_ID | MSGNODENAME,Supply Chain / Logistique / Production,IT & Sécurité,Supply Chain / Logistique / Production,0.3554,low,0,0.5,low_model_confidence
1071817,SYSADM.PS_RS_SEARCH_POOLS,PS_RS_SEARCH_POOLS,DESCR | MANAGER_ID | POOL_ID | SELECT_CB | SELECTED_POOL,Other,IT & Sécurité,Other,0.3559,low,0,0.5,low_model_confidence
1056745,SYSADM.PS_PC_CPY_PRCP_TAO,PS_PC_CPY_PRCP_TAO,ACTIVITY_ID | BUSINESS_UNIT | EFFDT | EFF_STATUS | PC_CPY_UNIQUEID | PROJECT_ID | RATE_PLAN,Finance & Contrôle,Other,IT & Sécurité,0.3576,low,0,0.5,low_model_confidence
1095433,CA_RULES_LVL,PS_CA_RULES_LVL,BUSINESS_UNIT | CA_TXN_SOURCE | CRIT_SEQ | INTER_ORG_LEVEL,Other,IT & Sécurité,Finance & Contrôle,0.3605,low,0,0.5,low_model_confidence
1021559,SYSADM.PS_CM_APRECN_TMP1,PS_CM_APRECN_TMP1,BUSINESS_UNIT_RECV | CM_AP_ERROR_OK | INV_ITEM_ID | OPRID | PROCESS_INSTANCE | RECEIVER_ID | RECV_LN_NBR | RECV_SHIP_SEQ_NBR | REQUEST_ID | RUN_CNTL_ID,Achats & Fournisseurs,Supply Chain / Logistique / Production,Finance & Contrôle,0.3618,low,0,0.5,low_model_confidence
1146041,PTIACPTMPLTFQUS,PS_PTIACPTMPLTFQUS,PTIACPCHPTRID | PTIACPFLTRQRYID | PTIACPFLTRQRYREF | PTIACPSTEPID | PTIACPSTEPRANK | PTIACPTASKID | PTIACPTMPLSTEPTYPE | PTIACPTMPLT | PTIASPTMPLTVERS,IT & Sécurité,Other,IT & Sécurité,0.3625,low,0,1.0,low_model_confidence
1068314,SYSADM.PS_PYCY_NGB1_TMP,PS_PYCY_NGB1_TMP,BUSINESS_UNIT | PAY_CYCLE | PAY_CYCLE_SEQ_NUM | PROCESS_INSTANCE,RH,Finance & Contrôle,IT & Sécurité,0.3636,low,0,0.5,low_model_confidence
1018852,SYSADM.PS_CA_RULES_LVL,PS_CA_RULES_LVL,BUSINESS_UNIT | CA_TXN_SOURCE | CRIT_SEQ | INTER_ORG_LEVEL,Other,IT & Sécurité,Finance & Contrôle,0.364,low,0,0.5,low_model_confidence
1052213,SYSADM.PS_OMC_OSCH_TAO,PS_OMC_OSCH_TAO,BUSINESS_UNIT | EXTENDED_NET_PRICE | EXT_NET_PRC_BASE | ORDER_INT_LINE_NO | ORDER_NO | PROCESS_INSTANCE | SCHED_LINE_NBR | SCHED_SHIP_DTTM,Ventes & Clients,Supply Chain / Logistique / Production,Finance & Contrôle,0.364,low,0,0.5,low_model_confidence
1154747,RTV_COMMENTS,PS_RTV_COMMENTS,ALLOW_MODIFY | APPR_JUSTIFY_FLG | ATTACH_DESCR | ATT_VERSION | BUSINESS_UNIT | COMMENT_ID | COMMENT_TYPE | FILE_EXTENSION | FILENAME | OPRID | PUBLIC_FLG | PUBLIC_FLG_ATTACH | RANDOM_CMMT_NBR | RECV_VIEW_FLG | RTV_ID | RTV_LN_NBR | SCM_ATTACH_ID | SOURCE_BU_SETID | SOURCE_FROM | SOURCE_ID | SOURCE_LINE_NBR | STATUS | VCHR_VIEW_FLG,Achats & Fournisseurs,IT & Sécurité,Achats & Fournisseurs,0.3666,low,0,0.5,low_model_confidence
1149326,PYCY_NGB1_TMP,PS_PYCY_NGB1_TMP,BUSINESS_UNIT | PAY_CYCLE | PAY_CYCLE_SEQ_NUM | PROCESS_INSTANCE,RH,Finance & Contrôle,IT & Sécurité,0.3692,low,0,0.5,low_model_confidence
1081697,SYSADM.PS_VRBT_CLAIM_ACT,PS_VRBT_CLAIM_ACT,CLAIM_ID | COMMENTS_LONG | DUE_DT | ENTERED_DT | OPRID_ENTERED_BY | OPRID_SIGNED_BY | SEQNUM | SETID | SIGNED_DT | SIGNED_OFF,RH,Finance & Contrôle,Achats & Fournisseurs,0.3737,low,0,0.5,low_model_confidence
1054055,SYSADM.PS_OM_HLDAUDIT_AET,PS_OM_HLDAUDIT_AET,ACTIVE_HOLD_DTTM | APPL_ID | BUSINESS_UNIT | DEMAND_LINE_NO | DEMAND_SOURCE | EFF_STATUS | FLAG | FROM_RECNAME | HOLD_ACTION | HOLD_CD | HOLD_LEVEL | INV_ITEM_ID | LAST_MAINT_OPRID | LASTUPDDTTM | MESSAGE_CD | ORDER_INT_LINE_NO | ORDER_NO | PASS_HOLD_CD | PASS_HOLD_LEVEL | PROCESS_INSTANCE | PROD_COMPONENT_ID | PROG_NAME | REASON_CD | RECNAME1 | SCHED_LINE_NBR | SEQ_NUM | SHIP_FROM_BU | SOURCE_BUS_UNIT | STATUS_DT | SYSTEM_MAINTAINED | TO_RECNAME | WHERE_CLAUSE1,Supply Chain / Logistique / Production,Supply Chain / Logistique / Production,IT & Sécurité,0.376,low,1,0.5,low_model_confidence
1111811,EOCM_NEWGN2_TMP,PS_EOCM_NEWGN2_TMP,CURRENCY_CD | EFFDT | EFF_STATUS | EOCM_ACCESS_ID | EOCM_CATALOG_ID | EOCM_CONVERSION_RT | EOCM_CRM_CAT_NBR | EOCM_CRM_ORDERABLE | EOCM_CRM_SERVICE | EOCM_DISCONTINU_DT | EOCM_ELM_CEU | EOCM_ELM_KEYWORDS | EOCM_ELM_NOTES | EOCM_EPRO_DESCR | EOCM_EPRO_FILENAME | EOCM_FILEEXTENSION | EOCM_FILEPATH | EOCM_ITMVPRIORITY | EOCM_LEAD_TIME | EOCM_LEARN_OBJ_ID | EOCM_MFG_ID | EOCM_MFG_PART_NUM | EOCM_MIN_QTY | EOCM_MODEL_NBR | EOCM_OFFER_ID | EOCM_OFFER_NM | EOCM_OFFER_STATE | EOCM_OFFER_STATUS | EOCM_PROD_BRAND | EOCM_PROD_KIT_FLAG | EOCM_PROP_NAME_1 | EOCM_PROP_NAME_2 | EOCM_PROP_NAME_3 | EOCM_PROP_NAME_4 | EOCM_PROP_NAME_5 | EOCM_PROP_VAL_1 | EOCM_PROP_VAL_2 | EOCM_PROP_VAL_3 | EOCM_PROP_VAL_4 | EOCM_PROP_VAL_5 | EOCM_REQUISITE_ID | EOCM_ROW_ID | EOCM_SUP_CAT_CD | EOCM_SUP_CAT_NM | EOCM_SUP_OFFER_D | EOCM_SUP_OFFER_NM | EOCM_SUP_OFFER_PR | EOCM_SUP_OFFER_SKU | EOCM_SUP_OFFER_UOM | EOCM_TP_VER_ID | EOCM_VNDR_PART_EXT | EOCM_VNDR_PART_NUM | LASTUPDDTTM | LASTUPDOPRID | MESSAGE_NBR | SETID | URL,Achats & Fournisseurs,Achats & Fournisseurs,Ventes & Clients,0.3768,low,1,0.5,low_model_confidence
1170759,WM_WO_INSPC_NOT,PS_WM_WO_INSPC_NOT,BUSINESS_UNIT | CONTACT_EMPLID | CREATED_BY_USER | CREATED_DTTM | INSP_ACTIVITY_NBR | INSPECTION_ID | NOTES | NOTE_SOURCE | REPLY_STATUS | SEQ_NBR_5 | TITLE | VISIBLE_FLG | WO_ID | WO_TASK_ID,Supply Chain / Logistique / Production,IT & Sécurité,RH,0.3791,low,0,0.5,low_model_confidence
1155081,RUN_CNTL_PBM,PS_RUN_CNTL_PBM,BUSINESS_UNIT | CURRENCY_CD | CUST_ID | DESCR | END_DATE | FO_BRANCH | NUM_HOURS | OPRID | PAY_END_DT | PAY_PERIOD | PROJECT_ID | RUN_CNTL_ID | SALES_PERSON | START_DATE | USER_ORDER_TYPE,RH,Finance & Contrôle,RH,0.3829,low,0,0.5,low_model_confidence
1111760,EOCM_GNT2_TMP,PS_EOCM_GNT2_TMP,CURRENCY_CD | EFFDT | EFF_STATUS | EOCM_ACCESS_ID | EOCM_CATALOG_ID | EOCM_CONVERSION_RT | EOCM_CRM_CAT_NBR | EOCM_CRM_ORDERABLE | EOCM_CRM_SERVICE | EOCM_DISCONTINU_DT | EOCM_ELM_CEU | EOCM_ELM_KEYWORDS | EOCM_ELM_NOTES | EOCM_EPRO_DESCR | EOCM_EPRO_FILENAME | EOCM_FILEEXTENSION | EOCM_FILEPATH | EOCM_ITMVPRIORITY | EOCM_LEAD_TIME | EOCM_LEARN_OBJ_ID | EOCM_MFG_ID | EOCM_MFG_PART_NUM | EOCM_MIN_QTY | EOCM_MODEL_NBR | EOCM_OFFER_ID | EOCM_OFFER_NM | EOCM_OFFER_STATE | EOCM_OFFER_STATUS | EOCM_PROD_BRAND | EOCM_PROD_KIT_FLAG | EOCM_PROP_NAME_1 | EOCM_PROP_NAME_2 | EOCM_PROP_NAME_3 | EOCM_PROP_NAME_4 | EOCM_PROP_NAME_5 | EOCM_PROP_VAL_1 | EOCM_PROP_VAL_2 | EOCM_PROP_VAL_3 | EOCM_PROP_VAL_4 | EOCM_PROP_VAL_5 | EOCM_REQUISITE_ID | EOCM_ROW_ID | EOCM_SUP_CAT_CD | EOCM_SUP_CAT_NM | EOCM_SUP_OFFER_D | EOCM_SUP_OFFER_NM | EOCM_SUP_OFFER_PR | EOCM_SUP_OFFER_SKU | EOCM_SUP_OFFER_UOM | EOCM_TP_VER_ID | EOCM_VNDR_PART_EXT | EOCM_VNDR_PART_NUM | LASTUPDDTTM | LASTUPDOPRID | MESSAGE_NBR | PROCESS_INSTANCE | SETID | URL,Achats & Fournisseurs,IT & Sécurité,Ventes & Clients,0.3835,low,0,0.5,low_model_confidence
1130662,OM_ADD_TAO,PS_OM_ADD_TAO,ADDRESS1 | ADDRESS2 | ADDRESS3 | ADDRESS4 | ADDRESS_SEQ_NUM | ADDR_FIELD1 | ADDR_FIELD2 | ADDR_FIELD3 | ALT_NAME1 | ALT_NAME2 | CITY | COUNTRY | COUNTRY_CODE | COUNTY | EFFDT | EFF_STATUS | EXTENSION | FAX | GEO_CODE | HOUSE_TYPE | IN_CITY_LIMIT | LAST_MAINT_OPRID | NUM1 | NUM2 | PHONE | POSTAL | PROCESS_INSTANCE | SETID | SHIP_TO_CUST_ID | STATE | TAX_CD,Ventes & Clients,Finance & Contrôle,Supply Chain / Logistique / Production,0.3849,low,0,0.5,low_model_confidence
1117201,FO_APP_ED_AREA,PS_FO_APP_ED_AREA,APPLID | AREA_OF_STDY_GRADE | AREA_OF_STUDY | DATE_ACQUIRED,RH,RH,Other,0.3878,low,1,0.5,low_model_confidence
1123521,IN_IFRT_PRPT_EC,PS_IN_IFRT_PRPT_EC,DESCR254 | DEVICE_DTTIME | EIP_TRANS_SRC_SEQ | FRT_RPT_TYPE | URL,IT & Sécurité,IT & Sécurité,Other,0.3923,low,1,0.5,low_model_confidence
1049765,SYSADM.PS_OMBCK_RLS_TAO,PS_OMBCK_RLS_TAO,BUSINESS_UNIT | BUSINESS_UNIT_IN | CUST_GROUP_FLAG | CUST_ID | CUSTOMER_GROUP | DISTRIB_SET_ID | DISTRIB_TYPE | DOC_TYPE_OM | DST_RULE_CD | EFFDT | EFF_STATUS | ORDER_GRP | PROCESS_INSTANCE | PRODUCT_GROUP | PRODUCT_GROUP_FLAG | PRODUCT_ID | REGION_CD | REGION_FLAG | SEQ_NUM | SEQUENCE_NBR,Other,IT & Sécurité,Ventes & Clients,0.3928,low,0,0.5,low_model_confidence
1073257,SYSADM.PS_SDK_RP_INPUT,PS_SDK_RP_INPUT,SDK_RP_ORDEREQDATE | SDK_RP_ORDQUANTITY | SDK_RP_PARTNAME | SDK_RP_PROMISEDATE | SDK_RP_QUERY | SDK_RP_RSERVERNAME | SDK_RP_RSERVERPORT | SDK_RP_SERVERNAME | SDK_RP_SITENAME,Supply Chain / Logistique / Production,Supply Chain / Logistique / Production,IT & Sécurité,0.393,low,1,0.5,low_model_confidence
1024854,SYSADM.PS_CS_CNT_AG,PS_CS_CNT_AG,CAT_LINE_NBR | CNTRCT_ID | CNTRCT_LINE_NBR | CS_ACT_RESULT_DATE | CS_ACT_RESULT_NUM | CS_ACT_RESULT_YN | CS_AGREE_CD | CS_AGREE_SEQ5 | CS_COMMENTS | CS_COMMENTS254 | CS_COMPLIANCE_STAT | CS_INCL_IN_CNTRCT | CS_METRIC_ID | CS_RESULT_DATE | CS_RESULT_NUMERIC | CS_RESULT_TYPE | CS_RESULT_YN | CS_SETID | CS_TARGET_DATE | CS_TOLRNCE_PERCENT | CURRENCY_CD | DESCR60 | LAST_UPDATE_DTTM | OPRID_LAST_UPDT | SETID | UNIT_OF_MEASURE | VERSION_NBR,Finance & Contrôle,Achats & Fournisseurs,Finance & Contrôle,0.3942,low,0,0.5,low_model_confidence
1100333,CS_CNT_AG,PS_CS_CNT_AG,CAT_LINE_NBR | CNTRCT_ID | CNTRCT_LINE_NBR | CS_ACT_RESULT_DATE | CS_ACT_RESULT_NUM | CS_ACT_RESULT_YN | CS_AGREE_CD | CS_AGREE_SEQ5 | CS_COMMENTS | CS_COMMENTS254 | CS_COMPLIANCE_STAT | CS_INCL_IN_CNTRCT | CS_METRIC_ID | CS_RESULT_DATE | CS_RESULT_NUMERIC | CS_RESULT_TYPE | CS_RESULT_YN | CS_SETID | CS_TARGET_DATE | CS_TOLRNCE_PERCENT | CURRENCY_CD | DESCR60 | LAST_UPDATE_DTTM | OPRID_LAST_UPDT | SETID | UNIT_OF_MEASURE | VERSION_NBR,Finance & Contrôle,Achats & Fournisseurs,Finance & Contrôle,0.395,low,0,0.5,low_model_confidence
1068268,SYSADM.PS_PYCYCL_SCHEDULE,PS_PYCYCL_SCHEDULE,PAY_CYCLE | PYCYCL_RUN_DT | PYCYCL_STATUS,Finance & Contrôle,Finance & Contrôle,IT & Sécurité,0.3979,low,1,0.5,low_model_confidence
1149146,PYCYCL_AE_RQST,PS_PYCYCL_AE_RQST,BUSINESS_UNIT | BUSINESS_UNIT_LAST | CNTRCT_ID | CNTRCT_SETID | COMMIT_STEP | COMMIT_STEP_FLG | COMMIT_TEST | DESCR | DTTM_STAMP_SEC | DUP_INVOICE_EDIT | EDIT_LOG_FLG | EDIT_STEP | GOTO_RUN_STATS | GRP_AP_ID | LAST_PRCS_INSTANCE | OPRID | ORIGIN | ORIGIN_SETID | PARALLEL_SW | PAY_CYCLE | PROCESS_APAM_OPTN | PROCESS_FREQUENCY | PROCESS_INSTANCE | PROCESS_ORIGIN | PROCESS_STATUS | PYCYCL_PROC_OPTION | REASONABLE_DT_EDIT | REQUEST_ID | RUN_CNTL_ID | VENDOR_ID | VENDOR_SETID | VOUCHER_ID,Achats & Fournisseurs,Achats & Fournisseurs,IT & Sécurité,0.3992,low,1,0.5,low_model_confidence
1130620,OI_TFLT_FUNDCD,PS_OI_TFLT_FUNDCD,FIELD_DESC | FUND_CODE | OTBI_SRC_INSTANCE | SETCNTRLVALUE | SETID | SETID_TREE | TLVL1 | TLVL10 | TLVL10_DESC | TLVL11 | TLVL11_DESC | TLVL12 | TLVL12_DESC | TLVL13 | TLVL13_DESC | TLVL14 | TLVL14_DESC | TLVL15 | TLVL15_DESC | TLVL1_DESC | TLVL2 | TLVL2_DESC | TLVL3 | TLVL3_DESC | TLVL4 | TLVL4_DESC | TLVL5 | TLVL5_DESC | TLVL6 | TLVL6_DESC | TLVL7 | TLVL7_DESC | TLVL8 | TLVL8_DESC | TLVL9 | TLVL9_DESC | TNODE1 | TNODE10 | TNODE10_DESC | TNODE11 | TNODE11_DESC | TNODE12 | TNODE12_DESC | TNODE13 | TNODE13_DESC | TNODE14 | TNODE14_DESC | TNODE15 | TNODE15_DESC | TNODE1_DESC | TNODE2 | TNODE2_DESC | TNODE3 | TNODE3_DESC | TNODE4 | TNODE4_DESC | TNODE5 | TNODE5_DESC | TNODE6 | TNODE6_DESC | TNODE7 | TNODE7_DESC | TNODE8 | TNODE8_DESC | TNODE9 | TNODE9_DESC | TREE_EFFDT | TREE_NAME | TREE_NAME_OTBI,Finance & Contrôle,Finance & Contrôle,Other,0.4004,low,1,0.5,low_model_confidence
1082240,SYSADM.PS_WM_INSP_CLC_DTL,PS_WM_INSP_CLC_DTL,CALCLT_PARM_CODE | INSP_BINARY_OPER | INSP_CONSTANT_TEXT | INSPECTION_CODE | INSP_FN_AGGREG_OPT | INSP_FN_ROWCNT_NBR | INSP_FN_ROWCNT_OPT | INSP_FUNCTION_OPT | INSP_LOGICAL_OPER | INSP_LPAREN_OPT | INSP_OPERAND_TYPE | INSP_RPAREN_OPT | SEQ_NBR_5 | SETID,IT & Sécurité,Other,Supply Chain / Logistique / Production,0.4021,low,0,0.5,low_model_confidence
1074929,SYSADM.PS_SPF_WO_APR_XREF,PS_SPF_WO_APR_XREF,BUSINESS_UNIT | COMMENTS | EOAWDEFN_ID | EOAWDTTM_MODIFIED | EOAWPARENT_THREAD | EOAWPRCS_ID | EOAWREQUESTOR_ID | EOAWTHREAD_ID | EOAWTHREAD_STATUS | ORIGINATORID | RECNAME | WORK_ORDER_ID,Supply Chain / Logistique / Production,IT & Sécurité,Supply Chain / Logistique / Production,0.4026,low,0,0.5,low_model_confidence
1071423,SYSADM.PS_RS_ASSGN_STS,PS_RS_ASSGN_STS,APPR_STATUS | ASSIGNMENT_ID | ASSIGN_STS | COMMENTS_254 | DATE_IN_EFFECT | LASTUPDDTTM | LASTUPDOPRID,RH,Other,RH,0.4031,low,0,0.5,low_model_confidence
1043522,SYSADM.PS_INTFC_APAM_RQST,PS_INTFC_APAM_RQST,BUSINESS_UNIT | BUSINESS_UNIT_LAST | CNTRCT_ID | CNTRCT_SETID | COMMIT_STEP | COMMIT_STEP_FLG | COMMIT_TEST | DTTM_STAMP_SEC | DUP_INVOICE_EDIT | EDIT_LOG_FLG | EDIT_STEP | GOTO_RUN_STATS | GRP_AP_ID | LAST_PRCS_INSTANCE | OPRID | ORIGIN | ORIGIN_SETID | PARALLEL_SW | PROCESS_INSTANCE | PROCESS_ORIGIN | PROCESS_STATUS | REASONABLE_DT_EDIT | REQUEST_ID | RUN_CNTL_ID | VENDOR_ID | VENDOR_SETID | VOUCHER_ID,Finance & Contrôle,Finance & Contrôle,IT & Sécurité,0.4091,low,1,0.5,low_model_confidence
1054881,SYSADM.PS_OM_RUN_PPRC_OUT,PS_OM_RUN_PPRC_OUT,BUSINESS_UNIT | BUSINESS_UNIT_IN | CATALOG_NBR | CUST_ID | CUSTOMER_GROUP | DESCR | EFFDT | OM_PARM_SEL_OPT | OM_PARM_SEL_TYPE | OPRID | PRICE_LIST_ID | PRODUCT_GROUP | REQUEST_ID | RUN_CNTL_ID,Ventes & Clients,IT & Sécurité,Ventes & Clients,0.4097,low,0,0.5,low_model_confidence
1135928,PI_RES_AREA_ID,PS_PI_RES_AREA_ID,AREA_ID | OLD_AREA_ID | PI_ID | PI_LINE_NUM,Achats & Fournisseurs,Other,IT & Sécurité,0.4124,low,0,0.5,low_model_confidence
1140625,PROC_PART_CF_V,PS_PROC_PART_CF_V,BUSINESS_UNIT | CHARTFIELD | CHARTFIELD_VALUE | PROC_PART_ID,Finance & Contrôle,Finance & Contrôle,IT & Sécurité,0.4134,low,1,1.0,low_model_confidence
1130948,OMB_SSRC_TAO,PS_OMB_SSRC_TAO,ACTION_FLG | BUSINESS_UNIT | DATE_BEGIN | DATE_END | EFF_STATUS | ORDER_INT_LINE_NO | ORDER_NO | PRIORITY | PRIORITY_NBR | PROCESS_INSTANCE | PRODUCT_ID | PRODUCT_KIT_FLAG | QTY_AVAILABLE | SEQ_NUM | SHIP_FROM_BU | TRFT_DISPOSITION | TRFT_PRIORITY | TRFT_RULE_CD | TRFT_SET_ID | TRFT_SRC_TYPE | TRFT_SRC_VALUE | UNIT_OF_MEASURE,Supply Chain / Logistique / Production,IT & Sécurité,Supply Chain / Logistique / Production,0.4135,low,0,0.5,low_model_confidence
1072117,SYSADM.PS_RTBL_SCEN_QUOTA,PS_RTBL_SCEN_QUOTA,OWNER_SCENARIO | RTBL_QUOTA | RTBL_TOTAL,Finance & Contrôle,Other,Finance & Contrôle,0.4154,low,0,1.0,low_model_confidence
1156800,SDK_RP_INPUT,PS_SDK_RP_INPUT,SDK_RP_ORDEREQDATE | SDK_RP_ORDQUANTITY | SDK_RP_PARTNAME | SDK_RP_PROMISEDATE | SDK_RP_QUERY | SDK_RP_RSERVERNAME | SDK_RP_RSERVERPORT | SDK_RP_SERVERNAME | SDK_RP_SITENAME,Supply Chain / Logistique / Production,Supply Chain / Logistique / Production,IT & Sécurité,0.4164,low,1,0.5,low_model_confidence
1131861,OM_RUN_PPRC_OUT,PS_OM_RUN_PPRC_OUT,BUSINESS_UNIT | BUSINESS_UNIT_IN | CATALOG_NBR | CUST_ID | CUSTOMER_GROUP | DESCR | EFFDT | OM_PARM_SEL_OPT | OM_PARM_SEL_TYPE | OPRID | PRICE_LIST_ID | PRODUCT_GROUP | REQUEST_ID | RUN_CNTL_ID,Ventes & Clients,IT & Sécurité,Ventes & Clients,0.4169,low,0,0.5,low_model_confidence
1051652,SYSADM.PS_OMB_SSRC_TAO,PS_OMB_SSRC_TAO,ACTION_FLG | BUSINESS_UNIT | DATE_BEGIN | DATE_END | EFF_STATUS | ORDER_INT_LINE_NO | ORDER_NO | PRIORITY | PRIORITY_NBR | PROCESS_INSTANCE | PRODUCT_ID | PRODUCT_KIT_FLAG | QTY_AVAILABLE | SEQ_NUM | SHIP_FROM_BU | TRFT_DISPOSITION | TRFT_PRIORITY | TRFT_RULE_CD | TRFT_SET_ID | TRFT_SRC_TYPE | TRFT_SRC_VALUE | UNIT_OF_MEASURE,Supply Chain / Logistique / Production,IT & Sécurité,Supply Chain / Logistique / Production,0.417,low,0,0.5,low_model_confidence
1013004,SYSADM.PS_BI_PNLSERIESHDR,PS_BI_PNLSERIESHDR,ADD_DTTM | BI_PNLSERIES_ID | DESCR | DESCRSHORT | LAST_MAINT_OPRID | LAST_UPDATE_DTTM,Finance & Contrôle,IT & Sécurité,Other,0.4191,low,0,0.5,low_model_confidence
1011104,SYSADM.PS_BC_SETUP_PROMPT,PS_BC_SETUP_PROMPT,BC_ACCT_PROMPT | BC_CLASS_PROMPT | BC_DEPT_PROMPT | BC_FUND_PROMPT | BC_INDUSTRY_TYPE | FMS_DTTM_STAMP | FMS_LASTUPDDTTM | FMS_LASTUPDOPRID | FMS_OPRID,IT & Sécurité,Other,IT & Sécurité,0.4206,low,0,0.5,low_model_confidence
1077642,SYSADM.PS_TR_TREE_SRC_TMP,PS_TR_TREE_SRC_TMP,ALIAS_NAME | POS_BIN_OPT_VAL | POS_COMODITIES_VAL | POS_FROM_SQL | POS_FUTURES_VAL | POS_FX_VAL | POS_GENERIC_VAL | POS_OPT_VAL | POS_PHYS_BOROW_VAL | POS_PHYS_LEND_VAL | POS_PHYS_SWAP_VAL | POS_SELECT_SQL | POS_SOURCE_ID | POS_WHERE_SQL | SETID | SOURCE_SET | TREE_NAME,Finance & Contrôle,Other,IT & Sécurité,0.423,low,0,0.5,low_model_confidence
1031158,SYSADM.PS_EP_GROUP_IN,PS_EP_GROUP_IN,BUSINESS_UNIT_IN | EP_GROUP_CODE | MASTER_IN_EP | PL_SUB_OPTIONS,Other,Other,IT & Sécurité,0.4237,low,1,0.5,low_model_confidence
1104406,DP_IPMASTTMPCOS,PS_DP_IPMASTTMPCOS,DP_ITEMCODE | DP_LOCATION | DP_NUMBER01 | DP_PERIOD | DP_POLICYSET | DP_YEAR,Supply Chain / Logistique / Production,Other,Finance & Contrôle,0.4242,low,0,0.5,low_model_confidence
1170834,WM_WO_JTMPL_STP,PS_WM_WO_JTMPL_STP,DEPEND_TASK_ID | EFFDT | OVERLAP_PERCENT | SEQ_NBR_5 | SETID | WO_TASK_ID | WO_TASK_TMPLT_ID | WO_TEMPLATE_ID,Supply Chain / Logistique / Production,Supply Chain / Logistique / Production,IT & Sécurité,0.4252,low,1,0.5,low_model_confidence
1171482,XBRL_ELMT_TBL,PS_XBRL_ELMT_TBL,CONTEXT | DRCR | EFFDT | EFF_STATUS | ELEMENT_LABEL | NAMESPACE_ALIAS | XBRL_ELEMENT_ID | XBRL_ELEMENT_LBL,Finance & Contrôle,Finance & Contrôle,Other,0.4279,low,1,1.0,low_model_confidence
1124546,INSTALLATION_SP,PS_INSTALLATION_SP,BASE_UNIT_WK | BUFFER_COUNT | CNTRCT_ENABLED | DAYS_UOM | REGION_CATALOG | RES_ID_LAST_USED | SCH_EM | SHEET_ID_LAST_USED | SP_ADMIN_ENABLED | SPA_PERSONID_PREFX | SP_AUC_ENABLED | SPB_WOPO | SP_DISP_APPR_CHUNK | SP_EXPENSE_ENABLED | SPF_COMMENTS | SP_FULFILL_ENABLED | SP_HCMCORE_ENABLED | SP_HCM_ENABLED | SP_HCM_NODE | SP_HCM_TERM | SP_IN_APPR_MAX_ROW | SP_MAX_RESULTS | SP_MSP_FLAG | SP_REASCD_REQUIRED | SP_SETTLE_ENABLED | SP_TASK_INTG_ENBLD | UNIT_OF_MEASURE | USE_PAY_TYPES,IT & Sécurité,RH,Finance & Contrôle,0.4287,low,0,0.5,low_model_confidence
1115481,EXP_BI_HIST,PS_EXP_BI_HIST,NEW_VAL_TO_SEQ | OLD_VAL_TO_SEQ | ORDER_NO,Achats & Fournisseurs,Achats & Fournisseurs,Other,0.4299,low,1,1.0,low_model_confidence
1075271,SYSADM.PS_SPR_PAGE_CD_TBL,PS_SPR_PAGE_CD_TBL,DESCR | DIMENSION_ID | SPB_PREF_RECORD | SPR_GRAPH_FIELD | SPR_GRAPH_O_TITLE | SPR_GRAPH_RECORD | SPR_GRAPH_TITLE | SPR_GRAPH_TYPE | SPR_GRID_RECORD | SPR_OVERLAY_FIELD | SPR_PAGE_CODE | SPR_SERIES_FIELD | SPR_TRANSFER_BAR | SPR_TRANSFER_ITEM | SPR_TRANSFER_MENU | SPR_TRANSFER_PAGE | SPR_X_FIELD | SPR_X_TITLE | SPR_Y_FIELD | SPR_Y_TITLE,IT & Sécurité,IT & Sécurité,RH,0.4304,low,1,0.5,low_model_confidence
1124678,INTFC_APAM_RQST,PS_INTFC_APAM_RQST,BUSINESS_UNIT | BUSINESS_UNIT_LAST | CNTRCT_ID | CNTRCT_SETID | COMMIT_STEP | COMMIT_STEP_FLG | COMMIT_TEST | DTTM_STAMP_SEC | DUP_INVOICE_EDIT | EDIT_LOG_FLG | EDIT_STEP | GOTO_RUN_STATS | GRP_AP_ID | LAST_PRCS_INSTANCE | OPRID | ORIGIN | ORIGIN_SETID | PARALLEL_SW | PROCESS_INSTANCE | PROCESS_ORIGIN | PROCESS_STATUS | REASONABLE_DT_EDIT | REQUEST_ID | RUN_CNTL_ID | VENDOR_ID | VENDOR_SETID | VOUCHER_ID,Finance & Contrôle,IT & Sécurité,Finance & Contrôle,0.4317,low,0,0.5,low_model_confidence
1038243,SYSADM.PS_GM_FA_OPTIONS3,PS_GM_FA_OPTIONS3,BUSINESS_UNIT | FA_CS_FROM_VALUE | FA_CS_TO_VALUE | FIELDNAME,Finance & Contrôle,Other,Finance & Contrôle,0.4325,low,0,0.5,low_model_confidence
1114557,EX_APPRVR,PS_EX_APPRVR,APPROVER_OPRID | APPROVER_PROFILE | BUSINESS_UNIT_GL | CHARTFIELD_FROM | CHARTFIELD_TO,Finance & Contrôle,Finance & Contrôle,IT & Sécurité,0.4336,low,1,0.5,low_model_confidence
1096356,CDR_RECON_COINS,PS_CDR_RECON_COINS,BUSINESS_UNIT | BUS_UNIT_TYPE | DENOM_CD | DENOM_CD_QTY | DENOM_TYPE | DRAWER_ID | LAST_MAINT_OPRID | LAST_UPDATE_DTTM | RECON_ID,Finance & Contrôle,IT & Sécurité,Finance & Contrôle,0.4349,low,0,0.5,low_model_confidence
1019959,SYSADM.PS_CE_GROUP_HDR,PS_CE_GROUP_HDR,BUSINESS_UNIT | CE_GRP_PID_ID | DESCR | INV_ITEM_ID,Supply Chain / Logistique / Production,Other,Supply Chain / Logistique / Production,0.4369,low,0,0.5,low_model_confidence
1104856,DP_REFRESH_HDR,PS_DP_REFRESH_HDR,DESCR60 | DP_CONFIGVIEW | DP_CUSTOM_FLD_FROM | DP_LEVEL_SELECT | DP_REFRESH_PARENT | DP_ROLLPERIODS | DP_SPECS_ID | DP_USERDATACODE,IT & Sécurité,Other,IT & Sécurité,0.4377,low,0,0.5,low_model_confidence
1027807,SYSADM.PS_DP_REFRESH_HDR,PS_DP_REFRESH_HDR,DESCR60 | DP_CONFIGVIEW | DP_CUSTOM_FLD_FROM | DP_LEVEL_SELECT | DP_REFRESH_PARENT | DP_ROLLPERIODS | DP_SPECS_ID | DP_USERDATACODE,IT & Sécurité,IT & Sécurité,Other,0.4401,low,1,0.5,low_model_confidence
1020984,SYSADM.PS_CHNG_RQST_ADDR,PS_CHNG_RQST_ADDR,ADDRESS1 | ADDRESS2 | ADDRESS3 | ADDRESS4 | ADDR_FIELD1 | ADDR_FIELD2 | ADDR_FIELD3 | BUSINESS_UNIT | CHNG_DTTM | CHNG_SOURCE | CHNG_TYPE | CITY | COUNTRY | COUNTRY_CODE | COUNTY | DISTRIB_LINE_NUM | EXTENSION | FAX | FIELDNAME | GEO_CODE | HOUSE_TYPE | IN_CITY_LIMIT | LAST_DTTM_UPDATE | LINE_NBR | NUM1 | NUM2 | OPRID_MODIFIED_BY | PHONE | PO_ID | POSTAL | PROCESS_INSTANCE | SCHED_NBR | STATE,Achats & Fournisseurs,Other,IT & Sécurité,0.4408,low,0,0.5,low_model_confidence
1029930,SYSADM.PS_EOCM_GEN_TMP,PS_EOCM_GEN_TMP,CURRENCY_CD | EFFDT | EFF_STATUS | EOCM_CONVERSION_RT | EOCM_CRM_CAT_NBR | EOCM_CRM_ORDERABLE | EOCM_CRM_SERVICE | EOCM_DISCONTINU_DT | EOCM_ELM_CEU | EOCM_ELM_KEYWORDS | EOCM_ELM_NOTES | EOCM_EPRO_DESCR | EOCM_EPRO_FILENAME | EOCM_FILEEXTENSION | EOCM_FILEPATH | EOCM_ITMVPRIORITY | EOCM_LEAD_TIME | EOCM_LEARN_OBJ_ID | EOCM_MFG_ID | EOCM_MFG_PART_NUM | EOCM_MIN_QTY | EOCM_MODEL_NBR | EOCM_OFFER_ID | EOCM_OFFER_NM | EOCM_OFFER_STATE | EOCM_OFFER_STATUS | EOCM_PROD_BRAND | EOCM_PROD_KIT_FLAG | EOCM_PROP_NAME_1 | EOCM_PROP_NAME_2 | EOCM_PROP_NAME_3 | EOCM_PROP_NAME_4 | EOCM_PROP_NAME_5 | EOCM_PROP_VAL_1 | EOCM_PROP_VAL_2 | EOCM_PROP_VAL_3 | EOCM_PROP_VAL_4 | EOCM_PROP_VAL_5 | EOCM_REQUISITE_ID | EOCM_ROW_ID | EOCM_SUP_CAT_CD | EOCM_SUP_CAT_NM | EOCM_SUP_OFFER_D | EOCM_SUP_OFFER_NM | EOCM_SUP_OFFER_PR | EOCM_SUP_OFFER_SKU | EOCM_SUP_OFFER_UOM | EOCM_VNDR_PART_EXT | EOCM_VNDR_PART_NUM | LASTUPDDTTM | LASTUPDOPRID | MESSAGE_NBR | PROCESS_INSTANCE | URL,Achats & Fournisseurs,Ventes & Clients,Achats & Fournisseurs,0.4416,low,0,0.5,low_model_confidence
1134299,PC_GNT_SCHED,PS_PC_GNT_SCHED,APPROVAL_DATE | APPROVED_FLG | INCENTIVE_ID | MSTONE_SEQ | VERIFY_BTN,RH,IT & Sécurité,Other,0.4428,low,0,0.5,low_model_confidence
1151999,RE_SAR_DETAIL,PS_RE_SAR_DETAIL,ACTUAL_COMP_DT | APPROVER | BUSINESS_UNIT | DESCRLONG | ESTIMATED_COMP_DT | FMS_DTTM_STAMP | FMS_LASTUPDDTTM | FMS_LASTUPDOPRID | FMS_OPRID | PRTFL_MGR | REGION_CD | RE_SPECIALIST | SAR_ID | SAR_NAME | SAR_START_DT | SAR_STATUS | SITE_TYPE | VNDR_LOC,Achats & Fournisseurs,IT & Sécurité,Achats & Fournisseurs,0.4431,low,0,0.5,low_model_confidence
1083136,SYSADM.PS_WM_WO_INSPC_ACT,PS_WM_WO_INSPC_ACT,BUSINESS_UNIT | CRAFT_ID | DEPEND_ACTV_NBR | DESCR50 | EMPLID | INSP_ACTIVITY_NBR | INSP_ACTIVITY_TYPE | INSP_ACTV_SRC_CODE | INSPECT_END_DTTM | INSPECTION_ID | INSPECT_START_DTTM | STATUS_DTTM | WO_DURATION | WO_DURATION2 | WO_ID | WO_INSPECT_STATUS | WO_TASK_ID,Supply Chain / Logistique / Production,Supply Chain / Logistique / Production,RH,0.4439,low,1,0.5,low_model_confidence
1057002,SYSADM.PS_PC_GNT_SCHED,PS_PC_GNT_SCHED,APPROVAL_DATE | APPROVED_FLG | INCENTIVE_ID | MSTONE_SEQ | VERIFY_BTN,RH,IT & Sécurité,Other,0.4448,low,0,0.5,low_model_confidence
1027790,SYSADM.PS_DP_PUB_FCASTKEY,PS_DP_PUB_FCASTKEY,DP_FIELDID | DP_PUBLISH_DATE | DP_PUBLISHNAME | DP_SEQNUMBER,Supply Chain / Logistique / Production,Supply Chain / Logistique / Production,IT & Sécurité,0.446,low,1,0.5,low_model_confidence
1104081,DP_EVINST_EXP,PS_DP_EVINST_EXP,DP_CONFIGLEVEL | DP_CONFIGVIEW | DP_DEMANDVALUE | DP_EVENTID | DP_EXPENSECODE | DP_INSTANCESTARTPD | DP_INSTANCESTARTYR | DP_SEQNUMBER,Finance & Contrôle,IT & Sécurité,Supply Chain / Logistique / Production,0.4466,low,0,0.5,low_model_confidence
1160807,SPF_ATTACHMENT,PS_SPF_ATTACHMENT,ATTACH_BOX | ATTACHSYSFILENAME | ATTACHUSERFILE | PERSON_ID,IT & Sécurité,RH,Other,0.4471,low,0,0.5,low_model_confidence
1094983,CA_OLD_OPRSTAT,PS_CA_OLD_OPRSTAT,BUSINESS_UNIT | CALENDAR_ID | CA_PAGELET_FORMAT | CA_RQST_SRC | COMPONENT_ID | CONTRACT_ADMIN | CONTRACT_NUM | CONTRACT_TYPE | CURRENCY_CD | DEFAULT_FLAG | DESCR | FROM_DATE | FROM_DATE_OPTION | MY_CONTRACTS | NUM_PER | OPRID | REGION_CD | SHOW_ACTIVE | SHOW_CLOSED | SHOW_PENDING | SOLD_TO_CUST_ID | SUBCUST_QUAL1 | SUBCUST_QUAL2 | THRU_DATE | THRU_DATE_OPTION,Ventes & Clients,Finance & Contrôle,IT & Sécurité,0.4475,low,0,0.5,low_model_confidence
1170646,WM_WO_ATTACH,PS_WM_WO_ATTACH,ATTACHSYSFILENAME | ATTACHUSERFILE | BUSINESS_UNIT | CREATED_BY_USER | CREATED_DTTM | DESCR | SEQ_NBR_5 | WO_ID,Supply Chain / Logistique / Production,IT & Sécurité,Supply Chain / Logistique / Production,0.4487,low,0,0.5,low_model_confidence
1104344,DP_INT_UPDATA,PS_DP_INT_UPDATA,DP_ADJ_COMMENT | DP_ADJ_REASON | DP_BASEUOM | DP_CONFIGLEVEL | DP_CONFIGVIEW | DP_CONVFACTOR | DP_DELETEDATA | DP_ERRORMESSAGE | DP_FORECAST01 | DP_FORECAST02 | DP_FORECAST03 | DP_FORECAST04 | DP_FORECAST05 | DP_FORECAST06 | DP_FORECAST07 | DP_FORECAST08 | DP_FORECAST09 | DP_FORECAST10 | DP_FORECASTITEM | DP_IMPORTSPEC | DP_INPUTDATE | DP_ITEMCODE | DP_LOCATION | DP_PDCOSTFACTOR | DP_PERIOD | DP_PERIODCOST | DP_PERIODPRICE | DP_ROUNDDECIMALS | DP_SEQNUMBER | DP_TRANSDATE | DP_TRANSFERREDBY | DP_UD01 | DP_UD02 | DP_UD03 | DP_UD04 | DP_UD05 | DP_UD06 | DP_UD07 | DP_UD08 | DP_UD09 | DP_UD10 | DP_UD11 | DP_UD12 | DP_UD13 | DP_UD14 | DP_UD15 | DP_UD16 | DP_UD17 | DP_UD18 | DP_UD19 | DP_UD20 | DP_UD21 | DP_UD22 | DP_UD23 | DP_UD24 | DP_UD25 | DP_UD26 | DP_UD27 | DP_UD28 | DP_UD29 | DP_UD30 | DP_UD31 | DP_UD32 | DP_UD33 | DP_UD34 | DP_UD35 | DP_UD36 | DP_UD37 | DP_UD38 | DP_UD39 | DP_UD40 | DP_UD41 | DP_UD42 | DP_UD43 | DP_UD44 | DP_UD45 | DP_UD46 | DP_UD47 | DP_UD48 | DP_UD49 | DP_UD50 | DP_UPDATESTATUS | DP_USERDATA01 | DP_USERDATA02 | DP_USERDATA03 | DP_USERDATA04 | DP_USERDATA05 | DP_USERDATA06 | DP_USERDATA07 | DP_USERDATA08 | DP_USERDATA09 | DP_USERDATA10 | DP_YEAR,Finance & Contrôle,Supply Chain / Logistique / Production,Finance & Contrôle,0.4488,low,0,0.5,low_model_confidence
1105374,DR_DISH_DTL,PS_DR_DISH_DTL,DRAFT_BU | DRAFT_ID | DR_DISHONOR_BU | DR_DISHONOR_ID,Finance & Contrôle,Finance & Contrôle,Other,0.4491,low,1,1.0,low_model_confidence
1065103,SYSADM.PS_PR_CONVER_LN_H,PS_PR_CONVER_LN_H,CONVER_HDR_SEQ_NUM | CONVER_LN_DTTM | CONVER_LN_SEQ_NUM | CONVER_SEQ_NUM | DESCRLONG | KEY1_FLDNAME | KEY1_FLD_VAL | OPRID | PSARCH_BATCHNUM | PSARCH_ID,IT & Sécurité,Achats & Fournisseurs,IT & Sécurité,0.4531,low,0,1.0,low_model_confidence
1104619,DP_PUB_FCASTKEY,PS_DP_PUB_FCASTKEY,DP_FIELDID | DP_PUBLISH_DATE | DP_PUBLISHNAME | DP_SEQNUMBER,Supply Chain / Logistique / Production,Supply Chain / Logistique / Production,IT & Sécurité,0.4552,low,1,0.5,low_model_confidence
1029844,SYSADM.PS_EOCM_ERR_TMP,PS_EOCM_ERR_TMP,CURRENCY_CD | EFFDT | EFF_STATUS | EOCM_ACCESS_ID | EOCM_CATALOG_ID | EOCM_CONVERSION_RT | EOCM_CRM_CAT_NBR | EOCM_CRM_ORDERABLE | EOCM_CRM_SERVICE | EOCM_DISCONTINU_DT | EOCM_ELM_CEU | EOCM_ELM_KEYWORDS | EOCM_ELM_NOTES | EOCM_EPRO_DESCR | EOCM_EPRO_FILENAME | EOCM_FILEEXTENSION | EOCM_FILEPATH | EOCM_ITMVPRIORITY | EOCM_LEAD_TIME | EOCM_LEARN_OBJ_ID | EOCM_MFG_ID | EOCM_MFG_PART_NUM | EOCM_MIN_QTY | EOCM_MODEL_NBR | EOCM_OFFER_ID | EOCM_OFFER_NM | EOCM_OFFER_STATE | EOCM_OFFER_STATUS | EOCM_PROD_BRAND | EOCM_PROD_KIT_FLAG | EOCM_PROP_NAME_1 | EOCM_PROP_NAME_2 | EOCM_PROP_NAME_3 | EOCM_PROP_NAME_4 | EOCM_PROP_NAME_5 | EOCM_PROP_VAL_1 | EOCM_PROP_VAL_2 | EOCM_PROP_VAL_3 | EOCM_PROP_VAL_4 | EOCM_PROP_VAL_5 | EOCM_REQUISITE_ID | EOCM_ROW_ID | EOCM_SUP_CAT_CD | EOCM_SUP_CAT_NM | EOCM_SUP_OFFER_D | EOCM_SUP_OFFER_NM | EOCM_SUP_OFFER_PR | EOCM_SUP_OFFER_SKU | EOCM_SUP_OFFER_UOM | EOCM_TP_VER_ID | EOCM_VNDR_PART_EXT | EOCM_VNDR_PART_NUM | LASTUPDDTTM | LASTUPDOPRID | MESSAGE_NBR | PROCESS_INSTANCE | SETID | URL,Achats & Fournisseurs,Achats & Fournisseurs,IT & Sécurité,0.4569,low,1,0.5,low_model_confidence
1013307,SYSADM.PS_BI_WHCC_TAO,PS_BI_WHCC_TAO,ADD_DTTM | ADDRESS1 | ADDRESS2 | ADDRESS3 | ADDRESS4 | ADDRESS_SEQ_NUM | ADDR_FIELD1 | ADDR_FIELD2 | ADDR_FIELD3 | BILL_TO_COPIES | BILL_TO_MEDIA | BUSINESS_UNIT | CITY | CNTCT_SEQ_NUM | COUNTRY | COUNTY | CUST_ID | CUST_NAME | EMAILID | ERROR_STATUS_BI | FAX | HOUSE_TYPE | IN_CITY_LIMIT | INVOICE | IVC_DELIVERED_FLG | LANGUAGE_CD | LAST_MAINT_OPRID | LAST_UPDATE_DTTM | NAME1 | NUM1 | NUM2 | POSTAL | PROCESS_INSTANCE | SEQ_NUM | STATE,Ventes & Clients,Finance & Contrôle,Other,0.4575,low,0,0.5,low_model_confidence
1150153,RBT_SCON_TMP,PS_RBT_SCON_TMP,CNTRCT_ID | CURRENCY_CD | LINE_NBR | PROCESS_INSTANCE | REBATE_AMT | REBATE_FLAG | SETID | SOLD_TO_CUST_ID,Finance & Contrôle,Achats & Fournisseurs,Finance & Contrôle,0.458,low,0,0.5,low_model_confidence
1068820,SYSADM.PS_RBT_SCON_TMP,PS_RBT_SCON_TMP,CNTRCT_ID | CURRENCY_CD | LINE_NBR | PROCESS_INSTANCE | REBATE_AMT | REBATE_FLAG | SETID | SOLD_TO_CUST_ID,Finance & Contrôle,Achats & Fournisseurs,Finance & Contrôle,0.4601,low,0,0.5,low_model_confidence
1065377,SYSADM.PS_PROC_PART_TBL,PS_PROC_PART_TBL,DESCR | PROC_PART_ID,Achats & Fournisseurs,IT & Sécurité,Achats & Fournisseurs,0.4605,low,0,0.5,low_model_confidence
1140103,PR_CONVER_REC,PS_PR_CONVER_REC,CONVER_DTTM_INIT | CONVER_SEQ_NUM | KEY1_FLDNAME | KEY1_FLD_VAL,Achats & Fournisseurs,Achats & Fournisseurs,Other,0.4612,low,1,1.0,low_model_confidence
1065376,SYSADM.PS_PROC_PART_LANG,PS_PROC_PART_LANG,DESCR | LANGUAGE_CD | PROC_PART_ID,Achats & Fournisseurs,Achats & Fournisseurs,Other,0.4614,low,1,1.0,low_model_confidence
1134292,PC_GNT_CRITERIA,PS_PC_GNT_CRITERIA,DEPTID | FIELDNAME | FIELD_VALUE | INCENTIVE_ID | LOCATION | PROFILE_ID,RH,Other,IT & Sécurité,0.462,low,0,0.5,low_model_confidence
1088596,ASSET_INCDT_DTL,PS_ASSET_INCDT_DTL,AM_IOT_INCD_ATTRNM | AM_IOT_INCD_OBSVAL | AM_IOT_INCD_THSVAL | AM_IOT_INCIDENT_ID | AM_IOT_INCIDNT_STS | AM_IOT_INCIDNT_TYP | ASSET_ID | BUSINESS_UNIT | CBM_ALERT_DATETIME | CBM_ALERT_ID | WO_ID,IT & Sécurité,Other,IT & Sécurité,0.4623,low,0,0.5,low_model_confidence
1073244,SYSADM.PS_SDK_CURR_CD_TBL,PS_SDK_CURR_CD_TBL,SDK_CURRENCY_CD | SDK_DESCR | SDK_DESCRSHORT | SDK_EFFDT | SDK_EFF_STATUS,Finance & Contrôle,Other,Finance & Contrôle,0.4624,low,0,0.5,low_model_confidence
1131698,OMPB_QTY_TAO,PS_OMPB_QTY_TAO,END_DATE | PROCESS_INSTANCE | PRODUCT_ID | QTY_MAX | QTY_MIN | SOLD_TO_CUST_ID | START_DT | UNIT_OF_MEASURE,Supply Chain / Logistique / Production,IT & Sécurité,Ventes & Clients,0.4634,low,0,0.5,low_model_confidence
1110658,ENTRY_REASN_LG,PS_ENTRY_REASN_LG,DESCR | DESCRSHORT | ENTRY_REASON | ENTRY_TYPE | LANGUAGE_CD | SETID,RH,Other,Finance & Contrôle,0.4641,low,0,0.5,low_model_confidence
1053770,SYSADM.PS_OMETRPTBRKTAO,PS_OMETRPTBRKTAO,EFFDT | EFF_STATUS | LEAD_TIME_MINUTES | PROCESS_INSTANCE | SETID | TRFT_SET_ID | TRNSPT_LEAD_DAYS | TRNSPT_LEAD_HOURS | TRNSPT_LEAD_MIN | UNIT_OF_MEASURE,Supply Chain / Logistique / Production,Supply Chain / Logistique / Production,IT & Sécurité,0.4657,low,1,0.5,low_model_confidence
1065461,SYSADM.PS_PRODNOTKEYWD_MD,PS_PRODNOTKEYWD_MD,AUDIT_ACTN | DATETIME_ADDED | EIP_CTL_ID | EIP_PROGRAM | KEY_WORD | LAST_MAINT_OPRID | LASTUPDDTTM | PRODUCT_ID | SEQ_NUM | SETID,Supply Chain / Logistique / Production,Other,IT & Sécurité,0.4673,low,0,0.5,low_model_confidence
1012416,SYSADM.PS_BI_EXTRCT_CC,PS_BI_EXTRCT_CC,ADD_DT | ADDRESS1 | ADDRESS2 | ADDRESS3 | ADDRESS4 | ADDRESS_SEQ_NUM | ADDR_FIELD1 | ADDR_FIELD2 | ADDR_FIELD3 | BILL_TO_COPIES | BILL_TO_MEDIA | BUSINESS_UNIT | CITY | CNTCT_SEQ_NUM | COUNTRY | COUNTY | CUST_ID | CUST_NAME | EMAILID | ERROR_STATUS_BI | FAX | HOUSE_TYPE | IN_CITY_LIMIT | INVOICE | IVC_DELIVERED_FLG | LANGUAGE_CD | LAST_MAINT_OPRID | NAME1 | NUM1 | NUM2 | POSTAL | PROCESS_INSTANCE | SEQ_NUM | STATE,Ventes & Clients,Finance & Contrôle,Other,0.4692,low,0,0.5,low_model_confidence
1140268,PRCR_TXN_HST_RC,PS_PRCR_TXN_HST_RC,END_PERIOD | END_YEAR | OPRID | PRCR_PER_TYPE | REL_END_PER | REL_START_PER | REPORT_ENTITY | RUN_CNTL_ID | START_PERIOD | START_YEAR,Finance & Contrôle,IT & Sécurité,Finance & Contrôle,0.4695,low,0,0.5,low_model_confidence
1027639,SYSADM.PS_DP_FCITMCAPTION,PS_DP_FCITMCAPTION,DP_CAPTIONUSE | DP_CONFIGLEVEL | DP_CONFIGVIEW,IT & Sécurité,Other,Supply Chain / Logistique / Production,0.47,low,0,0.5,low_model_confidence
1071887,SYSADM.PS_RS_SUPDMD_TMP1,PS_RS_SUPDMD_TMP1,CAPACITY | DATATYPEDESCR | EFFORT | FULL_TIME_RES_DMD | FULL_TIME_RES_SUP,Supply Chain / Logistique / Production,Achats & Fournisseurs,Other,0.4704,low,0,0.5,low_model_confidence
1065106,SYSADM.PS_PR_CONVER_REC_H,PS_PR_CONVER_REC_H,CONVER_DTTM_INIT | CONVER_SEQ_NUM | KEY1_FLDNAME | KEY1_FLD_VAL | PSARCH_BATCHNUM | PSARCH_ID,Other,Other,Achats & Fournisseurs,0.4718,low,1,1.0,low_model_confidence
1065983,SYSADM.PS_PSDMT_SRCHS_AUX,PS_PSDMT_SRCHS_AUX,BUSINESS_UNIT | CURRENCY_CD | DECIMALPOS | FIELDLABEL | FIELDNAME | FIELDNUM | FIELDTYPE | FIELDVALUE_AMT1 | FIELDVALUE_AMT2 | FIELDVALUE_CHAR1 | FIELDVALUE_CHAR2 | FIELDVALUE_DEC1 | FIELDVALUE_DEC2 | FIELDVALUE_DT1 | FIELDVALUE_DT2 | FIELDVALUE_NUM1 | FIELDVALUE_NUM2 | LENGTH | PSDMT_LOPER_CHAR | PSDMT_LOPER_DATE | PSDMT_LOPER_NUM | PSDMUNIT_FIELDSEQ | PSDMUNIT_ID | PS_OWNER | SETID | UPPER_SW | USER_DEFINED,Other,IT & Sécurité,Finance & Contrôle,0.4728,low,0,0.5,low_model_confidence
1030036,SYSADM.PS_EOCM_SOFF_ATTCH,PS_EOCM_SOFF_ATTCH,EFFDT | EFF_STATUS | EOCM_ACCESS_ID | EOCM_CATALOG_ID | EOCM_EPRO_FILENAME | EOCM_FILEEXTENSION | EOCM_FILEPATH | EOCM_OFFER_ID | EOCM_SUP_OFFER_SKU | SETID,Other,Other,IT & Sécurité,0.4754,low,1,1.0,low_model_confidence
1120720,GM_HON_AWD_TBL,PS_GM_HON_AWD_TBL,AWARD_CODE | DESCR | DESCRFORMAL | DESCRSHORT | EFFDT | EFF_STATUS,RH,RH,Other,0.477,low,1,1.0,low_model_confidence
1130939,OMB_SBRK_TAO,PS_OMB_SBRK_TAO,BUSINESS_UNIT | DATE_BEGIN | DATE_END | EFF_STATUS | ORDER_INT_LINE_NO | ORDER_NO | PRIORITY_NBR | PROCESS_INSTANCE | PRODUCT_ID | PRODUCT_KIT_FLAG | QTY_AVAILABLE | SEQ_NUM | TRFT_DISPOSITION | TRFT_PRIORITY | TRFT_RULE_CD | TRFT_SET_ID | TRFT_SRC_TYPE | TRFT_SRC_VALUE | UNIT_OF_MEASURE,Supply Chain / Logistique / Production,Supply Chain / Logistique / Production,IT & Sécurité,0.4771,low,1,0.5,low_model_confidence
1019136,SYSADM.PS_CB_ORDERS_TAO,PS_CB_ORDERS_TAO,BUSINESS_UNIT_IN | BUSINESS_UNIT_OM | CB_CONTRACT_ID | CB_CONTRACT_SETID | CLAIM_ID | CUST_ID | CUST_SETID | DEMAND_LINE_NO | DST_ID_AR | IN_FULFILL_STATE | NEXT_CLAIMS_GEN_DT | ORDER_INT_LINE_NO | ORDER_NO | PROCESS_INSTANCE | PRODUCT_ID | QTY_SCHEDULED | SCHED_LINE_NBR | UNIT_OF_MEASURE | VENDOR_ID | VENDOR_SETID,Supply Chain / Logistique / Production,Achats & Fournisseurs,Ventes & Clients,0.4779,low,0,0.5,low_model_confidence
1055215,SYSADM.PS_ORD_RECEIPT,PS_ORD_RECEIPT,BUSINESS_UNIT | DATETIME_ADDED | DOC_REFNUM | HTMLAREA | LASTUPDDTTM | ORDER_NO,Supply Chain / Logistique / Production,Supply Chain / Logistique / Production,Achats & Fournisseurs,0.4785,low,1,1.0,low_model_confidence
1076694,SYSADM.PS_TD_PRO_MULT_GRP,PS_TD_PRO_MULT_GRP,BASE_UNIT_WK | CURRENCY_CD | DISCOUNT_PCT | INCR_LIFT_PCT | PARTICIPATION_PCT | PPRC_PROMO_CD | PROMO_GROUP | PROMO_PRICE | PROTECT_PROMO | SETID | SHELF_PRICE | SHIP_UNIT_PL | UNIT_OF_MEASURE,Finance & Contrôle,Finance & Contrôle,Ventes & Clients,0.4789,low,1,0.5,low_model_confidence
1072196,SYSADM.PS_R_TFLT_BUDREF,PS_R_TFLT_BUDREF,OTBI_SRC_INSTANCE | RANGE_FROM | RANGE_TO | SETCNTRLVALUE | SETID | SETID_TREE | TREE_EFFDT | TREE_NAME,Finance & Contrôle,Finance & Contrôle,Other,0.4789,low,1,1.0,low_model_confidence
1123239,IN_FL_DMD_TAO,PS_IN_FL_DMD_TAO,ACCOUNT | ACTIVITY_ID | ADDRESS1 | ADDRESS2 | ADDRESS3 | ADDRESS4 | ADDRESS_SEQ_NUM | ADDR_FIELD1 | ADDR_FIELD2 | ADDR_FIELD3 | ADDR_OVRD_LEVEL | AFFILIATE | AFFILIATE_INTRA1 | AFFILIATE_INTRA2 | ALLOW_OVERPICK_FLG | ALLOW_SUB_ITEM_FLG | ALTACCT | ANALYSIS_TYPE | APPROVED_FLAG | AUTO_PICK_FLAG | AUTO_SHIP_FLAG | BACKORDER_ACTION | BACKORDER_CREATED | BCKORDER_FLAG | BCKORDR_CNCL_FLAG | BILL_OF_LADING | BUDGET_DT | BUDGET_REF | BUSINESS_UNIT | BUSINESS_UNIT_BI | BUSINESS_UNIT_PC | BUSINESS_UNIT_PO | CARRIER_ID | CARTON_PRINTED | CHARGE_CODE | CHARGE_FLAG | CHARTFIELD1 | CHARTFIELD2 | CHARTFIELD3 | CITY | CLASS_FLD | CNTCT_SEQ_SHIP | CNTRCT_ID | COMBO_VALID_FLG | COMMIT_GROUP | COMPLETE_FLG | CONFIG_CODE | CONFIRMED_FLAG | COSTED_FLAG | COUNTRY | COUNTRY_CODE | COUNTY | CURRENCY_CD | CURRENCY_CD_DEST | CUST_CONTACT | CUST_ID | CUST_NAME | CUSTODIAN | CUSTOMER_PO | DATE_LAST_MAINT | DELIVERY_ID | DELIVERY_STATUS | DELIV_UNIT_VOL | DELIV_UNIT_VOL_CNV | DELIV_UNIT_WT | DELIV_UNIT_WT_CNV | DELIV_UOM_SHIP_VOL | DELIV_UOM_SHIP_WT | DELIV_UOM_VOL | DELIV_UOM_WT | DELIV_USE_UOM_SHIP | DEMAND_DATE | DEMAND_LINE_NO | DEMAND_SOURCE | DEPLETE_INV_FLG | DEPTID | DESTIN_BU | DESTIN_GL_BU | DIRECT_INVOICING | DISTRIB_FLAG | DISTRIB_TYPE | DMD_DLV_LOAD_SRC | DP_KIT_PARENT_QTY | DP_KIT_PARENT_UOM | DTL_SEQ_NBR | DT_TIMESTAMP | EDI_DT_TIME | EIP_CTL_ID | EMAILID | EXPORT | EXTENSION | EXT_REF_LN_NBR | EXT_REF_NBR | FAX | FERC_CD | FORM_DISTRIB_STAT | FREIGHT_TERMS | FROM_STOR_AREA | FROM_STOR_LEV1 | FROM_STOR_LEV2 | FROM_STOR_LEV3 | FROM_STOR_LEV4 | FROZEN_FLG | FRT_CHRG_METHOD | FRT_CHRG_OVERRIDE | FRT_RULE_CD | FULFILL_FLAG | FUND_CODE | GEO_CODE | GRP_SEQ_NBR | HARD_ALLOC_FLAG | HOLD_CD | HOLD_FLAG | HOLD_RESERVE_QTY | HOLD_STATUS | HOUSE_TYPE | IN_ADDL_FEE | IN_ADDL_FEE_DEST | IN_CITY_LIMIT | IN_DEFER_DEPLETION | IN_FULFILL_STATE | IN_LINE_BO_RULE | IN_LINE_RESV_RULE | IN_LN_RESV_BO_RULE | IN_ORDER_RESV_RULE | IN_PRIOR_STATE | INTERCOMPANY_FLG | INTERUNIT_FLG | INTERUNIT_ID | INTERUNIT_INSERT | INTERUNIT_LINE | INTERUNIT_STAT | IN_TPRC_OVRD_FLAG | INV_ITEM_ID | IN_ZERO_PICKED_FLG | IST_DISTRIB_STATUS | IST_RETURN_FLG_IUT | IST_TXN_FLG | KIT_LINE_NBR | LAST_MAINT_OPRID | LAST_PROCESS_INST | LAST_QTY_SHIP | LAST_QTY_SHIP_BASE | LOAD_ID | LOCATION | LOT_ALLOC_FLG | MAX_PICK_TOLERANCE | NET_UNIT_PRICE | NEW_LINE | NEW_ROW | NOTIFY | NUM1 | NUM2 | OM_FLG | OPERATING_UNIT | OPTIONAL_SHIP | ORDER_ID | ORDER_INT_LINE_NO | ORDER_NO | ORIG_BU | ORIG_INV_ITEM_ID | ORIG_OPRID | ORIG_SCHED_DTTM | ORIG_SHIP_ID | ORIG_UOM | OUTER_MOST_CNTR_ID | PACKAGING_CD | PARENT_PROD_ID | PARTIAL_ORDER_FLAG | PARTIAL_QTY_FLAG | PASS_THROUGH_LEVEL | PEG_STATUS | PHONE | PICK_BATCH_ID | PICK_CONFIRM_DTTM | PICK_DTTM | PICKLIST_LINE_NO | PICKLIST_PRINTED | PICK_OVRD_FLG | PICK_RELEASE_ID | POSTAL | PREF_CARRIER_FLAG | PRICE_MARKUP_PCT | PRICE_PO | PRIORITY_NBR | PROCESSING_GROUP | PROCESS_INSTANCE | PRODUCT | PRODUCT_ID | PROGRAM_CODE | PROJECT_ID | PRO_NUMBER | PSSH_NONOWN_FLAG | PUB_PROCESS_INST | QTY | QTY_ALLOCATED | QTY_ALLOC_BASE | QTY_BACKORDER | QTY_BACKORDER_BASE | QTY_BASE | QTY_CODE | QTY_FLG | QTY_PACK_BASE | QTY_PEGGED | QTY_PEGGED_ORD | QTY_PER | QTY_PICK_BASE | QTY_PICKED | QTY_PICK_OVR_BASE | QTY_PICK_OVRIDE | QTY_PROMISED_BASE | QTY_REQUESTED | QTY_REQUESTED_BASE | QTY_SHIP_BASE | QTY_SHIPPED | QTY_SHIPPED_CONV | QTY_UNRESERVED | QTY_VERIFY_MSG | REASON_CD | RECV_SHIP_SEQ_NBR | RELEASE_INSTANCE | REPLACEMENT_FLG | REQ_DISTRIB_NBR | REQ_ID | REQ_LINE_NBR | REQ_SCHED_NBR | REQUEST_DATE | RESERVED_CRIT_MET | RESERVED_DTTM | RESERVE_STATUS | RESOURCE_CATEGORY | RESOURCE_SUB_CAT | RESOURCE_TYPE | ROUTE_CD | ROUTE_STOP_NBR | RTV_DISTRIB_NUM | RTV_ID | RTV_LN_NBR | RTV_VERIFIED | SCHED_ARRV_DTTM | SCHED_DTTM | SCHED_LINE_NBR | SHIP_CNTR_ID | SHIP_CUST_NAME1 | SHIP_CUST_NAME2 | SHIP_DTTM | SHIP_EARLY_DTTM | SHIP_ID | SHIP_ID_EST | SHIP_LATE_DTTM | SHIP_LINE_NO | SHIPPED_MESSAGE | SHIPPING_PRINTED | SHIP_PRIOR_FLG | SHIP_PROCESS_TYP | SHIP_SHORT_WF_DONE | SHIP_TO_CUST_ID | SHIP_TYPE_ID | SHIP_UOM_CONV_FLAG | SHP_OVERRIDE_FLG | SINGLE_SHIP_FLAG | SOURCE_BUS_UNIT | SPEEDTYPE_KEY | STATE | STORAGE_AREA | STOR_LEVEL_1 | STOR_LEVEL_2 | STOR_LEVEL_3 | STOR_LEVEL_4 | SUBSTITUTE_FLG | SUP_PEG_STATUS | TARGET_INVOICE | TAX_CD_VAT | TAX_EXEMPT_FLG | TMS_EXT_REF_ID | TMS_EXT_REF_LN_NBR | TRANSFER_CALC_TYPE | TRANSFER_COST | TRANSFER_COST_DEST | TRANSFER_YIELD | UNIT_MEASURE_SHIP | UNIT_MEASURE_TXN | UNIT_MEASURE_VOL | UNIT_MEASURE_WT | UNIT_OF_MEASURE | UPDATE_RESTRCT_LVL | VAT_APPLICABILITY | VAT_TXN_TYPE_CD | VMI_DESTIN_SHIPTO | VMI_OM_BU,Achats & Fournisseurs,Supply Chain / Logistique / Production,Finance & Contrôle,0.4795,low,0,0.5,low_model_confidence
1067206,SYSADM.PS_PTLT_BUSPRC_DTL,PS_PTLT_BUSPRC_DTL,DESCR254_MIXED | OBJECTOWNERID | PTLT_BP_DTL_NAME | PTLT_BP_ID | PTLT_BP_NAME | PTLT_BP_NAME_EXT | PTLT_BP_VERSION,Other,IT & Sécurité,Other,0.48,low,0,1.0,low_model_confidence
1161227,SPF_WOALRT_LANG,PS_SPF_WOALRT_LANG,BUSINESS_UNIT | LANGUAGE_CD | SP_ALERT_DESCR | SP_ALERT_SEQ_NUM | WORK_ORDER_ID,IT & Sécurité,Other,Supply Chain / Logistique / Production,0.4801,low,0,0.5,low_model_confidence
1132660,ORD_RECEIPT,PS_ORD_RECEIPT,BUSINESS_UNIT | DATETIME_ADDED | DOC_REFNUM | HTMLAREA | LASTUPDDTTM | ORDER_NO,Achats & Fournisseurs,Supply Chain / Logistique / Production,Achats & Fournisseurs,0.4802,low,0,1.0,low_model_confidence
1030920,SYSADM.PS_EOPC_FORMAT,PS_EOPC_FORMAT,EOPCALT_LABEL | EOPCBIND_IDX | EOPCDTTM_ADDED | EOPCFORMAT_ID | EOPC_ISROWHEADER | EOPCLASTOPRID | EOPCLASTUPDDTTM | EOPCMAIN_ID | EOPCOBJECT_ID | EOPCOPRID_ADDED | HTMLDISPLAY | P_EOPCFORMAT_ID,IT & Sécurité,IT & Sécurité,Other,0.4804,low,1,0.5,low_model_confidence
1170798,WM_WO_IPINS_LG,PS_WM_WO_IPINS_LG,DESCRLONG | EFFDT | INSP_ACTIVITY_NBR | LANGUAGE_CD | SEQ_NBR_5 | SETID | WO_TEMPLATE_ID,Supply Chain / Logistique / Production,Other,Supply Chain / Logistique / Production,0.4806,low,0,0.5,low_model_confidence
1024577,SYSADM.PS_CONSUMER_TMP,PS_CONSUMER_TMP,CONSUMER_ID | CONSUMER_NAME | SAVE_PB | SETID,Ventes & Clients,Finance & Contrôle,Other,0.4819,low,0,0.5,low_model_confidence
1155964,SCD_TMPLCHG_LNG,PS_SCD_TMPLCHG_LNG,LANGUAGE_CD | SCD_CHG_COMMENTS | SCD_DESCR_LONG | SCD_SEQ_NBR | SCD_TEMPLATE_ID | SCD_TEMPLATE_NAME | SCD_VERSION_NBR,IT & Sécurité,IT & Sécurité,Other,0.4824,low,1,1.0,low_model_confidence
1074364,SYSADM.PS_SPA_TRULE_LANG,PS_SPA_TRULE_LANG,COMMENT1 | DESCR | EFFDT | LANGUAGE_CD | SETID | SPA_TIME_RULE_ID,IT & Sécurité,Other,IT & Sécurité,0.4825,low,0,0.5,low_model_confidence
1103175,DFLT_LOC_TML4,PS_DFLT_LOC_TML4,DEF_LOC_TYPE | OPRID | RECNAME | SETID | STORAGE_AREA | STOR_LEVEL_1 | STOR_LEVEL_2 | STOR_LEVEL_3 | STOR_LEVEL_4 | TEMPLATE_CD | TEMPLATE_ID | TMPL_TABLE_NAME,IT & Sécurité,Supply Chain / Logistique / Production,IT & Sécurité,0.4828,low,0,1.0,low_model_confidence
1073020,SYSADM.PS_SCD_TMPLCHG_LNG,PS_SCD_TMPLCHG_LNG,LANGUAGE_CD | SCD_CHG_COMMENTS | SCD_DESCR_LONG | SCD_SEQ_NBR | SCD_TEMPLATE_ID | SCD_TEMPLATE_NAME | SCD_VERSION_NBR,IT & Sécurité,IT & Sécurité,Other,0.483,low,1,0.5,low_model_confidence
1082060,SYSADM.PS_WFEXPR_BUS_UNIT,PS_WFEXPR_BUS_UNIT,BUSINESS_UNIT | DESCR,IT & Sécurité,IT & Sécurité,Other,0.4832,low,1,1.0,low_model_confidence
1095078,CA_PGP_PROJ_H,PS_CA_PGP_PROJ_H,ACTIVITY_ID | BUSINESS_UNIT_PC | CA_PGP_SEQ | CONTRACT_NUM | FMS_DTTM_STAMP | FMS_LASTUPDDTTM | FMS_LASTUPDOPRID | FMS_OPRID | PROJECT_ID | PSARCH_BATCHNUM | PSARCH_ID,IT & Sécurité,Other,IT & Sécurité,0.4843,low,0,0.5,low_model_confidence
1056850,SYSADM.PS_PC_FND,PS_PC_FND,ACTIVITY_ID | ACTIVITY_OPTN | BUSINESS_UNIT | EFFDT | EFF_STATUS | ONE_TARGET_SW | PROJECT_ID,IT & Sécurité,Other,Finance & Contrôle,0.4854,low,0,0.5,low_model_confidence
1084803,ALT_XREF_P,PS_ALT_XREF_P,ALTACCT | ALTACCT_SETID | SETID,Finance & Contrôle,Other,Finance & Contrôle,0.4858,low,0,0.5,low_model_confidence
1114563,EX_APPRVTRN_TA,PS_EX_APPRVTRN_TA,APPROVER_PROFILE1 | APPROVER_PROFILE2 | APPROVER_PROFILE3 | APPROVER_PROFILE4 | APPROVER_PROFILE5 | APPROVER_PROFILE6 | APPROVER_PROFILE7 | APPROVER_PROFILE8 | POST_FLAG | STAGE_NBR1 | STAGE_NBR2 | STAGE_NBR3 | STAGE_NBR4 | STAGE_NBR5 | STAGE_NBR6 | STAGE_NBR7 | STAGE_NBR8 | TRAVEL_AUTH_ID,RH,RH,IT & Sécurité,0.4869,low,1,1.0,low_model_confidence
1048506,SYSADM.PS_NET_RULE_SELLNG,PS_NET_RULE_SELLNG,COMMENT_AP | COMMENT_AR | DESCR | LANGUAGE_CD | NETTING_RULE_ID,Finance & Contrôle,Finance & Contrôle,IT & Sécurité,0.4872,low,1,0.5,low_model_confidence
1067223,SYSADM.PS_PTLT_PRODUCT,PS_PTLT_PRODUCT,OBJECTOWNERID | PTLT_INSTALL_FLD | PTLT_PRODUCT | PTLT_PRODUCT_CODE,Supply Chain / Logistique / Production,Supply Chain / Logistique / Production,Other,0.4872,low,1,1.0,low_model_confidence
1091229,BI_ENOTE_TAO,PS_BI_ENOTE_TAO,ADD_DT | BUSINESS_UNIT | INVOICE | INVOICE_DT | INVOICE_FORM_ID | LANGUAGE_CD | LAST_MAINT_OPRID | NOTE_CATEGORY | NOTE_LEVEL_TYPE | NOTES_SEQ_NUM | NOTE_TYPE | ORDER_NO | PROCESS_INSTANCE | SETID | STD_NOTE_CD | STD_NOTE_FLAG | TEXT254,IT & Sécurité,IT & Sécurité,Finance & Contrôle,0.4874,low,1,1.0,low_model_confidence
1074381,SYSADM.PS_SP_BDFTR_BY_CAT,PS_SP_BDFTR_BY_CAT,BID_FACTOR_CD | BID_FACTOR_GRP | BID_FACTOR_TYPE | CATEGORY_CD | DESCR | SETID | UNIT_OF_MEASURE | WEIGHTING,Finance & Contrôle,Other,Finance & Contrôle,0.4878,low,0,0.5,low_model_confidence
1099488,CONSUMER_TMP,PS_CONSUMER_TMP,CONSUMER_ID | CONSUMER_NAME | SAVE_PB | SETID,Ventes & Clients,Finance & Contrôle,Other,0.4889,low,0,0.5,low_model_confidence
1146136,PTIASPOBJDPENDS,PS_PTIASPOBJDPENDS,OBJECTID1 | OBJECTID2 | OBJECTID3 | OBJECTID4 | OBJECTTYPE | OBJECTVALUE1 | OBJECTVALUE2 | OBJECTVALUE3 | OBJECTVALUE4 | PTIASPRPTFIXDT | PTIASPRPTFIXDTPRE | PTIASPRPTNO | PTIASPRPTNOPRE,Other,Other,IT & Sécurité,0.4895,low,1,0.5,low_model_confidence
1112434,EO_DSRQATTMPLNG,PS_EO_DSRQATTMPLNG,CONSTVAL | DSATTRIBUTE | DSATTRSEQNO | DSMAPNAME | LANGUAGE_CD | SEQNO,IT & Sécurité,IT & Sécurité,Other,0.4897,low,1,0.5,low_model_confidence
1030304,SYSADM.PS_EO_DSATTMAP_LNG,PS_EO_DSATTMAP_LNG,CONSTVAL | DSATTRIBUTE | DSMAPNAME | FIELDNAME | LANGUAGE_CD | RECNAME | SEQNO,IT & Sécurité,Other,IT & Sécurité,0.4904,low,0,0.5,low_model_confidence
1128097,KK_SHDR_ARMPAY,PS_KK_SHDR_ARMPAY,DEPOSIT_BU | DEPOSIT_ID | KK_DATETIME_STAMP | KK_PROCESS_STATUS | KK_PROC_INSTANCE | KK_ROLLED_SEQ | KK_SOURCE_TRAN | KK_TRAN_DT | KK_TRAN_ID | PAYMENT_SEQ_NUM | PROCESS_INSTANCE | SEQUENCE_NBR_9,Finance & Contrôle,IT & Sécurité,Finance & Contrôle,0.4914,low,0,0.5,low_model_confidence
1038043,SYSADM.PS_GM_AWD_CON_SUB,PS_GM_AWD_CON_SUB,BUSINESS_UNIT | BUSINESS_UNIT_PROP | CONCUR_SUB_SPONSOR | CONTRACT_NUM | VERSION_ID_TO,Achats & Fournisseurs,Other,Achats & Fournisseurs,0.4914,low,0,0.5,low_model_confidence
1086675,APPR_VA2_WRK,PS_APPR_VA2_WRK,ACTIVITYNAME | AMT1 | AMT1_PNLFIELD | AMT2 | AMT2_PNLFIELD | AMT3 | AMT3_PNLFIELD | AMT4 | AMT4_PNLFIELD | AMT5 | AMT5_PNLFIELD | APPR_ACTION | APPR_AMT_SW | APPR_FLD_SW | APPR_INST_STATUS | APPR_PATH | APPR_QTY_SW | APPR_RULE_SET | APPR_SKIP_SW | APPR_STEP | APPR_WF_ERR_SW | BUSPROCNAME | DENY_ACTIVITYNAME | DENY_EVENTNAME | EVENTNAME | FLD1 | FLD1_FIELDVALUE | FLD1_PNLFIELD | FLD2 | FLD2_FIELDVALUE | FLD2_PNLFIELD | FLD3 | FLD3_PNLFIELD | FLD4 | FLD4_PNLFIELD | FLD5 | FLD5_PNLFIELD | FROM_QTY1 | FROM_QTY2 | FROM_QTY3 | FROM_QTY4 | FROM_QTY5 | MAX_CREDIT_AMT1 | MAX_CREDIT_AMT2 | MAX_CREDIT_AMT3 | MAX_CREDIT_AMT4 | MAX_CREDIT_AMT5 | MAX_DEBIT_AMT1 | MAX_DEBIT_AMT2 | MAX_DEBIT_AMT3 | MAX_DEBIT_AMT4 | MAX_DEBIT_AMT5 | MESSAGE_NBR | MESSAGE_SET_NBR | QTY1 | QTY1_PNLFIELD | QTY2 | QTY2_PNLFIELD | QTY3 | QTY3_PNLFIELD | QTY4 | QTY4_PNLFIELD | QTY5 | QTY5_PNLFIELD | RECYCLE_ACTIVITY | RECYCLE_EVENTNAME | ROLENAME | ROLEUSER | RTE_CNTL_TYPE1 | RTE_CNTL_TYPE2 | RTE_CNTL_TYPE3 | RTE_CNTL_TYPE4 | RTE_CNTL_TYPE5 | TO_QTY1 | TO_QTY2 | TO_QTY3 | TO_QTY4 | TO_QTY5,Finance & Contrôle,Finance & Contrôle,IT & Sécurité,0.4929,low,1,1.0,low_model_confidence
1030333,SYSADM.PS_EO_DSRQATTMPLNG,PS_EO_DSRQATTMPLNG,CONSTVAL | DSATTRIBUTE | DSATTRSEQNO | DSMAPNAME | LANGUAGE_CD | SEQNO,IT & Sécurité,IT & Sécurité,Other,0.4937,low,1,0.5,low_model_confidence
1067160,SYSADM.PS_PTIASPTARGETLNG,PS_PTIASPTARGETLNG,DBNAME | LANGUAGE_CD,IT & Sécurité,IT & Sécurité,Other,0.4939,low,1,0.5,low_model_confidence
1153869,RS_SO_ACMP_MEM,PS_RS_SO_ACMP_MEM,ACCOMPLISHMENT | BUSINESS_UNIT | SO_ID | SO_LINE | SRCH_RESUME | WEIGHT_POINTS,Other,Other,RH,0.4944,low,1,1.0,low_model_confidence
1111739,EOCM_FULL_TMP,PS_EOCM_FULL_TMP,EFFDT | EFF_STATUS | EOCM_ACCESS_ID | EOCM_CATALOG_ID | EOCM_CONVERSION_RT | EOCM_CRM_CAT_NBR | EOCM_CRM_ORDERABLE | EOCM_CRM_SERVICE | EOCM_DISCONTINU_DT | EOCM_ELM_CEU | EOCM_ELM_KEYWORDS | EOCM_ELM_NOTES | EOCM_EPRO_DESCR | EOCM_EPRO_FILENAME | EOCM_FILEEXTENSION | EOCM_FILEPATH | EOCM_ITMVPRIORITY | EOCM_LEAD_TIME | EOCM_LEARN_OBJ_ID | EOCM_MFG_ID | EOCM_MFG_PART_NUM | EOCM_MIN_QTY | EOCM_MODEL_NBR | EOCM_OFFER_ID | EOCM_OFFER_STATE | EOCM_PROD_BRAND | EOCM_PROD_KIT_FLAG | EOCM_PROP_NAME_1 | EOCM_PROP_NAME_2 | EOCM_PROP_NAME_3 | EOCM_PROP_NAME_4 | EOCM_PROP_NAME_5 | EOCM_PROP_VAL_1 | EOCM_PROP_VAL_2 | EOCM_PROP_VAL_3 | EOCM_PROP_VAL_4 | EOCM_PROP_VAL_5 | EOCM_REQUISITE_ID | EOCM_SUP_CAT_CD | EOCM_SUP_CAT_NM | EOCM_SUP_OFFER_D | EOCM_SUP_OFFER_NM | EOCM_SUP_OFFER_SKU | EOCM_VNDR_PART_EXT | EOCM_VNDR_PART_NUM | LASTUPDDTTM | LASTUPDOPRID | PROCESS_INSTANCE | SETID | URL,Achats & Fournisseurs,Ventes & Clients,IT & Sécurité,0.4945,low,0,0.5,low_model_confidence
1038990,SYSADM.PS_GOV_CERTSRC_TBL,PS_GOV_CERTSRC_TBL,CERTIF_SOURCE | DESCR50 | SETID,IT & Sécurité,IT & Sécurité,Other,0.4949,low,1,1.0,low_model_confidence
1124541,INSTALLATION_PV,PS_INSTALLATION_PV,BUFFER_COUNT | CURRENCY_CD_COMM | EDI_FILENUM_LAST | EMAIL_FILENUM_LAST | ITMLD_LAST_ITEM_ID | MAX_ROW_REQ_APPR | MULTI_IMG | PANELNAME | PNLGRPNAME | PRICE_DECIMAL_CNTL | PV_ALLOW_ADD_FAV | PV_AUTO_ADD_FAV | PV_BU_CAT_CNTRL | PV_CAT_SRC_OPTN | PVCM_SW | PV_COMPARE_DATES | PV_CONFIGMODE | PV_CONNECT | PV_DISP_APPR_CHUNK | PV_EXCL_EXTERNAL | PV_INST_INV | PV_ITM_CONSOL | PV_LOCAL_NODE | PVLWC_LAST_UPDDTTM | PV_MAX_ROW_CHUNK | PV_NONDYNAMICRANGE | PV_NOTIFY | PV_OVERWRTE_CAT | PV_REMOTE_NODE | PV_RUN_TREE_UPDATE | PV_SEARCH_TYPE | PV_SPRO_INSTALL | PV_TPO_ALLOW_FAV | PV_TPO_ALLOW_SRCH | PV_TPO_MAX_ROW | QTY_PREC_CNTRL | SAVE_OPTIONS | SETID | SHOW_IMAGES | SRCH_IN_USE_SW | SUB_CAT_DISPLAY | TREE_NAME,IT & Sécurité,Achats & Fournisseurs,Finance & Contrôle,0.4951,low,0,0.5,low_model_confidence
1130269,NET_RULE_SELLNG,PS_NET_RULE_SELLNG,COMMENT_AP | COMMENT_AR | DESCR | LANGUAGE_CD | NETTING_RULE_ID,Finance & Contrôle,Finance & Contrôle,IT & Sécurité,0.4955,low,1,0.5,low_model_confidence
1170998,WM_WO_TTMPL_NOT,PS_WM_WO_TTMPL_NOT,EFFDT | NOTES | NOTE_SOURCE | SEQ_NBR_5 | SETID | TITLE | VISIBLE_FLG | WO_TEMPLATE_ID,Supply Chain / Logistique / Production,Supply Chain / Logistique / Production,Other,0.4956,low,1,0.5,low_model_confidence
1082892,SYSADM.PS_WM_PMTLSS_TAO,PS_WM_PMTLSS_TAO,ASSET_ID | ASSET_ID_TO | ASSET_SUBTYPE | ASSET_TYPE | ASSIGNMENT_ID | BUSINESS_UNIT | BUSINESS_UNIT_AM | BUS_UNIT_AM | CURRENCY_CD | LAST_DIST_LINE_NUM | LOOP_FLAG | MAINT_LOOP_ID | MAINT_TYPE | MANUFACTURER | MFG_ID | MODEL | PC_DISTRIB_STATUS | PM_SCHD_ID | PROCESS_INSTANCE | PROCURE_STATUS | REQ_DURATION | REQ_END_DT | REQ_START_DT | RES_LN_NBR | RQMT_LN_NBR | SCHED_COST_TLS | SCHED_DURATION | SCHED_END_TIME | SCHED_START_TIME | SCHED_USAGE | SEQ_NBR_5 | SERIAL_ID | SETID | TAG_NUMBER | TOOL_BILL_RATE | TOOL_COST_RATE | TOOL_UOM | WO_APPRVL_FLG | WO_ID | WO_TASK_ID | WO_TEMPLATE_ID,Finance & Contrôle,Finance & Contrôle,IT & Sécurité,0.4958,low,1,0.5,low_model_confidence
1145262,PTAFFRMINPT_LIN,PS_PTAFFRMINPT_LIN,FIELDNAME | LABEL_ID | MSGNAME | PTAFEMC_ELEM_TYPE | PTAF_NAVINDEX | RECNAME,IT & Sécurité,Other,IT & Sécurité,0.4966,low,0,1.0,low_model_confidence
1109043,EG_ACTY_CD,PS_EG_ACTY_CD,DESCR | EFFDT | EFF_STATUS | EG_UDEF_ACTY | SETID | TEXT254,RH,IT & Sécurité,Other,0.4982,low,0,0.5,low_model_confidence
1022594,SYSADM.PS_CM_MAT_R_TMP,PS_CM_MAT_R_TMP,BUSINESS_UNIT | CM_AP_MATCHED_FLG | CM_BOOK | CM_DT_TIMESTAMP_A | CM_PO_RECEIPT_FLG | CM_SEQ_NBR_A | COST_ELEMENT | DT_TIMESTAMP | INV_ITEM_ID | SEQ_NBR,Finance & Contrôle,Finance & Contrôle,Supply Chain / Logistique / Production,0.4983,low,1,0.5,low_model_confidence
1135816,PGM_WRKLD_STATS,PS_PGM_WRKLD_STATS,DESCR80 | OPRID | PROCESS_INSTANCE | PROJ_COST | PROJ_WLOAD | RESOURCE_COST | RUNDTTM | TEAM_MEMBER | UTILIZATION,IT & Sécurité,Finance & Contrôle,IT & Sécurité,0.4989,low,0,1.0,low_model_confidence
1024908,SYSADM.PS_CS_CONTACT_PHN,PS_CS_CONTACT_PHN,CNTCT_SEQ_NUM | COUNTRY_CODE | CS_DOC_ID | CS_EXT_CNTCT_FLG | EXTENSION | PHONE | PHONE_TYPE,Ventes & Clients,Other,Ventes & Clients,0.4991,low,0,0.5,low_model_confidence
1071478,SYSADM.PS_RS_CACH_SUP_TAO,PS_RS_CACH_SUP_TAO,CAPACITY | DATE_ENTERED | DURATION_SUP | FMS_DTTM_STAMP | FMS_LASTUPDDTTM | FMS_LASTUPDOPRID | FMS_OPRID | FULL_TIME_RES_SUP | MONTH_SCP | MONTH_VALUE | PER_STATUS | POOL_ID | PROJ_ROLE | REGION_CD | SEQ_NUM | SESSION_ID | SETID_REGION | SETID_ROLE | STD_WRKDAY_MNTH | UOM_SCP | UTIL_PCT | YEAR_NUM,RH,RH,Achats & Fournisseurs,0.5182,medium,1,1.0,rare_class_uncertain
1074363,SYSADM.PS_SPA_TRULE_HOL,PS_SPA_TRULE_HOL,COUNTRY | EFFDT | HOLIDAY_SCHEDULE | SETID | SPA_AMOUNT_THRESH | SPA_BLACKOUT_DT | SPA_NO_PAYOUT | SPA_OVERRIDE_UOM | SPA_RULE_SEQ | SPA_RULE_STEP | SPA_START_TIME | SPA_STOP_TIME | SPA_TIME_RULE_ID | SPA_TIME_THRESH | SPA_TIME_THRESH_MX | TRC,RH,RH,Finance & Contrôle,0.5191,medium,1,1.0,rare_class_uncertain
1070424,SYSADM.PS_RE_SLSRPT_XREF,PS_RE_SLSRPT_XREF,COMMENTS | EOAWDEFN_ID | EOAWDTTM_MODIFIED | EOAWPARENT_THREAD | EOAWPRCS_ID | EOAWREQUESTOR_ID | EOAWTHREAD_ID | EOAWTHREAD_STATUS | ORIGINATORID | RECNAME | SLSRPT_ID,Ventes & Clients,Ventes & Clients,IT & Sécurité,0.5204,medium,1,1.0,rare_class_uncertain
1133079,P6_EX_TA5,PS_P6_EX_TA5,ACTIVITY_ID | AFFILIATE | AFFILIATE_INTRA1 | AFFILIATE_INTRA2 | ANALYSIS_TYPE | BILLING_ACTION | BUDGET_REF | BUSINESS_UNIT_GL | BUSINESS_UNIT_PC | CHARTFIELD1 | CHARTFIELD2 | CHARTFIELD3 | CLASS_FLD | COUNTRY | DATE_UNDER_RPT | DEPTID | DT_TIMESTAMP | EMPLID | EMPL_RCD | FUND_CODE | LOCALITY | OPERATING_UNIT | P6_TIME_STS_DTTM | PERIOD_END_DT | PROCESS_INSTANCE | PRODUCT | PROGRAM_CODE | PROJECT_ID | RESOURCE_CATEGORY | RESOURCE_SUB_CAT | RESOURCE_TYPE | RSRCHOUR_OBJECTID | SETID | STATE | TIME_QUANTITY | TIME_SHEET_ID | TRC | UNIT_OF_MEASURE | VERSION_NUM,RH,RH,Finance & Contrôle,0.5251,medium,1,0.5,rare_class_uncertain
1159501,SPA_TRULE_HOL,PS_SPA_TRULE_HOL,COUNTRY | EFFDT | HOLIDAY_SCHEDULE | SETID | SPA_AMOUNT_THRESH | SPA_BLACKOUT_DT | SPA_NO_PAYOUT | SPA_OVERRIDE_UOM | SPA_RULE_SEQ | SPA_RULE_STEP | SPA_START_TIME | SPA_STOP_TIME | SPA_TIME_RULE_ID | SPA_TIME_THRESH | SPA_TIME_THRESH_MX | TRC,Finance & Contrôle,RH,Finance & Contrôle,0.5268,medium,0,0.5,rare_class_uncertain
1065396,SYSADM.PS_PRODCTLG_CSTLST,PS_PRODCTLG_CSTLST,CATALOG_NBR | CUST_ID | DATETIME_ADDED | EFFDT | EFF_STATUS | LAST_MAINT_OPRID | LASTUPDDTTM | SETID | SETID_CUSTOMER,Ventes & Clients,Ventes & Clients,Supply Chain / Logistique / Production,0.5348,medium,1,0.5,rare_class_uncertain
1117519,FO_CUST_COMP,PS_FO_CUST_COMP,COMPETENCY | CUST_ID | PROFICIENCY | SETID | WEIGHT_POINTS | YEARS_OF_EXP,RH,Ventes & Clients,RH,0.5397,medium,0,0.5,rare_class_uncertain
1169884,WM_INSP_SRCH,PS_WM_INSP_SRCH,ACTIVITY_ID | ACTL_DT_CD | ACTL_END_DT | ACTL_SRCH_CD | ACTL_START_DT | AREA_ID | ASSET_CRITICALITY | ASSET_DESCR | ASSET_ID | ASSET_LOCATION | ASSET_SUBTYPE | ASSET_TYPE | BASIS_DT_CD | BUSINESS_UNIT | BUSINESS_UNIT_AM | BUSINESS_UNIT_PC | BUSINESS_UNIT_WR | CAUSE_CD | CRAFT_ID | CREW_BU | CREW_FLG | CREW_ID | CREW_SHOP | EMPLID | ENTERED_BY | ENTERED_DT_FROM | ENTERED_DT_TO | LAST_VIEW_SW | LOCATION | LOCATION_IN_LIST | MAINT_TYPE | MFG_ID | MODEL | OPRID | PERIOD_START_DT | PM_SCHD_ID | PM_SRCH_CD | PROBLEM_CD | PROBLEM_GROUP | PROJECT_ID | PUBLIC_SW | REQ_DT_CD | REQ_END_DT | REQ_SRCH_CD | REQ_START_DT | RESOLUTION_CD | SCHED_DT_CD | SCHED_END_DT | SCHED_PERIOD | SCHED_SRCH_CD | SCHED_START_DT | SCHEDULING_STATUS | SHOP_ID | SRCH_OPR_1 | SRCH_OPR_2 | SRCH_OPR_3 | SRCH_OPR_4 | SRVC_GRP_ID | STANDING_WO_FLG | TASK_ACTION | TASK_DESCR | TOOLS_ASSET_SUBTYP | TOOLS_ASSET_TYPE | TOOLS_REQ_FLG | TSK_SRCH_CD | TSK_SRCH_VIEW | UNASSIGNED | VIEW_MODE | WM_CUR_EMPLID_SW | WM_SCHED_FROM | WM_SCHED_TO | WO_APPROVAL_STATUS | WO_ID | WO_INSPECT_STATUS | WO_TASK_ID | WO_TYPE | WR_ID,Other,RH,IT & Sécurité,0.5414,medium,0,0.5,rare_class_uncertain
1035986,SYSADM.PS_FORECAST_PROD,PS_FORECAST_PROD,BUSINESS_UNIT | FORECAST_DATE | FORECAST_SET | NET_CHANGE_EP | NET_CHANGE_FLG | PRODUCT_ID | QTY_FORECAST,Ventes & Clients,Ventes & Clients,Supply Chain / Logistique / Production,0.5455,medium,1,1.0,rare_class_uncertain
1118240,FO_SO_LINE_MTCH,PS_FO_SO_LINE_MTCH,ASSIGNMENT_ID | BUSINESS_UNIT | CANDIDATE_ID | CANDIDATE_TYPE | FIT_SCORE_AVA | FIT_SCORE_QUA | FO_FUN_UCONS | MATCH_LINE_NBR | OFFER_RESULT | SO_ID | SO_LINE,Achats & Fournisseurs,RH,Other,0.5464,medium,0,0.5,rare_class_uncertain
1124821,INTFC_PROJ_EST,PS_INTFC_PROJ_EST,ACCOUNT | ACCT_CD | ACTIVITY_ID | ACTUAL_PUB_DATE | AFFILIATE | AFFILIATE_INTRA1 | AFFILIATE_INTRA2 | ALTACCT | APPRV_PRCS_DTTM | BILLABLE_IND | BUDGET_REF | BUSINESS_UNIT | BUSINESS_UNIT_GL | BUSINESS_UNIT_PC | BUSINESS_UNIT_PF | CHARTFIELD1 | CHARTFIELD2 | CHARTFIELD3 | CLASS_FLD | COMPANY | COMP_RATECD | COUNTRY | CURRENCY_CD | CURRENCY_CD2 | CUSTOMER | DEPTID | DEPTID_CA | DILUTED_GROSS | DUR | EMPLID | EMPL_RCD | EST_GROSS | FROZEN_DATE | FROZEN_SW | FUND_CODE | JOBCODE | LBR_DIST_AMT | LOCALITY | LOCATION | MSGNODENAME | OPERATING_UNIT | OPRID | ORIG_SEQ_NBR | OVERRIDE_RATE | PAYABLE_STATUS | PAYROLL_REQ_NUM | PAY_SYSTEM | PC_DISTRIB_STATUS | POSITION_NBR | PROCESS_INSTANCE | PRODUCT | PROGRAM_CODE | PROJECT_ID | PUBLISH_SW | RECORD_ONLY_ADJ | RESOURCE_CATEGORY | RESOURCE_SUB_CAT | RESOURCE_TYPE | SEQ_NBR | SETID_ACTIVITY | SETID_DEPT | SETID_JOBCODE | SETID_LOCATION | SETID_RESOURCE | SHIFT_ID | SOURCE_IND | STATE | TASK | TASK_PRFL_TMPLT_ID | TL_QUANTITY | TL_TIME_TO_PAY | TRC | TRC_TYPE | UNIT_OF_MEASURE | USER_FIELD_1 | USER_FIELD_2 | USER_FIELD_3 | USER_FIELD_4 | USER_FIELD_5,Finance & Contrôle,RH,Finance & Contrôle,0.5478,medium,0,0.5,rare_class_uncertain
1043493,SYSADM.PS_INSTALL_RES_WM,PS_INSTALL_RES_WM,EMPL_ORG_RECNAME | ORG_FIELDNAME | ORG_RECNAME | TREE_NAME,IT & Sécurité,RH,IT & Sécurité,0.5493,medium,0,0.5,rare_class_uncertain
1035671,SYSADM.PS_FO_CST_TPLT_DTL,PS_FO_CST_TPLT_DTL,CUST_ID | DESCR254 | FO_TEMPLATE_TYPE | SETID | TEMPLATE_CODE | TEMPLATE_ITEM_CD,Ventes & Clients,Ventes & Clients,Other,0.5545,medium,1,1.0,rare_class_uncertain
1072680,SYSADM.PS_RUN_GM_HRLOAD,PS_RUN_GM_HRLOAD,HR_LOAD_SW | OPRID | RUN_CNTL_ID,RH,RH,IT & Sécurité,0.559,medium,1,1.0,rare_class_uncertain
1055285,SYSADM.PS_ORD_STAT_SRCH,PS_ORD_STAT_SRCH,BILL_TO_CUST_ID | BUSINESS_UNIT | BUSINESS_UNIT_PO | CARRIER_ID | CNTRCT_ID | CUSTOMER_PO | END_DATE | END_DT | INVOICE | ORDER_GRP | ORDER_NO | ORD_TRACK_STATUS | PO_ID | PRODUCT_ID | SETID | SHIP_FROM_BU | SHIP_TO_CUST_ID | SOLD_TO_CUST_ID | START_DATE | START_DT,Achats & Fournisseurs,Ventes & Clients,Achats & Fournisseurs,0.5629,medium,0,0.5,rare_class_uncertain
1071724,SYSADM.PS_RS_O_OPT_PREF,PS_RS_O_OPT_PREF,PROBINST | RMO_BGNERLY_INCNTV | RMO_CNTGUITY_PNLTY | RMO_CNTGUITY_PRCNT | RMO_DELAY_PENALTY | RMO_DELAY_THRESHLD | RMO_FITNESS_COEF | RMO_FITSCR_THRSHLD | RMO_REVENUE_COEF | VERSION,Ventes & Clients,Ventes & Clients,Finance & Contrôle,0.5632,medium,1,1.0,rare_class_uncertain
1074531,SYSADM.PS_SP_CHNGSKIL_WRK,PS_SP_CHNGSKIL_WRK,BUSINESS_UNIT | CHNG_CHAR_VALUE | CHNG_DATE_VALUE | CHNG_DTTM_VALUE | CHNG_NBR_VALUE | CHNG_ORD_BATCH | CHNG_ORD_SEQ | CHNG_TIME_VALUE | CHNG_TYPE | COMPETENCY | DESCR60 | FIELDNAME | LAST_DTTM_UPDATE | LINE_NBR | OPRID_MODIFIED_BY | PV_LINE_COMMENTS | REASON_CD | REASON_SEQ | SP_REQ_ID | VALUE_CHAR,RH,RH,IT & Sécurité,0.5643,medium,1,1.0,rare_class_uncertain
1153622,RS_O_OPT_PREF,PS_RS_O_OPT_PREF,PROBINST | RMO_BGNERLY_INCNTV | RMO_CNTGUITY_PNLTY | RMO_CNTGUITY_PRCNT | RMO_DELAY_PENALTY | RMO_DELAY_THRESHLD | RMO_FITNESS_COEF | RMO_FITSCR_THRSHLD | RMO_REVENUE_COEF | VERSION,Finance & Contrôle,Ventes & Clients,Finance & Contrôle,0.5646,medium,0,1.0,rare_class_uncertain
1016623,SYSADM.PS_BUS_UNIT_HR_LNG,PS_BUS_UNIT_HR_LNG,BUSINESS_UNIT | DESCR | DESCRSHORT | LANGUAGE_CD,RH,RH,Other,0.5689,medium,1,1.0,rare_class_uncertain
1047026,SYSADM.PS_KK_SHDR_HRPAY_H,PS_KK_SHDR_HRPAY_H,ACCOUNTING_DT | KK_AMOUNT_TYPE | KK_DATETIME_STAMP | KK_PROCESS_STATUS | KK_PROC_INSTANCE | KK_ROLLED_SEQ | KK_SOURCE_TRAN | KK_TRAN_DT | KK_TRAN_ID | PROCESS_INSTANCE | PSARCH_BATCHNUM | PSARCH_ID | RUN_DT | SEQNUM | SEQUENCE_NBR_9,RH,RH,Finance & Contrôle,0.5702,medium,1,1.0,rare_class_uncertain
1032475,SYSADM.PS_EX_EE_ORGDT_TAO,PS_EX_EE_ORGDT_TAO,ADVANCE_LVL | ADV_MAX_AMT | BUSINESS_UNIT_GL | CURRENCY_CD | DFLT_EE_PROF_FLG | EE_VAL_FLG | EE_VAL_REASON_CD | EMPLID | EMPL_RCD | LOC_AMT_EXCL_FLG | OVERRIDE_DCAA_FLG | PROCESS_INSTANCE | PYMNT_HOLD | PYMNT_METHOD,Finance & Contrôle,RH,Finance & Contrôle,0.5703,medium,0,1.0,rare_class_uncertain
1120510,GM_DEPT_SUBDIV,PS_GM_DEPT_SUBDIV,DEPTID | GM_SPO_ID | INSTID | MAJOR_SUBDIVISION | SETID,RH,RH,Other,0.5733,medium,1,0.5,rare_class_uncertain
1038947,SYSADM.PS_GM_SP_LEVEL_LNG,PS_GM_SP_LEVEL_LNG,DESCR | DESCRSHORT | EFFDT | LANGUAGE_CD | SETID | SPNSR_LEVEL,RH,RH,Other,0.5744,medium,1,1.0,rare_class_uncertain
1120421,GM_COM_MEMB_LNG,PS_GM_COM_MEMB_LNG,COM_ID | COM_MEMBER_ID | EFFDT | LANGUAGE_CD | NOTES | TITLE,RH,RH,Other,0.5762,medium,1,0.5,rare_class_uncertain
1155126,RUN_CNTL_SRS_EM,PS_RUN_CNTL_SRS_EM,EMPLID | NAME | OPRID | RUN_CNTL_ID,RH,RH,IT & Sécurité,0.5807,medium,1,0.5,rare_class_uncertain
1116229,EX_TMADJ_TAO,PS_EX_TMADJ_TAO,ACTIVITY_ID | AFFILIATE | AFFILIATE_INTRA1 | AFFILIATE_INTRA2 | ANALYSIS_TYPE | BI_DISTRIB_STATUS | BUDGET_REF | BUSINESS_UNIT_GL | BUSINESS_UNIT_PC | BUSINESS_UNIT_WO | CHARTFIELD1 | CHARTFIELD2 | CHARTFIELD3 | CLASS_FLD | DATE_UNDER_RPT | DEPTID | DESCR60 | EMPLID | EMPL_RCD | FUND_CODE | JOBCODE | OPERATING_UNIT | PC_DISTRIB_STATUS | PROCESS_INSTANCE | PRODUCT | PROGRAM_CODE | PROJECT_ID | RES_LN_NBR | RESOURCE_CATEGORY | RESOURCE_SUB_CAT | RESOURCE_TYPE | RSRC_TYPE | TIME_SHEET_ID | TRC | UNIT_OF_MEASURE | WO_ID | WO_TASK_ID,RH,RH,Finance & Contrôle,0.5919,medium,1,0.5,rare_class_uncertain
1029500,SYSADM.PS_EOCB_COMP_MKT,PS_EOCB_COMP_MKT,EOCB_COMPONENT | EOCB_DATA_TYPE_CD | EOCB_MARKET,Ventes & Clients,Ventes & Clients,Other,0.5929,medium,1,1.0,rare_class_uncertain
1141884,PSA_OPRID_OPP,PS_PSA_OPRID_OPP,OPPORTUNITY_ID | OPRID,Ventes & Clients,Ventes & Clients,IT & Sécurité,0.5952,medium,1,1.0,rare_class_uncertain
1077821,SYSADM.PS_TSE_COURSE_TBL,PS_TSE_COURSE_TBL,COURSE | DESCR | DESCRLONG | DESCRSHORT,RH,RH,Other,0.596,medium,1,1.0,rare_class_uncertain
1146013,PTIAADSCUSTREPO,PS_PTIAADSCUSTREPO,PTIACUSTVALUE | PTIADIRTYFLAG | PTIASPADSNAME | PTIASPKEYHASH | PTKEYVALUE1 | PTKEYVALUE2 | PTKEYVALUE3 | PTKEYVALUE4 | PTKEYVALUE5 | PTKEYVALUE6 | PTKEYVALUE7 | PTKEYVALUE8 | RECNAME,Ventes & Clients,Ventes & Clients,Other,0.5966,medium,1,1.0,rare_class_uncertain
1030013,SYSADM.PS_EOCM_OFFER_CAT,PS_EOCM_OFFER_CAT,EOCM_CATALOG_ID | EOCM_CATEGORY_ID | EOCM_OFFER_ID | EOCM_PRIMARY_CATEG | SETID,Ventes & Clients,Ventes & Clients,Other,0.6004,medium,1,1.0,rare_class_uncertain
1068990,SYSADM.PS_RE_CNTCT_ADDR,PS_RE_CNTCT_ADDR,ADDRESS1 | ADDRESS2 | ADDRESS3 | ADDRESS4 | ADDR_FIELD1 | ADDR_FIELD2 | ADDR_FIELD3 | CITY | CONTACT_ID | COUNTRY | COUNTY | GEO_CODE | HOUSE_TYPE | IN_CITY_LIMIT | NUM1 | NUM2 | POSTAL | SETID | STATE,RH,RH,Other,0.6011,medium,1,1.0,rare_class_uncertain
1120168,GM_AWD_KEYWORD,PS_GM_AWD_KEYWORD,BUSINESS_UNIT | CONTRACT_NUM | KEY_WORD,Ventes & Clients,Ventes & Clients,Other,0.6053,medium,1,1.0,rare_class_uncertain
1074952,SYSADM.PS_SPF_WORDERREC_2,PS_SPF_WORDERREC_2,BUSINESS_UNIT | SPF_JOB_DESCRLONG | WORK_ORDER_ID,Supply Chain / Logistique / Production,RH,Supply Chain / Logistique / Production,0.608,medium,0,0.5,rare_class_uncertain
1134165,PC_EMP_RES_TM,PS_PC_EMP_RES_TM,ACCOUNT | ACTIVITY_ID | AFFILIATE | AFFILIATE_INTRA1 | AFFILIATE_INTRA2 | ALTACCT | ANALYSIS_TYPE | BILLING_AMOUNT | BUDGET_REF | BUSINESS_UNIT | BUSINESS_UNIT_GL | CHARTFIELD1 | CHARTFIELD2 | CHARTFIELD3 | CLASS_FLD | CUR_EFFDT | CURRENCY_CD | DEPTID | DESCR | EMPLID | EMPL_RCD_NUM | FOREIGN_AMOUNT | FOREIGN_CURRENCY | FUND_CODE | HOURLY_BILL_RT | HOURLY_RT | OPERATING_UNIT | PAY_END_DT | PC_DISTRIB_STATUS | PC_JOBCODE | PRODUCT | PROGRAM_CODE | PROJECT_ID | RATE_DIV | RATE_MULT | RESOURCE_AMOUNT | RESOURCE_CATEGORY | RESOURCE_ID | RESOURCE_QUANTITY | RESOURCE_SUB_CAT | RESOURCE_TYPE | RT_TYPE | TRANS_DT | UNIT_OF_MEASURE,RH,RH,Finance & Contrôle,0.6081,medium,1,1.0,rare_class_uncertain
1035695,SYSADM.PS_FO_CUST_JBTITLE,PS_FO_CUST_JBTITLE,COMMENTS | CUST_ID | FO_JOBTITLE | JOB_CAT | SETID,Ventes & Clients,Ventes & Clients,RH,0.6081,medium,1,1.0,rare_class_uncertain
1130422,OCH_HTRNS_TAO,PS_OCH_HTRNS_TAO,BUSINESS_UNIT | ORDER_DATE | ORDER_NO | PROCESS_INSTANCE | REQ_ARRIVAL_DTTM | SOLD_TO_CUST_ID,Supply Chain / Logistique / Production,Ventes & Clients,IT & Sécurité,0.6088,medium,0,0.5,rare_class_uncertain
1016591,SYSADM.PS_BUS_CAL_HOLIDAY,PS_BUS_CAL_HOLIDAY,HOLIDAY_DT | HOLIDAY_LIST_ID | HOLIDAY_NAME,RH,RH,Other,0.6113,medium,1,1.0,rare_class_uncertain
1133001,OWNER_INFO_TBL,PS_OWNER_INFO_TBL,ADDRESS1 | ADDRESS2 | ADDRESS3 | EFFDT | EFF_STATUS | NAME1 | NAME2 | OWNER_ID | PHONE | SETID,RH,RH,Other,0.6115,medium,1,1.0,rare_class_uncertain
1030014,SYSADM.PS_EOCM_OFFER_TBL,PS_EOCM_OFFER_TBL,EOCM_CATALOG_ID | EOCM_EPRO_DESCR | EOCM_OFFER_ID | EOCM_OFFER_NM | SETID,Ventes & Clients,Ventes & Clients,Other,0.6117,medium,1,1.0,rare_class_uncertain
1017642,SYSADM.PS_CA_DETAIL_PRICE,PS_CA_DETAIL_PRICE,APPLIES_TO_LINE | CONTRACT_LINE_NUM | CONTRACT_NUM,Ventes & Clients,Ventes & Clients,Achats & Fournisseurs,0.6175,medium,1,1.0,rare_class_uncertain
1120516,GM_DISABLI_TMP,PS_GM_DISABLI_TMP,GM_DISABLITY,RH,RH,IT & Sécurité,0.6181,medium,1,1.0,rare_class_uncertain
1170123,WM_PMLBRS_TAO,PS_WM_PMLBRS_TAO,ASSET_ID | ASSIGNMENT_ID | BUSINESS_UNIT | BUSINESS_UNIT_AM | CRAFT_ID | CURRENCY_CD | EMPLID | LABOR_BILL_RATE | LABOR_COST_RATE | LAST_DIST_LINE_NUM | LOOP_FLAG | MAINT_LOOP_ID | MAINT_TYPE | PM_SCHD_ID | PROCESS_INSTANCE | PROCURE_STATUS | REQ_DURATION | REQ_END_DT | REQ_START_DT | RES_LN_NBR | RQMT_LN_NBR | SCHED_COST_LBR | SCHED_DURATION | SCHED_END_TIME | SCHED_START_TIME | SEQ_NBR_5 | SETID | SHIFT_ID | SHOP_ID | WO_APPRVL_FLG | WO_ID | WO_TASK_ID | WO_TEMPLATE_ID,Supply Chain / Logistique / Production,RH,IT & Sécurité,0.6189,medium,0,0.5,rare_class_uncertain
1093516,BUS_CAL_HOL_DFN,PS_BUS_CAL_HOL_DFN,DESCR | FRI | FRI_HRS | HOLIDAY_LIST_ID | MON | MON_HRS | SAT | SAT_HRS | SUN | SUN_HRS | THURS | THURS_HRS | TUES | TUES_HRS | WED | WED_HRS,RH,RH,Other,0.6211,medium,1,1.0,rare_class_uncertain
1099657,CONVR_RVW_WL,PS_CONVR_RVW_WL,ACTIVITYNAME | BUSPROCNAME | CNTCT_NAME1 | CNTCT_PHONE | CONVER_DT | CONVER_SEQ_NUM | CONVER_TOPIC | CUST_ID | EVENTNAME | INSTANCEID | NAME1 | REVIEW_DT | SETID | TRANSACTIONID | WORKLISTNAME,Ventes & Clients,Ventes & Clients,IT & Sécurité,0.6214,medium,1,1.0,rare_class_uncertain
1094391,CA_EARLYOUT_TBL,PS_CA_EARLYOUT_TBL,DESCR | EARLY_OUT_CD | EARLY_OUT_REAS | SETID,RH,RH,Other,0.6214,medium,1,1.0,rare_class_uncertain
1073141,SYSADM.PS_SCR_ADDR_HST,PS_SCR_ADDR_HST,ADDRESS1 | ADDRESS2 | ADDRESS3 | ADDRESS4 | ADDRESS_SEQ_NUM | ADDR_FIELD1 | ADDR_FIELD2 | ADDR_FIELD3 | CITY | COUNTRY | COUNTY | DESCR | EFFDT | EMAILID | ENTERED_DTTM | GEO_CODE | HOUSE_TYPE | IN_CITY_LIMIT | NUM1 | NUM2 | POSTAL | SCR_CHG_EFF_WHEN | SCR_EFFDT | SCR_ID | SCR_REMOVE | SCR_SEQ_NUM | SEQNUM | STATE | USERID,RH,RH,Achats & Fournisseurs,0.6278,medium,1,0.5,rare_class_uncertain
1156493,SCR_ADDR_HST,PS_SCR_ADDR_HST,ADDRESS1 | ADDRESS2 | ADDRESS3 | ADDRESS4 | ADDRESS_SEQ_NUM | ADDR_FIELD1 | ADDR_FIELD2 | ADDR_FIELD3 | CITY | COUNTRY | COUNTY | DESCR | EFFDT | EMAILID | ENTERED_DTTM | GEO_CODE | HOUSE_TYPE | IN_CITY_LIMIT | NUM1 | NUM2 | POSTAL | SCR_CHG_EFF_WHEN | SCR_EFFDT | SCR_ID | SCR_REMOVE | SCR_SEQ_NUM | SEQNUM | STATE | USERID,RH,RH,Achats & Fournisseurs,0.6297,medium,1,1.0,rare_class_uncertain
1153474,RS_GRR_QL_MEM,PS_RS_GRR_QL_MEM,ACCOMPLISHMENT | BUSINESS_UNIT | GRR_ID | PROJECT_ID | TEAM_MEMBER | WEIGHT_POINTS,RH,RH,Other,0.6301,medium,1,1.0,rare_class_uncertain
1031784,SYSADM.PS_EX_ATT_MISC_TMP,PS_EX_ATT_MISC_TMP,ATTENDEE_COMPANY | NAME | SEQ_NUM | TITLE,RH,RH,Other,0.6316,medium,1,1.0,rare_class_uncertain
1038349,SYSADM.PS_GM_OPTY_AC_TBL,PS_GM_OPTY_AC_TBL,BUDGET_ID | DESCR | DESCRSHORT | EFFDT | EFF_STATUS | SETID,Ventes & Clients,Ventes & Clients,Finance & Contrôle,0.6337,medium,1,1.0,rare_class_uncertain
1024578,SYSADM.PS_CONT_ACMP_DEG,PS_CONT_ACMP_DEG,ACCOMPLISHMENT | CONTACT_ID | MAJOR_CODE | SETID | WEIGHT_POINTS,RH,RH,Other,0.6364,medium,1,1.0,rare_class_uncertain
1118394,FO_WC_ST_EFFDT,PS_FO_WC_ST_EFFDT,COUNTRY | EFFDT | EFF_STATUS | STATE,RH,RH,Other,0.6396,medium,1,1.0,rare_class_uncertain
1083394,SYSADM.PS_WTHDRULE_LANG,PS_WTHDRULE_LANG,DESCR | LANGUAGE_CD | WTHD_RULE,RH,RH,Other,0.6396,medium,1,1.0,rare_class_uncertain
1155997,SCD_USREVAL_SCT,PS_SCD_USREVAL_SCT,SCD_EVALUATION_ID | SCD_EVALUATOR_ID | SCD_SCORE | SCD_SECTION_ID | SCD_WGT_OVER_SCORE | SELECT_FLAG,RH,RH,Other,0.6397,medium,1,1.0,rare_class_uncertain
1156785,SDK_EM_MAILLST,PS_SDK_EM_MAILLST,SDK_EM_DATE | SDK_EM_MSGID | SDK_EM_SENDER | SDK_EM_SUBJECT,Ventes & Clients,Ventes & Clients,IT & Sécurité,0.6401,medium,1,1.0,rare_class_uncertain
1108897,EE_EVENT_PRCS_S,PS_EE_EVENT_PRCS_S,EE_PROCESS | EFFDT | EFF_STATUS | ENTRY_EVENT | SETID | TEST_CASE,RH,RH,IT & Sécurité,0.6406,medium,1,1.0,rare_class_uncertain
1132620,ORD_PRCSHP_FORM,PS_ORD_PRCSHP_FORM,BUSINESS_UNIT | DELIVERY_ID | EOEP_MAX_AMOUNT | EOEP_MIN_AMOUNT | EOEP_RANGE_ID | EOEP_RULE_ID | ORDER_NO | PRICE_TYPE | SHIP_FROM_BU,Ventes & Clients,Ventes & Clients,Finance & Contrôle,0.641,medium,1,1.0,rare_class_uncertain
1152648,RMA_LN_DST_TMP,PS_RMA_LN_DST_TMP,BUSINESS_UNIT | DATETIME_ADDED | DST_ID_REV | DST_PCT_REV | LAST_MAINT_OPRID | LASTUPDDTTM | RMA_ID | RMA_LINE_NBR | SEQ_NUM | SEQUENCE_NBR,Ventes & Clients,Ventes & Clients,Supply Chain / Logistique / Production,0.6412,medium,1,1.0,rare_class_uncertain
1032618,SYSADM.PS_EX_ESPD_TA2,PS_EX_ESPD_TA2,EMPLID | NAME50 | PROCESS_INSTANCE,IT & Sécurité,RH,IT & Sécurité,0.6415,medium,0,1.0,rare_class_uncertain
1095043,CA_PE_PERS_PROD,PS_CA_PE_PERS_PROD,BUSINESS_UNIT | CA_PAGELET_FORMAT | CA_RQST_SRC | COMPONENT_ID | CONTRACT_NUM | CONTRACT_TYPE | CURRENCY_CD | DATE_TYPE | FROM_DATE | FROM_DATE_OPTION | MY_CONTRACTS | OPRID | PRODUCT_SORT_BY | REGION_CD | RENEWAL_OPTION | SOLD_TO_CUST_ID | SUBCUST_QUAL1 | SUBCUST_QUAL2 | THRU_DATE | THRU_DATE_OPTION,Other,RH,Finance & Contrôle,0.6416,medium,0,0.5,rare_class_uncertain
1036050,SYSADM.PS_FO_SKILLS_HDR,PS_FO_SKILLS_HDR,DESCRSHORT | RS_TYPE,RH,RH,Other,0.6423,medium,1,1.0,rare_class_uncertain
1058095,SYSADM.PS_PE_ACCRL_OPTION,PS_PE_ACCRL_OPTION,ACCRL_DOC_TYPE | ACCRL_PROD_ID | EFFDT | EFF_STATUS | SETID,Finance & Contrôle,RH,Other,0.6445,medium,0,0.5,rare_class_uncertain
1035537,SYSADM.PS_FOACTNREASO_UPG,PS_FOACTNREASO_UPG,ACTION | ACTION_REASON | DESCR | DESCRSHORT | EFFDT | EFF_STATUS,RH,RH,IT & Sécurité,0.6462,medium,1,1.0,rare_class_uncertain
1099466,CONSOL_SUB_TBL,PS_CONSOL_SUB_TBL,DESCR | EFFDT | EFF_STATUS | FIELDNAME | OWNERSHIP_SET | SETID | SUB_ENTITY,RH,RH,Finance & Contrôle,0.6464,medium,1,1.0,rare_class_uncertain
1024481,SYSADM.PS_COMP_RATCD_LANG,PS_COMP_RATCD_LANG,COMP_RATECD | DESCR | DESCRSHORT | EFFDT | LANGUAGE_CD,RH,RH,Other,0.6469,medium,1,1.0,rare_class_uncertain
1164322,TITLE_TBL,PS_TITLE_TBL,DESCR | EFFDT | EFF_STATUS | TITLE,RH,RH,Other,0.6471,medium,1,1.0,rare_class_uncertain
1135286,PE_ACCRL_OPTION,PS_PE_ACCRL_OPTION,ACCRL_DOC_TYPE | ACCRL_PROD_ID | EFFDT | EFF_STATUS | SETID,RH,RH,Other,0.6477,medium,1,1.0,rare_class_uncertain
1163965,TD_MRCH_TYP_LNG,PS_TD_MRCH_TYP_LNG,DESCR | DESCRSHORT | EFFDT | LANGUAGE_CD | MERCH_TYPE | SETID,Ventes & Clients,Ventes & Clients,Other,0.6488,medium,1,1.0,rare_class_uncertain
1010574,SYSADM.PS_AUC_COLLAB_GRP,PS_AUC_COLLAB_GRP,AUC_COLLAB_GRP | DESCR | SETID,RH,RH,Other,0.6494,medium,1,1.0,rare_class_uncertain
1069990,SYSADM.PS_RE_PRTA_BASIS,PS_RE_PRTA_BASIS,EFFDT | EFF_STATUS | END_EFFDT | INSTANCE_DESCR | INSTANCE_NAME | PRORATA_BASIS | SETID,RH,RH,Other,0.6507,medium,1,1.0,rare_class_uncertain
1025951,SYSADM.PS_DEPT_EDR,PS_DEPT_EDR,DEPTID | DTTM_STAMP | EFFDT | INEFFDT | OPRID_LAST_UPDT | SETID,RH,RH,IT & Sécurité,0.6508,medium,1,1.0,rare_class_uncertain
1078221,SYSADM.PS_UNPOST_RSN_TBL,PS_UNPOST_RSN_TBL,DESCR | EFFDT | EFF_STATUS | SETID | UNPOST_REASON,RH,RH,Other,0.6519,medium,1,1.0,rare_class_uncertain
1035673,SYSADM.PS_FOCSTTRGTSK_UPG,PS_FOCSTTRGTSK_UPG,COMMENTS | CUST_ID | RS_TYPE | SETID | SKILLCODE,RH,RH,Other,0.6523,medium,1,1.0,rare_class_uncertain
1101981,CUST_DITEM_CAT,PS_CUST_DITEM_CAT,DATA_CATEGORY,Ventes & Clients,Ventes & Clients,Other,0.6523,medium,1,0.5,rare_class_uncertain
1038226,SYSADM.PS_GM_EC_SEG_REV,PS_GM_EC_SEG_REV,BUSINESS_UNIT | ECQUEUEINSTANCE | ECTRANSID | ECTRANSINOUTSW | OPRID | PROPOSAL_ID | RUN_CNTL_ID | SEG_REV | VERSION_ID,Ventes & Clients,Ventes & Clients,IT & Sécurité,0.6539,medium,1,1.0,rare_class_uncertain
1102176,CUSTOMER,PS_CUSTOMER,ADD_DT | ADDRESS_SEQ_BRK | ADDRESS_SEQ_IND | ADDRESS_SEQ_NUM | ADDRESS_SEQ_SHIP | ADDRESS_SEQ_SOLD | ALLOW_COPI | BILL_TO_FLG | BROKER_FLG | CFDA_NBR | CNTCT_SEQ_IPAC | CNTCT_SEQ_NUM | CNTCT_SEQ_SHIP | CNTCT_SEQ_SOLD | CONSOL_BUS_UNIT | CONT_ALLOW_PCT | CONT_NO_ALLW_PCT | CORPORATE_CUST_ID | CORPORATE_SETID | COST_LIV_INCR_PCT | CRSPD_CUST_ID | CRSPD_SETID | CURRENCY_CD | CUR_RT_TYPE | CUST_FIELD_C10_A | CUST_FIELD_C10_B | CUST_FIELD_C10_C | CUST_FIELD_C10_D | CUST_FIELD_C1_A | CUST_FIELD_C1_B | CUST_FIELD_C1_C | CUST_FIELD_C1_D | CUST_FIELD_C2 | CUST_FIELD_C30_A | CUST_FIELD_C30_B | CUST_FIELD_C30_C | CUST_FIELD_C30_D | CUST_FIELD_C4 | CUST_FIELD_C6 | CUST_FIELD_C8 | CUST_FIELD_N12_A | CUST_FIELD_N12_B | CUST_FIELD_N12_C | CUST_FIELD_N12_D | CUST_FIELD_N15_A | CUST_FIELD_N15_B | CUST_FIELD_N15_C | CUST_FIELD_N15_D | CUST_ID | CUST_LEVEL | CUSTOMER_ALC | CUSTOMER_DO | CUSTOMER_TYPE | CUST_STATUS | CUST_STATUS_DT | CUST_USF_STATUS | DATE_LAST_MAINT | EMPLID | EXPIRATION_DATE | EXP_PENDING | FA_SPNSR_BASE_ID | FEDERAL_INDICATOR | FED_SHARE_PCT | FED_SP_TYPE | FOREIGN_FLAG | FORMER_NAME_1 | FORMER_NAME_2 | FSS_OFFSET_DAYS | GGOV_FLG | GM_DEL_LOC_REFS_SW | GM_FEDERAL_FLAG | GM_LOC_SPONSOR_ID | GRANTS_SPONSOR_FLG | HOLD_UNPAID_BI | HOLD_UPDATE_SW | INDIRECT_CUST_FLG | IPAC_INTERFACE | LAST_MAINT_OPRID | LASTUPDDTTM | LOC_INDICATOR | MULTI_PI | NAME1 | NAME1_AC | NAME2 | NAME2_AC | NAME3 | NAME3_AC | NAMESHORT | OFAC_STATUS | PARENT_CUST_ID | PARENT_SETID | REASON_CD | REFER_TO_CUST_ID | REFER_TO_SETID | REMIT_FROM_CUST_ID | REMIT_FROM_SETID | REPORTS_TO_SPONSOR | REVIEW_DAYS | ROLEUSER | SETID | SHIP_TO_FLG | SINCE_DT | SOLD_TO_FLG | SOURCE_SYSTEM | SPNSR_LEVEL | SPNSR_PROGRAM | SPNSR_SALARY_CAP | SPNSR_TYPE | STCUST_DAYS | STOCK_SYMBOL | SUBCUST_QUAL1 | SUBCUST_QUAL2 | SUBCUST_USE | SYMBOL_REQ | TAXPAYER_ID | TEMPLATE_ADDR | TRADING_PARTNER | US_FLAG_CARRIER | VENDOR_ID | VENDOR_SETID | WEB_URL,RH,RH,Achats & Fournisseurs,0.6552,medium,1,0.5,rare_class_uncertain
1070730,SYSADM.PS_RMA_LN_DST_TMP,PS_RMA_LN_DST_TMP,BUSINESS_UNIT | DATETIME_ADDED | DST_ID_REV | DST_PCT_REV | LAST_MAINT_OPRID | LASTUPDDTTM | RMA_ID | RMA_LINE_NBR | SEQ_NUM | SEQUENCE_NBR,Ventes & Clients,Ventes & Clients,Supply Chain / Logistique / Production,0.6563,medium,1,1.0,rare_class_uncertain
1030375,SYSADM.PS_EOEC_CCI_O_PRSN,PS_EOEC_CCI_O_PRSN,ADDRESS1 | CITY | COUNTRY | EOEC_CCI_FNAME | EOEC_CCI_LNAME | EOEC_CCI_ORDR_NUM | EOEC_EMAIL_ADDR | EOEC_SUBSCRIPTION | POSTAL | STATE,RH,RH,Other,0.658,medium,1,1.0,rare_class_uncertain
1025452,SYSADM.PS_CUST_TEO2,PS_CUST_TEO2,ADD_DT | ADDRESS_SEQ_BRK | ADDRESS_SEQ_IND | ADDRESS_SEQ_NUM | ADDRESS_SEQ_SHIP | ADDRESS_SEQ_SOLD | ALLOW_COPI | BILL_TO_FLG | BROKER_FLG | CFDA_NBR | CNTCT_SEQ_IPAC | CNTCT_SEQ_NUM | CNTCT_SEQ_SHIP | CNTCT_SEQ_SOLD | CONSOL_BUS_UNIT | CONT_ALLOW_PCT | CONT_NO_ALLW_PCT | CORPORATE_CUST_ID | CORPORATE_SETID | COST_LIV_INCR_PCT | CRSPD_CUST_ID | CRSPD_SETID | CURRENCY_CD | CUR_RT_TYPE | CUST_FIELD_C10_A | CUST_FIELD_C10_B | CUST_FIELD_C10_C | CUST_FIELD_C10_D | CUST_FIELD_C1_A | CUST_FIELD_C1_B | CUST_FIELD_C1_C | CUST_FIELD_C1_D | CUST_FIELD_C2 | CUST_FIELD_C30_A | CUST_FIELD_C30_B | CUST_FIELD_C30_C | CUST_FIELD_C30_D | CUST_FIELD_C4 | CUST_FIELD_C6 | CUST_FIELD_C8 | CUST_FIELD_N12_A | CUST_FIELD_N12_B | CUST_FIELD_N12_C | CUST_FIELD_N12_D | CUST_FIELD_N15_A | CUST_FIELD_N15_B | CUST_FIELD_N15_C | CUST_FIELD_N15_D | CUST_ID | CUST_LEVEL | CUSTOMER_ALC | CUSTOMER_DO | CUSTOMER_TYPE | CUST_STATUS | CUST_STATUS_DT | CUST_USF_STATUS | DATE_LAST_MAINT | EMPLID | EO_FROM_CURRENCY | EO_PROCESS_INST | EXPIRATION_DATE | EXP_PENDING | FA_SPNSR_BASE_ID | FEDERAL_INDICATOR | FED_SHARE_PCT | FED_SP_TYPE | FOREIGN_FLAG | FORMER_NAME_1 | FORMER_NAME_2 | FSS_OFFSET_DAYS | GGOV_FLG | GM_DEL_LOC_REFS_SW | GM_FEDERAL_FLAG | GM_LOC_SPONSOR_ID | GRANTS_SPONSOR_FLG | HOLD_UPDATE_SW | INDIRECT_CUST_FLG | IPAC_INTERFACE | LAST_MAINT_OPRID | LASTUPDDTTM | LOC_INDICATOR | MULTI_PI | NAME1 | NAME1_AC | NAME2 | NAME2_AC | NAME3 | NAME3_AC | NAMESHORT | OFAC_STATUS | PARENT_CUST_ID | PARENT_SETID | REASON_CD | REFER_TO_CUST_ID | REFER_TO_SETID | REMIT_FROM_CUST_ID | REMIT_FROM_SETID | REPORTS_TO_SPONSOR | REVIEW_DAYS | ROLEUSER | SETID | SHIP_TO_FLG | SINCE_DT | SOLD_TO_FLG | SOURCE_SYSTEM | SPNSR_LEVEL | SPNSR_PROGRAM | SPNSR_SALARY_CAP | SPNSR_TYPE | STCUST_DAYS | STOCK_SYMBOL | SUBCUST_QUAL1 | SUBCUST_QUAL2 | SUBCUST_USE | SYMBOL_REQ | TAXPAYER_ID | TEMPLATE_ADDR | TRADING_PARTNER | US_FLAG_CARRIER | VENDOR_ID | VENDOR_SETID | WEB_URL,RH,RH,Ventes & Clients,0.6582,medium,1,0.5,rare_class_uncertain
1070520,SYSADM.PS_RESUME_OPTIONS,PS_RESUME_OPTIONS,BIRTHDATE_FLG | MARITAL_STATUS_FLG | SEX_FLG,RH,RH,Other,0.6599,medium,1,1.0,rare_class_uncertain
1071555,SYSADM.PS_RS_EDU_EXT,PS_RS_EDU_EXT,DATE_ACQUIRED | EDUCATOR | GRADUATE_INDICATOR | MAJOR | MERCHANTID | RS_DEGREE | RS_USERID | SEQNUM,RH,RH,IT & Sécurité,0.6612,medium,1,1.0,rare_class_uncertain
1028754,SYSADM.PS_EE_SRC_DEFN,PS_EE_SRC_DEFN,DESCR | EE_SOURCE_TRAN | RECNAME_SOURCE | RECNAME_TARGET | RECNAME_TMP | RECNAME_UPDATE,RH,RH,IT & Sécurité,0.6613,medium,1,1.0,rare_class_uncertain
1077581,SYSADM.PS_TRP_POOL_LG,PS_TRP_POOL_LG,BUSINESS_UNIT | DESCR | EFFDT | LANGUAGE_CD | POOL_ID,RH,RH,Other,0.6617,medium,1,1.0,rare_class_uncertain
1031334,SYSADM.PS_EX_ACTION_TBL,PS_EX_ACTION_TBL,DESCR | DESCRSHORT | EFFDT | EFF_STATUS | REIMB_ACTION | SETID,RH,RH,Other,0.6621,medium,1,1.0,rare_class_uncertain
1156236,SCP_CONTACT_DTL,PS_SCP_CONTACT_DTL,CONTACT_EMAIL | CONTACT_NAME | SCP_ACTIVE_FLAG | SCP_CONTENT_ID | SCP_CONTENT_TYPE | SCP_EMAIL_PURPOSE | SCP_EMAIL_SEQ_ID,RH,RH,IT & Sécurité,0.6637,medium,1,1.0,rare_class_uncertain
1091988,BI_SPECIALIST,PS_BI_SPECIALIST,ADD_DTTM | BILL_AUTHORITY_FLG | BILLING_SPECIALIST | EFFDT | EFF_STATUS | EXT_EMAIL_ADDR | LAST_MAINT_OPRID | LAST_UPDATE_DTTM | NAME1 | OPRID | PHONE | SETID,RH,RH,IT & Sécurité,0.6644,medium,1,1.0,rare_class_uncertain
1038288,SYSADM.PS_GM_IN_APPT_TYPE,PS_GM_IN_APPT_TYPE,APPOINTMENT_TYPE | APPT_TYPE_MONTHS | DESCR | EFFDT | EFF_STATUS | END_DT | INSTID | SETID,RH,RH,Other,0.6644,medium,1,1.0,rare_class_uncertain
1075598,SYSADM.PS_SRBT_REBATE_TMP,PS_SRBT_REBATE_TMP,BUSINESS_UNIT | CURRENCY_CD | CUST_ID | END_DATE | PROCESS_INSTANCE | REBATE_AMT | REBATE_FLAG | SRBT_ID,Ventes & Clients,Ventes & Clients,Finance & Contrôle,0.6656,medium,1,1.0,rare_class_uncertain
1074512,SYSADM.PS_SPB_TEAM,PS_SPB_TEAM,DESCR | DESCRSHORT | EFFDT | EFF_STATUS | NOTIFY_MEMBERS | SETID | TEAM_ID | TEAM_TYPE,RH,RH,Other,0.6658,medium,1,1.0,rare_class_uncertain
1035639,SYSADM.PS_FO_CAND_NOTES,PS_FO_CAND_NOTES,CANDIDATE_ID | CANDIDATE_TYPE | FO_CANDIDATE_NOTES | LASTUPDDTTM,RH,RH,Other,0.6664,medium,1,1.0,rare_class_uncertain
1164738,TR_DASH_BSL_EXC,PS_TR_DASH_BSL_EXC,BANK_ACCT_KEY | BANK_CD | OPRID | SETID,RH,RH,IT & Sécurité,0.6665,medium,1,1.0,rare_class_uncertain
1035520,SYSADM.PS_FL_WC_EMAIL_LNG,PS_FL_WC_EMAIL_LNG,EMAIL_SUBJECT80 | EMAIL_TEXTLONG | LANGUAGE_CD | PNLNAME,Ventes & Clients,Ventes & Clients,Other,0.6673,medium,1,1.0,rare_class_uncertain
1129064,MANUAL_POSN_ENT,PS_MANUAL_POSN_ENT,AMOUNT | BANK_ACCT_KEY | BANK_CD | BANK_SETID | BUSINESS_UNIT | CURRENCY_CD | DAYOFMONTH | DAYOFTHEWEEK | DESCR50 | DTTM_STAMP_SEC | GRP_BY_FIELD_1 | GRP_BY_FIELD_2 | GRP_BY_FIELD_3 | GRP_BY_FIELD_4 | GRP_BY_FIELD_5 | GRP_BY_FIELD_6 | GRP_BY_FIELD_7 | MONTHCD | OPRID | POS_CATEGORY | REFERENCE | SEQ_NBR | SETID | SOURCE_SET | VALUE_DT | WORKSHEET_ID,RH,RH,Finance & Contrôle,0.6674,medium,1,1.0,rare_class_uncertain
1153931,RS_SO_STATUS,PS_RS_SO_STATUS,BUSINESS_UNIT | DESCR | LASTUPDDTTM | LASTUPDOPRID | SO_ID | SO_STATUS,Ventes & Clients,Ventes & Clients,Other,0.6683,medium,1,1.0,rare_class_uncertain
1162474,SRBT_REBATE_TMP,PS_SRBT_REBATE_TMP,BUSINESS_UNIT | CURRENCY_CD | CUST_ID | END_DATE | PROCESS_INSTANCE | REBATE_AMT | REBATE_FLAG | SRBT_ID,Finance & Contrôle,Ventes & Clients,Finance & Contrôle,0.6687,medium,0,0.5,rare_class_uncertain
1115607,EX_PRJRES_TAO,PS_EX_PRJRES_TAO,ACTIVITY_ID | AFFILIATE | AFFILIATE_INTRA1 | AFFILIATE_INTRA2 | ANALYSIS_TYPE | BI_DISTRIB_STATUS | BUDGET_REF | BUSINESS_UNIT_GL | BUSINESS_UNIT_PC | CHARTFIELD1 | CHARTFIELD2 | CHARTFIELD3 | CLASS_FLD | DATE_UNDER_RPT | DEPTID | DESCR60 | EMPLID | EMPL_RCD | FUND_CODE | JOBCODE | OPERATING_UNIT | PC_DISTRIB_STATUS | PROCESS_INSTANCE | PRODUCT | PROGRAM_CODE | PROJECT_ID | RESOURCE_CATEGORY | RESOURCE_SUB_CAT | RESOURCE_TYPE | TIME_QUANTITY | TIME_SHEET_ID | TRC | UNIT_OF_MEASURE,RH,RH,Finance & Contrôle,0.6688,medium,1,0.5,rare_class_uncertain
1102348,CUST_TEO3,PS_CUST_TEO3,ADD_DT | ADDRESS_SEQ_BRK | ADDRESS_SEQ_IND | ADDRESS_SEQ_NUM | ADDRESS_SEQ_SHIP | ADDRESS_SEQ_SOLD | ALLOW_COPI | BILL_TO_FLG | BROKER_FLG | CFDA_NBR | CNTCT_SEQ_IPAC | CNTCT_SEQ_NUM | CNTCT_SEQ_SHIP | CNTCT_SEQ_SOLD | CONSOL_BUS_UNIT | CONT_ALLOW_PCT | CONT_NO_ALLW_PCT | CORPORATE_CUST_ID | CORPORATE_SETID | COST_LIV_INCR_PCT | CRSPD_CUST_ID | CRSPD_SETID | CURRENCY_CD | CUR_RT_TYPE | CUST_FIELD_C10_A | CUST_FIELD_C10_B | CUST_FIELD_C10_C | CUST_FIELD_C10_D | CUST_FIELD_C1_A | CUST_FIELD_C1_B | CUST_FIELD_C1_C | CUST_FIELD_C1_D | CUST_FIELD_C2 | CUST_FIELD_C30_A | CUST_FIELD_C30_B | CUST_FIELD_C30_C | CUST_FIELD_C30_D | CUST_FIELD_C4 | CUST_FIELD_C6 | CUST_FIELD_C8 | CUST_FIELD_N12_A | CUST_FIELD_N12_B | CUST_FIELD_N12_C | CUST_FIELD_N12_D | CUST_FIELD_N15_A | CUST_FIELD_N15_B | CUST_FIELD_N15_C | CUST_FIELD_N15_D | CUST_ID | CUST_LEVEL | CUSTOMER_ALC | CUSTOMER_DO | CUSTOMER_TYPE | CUST_STATUS | CUST_STATUS_DT | CUST_USF_STATUS | DATE_LAST_MAINT | EMPLID | EO_FROM_CURRENCY | EO_PROCESS_INST | EXPIRATION_DATE | EXP_PENDING | FA_SPNSR_BASE_ID | FEDERAL_INDICATOR | FED_SHARE_PCT | FED_SP_TYPE | FOREIGN_FLAG | FORMER_NAME_1 | FORMER_NAME_2 | FSS_OFFSET_DAYS | GGOV_FLG | GM_DEL_LOC_REFS_SW | GM_FEDERAL_FLAG | GM_LOC_SPONSOR_ID | GRANTS_SPONSOR_FLG | HOLD_UPDATE_SW | INDIRECT_CUST_FLG | IPAC_INTERFACE | LAST_MAINT_OPRID | LASTUPDDTTM | LOC_INDICATOR | MULTI_PI | NAME1 | NAME1_AC | NAME2 | NAME2_AC | NAME3 | NAME3_AC | NAMESHORT | OFAC_STATUS | PARENT_CUST_ID | PARENT_SETID | REASON_CD | REFER_TO_CUST_ID | REFER_TO_SETID | REMIT_FROM_CUST_ID | REMIT_FROM_SETID | REPORTS_TO_SPONSOR | REVIEW_DAYS | ROLEUSER | SETID | SHIP_TO_FLG | SINCE_DT | SOLD_TO_FLG | SOURCE_SYSTEM | SPNSR_LEVEL | SPNSR_PROGRAM | SPNSR_SALARY_CAP | SPNSR_TYPE | STCUST_DAYS | STOCK_SYMBOL | SUBCUST_QUAL1 | SUBCUST_QUAL2 | SUBCUST_USE | SYMBOL_REQ | TAXPAYER_ID | TEMPLATE_ADDR | TRADING_PARTNER | US_FLAG_CARRIER | VENDOR_ID | VENDOR_SETID | WEB_URL,RH,RH,Ventes & Clients,0.6695,medium,1,0.5,rare_class_uncertain
1133448,PAYGROUP_LANG,PS_PAYGROUP_LANG,COMPANY | DESCR | DESCRSHORT | EFFDT | LANGUAGE_CD | PAYGROUP,RH,RH,Other,0.6698,medium,1,1.0,rare_class_uncertain
1076683,SYSADM.PS_TD_PROMO_MERBRK,PS_TD_PROMO_MERBRK,BREAK_QTY_HIGH | BREAK_QTY_LOW | CURRENCY_CD | DISCOUNT | EOEP_ADJST_FLG | EOEP_VAR_TYPE | FG_DISCOUNT | FG_PRICE | FG_PRODUCT_ID | FG_QUANTITY | FG_UOM | MERCH_TYPE | METRICS | PPRC_PROMO_CD | SEQNO | SETID | TD_FG_PCT_AMT_TYPE | TD_PCT_AMT_TYPE | UNIT_OF_MEASURE,Ventes & Clients,Ventes & Clients,Finance & Contrôle,0.6702,medium,1,1.0,rare_class_uncertain
1071844,SYSADM.PS_RS_SO_COMP_WS,PS_RS_SO_COMP_WS,COMPETENCY | DESCR | SELECT_CB,RH,RH,IT & Sécurité,0.6721,medium,1,0.5,rare_class_uncertain
1038339,SYSADM.PS_GM_OPPTY_DTL_EX,PS_GM_OPPTY_DTL_EX,ACTUAL_BILL_RATE | ACTUAL_COST_RATE | ADJUSTED_FLAG_BILL | ADJUSTED_FLAG_COST | ADJUSTMENT_BILLAMT | ADJUSTMENT_BILLPCT | ADJUSTMENT_BILL_RT | ADJUSTMENT_COSTAMT | ADJUSTMENT_COSTPCT | ADJUSTMENT_COST_RT | ADJUST_OPTION_BILL | ADJUST_OPTION_COST | ASSET_ITEM_ID | BEGIN_DT | BILL_AMT | BUDGET_CATEGORY | BUDGET_ID | BUDGET_LN | BUDGET_PERIOD_GM | BUSINESS_UNIT | COST_AMT | CURRENCY_CD | DESCR | DESCR50 | EMPLID | END_DT | GM_TEAM_MEMBER | NBR_OF_DAYS | NBR_OF_HOURS | NOTE | PM_MARGIN_PCT | POOL_ID | PROJ_ROLE | PROPOSAL_ID | QTY_INTEGER | QTY_X_HOURS | QTY_X_WEEKS | REGION_CD | RES_RATE_FLG | REVIEW | RS_RESRC_TEMPLT_ID | SEQ_NUM | STD_BILL_RATE | STD_COST_RATE | SUBCONTRACT_TYPES | SUB_PROP_NBR | TEAM_MEMBER | TEAM_MEMBER_CLASS | TEAM_MEMBER_IND | UNIT_OF_MEASURE | VERSION_ID | WEEKLY_WEEKS,Ventes & Clients,Ventes & Clients,Finance & Contrôle,0.6726,medium,1,1.0,rare_class_uncertain
1043466,SYSADM.PS_INSTALLATION_FO,PS_INSTALLATION_FO,ATTACH_TYPE | COUNTRY | EMPL_ORG_RECNAME | ESS_DEPTID | FO_ADDL_JOBS_HRLY | FO_ADDL_JOBS_SLRY | FO_AFTER_UPD_STS | FO_ALLOW_ADDIT | FO_ALLOW_REOP | FO_APPLY_REGIST | FO_APPLY_URL | FO_ASSGN_CHG_DATE | FO_CHG_QUANTITY | FO_CHGSHIPTOWRK | FO_EMAIL_EVENT | FO_EXP_ASGN | FO_HIRE | FO_JOBDIST | FO_JOBDIST_ID | FO_MAP | FO_OI_VENDOR_ID | FO_PSFT_DOMAIN | FO_RESUME_PARSING | FO_USE_RS_CALENDAR | LANG_CD | LAST_HIST_ID | LAST_PRCS_INSTANCE | ORG_FIELDNAME | ORG_RECNAME | ROLENAME | SETID_DEPT | SYSTEM_EMAIL_ADDR | TASK_TYPE | TREE_NAME,RH,RH,IT & Sécurité,0.6727,medium,1,1.0,rare_class_uncertain
1102347,CUST_TEO2,PS_CUST_TEO2,ADD_DT | ADDRESS_SEQ_BRK | ADDRESS_SEQ_IND | ADDRESS_SEQ_NUM | ADDRESS_SEQ_SHIP | ADDRESS_SEQ_SOLD | ALLOW_COPI | BILL_TO_FLG | BROKER_FLG | CFDA_NBR | CNTCT_SEQ_IPAC | CNTCT_SEQ_NUM | CNTCT_SEQ_SHIP | CNTCT_SEQ_SOLD | CONSOL_BUS_UNIT | CONT_ALLOW_PCT | CONT_NO_ALLW_PCT | CORPORATE_CUST_ID | CORPORATE_SETID | COST_LIV_INCR_PCT | CRSPD_CUST_ID | CRSPD_SETID | CURRENCY_CD | CUR_RT_TYPE | CUST_FIELD_C10_A | CUST_FIELD_C10_B | CUST_FIELD_C10_C | CUST_FIELD_C10_D | CUST_FIELD_C1_A | CUST_FIELD_C1_B | CUST_FIELD_C1_C | CUST_FIELD_C1_D | CUST_FIELD_C2 | CUST_FIELD_C30_A | CUST_FIELD_C30_B | CUST_FIELD_C30_C | CUST_FIELD_C30_D | CUST_FIELD_C4 | CUST_FIELD_C6 | CUST_FIELD_C8 | CUST_FIELD_N12_A | CUST_FIELD_N12_B | CUST_FIELD_N12_C | CUST_FIELD_N12_D | CUST_FIELD_N15_A | CUST_FIELD_N15_B | CUST_FIELD_N15_C | CUST_FIELD_N15_D | CUST_ID | CUST_LEVEL | CUSTOMER_ALC | CUSTOMER_DO | CUSTOMER_TYPE | CUST_STATUS | CUST_STATUS_DT | CUST_USF_STATUS | DATE_LAST_MAINT | EMPLID | EO_FROM_CURRENCY | EO_PROCESS_INST | EXPIRATION_DATE | EXP_PENDING | FA_SPNSR_BASE_ID | FEDERAL_INDICATOR | FED_SHARE_PCT | FED_SP_TYPE | FOREIGN_FLAG | FORMER_NAME_1 | FORMER_NAME_2 | FSS_OFFSET_DAYS | GGOV_FLG | GM_DEL_LOC_REFS_SW | GM_FEDERAL_FLAG | GM_LOC_SPONSOR_ID | GRANTS_SPONSOR_FLG | HOLD_UPDATE_SW | INDIRECT_CUST_FLG | IPAC_INTERFACE | LAST_MAINT_OPRID | LASTUPDDTTM | LOC_INDICATOR | MULTI_PI | NAME1 | NAME1_AC | NAME2 | NAME2_AC | NAME3 | NAME3_AC | NAMESHORT | OFAC_STATUS | PARENT_CUST_ID | PARENT_SETID | REASON_CD | REFER_TO_CUST_ID | REFER_TO_SETID | REMIT_FROM_CUST_ID | REMIT_FROM_SETID | REPORTS_TO_SPONSOR | REVIEW_DAYS | ROLEUSER | SETID | SHIP_TO_FLG | SINCE_DT | SOLD_TO_FLG | SOURCE_SYSTEM | SPNSR_LEVEL | SPNSR_PROGRAM | SPNSR_SALARY_CAP | SPNSR_TYPE | STCUST_DAYS | STOCK_SYMBOL | SUBCUST_QUAL1 | SUBCUST_QUAL2 | SUBCUST_USE | SYMBOL_REQ | TAXPAYER_ID | TEMPLATE_ADDR | TRADING_PARTNER | US_FLAG_CARRIER | VENDOR_ID | VENDOR_SETID | WEB_URL,RH,RH,Ventes & Clients,0.6729,medium,1,0.5,rare_class_uncertain
1030365,SYSADM.PS_EOEC_CCI_CARD,PS_EOEC_CCI_CARD,EOEC_CCI_CVNUM | EOEC_CCI_EXPMO | EOEC_CCI_EXPYR | EOEC_CCI_FNAME | EOEC_CCI_FULLNAME | EOEC_CCI_LNAME | EOEC_CCI_MAGDATA | EOEC_CCI_NUMBER | EOEC_CCI_TYPE,RH,RH,Other,0.6733,medium,1,1.0,rare_class_uncertain
1028355,SYSADM.PS_EB_PAY_DTL_CNTL,PS_EB_PAY_DTL_CNTL,NOTHING,RH,RH,Supply Chain / Logistique / Production,0.6733,medium,1,1.0,rare_class_uncertain
1130462,OCHTRPTREGTAO,PS_OCHTRPTREGTAO,BUSINESS_UNIT | EFFDT | EFF_STATUS | GLOBAL_FLAG | ORDER_NO | PROCESS_INSTANCE | REGION_CD | SETID | SHIP_TO_CUST_ID,Supply Chain / Logistique / Production,Ventes & Clients,Supply Chain / Logistique / Production,0.6734,medium,0,0.5,rare_class_uncertain
1105708,EARNINGS_LANG,PS_EARNINGS_LANG,DESCR | DESCRSHORT | EFFDT | ERNCD | LANGUAGE_CD,RH,RH,Other,0.6742,medium,1,1.0,rare_class_uncertain
1132601,ORD_PRCADJ_DATE,PS_ORD_PRCADJ_DATE,BUSINESS_UNIT | DATE_BEGIN | DATE_END | EOEP_DATE_NAME | EOEP_DATE_TYPE | EOEP_RANGE_ID | EOEP_RULE_ID | ORDER_INT_LINE_NO | ORDER_NO | SCHED_LINE_NBR,Ventes & Clients,Ventes & Clients,Achats & Fournisseurs,0.675,medium,1,1.0,rare_class_uncertain
1059974,SYSADM.PS_PL_SO_HDR_TMP,PS_PL_SO_HDR_TMP,BUSINESS_UNIT_IN | BUSINESS_UNIT_OM | ORDER_NO | SHIP_TO_CUST_ID,Ventes & Clients,Ventes & Clients,Supply Chain / Logistique / Production,0.6751,medium,1,1.0,rare_class_uncertain
1131399,OMETRPTREGTAO,PS_OMETRPTREGTAO,BUSINESS_UNIT | EFFDT | EFF_STATUS | GLOBAL_FLAG | ORDER_NO | PROCESS_INSTANCE | REGION_CD | SETID | SHIP_TO_CUST_ID,Supply Chain / Logistique / Production,Ventes & Clients,Supply Chain / Logistique / Production,0.6767,medium,0,0.5,rare_class_uncertain
1153010,RS_2090AVST_WS,PS_RS_2090AVST_WS,AVG_NUM_REQ | AVG_STAFFING_TIME | DATE_REPORT | DESCR254 | DESCR50 | NUM_OF | TOTAL_SO,RH,RH,Other,0.6792,medium,1,1.0,rare_class_uncertain
1130861,OMBI_PARM_AET,PS_OMBI_PARM_AET,BILL_TO_CUST_ID | BUSINESS_UNIT | BUSINESS_UNIT_IN | BUSINESS_UNIT_INTO | BUSINESS_UNIT_OM | BUSINESS_UNIT_OMTO | BUSINESS_UNIT_TO | IN_DEMAND_UPD_SQL | INTFC_ID | LANGUAGE_CD | ORDER_NO | PAID_ORDERS_FLG | POST_SHIP_INSTANCE | PROCESS_INSTANCE | RESTART_PI | SHIP_ID | SOLD_TO_CUST_ID,Ventes & Clients,Ventes & Clients,IT & Sécurité,0.6797,medium,1,1.0,rare_class_uncertain
1036061,SYSADM.PS_FO_SO_LINE_FF,PS_FO_SO_LINE_FF,BUSINESS_UNIT | COMBINED_SRCH_FLD | COMBINED_SRCH_REF | COMP_OPERATOR | FIELDNAME | FIELDTYPE | FO_SRCH_FLD_VAL | MTCH_COL_ID | ORDERNO | PROMPTED_SELECT | SELECT_DT | SO_ID | SO_LINE | SRCH_CATEGORY | SRCH_PREF_REQ | SRCH_RESUME | VERITY_FIELD,Ventes & Clients,Ventes & Clients,Other,0.6806,medium,1,1.0,rare_class_uncertain
1072725,SYSADM.PS_RUN_OM_REBATES,PS_RUN_OM_REBATES,CNTRCT_ID | END_DATE | LANGUAGE_CD | OPRID | RUN_CNTL_ID | SETID | START_DATE,Ventes & Clients,Ventes & Clients,IT & Sécurité,0.6818,medium,1,1.0,rare_class_uncertain
1018456,SYSADM.PS_CA_PE_PERS_STAT,PS_CA_PE_PERS_STAT,BUSINESS_UNIT | CA_PAGELET_FORMAT | CA_RQST_SRC | COMPONENT_ID | CONTRACT_NUM | CONTRACT_TYPE | CURRENCY_CD | DATE_TYPE | FROM_DATE | FROM_DATE_OPTION | MY_CONTRACTS | OPRID | REGION_CD | SHOW_ACTIVE | SHOW_CLOSED | SHOW_PENDING | SOLD_TO_CUST_ID | SUBCUST_QUAL1 | SUBCUST_QUAL2 | THRU_DATE | THRU_DATE_OPTION,RH,RH,Finance & Contrôle,0.6834,medium,1,0.5,rare_class_uncertain
1122497,HRMN_TARIFF_LNG,PS_HRMN_TARIFF_LNG,DESCR | DESCRSHORT | EFFDT | HARMONIZED_CD | LANGUAGE_CD | SETID,RH,RH,Other,0.6836,medium,1,1.0,rare_class_uncertain
1076593,SYSADM.PS_TD_CUS_PROD_WRK,PS_TD_CUS_PROD_WRK,BUSINESS_UNIT_IN | CURRENCY_CD | CUST_ID | PRODUCT_ID | SETID | UNIT_OF_MEASURE,Ventes & Clients,Ventes & Clients,Other,0.6836,medium,1,1.0,rare_class_uncertain
1155798,SCD_BLDEV_CTX,PS_SCD_BLDEV_CTX,BUSINESS_UNIT | CALENDAR_ID | EMAIL_ADDRESS | EOEC_UL_ID | EOEN_CATEGORY | EOEN_EMAIL_GROUP | EOEN_EMAIL_SUBJECT | EOEN_LAST_DTTIME | EOEN_NOTIFY_TO | EOEN_PRCS_NAME | QRYNAME | SCD_CAL_SETID | SCD_DUE_DATE | SCD_EVAL_NAME | SCD_EVAL_PD_TYPE | SCD_EVAL_PERIOD | SCD_EVAL_STATUS | SCD_EVALTEE_SETID | SCD_EVALUATEE_ID | SCD_EVALUATION_ID | SCD_EVALUATOR_ID | SCD_EVAL_YEAR | SCD_FROM_DATE | SCD_OWNER_ID | SCD_TEMPLATE_ID | SCD_TO_DATE | SCD_VERSION_NBR | SCD_VIEW_TYPE | SEQ_NBR_EOEN,RH,RH,IT & Sécurité,0.6839,medium,1,1.0,rare_class_uncertain
1105632,DST_SET_OM,PS_DST_SET_OM,BUSINESS_UNIT | BUSINESS_UNIT_IN | CUST_ID | CUSTOMER_GROUP | DISTRIB_SET_ID | DISTRIB_TYPE | DOC_TYPE_OM | DST_ID_DIS | DST_ID_REV | DST_ID_SUR | DST_RL_COMBO_CD | DTTIME_ADDED | DTTIME_LAST_MAINT | EFFDT | EFF_STATUS | LAST_MAINT_OPRID | ORDER_GRP | PRODUCT_GROUP | PRODUCT_ID | REGION_CD,Ventes & Clients,Ventes & Clients,Finance & Contrôle,0.6841,medium,1,1.0,rare_class_uncertain
1077579,SYSADM.PS_TRP_POOL_CNT,PS_TRP_POOL_CNT,BUSINESS_UNIT | CONTACT_ID | EFFDT | POOL_ID,RH,RH,Other,0.6846,medium,1,1.0,rare_class_uncertain
1033075,SYSADM.PS_EX_MC3_MN_TA3,PS_EX_MC3_MN_TA3,CRDMEM_ACCT_NBR | CURRENCY_CD | EMPLID | EX_COMP_FLAG | INV_BUS_UNIT | INV_CUR_CD | INV_EXP_DT | MC_ACCT_NUM | MC_ACCT_OPEN_DT | MC_CRDHLD_NAME | MC_CREDIT_LIMIT | MC_EFF_DT | MC_EMPLID | MC_EXPIRE_DT | MC_PROCESS_DT | MC_TRANS_LIMIT | PROCESS_INSTANCE | PROFILE_EXISTS,Finance & Contrôle,RH,Finance & Contrôle,0.6851,medium,0,0.5,rare_class_uncertain
1038551,SYSADM.PS_GM_PROPSL_FORMS,PS_GM_PROPSL_FORMS,ADDBIO | ADD_EQU_ATT | ADD_KEY_ATT | ADDSENKEY | ADDSUPPOR | AGE_ASS | AGE_ASS_DT | APP_CERT | AWD_AMT | BIO_REFERE | BIO_SKETCH | BIOSKETCH | BUDGET_1 | BUDGET_2 | BUDGET_3 | BUDGET_4 | BUDGET_5 | BUDGET_FORM | BUD_JUST | BUSINESS_UNIT | CHANGE_QT | CHANGE_YEAR | CHECK_ADD_ITEM | CHECK_APPCERT | CHECK_BIB | CHECK_BIO_SKECH | CHECK_COST_SHAR | CHECK_CUR_PEND_SUP | CHECK_EQU | CHECK_FACILITY | CHECK_FULLAPP | CHECK_HR_INFO | CHECK_MERIT_REW | CHECK_NOT_INC | CHECK_NSF_COV | CHECK_NSF_DEV_AUTH | CHECK_NSF_FILL | CHECK_NSF_OTH | CHECK_NSF_REG | CHECK_NSF_UNIT | CHECK_PRIOR_SUP | CHECK_PROJ_NAR | CHECK_PROJ_SUM | CHECK_RENEWA | CHECK_RR_BUDGET | CHECK_RR_BUD_JUST | CHECK_RROTHER | CHECK_RR_PERS | CHECK_RR_PROF | CHECK_RRSITE | CHECKSIGNDATE1 | CHECKSIGNDATE2 | CHECKSIGNDATE3 | CHECK_SUP_DOC | CHECK_TYPEAPP | CHECK_URL | CIVIL_ASS_DT | CIVILRIGHTASS | COVER_SHET_RR | CURRENCY_CD | DEVIATION_AUTH | DISCLOSURE_PERM | DIS_PERMI | DOMESTIC_PERF | EMPLID | ENV_IMPACT | ENV_IMPACT_EXPL | ENV_IMP_EXEMT | ENV_IMP_EXEMT_EXPL | EQV_PROP_SUBMITED | FED_ACT | FED_ACT_STATUS | FED_ACT_TYPE | FED_AG_DEPT | FED_AGENCY_NAMES | FED_PROG_NAME | GM_PROG_CODE | GM_PROG_NAME | HANDI_ASS | HANDI_ASS_DT | HIS_IMPACT | HIS_IMPACT_DESC | HUM_SUB_CERT | INCLUE_ACC_RENV | INCLUE_EXPLOR_RSH | INCLUE_FIRST_PI | INCLUE_HIG_RESLU | INCLUE_HIS_PLCE | INCLUE_LOBB_ACT | INCOR_CERT | INTER_GOV_REV | INTER_PART | IRS_CERT | IRSL_LIST | IS_HUM_STM_CEL | IS_INV_PATEN | IS_PRE_RPT | IS_PRO_INCOM | IS_PROPRIE_INC | IS_SMALL_BUS_ELIG | IS_SUB_TO_OTH | LAST_REPORT | LOCAL_HUB_ZONE | MONTH_12_DTL | NASA_CIVIL_SEV | NASA_FTE1 | NASA_FTE2 | NASA_FTE3 | NASA_FTE4 | NASA_FTE5 | NASA_FTE6 | NASA_FY1 | NASA_FY2 | NASA_FY3 | NASA_FY4 | NASA_FY5 | NASA_FY6 | NEW_INV | NRI_PROP_TYPE | NSF_DIV_CODE | NSF_DIV_NAME | ONLY_ADD_FIN | OTH_ATTCH | OTHER_AGENCY | OTHPRJINFO | OUTSIDE_US_EXP | OUTSIDE_US_IND | OUTSIDE_US_OPT_EXP | PARENT_CERT | PERS_FORM | PHS_IMPACT | POST_DOC_FEL | PRE_AGE_NAME | PRE_FILED_DT | PRIMARY_REP_ENTY | PRJNAFL | PRJ_SUM_ABS | PROG_CODE | PROG_NAME | PROGRESS_REP | PROJ_DTL | PROJ_IDENTIFY | PROPOSAL_ID | REP_TYPE_LNG | REP_TYPES | RES_PRP_PRJ_GRP | REV_12372 | REV_12372_DT | REV_PRJ_OBJ | RRCOVERPAGE | RRSENKEY | SBIR_PDPI_COMMIT | SBIR_PDPI_E | SBIR_PDPI_EMPL | SBIR_PDPI_JOINT | SBIR_PHASE2AWARDS | SBIR_PII_RECE | SEX_ASS | SEX_ASS_DT | SF424AC | STATE_CERT | STEM_CELL_IND | STR_TH | STR_TH_GRP | STTR_PDPI_C | STTR_PDPI_J | SUB_CONTRACT_NAME | SUB_CONTRCT_INCL | SUPPLEINFO | SUPPORTFILE | USER_DATE1 | USER_DATE2 | USER_DATE3 | USER_FIELD_1 | USER_FIELD_2 | USER_FIELD_3 | USER_FIELD_4 | USER_FIELD_5 | USER_FLG1 | USER_FLG2 | USER_FLG3 | USER_FLG4 | USER_FLG5 | VERSION_ID | Y_COLL | Y_COPI | Y_EQU | Y_EX | Y_FAC | Y_PI,RH,RH,Finance & Contrôle,0.686,medium,1,1.0,rare_class_uncertain
1076666,SYSADM.PS_TD_PRD_SALE_TMP,PS_TD_PRD_SALE_TMP,AMOUNT | CURRENCY_CD | DESCR | DESCR20_MIXED | PRODUCT_ID | SETID,Ventes & Clients,Ventes & Clients,Finance & Contrôle,0.686,medium,1,1.0,rare_class_uncertain
1049199,SYSADM.PS_OCHTRPTREGTAO,PS_OCHTRPTREGTAO,BUSINESS_UNIT | EFFDT | EFF_STATUS | GLOBAL_FLAG | ORDER_NO | PROCESS_INSTANCE | REGION_CD | SETID | SHIP_TO_CUST_ID,Supply Chain / Logistique / Production,Ventes & Clients,Supply Chain / Logistique / Production,0.6861,medium,0,0.5,rare_class_uncertain
1095044,CA_PE_PERS_STAT,PS_CA_PE_PERS_STAT,BUSINESS_UNIT | CA_PAGELET_FORMAT | CA_RQST_SRC | COMPONENT_ID | CONTRACT_NUM | CONTRACT_TYPE | CURRENCY_CD | DATE_TYPE | FROM_DATE | FROM_DATE_OPTION | MY_CONTRACTS | OPRID | REGION_CD | SHOW_ACTIVE | SHOW_CLOSED | SHOW_PENDING | SOLD_TO_CUST_ID | SUBCUST_QUAL1 | SUBCUST_QUAL2 | THRU_DATE | THRU_DATE_OPTION,RH,RH,Finance & Contrôle,0.6876,medium,1,1.0,rare_class_uncertain
1133257,P6_TIME_JOBCODE,PS_P6_TIME_JOBCODE,AE_APPLID | JOBCODE | OPRID | RUN_CNTL_ID,RH,RH,IT & Sécurité,0.6884,medium,1,1.0,rare_class_uncertain
1028175,SYSADM.PS_DST_SET_OM,PS_DST_SET_OM,BUSINESS_UNIT | BUSINESS_UNIT_IN | CUST_ID | CUSTOMER_GROUP | DISTRIB_SET_ID | DISTRIB_TYPE | DOC_TYPE_OM | DST_ID_DIS | DST_ID_REV | DST_ID_SUR | DST_RL_COMBO_CD | DTTIME_ADDED | DTTIME_LAST_MAINT | EFFDT | EFF_STATUS | LAST_MAINT_OPRID | ORDER_GRP | PRODUCT_GROUP | PRODUCT_ID | REGION_CD,Ventes & Clients,Ventes & Clients,Finance & Contrôle,0.6886,medium,1,0.5,rare_class_uncertain
1029776,SYSADM.PS_EOCM_ELM_AET,PS_EOCM_ELM_AET,CURRENCY_CD | EFFDT | EFF_STATUS | EOCM_CONTENT_CST | EOCM_DESCR | EOCM_DESCR_CAT | EOCM_ELM_CATITM_ID | EOCM_ELM_CAT_LG_NM | EOCM_ELM_CEU | EOCM_ELM_KEYWORDS | EOCM_ELM_NOTES | EOCM_EPRO_FILENAME | EOCM_FILEEXTENSION | EOCM_FILEPATH | EOCM_LEARN_OBJ_ID | EOCM_PROP_NAME_1 | EOCM_PROP_NAME_2 | EOCM_PROP_NAME_3 | EOCM_PROP_NAME_4 | EOCM_PROP_NAME_5 | EOCM_PROP_VAL_1 | EOCM_PROP_VAL_2 | EOCM_PROP_VAL_3 | EOCM_PROP_VAL_4 | EOCM_PROP_VAL_5 | EOCM_REQUISITE_ID | EOCM_VNDRCOURSE_ID | EOCM_VNDRCOURSE_NM | PROCESS_INSTANCE | URL,RH,RH,IT & Sécurité,0.689,medium,1,1.0,rare_class_uncertain
1071648,SYSADM.PS_RS_HOLIDAY_TBL,PS_RS_HOLIDAY_TBL,DESCR | DESCRSHORT | HOLIDAY_SCHEDULE | SYNCDTTM | SYNCID,RH,RH,Other,0.6893,medium,1,1.0,rare_class_uncertain
1070003,SYSADM.PS_RE_PTY_TYPE,PS_RE_PTY_TYPE,EFFDT | EFF_STATUS | END_EFFDT | INSTANCE_DESCR | INSTANCE_NAME | PARTY_TYPE_CD | ROLE_TYP | SETID,RH,RH,Other,0.6902,medium,1,1.0,rare_class_uncertain
1115665,EX_PYNTFY_TBL,PS_EX_PYNTFY_TBL,BANK_ACCT_KEY | BANK_CD | BANK_SETID | CURRENCY_PYMNT | EMPLID | PAID_AMT | PAYCHECK_NBR | PYMNT_DT | PYMNT_ID | PYMNT_METHOD,RH,RH,Finance & Contrôle,0.6903,medium,1,1.0,rare_class_uncertain
1132181,ORD_CR_HOLD_WL,PS_ORD_CR_HOLD_WL,ACTIVITYNAME | BILL_TO_CUST_ID | BUSINESS_UNIT | BUSPROCNAME | DTTM_CREATED | EFF_STATUS | EVENTNAME | HOLD_CD | INSTANCEID | ORDER_NO | ORDER_STATUS | TRANSACTIONID | WORKLISTNAME,Ventes & Clients,Ventes & Clients,IT & Sécurité,0.6906,medium,1,1.0,rare_class_uncertain
1053854,SYSADM.PS_OMETRPTREGTAO,PS_OMETRPTREGTAO,BUSINESS_UNIT | EFFDT | EFF_STATUS | GLOBAL_FLAG | ORDER_NO | PROCESS_INSTANCE | REGION_CD | SETID | SHIP_TO_CUST_ID,Supply Chain / Logistique / Production,Ventes & Clients,Supply Chain / Logistique / Production,0.6909,medium,0,0.5,rare_class_uncertain
1162182,SPR_SUPSCR_PREF,PS_SPR_SUPSCR_PREF,OPRID | PAGE_NAME | POAMOUNT_YN | SPR_APPROVAL_T_YN | SPR_AVG_RSP_TM_YN | SPR_CNT_BD_REJ_YN | SPR_CNT_CANDSUB_YN | SPR_CNT_INTERVW_YN | SPR_CNT_REQRSP_YN | SPR_CNT_REQSRC_YN | SPR_CNT_WO_REJ_YN | SPR_POS_FILLED_YN | SPR_REQS_FILLED_YN | SPR_SUP_GPH_AMOUNT | SPR_SUP_GPH_COUNTS | SPR_SUP_GPH_TIMES | SPR_TIME_TO_FIL_YN,RH,RH,Finance & Contrôle,0.6924,medium,1,1.0,rare_class_uncertain
1119623,GL_EXT_HR_TMP,PS_GL_EXT_HR_TMP,DEPTID | NUM_NEW_VAL | NUM_OLD_VAL | PROJECT_ID,RH,RH,Finance & Contrôle,0.6932,medium,1,1.0,rare_class_uncertain
1153904,RS_SO_LINE_COMP,PS_RS_SO_LINE_COMP,BUSINESS_UNIT | COMPETENCY | PROFICIENCY | SO_ID | SO_LINE | SRCH_RESUME | WEIGHT_POINTS | YEARS_OF_EXP,RH,RH,Other,0.6954,medium,1,1.0,rare_class_uncertain
1074382,SYSADM.PS_SP_BDFTR_BY_SER,PS_SP_BDFTR_BY_SER,BID_FACTOR_CD | BID_FACTOR_GRP | BID_FACTOR_TYPE | DESCR | PROJ_ROLE | SETID | UNIT_OF_MEASURE | WEIGHTING,RH,RH,Finance & Contrôle,0.6969,medium,1,1.0,rare_class_uncertain
1025334,SYSADM.PS_CUST_ADDRESS,PS_CUST_ADDRESS,ADDRESS1 | ADDRESS2 | ADDRESS3 | ADDRESS4 | ADDRESS_SEQ_NUM | ADDR_FIELD1 | ADDR_FIELD2 | ADDR_FIELD3 | ALT_NAME1 | ALT_NAME2 | CITY | COUNTRY | COUNTRY_CODE | COUNTY | CUST_ID | DATE_LAST_MAINT | EFFDT | EFF_STATUS | EXTENSION | FAX | GEO_CODE | HOUSE_TYPE | IN_CITY_LIMIT | LANGUAGE_CD | LAST_EXP_CHK_DTTM | LAST_MAINT_OPRID | LASTUPDDTTM | NUM1 | NUM2 | PHONE | PHYSICAL_NATURE | POSTAL | SETID | STATE | TAX_CD | URL_LONG | VAT_SVC_PERFRM_FLG,Ventes & Clients,Ventes & Clients,Finance & Contrôle,0.697,medium,1,1.0,rare_class_uncertain
1024907,SYSADM.PS_CS_CONTACT,PS_CS_CONTACT,ADDRESS1 | ADDRESS2 | ADDRESS3 | ADDRESS4 | ADDR_FIELD1 | ADDR_FIELD2 | ADDR_FIELD3 | CITY | CNTCT_SEQ_NUM | CONTACT_NAME | CONTACT_TITLE | COUNTRY | COUNTY | CS_ALT_EMAILID | CS_CARBON_COPY_FLG | CS_DOC_ID | CS_EXT_CNTCT_FLG | CS_EXT_SIGNER_FLG | CS_SIGN_DTTM | CS_SIGNER_FLG | CS_SIGN_NBR | CS_SIGN_STATUS | CS_SIGN_VISIBLE | EMAILID | EXT_PRIMARY_OWNER | EXT_VIEW_ACCESS | GEO_CODE | HOUSE_TYPE | IN_CITY_LIMIT | NUM1 | NUM2 | OPRID_EXT | POSTAL | STATE,Ventes & Clients,Ventes & Clients,RH,0.6974,medium,1,1.0,rare_class_uncertain
1025330,SYSADM.PS_CUS_CNV_HDR_LNG,PS_CUS_CNV_HDR_LNG,BUSINESS_UNIT | CONVER_DT | CONVER_DTTM_INIT | CUST_ID | DESCR | LANGUAGE_CD | SETID,Ventes & Clients,Ventes & Clients,Other,0.6984,medium,1,1.0,rare_class_uncertain
1154030,RS_SYNEMPLTMP,PS_RS_SYNEMPLTMP,CALENDAR_SYSTEM | EMPLID | ENABLED | FOLDER_NAME | NAMESPACE | PROCESS_INSTANCE | RS_LOGFILENAME | RS_NOTESPASSWORD | RS_NOTESSERVER | RS_NOTESUSERNAME | RS_TRACE_TYPE | SYNCH_FLAG,RH,RH,IT & Sécurité,0.6991,medium,1,0.5,rare_class_uncertain
1071653,SYSADM.PS_RS_INTFC_GENASG,PS_RS_INTFC_GENASG,CAP_PERCENT | DESCR | DESCR254 | END_DATE | GENERIC_NAME | LOAD_STS | MESSAGE_NBR | MESSAGE_SET_NBR | PER_STATUS | POOL_ASGN_ACTION | POOL_ID | PROJ_ROLE | REGION_CD | SEQ_NUM | SETID_ROLE | START_DATE,RH,RH,IT & Sécurité,0.6999,medium,1,1.0,rare_class_uncertain
1122030,GP_PYGRP_LANG,PS_GP_PYGRP_LANG,DESCR | DESCRSHORT | GP_PAYGROUP | LANGUAGE_CD,RH,RH,Other,0.7001,medium,1,1.0,rare_class_uncertain
1078640,SYSADM.PS_UPG_PC3_AET,PS_UPG_PC3_AET,BUSINESS_UNIT | COUNT_1 | CURRENCY_CD | DESCR | DESCRLONG | EFFDT | END_DT | NEW_END_DATE | NEW_START_DATE | PC_HOURS_PER_DAY | PREV_BUSINESS_UNIT | PREV_EFFDT | PREV_PROJ_MANAGER | PROCESS_INSTANCE | PROJECT_ID | PROJECT_MANAGER | PROJ_MGR_FLAG | PROJ_ROLE | RATE_PLAN | RATE_PLAN_COPY | RATE_PLAN_TYPE | ROLE_TYPE | SCHED_END_DT | SCHED_NUM | SCHED_ROW_COUNT | SCHED_START_DT | SCHEDULED_HRS | SECURITY_PROFILE | SEQ_NUM | SETID | START_DT | TEAM_MEMBER | TEAM_MEMBER_CLASS | TEAM_MEMBER_IND | TEAM_ROWS_COUNT | UOM_HOURS,RH,RH,IT & Sécurité,0.7004,medium,1,0.5,rare_class_uncertain
1114088,EOTP_RECT_EMAIL,PS_EOTP_RECT_EMAIL,BUSINESS_UNIT | EOTP_CUSTOM_FTR | EOTP_CUSTOM_HDR | EOTP_RECRUITID | WL_TEMPLATE_ID,RH,RH,Other,0.7009,medium,1,1.0,rare_class_uncertain
1118273,FO_SRC_ORDSR_WS,PS_FO_SRC_ORDSR_WS,BUSINESS_UNIT | COMBINED_SRCH_FLD | COMBINED_SRCH_REF | COMP_OPERATOR | FIELDNAME | FIELDTYPE | FO_SRCH_FLD_VAL | MTCH_COL_ID | ORDERNO | PROMPTED_SELECT | SELECT_DT | SO_ID | SO_LINE | SRCH_CATEGORY | SRCH_PREF_REQ | SRCH_RESUME | VERITY_FIELD,Ventes & Clients,Ventes & Clients,Other,0.7036,medium,1,1.0,rare_class_uncertain
1115583,EX_PRED_DEPT,PS_EX_PRED_DEPT,DEPTID | OPRID,RH,RH,IT & Sécurité,0.7042,medium,1,1.0,rare_class_uncertain
1154050,RS_TMPL_ACMPLIC,PS_RS_TMPL_ACMPLIC,ACCOMPLISHMENT | COUNTRY | RS_RESRC_TEMPLT_ID | SETID | STATE | SYSTEM_SOURCE | WEIGHT_POINTS,RH,RH,Other,0.7048,medium,1,1.0,rare_class_uncertain
1148081,PV_HR8_DEFAULTS,PS_PV_HR8_DEFAULTS,CURRENCY_CD | DEFAULT_BU | DEFAULTNAVHP | DEFAULT_SETID | JOBCODE | LANGUAGE_CD | LOCATION | MULTILANG | OPRCLASS | ORIGIN | PASSWORD | PRCSPRFLCLS | PSWDEXPIRED | ROLENAME | ROLENAME2 | ROLENAME3 | ROLENAME4 | ROWSECCLASS | SETID_JOBCODE | SHIPTO_ID | SYMBOLICID,RH,RH,IT & Sécurité,0.7052,medium,1,1.0,rare_class_uncertain
1099197,COLLECTOR_TBL,PS_COLLECTOR_TBL,COLLECTOR | EFFDT | EFF_STATUS | EXT_EMAIL_ADDR | FAX | LAST_MAINT_DTTM | LAST_MAINT_OPRID | NAME1 | OPRID | PHONE | SETID | TITLE,RH,RH,IT & Sécurité,0.7052,medium,1,1.0,rare_class_uncertain
1160902,SPF_INTERVIEW,PS_SPF_INTERVIEW,BID_ID | BUSINESS_UNIT | COMMENTS | EMAIL_ADDR | INTERVIEWER | INTERVIEWLOCATION | INTERVW_COMPLETED | LINE_NBR | LINKEDWORDER | PHONE | SEQNBR | SPF_BF_CNDT_RATING | SPF_DATEFIELD | SPF_DATETIME | SPF_RATING | SPF_TIME | SP_REQ_ID | WORK_ORDER_ID,RH,RH,IT & Sécurité,0.7054,medium,1,1.0,rare_class_uncertain
1094639,CA_HDR_COMM_H,PS_CA_HDR_COMM_H,COMM_PCT | CONTRACT_NUM | PSARCH_BATCHNUM | PSARCH_ID | SUPPORT_TEAM_CD | SUPPORT_TEAM_MBR | TEAM_MEMBER_TYPE,Ventes & Clients,Ventes & Clients,Achats & Fournisseurs,0.7068,medium,1,1.0,rare_class_uncertain
1129331,MEMBER_PHONE,PS_MEMBER_PHONE,COUNTRY_CODE | EFFDT | EFF_STATUS | EXTENSION | MEMBER_ADDR_TYPE | PHONE | PHONE_TYPE | SETID | SUPPORT_TEAM_MBR,RH,RH,Other,0.7076,medium,1,1.0,rare_class_uncertain
1071604,SYSADM.PS_RS_FR_DMD_HDR,PS_RS_FR_DMD_HDR,DESCR | DESCRLONG | EFFORT | FMS_DTTM_STAMP | FMS_LASTUPDDTTM | FMS_LASTUPDOPRID | FMS_OPRID | FORECAST_ID_DMD | FROM_DATE | FROM_MONTH_SCP | FROM_YEAR | FULL_TIME_RES_DMD | OPRID | SCENARIO_STATUS | TO_DATE | TO_MONTH_SCP | TO_YEAR,Other,RH,Other,0.7086,medium,0,0.5,rare_class_uncertain
1117264,FO_ASGN_DTL_DT,PS_FO_ASGN_DTL_DT,ASSIGNMENT_ID | CHANGE_REASON_DT | COMMENT1 | END_DT_NEW | END_DT_OLD | HIST_SEQ | LAST_UPDATED_BY | LAST_UPDATE_DTTM | REQUEST_DT | SEQNO | START_DT_NEW | START_DT_OLD,RH,RH,IT & Sécurité,0.712,medium,1,1.0,rare_class_uncertain
1115083,EXEMPBNK_TAO,PS_EXEMPBNK_TAO,BANK_ACCT_KEY | BANK_CD | BANK_SETID | BUSINESS_UNIT_GL | EMPLID | EMPL_RCD | EX_DOC_TYPE | PROCESS_INSTANCE | PYMNT_METHOD,RH,RH,Finance & Contrôle,0.7122,medium,1,1.0,rare_class_uncertain
1153012,RS_2100COMP_TMP,PS_RS_2100COMP_TMP,ACCOMPLISHMENT | COUNTER1 | DESCRSHORT,RH,RH,Other,0.7123,medium,1,1.0,rare_class_uncertain
1068999,SYSADM.PS_RE_CONTACT_LNG,PS_RE_CONTACT_LNG,COMMENTS | COMPANY_NAME1 | CONTACT_ID | EMAILID | LANGUAGE_CD | NAME1 | SETID | TITLE,Ventes & Clients,Ventes & Clients,Other,0.7141,medium,1,1.0,rare_class_uncertain
1089834,AUDIT_EOTP_ADDR,PS_AUDIT_EOTP_ADDR,ADDRESS1 | ADDRESS2 | ADDRESS3 | ADDRESS4 | ADDR_FIELD1 | ADDR_FIELD2 | ADDR_FIELD3 | AUDIT_ACTN | AUDIT_OPRID | AUDIT_STAMP | CITY | COUNTRY | COUNTY | EOTP_ADDRTYPE | EOTP_PARTNERID | GEO_CODE | HOUSE_TYPE | IN_CITY_LIMIT | NUM1 | NUM2 | POSTAL | STATE,IT & Sécurité,RH,Finance & Contrôle,0.7153,medium,0,0.5,rare_class_uncertain
1153926,RS_SO_SHOP_EXT,PS_RS_SO_SHOP_EXT,BUSINESS_UNIT | MERCHANTID | RS_AVAILABLE | RS_BUYER_RATING | RS_LOC_STR | RS_RATE | RS_RATING | RS_USERID | SO_ID | SO_LINE,Ventes & Clients,Ventes & Clients,RH,0.7167,medium,1,1.0,rare_class_uncertain
1119492,GFAP_PYCERT_WL,PS_GFAP_PYCERT_WL,ACTIVITYNAME | BANK_ACCT_KEY | BANK_CD | BANK_SETID | BUSPROCNAME | EVENTNAME | INSTANCEID | PAY_CYCLE | PAY_CYCLE_SEQ_NUM | PAY_RUN_AP_STATUS | PYMNT_METHOD | TRANSACTIONID | WORKLISTNAME,RH,RH,Finance & Contrôle,0.7172,medium,1,1.0,rare_class_uncertain
1117235,FO_APP_RESUME,PS_FO_APP_RESUME,APPLID | ATTACHSYSFILENAME | ATTACHUSERFILE | ATT_VERSION | LANG_CD | RESUME_TEXT | SCM_ATTACH_ID,RH,RH,Other,0.7174,medium,1,1.0,rare_class_uncertain
1101974,CUST_DFIELD_LNG,PS_CUST_DFIELD_LNG,AR_DESCR | DATA_FIELD_ID | LANGUAGE_CD | STRING_TEXT,Ventes & Clients,Ventes & Clients,Other,0.7176,medium,1,1.0,rare_class_uncertain
1029777,SYSADM.PS_EOCM_ELMRP_TBL,PS_EOCM_ELMRP_TBL,CURRENCY_CD | CURRENCY_CD1 | EOCM_ACCESS_ID | EOCM_CATALOG_ID | EOCM_ELM_CEU | EOCM_ELM_CEU1 | EOCM_ELM_KEYWORDS | EOCM_ELM_KEYWORDS1 | EOCM_ELM_NOTES | EOCM_ELM_NOTES1 | EOCM_EPRO_FILENAM1 | EOCM_EPRO_FILENAME | EOCM_FILEEXTENSION | EOCM_FILEEXTENSN1 | EOCM_FILEPATH | EOCM_FILEPATH1 | EOCM_LEARN_OBJ_ID | EOCM_LEARN_OBJ_ID1 | EOCM_OFFER_ID | EOCM_OFFER_ID1 | EOCM_OFFER_NM | EOCM_OFFER_NM1 | EOCM_PROP_NAME_1 | EOCM_PROP_NAME_11 | EOCM_PROP_NAME_2 | EOCM_PROP_NAME_21 | EOCM_PROP_NAME_3 | EOCM_PROP_NAME_31 | EOCM_PROP_NAME_4 | EOCM_PROP_NAME_41 | EOCM_PROP_NAME_5 | EOCM_PROP_NAME_51 | EOCM_PROP_VAL_1 | EOCM_PROP_VAL_11 | EOCM_PROP_VAL_2 | EOCM_PROP_VAL_21 | EOCM_PROP_VAL_3 | EOCM_PROP_VAL_31 | EOCM_PROP_VAL_4 | EOCM_PROP_VAL_41 | EOCM_PROP_VAL_5 | EOCM_PROP_VAL_51 | EOCM_REPORT_ID | EOCM_REQUISITE_ID | EOCM_REQUISITE_ID1 | EOCM_ROW_ID | EOCM_SUP_CAT_CD | EOCM_SUP_CAT_CD1 | EOCM_SUP_CAT_NM | EOCM_SUP_CAT_NM1 | EOCM_SUP_OFFER_D | EOCM_SUP_OFFER_D1 | EOCM_SUP_OFFER_NM | EOCM_SUP_OFFER_NM1 | EOCM_SUP_OFFER_PR | EOCM_SUP_OFFER_PR1 | EOCM_SUP_OFFER_SKU | EOCM_SUP_OFFER_UOM | EOCM_SUP_OFF_SKU1 | EOCM_SUP_OFF_UOM1 | EOCM_TP_VER_ID | SETID | URL | URL_1,RH,RH,IT & Sécurité,0.7201,medium,1,1.0,rare_class_uncertain
1134490,PC_MSP2_RESREF,PS_PC_MSP2_RESREF,BUSINESS_UNIT | PC_MSP_UNIQUE_ID | PROJECT_ID | STATUS_TEXT | TEAM_MEMBER | TEAM_MEMBER_CLASS | TEAM_MEMBER_IND,RH,RH,IT & Sécurité,0.7215,medium,1,1.0,rare_class_uncertain
1017929,SYSADM.PS_CA_HDR_COMM,PS_CA_HDR_COMM,COMM_PCT | CONTRACT_NUM | SUPPORT_TEAM_CD | SUPPORT_TEAM_MBR | TEAM_MEMBER_TYPE,Ventes & Clients,Ventes & Clients,IT & Sécurité,0.7219,medium,1,0.5,rare_class_uncertain
1094638,CA_HDR_COMM,PS_CA_HDR_COMM,COMM_PCT | CONTRACT_NUM | SUPPORT_TEAM_CD | SUPPORT_TEAM_MBR | TEAM_MEMBER_TYPE,Ventes & Clients,Ventes & Clients,IT & Sécurité,0.722,medium,1,0.5,rare_class_uncertain
1024466,SYSADM.PS_COMPANYTBL_UPG,PS_COMPANYTBL_UPG,ACCDNT_INS_NBR_CHE | ACCIDENT_INS | ACCOUNT_EC_ID | ADDRESS1 | ADDRESS1_AC | ADDRESS1_OTHER | ADDRESS2 | ADDRESS2_AC | ADDRESS2_OTHER | ADDRESS3 | ADDRESS3_AC | ADDRESS3_OTHER | ADDRESS4 | ADDRESS4_OTHER | ADDR_FIELD1 | ADDR_FIELD1_OTHER | ADDR_FIELD2 | ADDR_FIELD2_OTHER | ADDR_FIELD3 | ADDR_FIELD3_OTHER | APE_INDSTRY_CD_FRA | BANK_CD | BRANCH_EC_CD | BUSINESS_DESCR | CHECK_DIGIT | CITY | CITY_AC | CITY_OTHER | COMMON_OTH_ID | COMMON_PAY_ID | COMP_AHV_CHE | COMPANY | COMP_POINTS_VALUE | COUNTRY | COUNTRY_OTHER | COUNTY | COUNTY_OTHER | CURRENCY_CD | DED_PRIORITY_FED | DED_PRIORITY_STATE | DEFAULT_SETID | DESCR | DESCR_AC | DESCRSHORT | DFLT_ERN_PROGRAM | DOSZ_NUM_BEL | EEO_COMPANY_CD | EFFDT | EFF_STATUS | EMPLR_TAX_NUM_NLD | ERNCD_TIPS_ADJUST | ERNCD_TIPS_ALLOC | ERNCD_TIPS_CRED | FACT_AGE_BEL | FACT_CORRECT_BEL | FACT_SERVT_BEL | FACT_YEAR_BASE_BEL | FEDERAL_EIN | FED_RSRV_BANK_DIST | FED_RSRV_BANK_ID | FICA_STATUS_EE | FICA_STATUS_ER | FISCAL_ID_CD | FLSA_REQUIRED | FLSA_RULE | FUT_EXEMPT | GEO_CODE | GEO_CODE_OTHER | GL_DIR_DEPOSITS | GL_EIC | GL_FICA_EE_MED | GL_FICA_EE_OASDI | GL_FICA_ER_MED | GL_FICA_ER_OASDI | GL_FICA_EXP_MED | GL_FICA_EXP_OASDI | GL_FUT | GL_FUT_EXPENSE | GL_FWT | GL_LCL_EXP | GL_NET_PAY | GL_SDI_EXPENSE | GL_SUT_EXPENSE | GL_VDI_EXPENSE | HOUSE_TYPE | HOUSE_TYPE_OTHER | HP_STATS_INSTN_CD | HY_FACT_BEL | IN_CITY_LIMIT | IN_CITY_LMT_OTHER | INDSTRY_CD_ESP | INDUSTRY | INDUSTRY_SECTOR | INSUR_COMP_CD_ESP | LABOR_AGREEMENT | LEGAL_APPR_BEL | LEGAL_TYPE | LOCATION | MED_CHKUP_REQ | MIN_TIPS_PCT | MY_FACT_BEL | NIS_NUM_BEL | NUM1 | NUM1_OTHER | NUM2 | NUM2_OTHER | OECD_REQ | OPR_INDUSTRY_OVRD | PAYGROUP | PAYSHEET_LINES | PAY_TAXES_THRU_AP | POSTAL | POSTAL_OTHER | RIZIV_NUM_BEL | RSZ_EMPLR_BEL | RSZ_GEOCD_BEL | RVP_NUM_BEL | SALARY_LIMIT_BEL | SDI_EXEMPT | SETID_LOCATION | SI_ACCIDENT_NUM | SINGLE_CHECK | SIREN_CD_FRA | STATE | STATE_OTHER | SUT_EXEMPT | TAX_REPORT_TYPE | TAX_UNIT | TERM_CORRECT_BEL | TERMEE_PR_STOPDAYS | TIPS_ADJUST | TIPS_ALLOC_METH | TIPS_DELAY_WTHLD | TIPS_ESTBLSH_FLD | TIPS_PROCESSING | TRADE_NAME_BEL | TRADE_REG_BEL | TRADE_REG_NBR_CHE | WCB_FIRM_NBR | WCB_RATE_NBR | WRKS_CNCL_REQ_GER | WY_FACT_BEL | YY_FACT_BEL,RH,RH,Finance & Contrôle,0.7225,medium,1,1.0,rare_class_uncertain
1029779,SYSADM.PS_EOCM_ELM_T_A,PS_EOCM_ELM_T_A,CURRENCY_CD | EFFDT | EFF_STATUS | EOCM_CONTENT_CST | EOCM_DESCR | EOCM_DESCR_CAT | EOCM_ELM_CATITM_ID | EOCM_ELM_CAT_LG_NM | EOCM_ELM_CEU | EOCM_ELM_KEYWORDS | EOCM_ELM_NOTES | EOCM_EPRO_FILENAME | EOCM_FILEEXTENSION | EOCM_FILEPATH | EOCM_LEARN_OBJ_ID | EOCM_OFFER_STATE | EOCM_PROP_NAME_1 | EOCM_PROP_NAME_2 | EOCM_PROP_NAME_3 | EOCM_PROP_NAME_4 | EOCM_PROP_NAME_5 | EOCM_PROP_VAL_1 | EOCM_PROP_VAL_2 | EOCM_PROP_VAL_3 | EOCM_PROP_VAL_4 | EOCM_PROP_VAL_5 | EOCM_REQUISITE_ID | EOCM_ROW_ID | EOCM_VNDRCOURSE_ID | EOCM_VNDRCOURSE_NM | PROCESS_INSTANCE | URL,RH,RH,IT & Sécurité,0.7228,medium,1,1.0,rare_class_uncertain
1031102,SYSADM.PS_EOTP_RECRT_LANG,PS_EOTP_RECRT_LANG,BUSINESS_UNIT | DESCR | DESCRLONG | EOTP_RECRUITID | LANGUAGE_CD,RH,RH,Other,0.724,medium,1,1.0,rare_class_uncertain
1067880,SYSADM.PS_PV_MERCHANT,PS_PV_MERCHANT,CATEGORY_ID | DESCR254_MIXED | EFFDT | MERCHANTID | PV_KEYWORDS,Ventes & Clients,Ventes & Clients,Other,0.7259,medium,1,1.0,rare_class_uncertain
1033378,SYSADM.PS_EX_PROF_APPRVR,PS_EX_PROF_APPRVR,APPROVER_PROFILE | APPRVR_TYPE | DEFAULT_PROFILE | DESCR | DESCR254 | EFFDT | EFF_STATUS | SETID,RH,RH,Other,0.7268,medium,1,1.0,rare_class_uncertain
1160791,SP_EXPERNCE_LNG,PS_SP_EXPERNCE_LNG,DESCR | DESCRSHORT | LANGUAGE_CD | SETID | SPF_YRS_EXPERIENCE,RH,RH,Other,0.7269,medium,1,1.0,rare_class_uncertain
1169956,WM_MSP_LS_TAO,PS_WM_MSP_LS_TAO,BUSINESS_UNIT | CRAFT_ID | DOC_ID | EMPLID | LABOR_COST_RATE | PROCESS_INSTANCE | RES_LN_NBR | SCHED_DURATION | SCHED_END_DT | SCHED_END_TIME | SCHED_START_DT | SCHED_START_TIME | SRC_CD | WO_TASK_ID,RH,RH,IT & Sécurité,0.7277,medium,1,1.0,rare_class_uncertain
1148219,PV_MERCHANT_WRK,PS_PV_MERCHANT_WRK,CATEGORY_ID | CATEGORY_SETID | DESCR | DESCR254_MIXED | DESCRSHORT | EFFDT | HTMLAREA | MERCHANTID | MRCHIMAGENAME | PV_DC_TECH,Ventes & Clients,Ventes & Clients,Other,0.7284,medium,1,1.0,rare_class_uncertain
1004395,SYSADM.PS_ACTN_RSN_LANG,PS_ACTN_RSN_LANG,ACTION | ACTION_REASON | DESCR | DESCRSHORT | EFFDT | LANGUAGE_CD,RH,RH,Other,0.7298,medium,1,1.0,rare_class_uncertain
1094285,CA_CONTR_RL_LNG,PS_CA_CONTR_RL_LNG,CONTRACT_ROLE | DESCR | LANGUAGE_CD | SETID,RH,RH,Achats & Fournisseurs,0.7316,medium,1,1.0,rare_class_uncertain
1114093,EOTP_RUNCUST,PS_EOTP_RUNCUST,EOTP_PARTNRTYP | EOTP_RECRUITID | EOTP_SEL_ALL | NAME1 | OPRID | RUN_CNTL_ID,RH,RH,IT & Sécurité,0.7317,medium,1,1.0,rare_class_uncertain
1115664,EX_PYNTFY_TAO,PS_EX_PYNTFY_TAO,BANK_ACCT_KEY | BANK_CD | BANK_SETID | CURRENCY_PYMNT | EMPLID | PAID_AMT | PAYCHECK_NBR | PROCESS_INSTANCE | PYMNT_DT | PYMNT_ID | PYMNT_METHOD,RH,RH,Finance & Contrôle,0.733,medium,1,1.0,rare_class_uncertain
1076592,SYSADM.PS_TD_CPY_PROM_AET,PS_TD_CPY_PROM_AET,BUSINESS_UNIT_GL | CURRENCY_CD | CUST_ID | DESCR | FIRST_DELIVERY_DT | FIRST_ORDER_DATE | FIRST_SHIP_DATE | LAST_ORDER_DATE | OPRID | PRICE | PROCESS_INSTANCE | PRODUCT_ID | RT_TYPE | RUN_CNTL_ID | SETID | TD_MULTIPLE | TO_PPRC_PROMO_CD | UNIT_OF_MEASURE,Ventes & Clients,Ventes & Clients,Finance & Contrôle,0.7346,medium,1,1.0,rare_class_uncertain
1153283,RS_DF_RR_OPT_W,PS_RS_DF_RR_OPT_W,ADDRESS_SEQ_NUM | ASSIGNED_TO | BUSINESS_UNIT | CUST_ID | DISTANCE | END_DT | EST_DAYS | EXPRESS_SEARCH_FLG | KEY_REQS | LASTUPDDTTM | PART_TIME_FLG | PERIOD_DAYS | PROBINST | QTY_INTEGER | SO_ID | SO_LINE | START_DT,Ventes & Clients,Ventes & Clients,Other,0.7348,medium,1,1.0,rare_class_uncertain
1038023,SYSADM.PS_GM_AU_PROPOSAL,PS_GM_AU_PROPOSAL,AUDIT_ACTN | AUDIT_OPRID | AUDIT_RECNAME | AUDIT_STAMP | BEGIN_DT | BUSINESS_UNIT | CUST_ID | EMPLID | END_DT | NAME | PROPOSAL_ID | PROPOSAL_STATUS_GR | PROPOSAL_TYPE | SUBMIT_DTTM | TITLE56 | VERSION_ID,Ventes & Clients,Ventes & Clients,RH,0.7354,medium,1,1.0,rare_class_uncertain
1064391,SYSADM.PS_POTENTIAL_INCME,PS_POTENTIAL_INCME,COMMENT1 | FEE_PCT | FEE_SCHEDULE | SALARY_RANGE_MAX | SALARY_RANGE_MIN | SEQUENCE_NBR | SETID,RH,RH,Finance & Contrôle,0.7369,medium,1,1.0,rare_class_uncertain
1153009,RS_2090AVST_TMP,PS_RS_2090AVST_TMP,ASSIGNED_TO | BUSINESS_UNIT | CLOSED_DATE | DESCR | NEW_DATE | QTY_INTEGER | SO_ID | SO_PRIORITY,Ventes & Clients,Ventes & Clients,Other,0.7388,medium,1,1.0,rare_class_uncertain
1153809,RS_SCHED_TASK,PS_RS_SCHED_TASK,ASSIGNMENT_ID | CREATE_DTTM | DATE_UNDER_RPT | DESCR254 | EMPLID | FLEXIBILITY | LAST_UPDATE_DTTM | PERCENTAGE | RS_APPT_ID | RS_APPT_TYPE | SCHEDULED_HRS | SCHEDULE_SOURCE | SEQNO | SYSTEM_SOURCE | TASK_TYPE | TIME_START,RH,RH,IT & Sécurité,0.7388,medium,1,1.0,rare_class_uncertain
1068341,SYSADM.PS_PYCY_PGRP_TMP,PS_PYCY_PGRP_TMP,BUSINESS_UNIT | PAY_CYCLE | PAY_CYCLE_SEQ_NUM | PAY_GROUP_SETID | PROCESS_INSTANCE | PYMNT_GROUP_CD,RH,RH,Finance & Contrôle,0.7392,medium,1,1.0,rare_class_uncertain
1139419,POS_PRD_WRK_TBL,PS_POS_PRD_WRK_TBL,POS_IMPCT_ORIG | POSITION_CURRENCY | SEQ_NUM | TREE_NODE,RH,RH,Finance & Contrôle,0.7399,medium,1,1.0,rare_class_uncertain
1071770,SYSADM.PS_RS_RES_POOL,PS_RS_RES_POOL,DESCR | DESCR254 | FMS_DTTM_STAMP | FMS_LASTUPDDTTM | FMS_LASTUPDOPRID | FMS_OPRID | LAST_MEMBER_ID | LEVEL1 | LEVEL2 | LEVEL3 | LEVEL4 | LEVEL5 | LEVEL6 | LEVEL7 | LEVEL8 | LEVEL9 | LEVEL_NUM | MANAGER_ID | POOL_ID | ROW_NUMBER_5 | STATUS | UNASSIGNED,RH,RH,IT & Sécurité,0.7404,medium,1,1.0,rare_class_uncertain
1119483,GFAP_CERT_HDR,PS_GFAP_CERT_HDR,APPROVAL_DATE | OPRID | OPRID_APPROVED_BY | PAY_CYCLE | PAY_CYCLE_SEQ_NUM,RH,RH,IT & Sécurité,0.7406,medium,1,1.0,rare_class_uncertain
1073265,SYSADM.PS_SDK_RP_SOQRY2,PS_SDK_RP_SOQRY2,SDK_RP_CUSTOMER | SDK_RP_ORDERDT | SDK_RP_SITENAME | SDK_RP_SONAME,Ventes & Clients,Ventes & Clients,Other,0.7409,medium,1,1.0,rare_class_uncertain
1033432,SYSADM.PS_EX_RESADJ_TAO,PS_EX_RESADJ_TAO,ACTIVITY_ID | AFFILIATE | AFFILIATE_INTRA1 | AFFILIATE_INTRA2 | ANALYSIS_TYPE | BI_DISTRIB_STATUS | BUDGET_REF | BUSINESS_UNIT_GL | BUSINESS_UNIT_PC | CHARTFIELD1 | CHARTFIELD2 | CHARTFIELD3 | CLASS_FLD | DATE_UNDER_RPT | DEPTID | DESCR60 | EMPLID | EMPL_RCD | FUND_CODE | JOBCODE | OPERATING_UNIT | PC_DISTRIB_STATUS | PROCESS_INSTANCE | PRODUCT | PROGRAM_CODE | PROJECT_ID | RESOURCE_CATEGORY | RESOURCE_SUB_CAT | RESOURCE_TYPE | TIME_QUANTITY | TIME_SHEET_ID | TRC | UNIT_OF_MEASURE,RH,RH,Finance & Contrôle,0.7413,medium,1,0.5,rare_class_uncertain
1073264,SYSADM.PS_SDK_RP_SOQRY1,PS_SDK_RP_SOQRY1,SDK_RP_CUSTOMER | SDK_RP_ORDERDT | SDK_RP_SITENAME | SDK_RP_SONAME,Ventes & Clients,Ventes & Clients,Other,0.7414,medium,1,1.0,rare_class_uncertain
1169390,WM_ALMEWN_CTX,PS_WM_ALMEWN_CTX,BUSINESS_UNIT | BUSINESS_UNIT_IN | COMMENTS_254 | EMAIL_ADDR | EMAIL_ADDRESS | EMPLID | EOEN_CATEGORY | EOEN_PRCS_NAME | IN_EMAIL_GROUP | IN_NOTIFY_TO | INV_ITEM_ID | QTY | QTY_NEW | REASON_CD | RES_LN_NBR | SEQ_NBR_EOEN | UNIT_OF_MEASURE | USER_ID | WO_ID | WO_TASK_ID,RH,RH,IT & Sécurité,0.7416,medium,1,1.0,rare_class_uncertain
1068236,SYSADM.PS_PYCYCL_LG,PS_PYCYCL_LG,DESCR | LANGUAGE_CD | PAY_CYCLE,RH,RH,Other,0.7416,medium,1,1.0,rare_class_uncertain
1117726,FO_HISTORY_ARC,PS_FO_HISTORY_ARC,ACTUAL_END_DATE | AGENDA_PRIORITY | ASSIGNMENT_ID | BUSINESS_UNIT | CANDIDATE_ID | CANDIDATE_TYPE | COMMENTS_2000 | CONTACT_ID | CONTACT_METHOD | CONTACT_SETID | CUST_ID | CUSTOMER_SETID | DATETIME_ADDED | DECLINE_REASON | EMAIL_ID | END_DATE | END_TIME | EVENT_TYPE | FO_DATE | FO_EVENT_STAT | FO_PROC_EVNT_ST | FO_SUBEVENT | HISTORY_ID | OFFER_RESULT | OPRID | ORIGINAL_DATE | OTHER_REASON | OWNERSHIP_ID | PSARCH_BATCHNUM | PSARCH_ID | RED_FLAG | SERVICE_GROUP_ID | SO_ID | SO_LINE | START_DATE | START_TIME,RH,RH,IT & Sécurité,0.7417,medium,1,1.0,rare_class_uncertain
1115719,EX_RESADJ_TAO,PS_EX_RESADJ_TAO,ACTIVITY_ID | AFFILIATE | AFFILIATE_INTRA1 | AFFILIATE_INTRA2 | ANALYSIS_TYPE | BI_DISTRIB_STATUS | BUDGET_REF | BUSINESS_UNIT_GL | BUSINESS_UNIT_PC | CHARTFIELD1 | CHARTFIELD2 | CHARTFIELD3 | CLASS_FLD | DATE_UNDER_RPT | DEPTID | DESCR60 | EMPLID | EMPL_RCD | FUND_CODE | JOBCODE | OPERATING_UNIT | PC_DISTRIB_STATUS | PROCESS_INSTANCE | PRODUCT | PROGRAM_CODE | PROJECT_ID | RESOURCE_CATEGORY | RESOURCE_SUB_CAT | RESOURCE_TYPE | TIME_QUANTITY | TIME_SHEET_ID | TRC | UNIT_OF_MEASURE,RH,RH,Finance & Contrôle,0.7421,medium,1,0.5,rare_class_uncertain
1048032,SYSADM.PS_MC_ITEM_TAO,PS_MC_ITEM_TAO,AR_SPEC_CHKBX | AR_SPECIALIST | BROKER_ID | BUSINESS_UNIT | COLLECTOR | COLLECTOR_CHKBX | CONTACT_CHKBX | CR_ANALYST | CRDT_ANALYST_CHKBX | CUST_DATA_CHKBX | CUST_GROUP | CUST_ID | ITEM | ITEM_LINE | NEW_AR_SPECIALIST | NEW_BROKER_ID | NEW_COLLECTOR | NEW_CR_ANALYST | NEW_SALES_PERSON | PROCESS_INSTANCE | SALES_PERSON | SETID | SLS_PERSON_CHKBX,Ventes & Clients,Ventes & Clients,Finance & Contrôle,0.7429,medium,1,1.0,rare_class_uncertain
1077660,SYSADM.PS_TR_WHERE_TB_TMP,PS_TR_WHERE_TB_TMP,ALIAS_NAME | AND_OR_TXT | CLOSE_BRCKT | COMP_OPERATOR | CURR_POSITION | FIELD_VALUE_DATE | FIELD_VALUE_NBR | FIELD_VALUE_STR | NODE_SQL | OPEN_BRCKT | POS_SOURCE_ID | RELATIVE_DATE | SEQ_NUM | SEQ_NUMBER | SETID | SOURCE_SET | TREE_NAME | TREE_NODE | WHERE_TYPE,RH,RH,IT & Sécurité,0.7441,medium,1,1.0,rare_class_uncertain
1169949,WM_MSP_AET,PS_WM_MSP_AET,AE_SECTION | ASSET_ID | ASSET_SUBTYPE | ASSET_TYPE | BUSINESS_UNIT | BUSINESS_UNIT_AM | CRAFT_DESCRIPTION | CRAFT_ID | DEPEND_TASK_ID | DESCR254 | DOC_ID | EMPLID | END_DTTM | EST_UNIT_COST | FILE_NAME | INTERNAL_STATUS | INV_ITEM_ID | LABOR_COST_RATE | LAG_TIME | MSP_TASK_ID | MSP_TASK_ID_FROM | MSP_TASK_ID_TO | NAME | OPRID | OVERLAP_PERCENT | PRIORITY_CD | PROCESS_INSTANCE | QTY_REQUIRED | QTY_SCHEDULED | REQ_DURATION | REQ_END_DT | REQ_END_DT_TSK | REQ_END_TIME | REQ_END_TIME_TSK | REQ_START_DT | REQ_START_DT_TSK | REQ_START_TIME | REQ_START_TIME_TSK | RES_LN_NBR | RQMT_LN_NBR | RQMT_QTY | RUN_CNTL_ID | SCHED_DURATION | SCHED_END_DT | SCHED_END_TIME | SCHED_START_DT | SCHED_START_TIME | SRC_CD | START_DTTM | STATUS_CD | TOOL_COST_RATE | TOOL_UOM | UNIT_OF_MEASURE | WO_DURATION | WO_TASK_ID,RH,RH,IT & Sécurité,0.7442,medium,1,1.0,rare_class_uncertain
1055849,SYSADM.PS_P6_SYNC_ER_MST,PS_P6_SYNC_ER_MST,ASSET_ID | BUSINESS_UNIT | EMPLID | GUID | INV_ITEM_ID | MESSAGE_NBR | MESSAGE_PARM1 | MESSAGE_PARM2 | MESSAGE_PARM3 | MESSAGE_SET_NBR | OPRID | P6_ALTERNATE_KEY | P6_ERROR2_MSG | P6_ERROR_MSG | P6_FIELDNAME | P6_VALUE | PROC_INSTANCE_SYNC | RT_EFFDT | RUN_CNTL_ID | SEQNBR | SYNC_OBJ_TYPE | SYNC_REVIEW_STATUS,RH,RH,IT & Sécurité,0.7443,medium,1,1.0,rare_class_uncertain
1071806,SYSADM.PS_RS_SCRD_PREF_WS,PS_RS_SCRD_PREF_WS,BUSINESS_UNIT | COMPETENCY | IMPORTANCE | INTEREST_LEVEL | SO_ID | SO_LINE | WEIGHT_POINTS,RH,RH,Other,0.7446,medium,1,1.0,rare_class_uncertain
1071843,SYSADM.PS_RS_SO_COMMENTS,PS_RS_SO_COMMENTS,BUSINESS_UNIT | DESCR254_MIXED | LASTUPDDTTM | LASTUPDOPRID | SO_ID,Ventes & Clients,Ventes & Clients,Other,0.7457,medium,1,1.0,rare_class_uncertain
1115105,EX_ENHC_SUM_AMX,PS_EX_ENHC_SUM_AMX,AMX_AIR_CARRIER_EX | AMX_AIR_CLASS_EX | AMX_AIR_ROUTING_EX | AMX_RETURN_LOC | CURRENCY_CD | DATA_SOURCE_EX | EMPLID | ENHC_NAME_EX | EX_ENHC_DATE | EX_ENHC_DAYS | EX_ENHC_TYPE_NBR | EX_ENHNC_DATA | ROOM_RATE_EX | SEQ_NBR | TRANS_NBR,RH,RH,Finance & Contrôle,0.7457,medium,1,1.0,rare_class_uncertain
1036063,SYSADM.PS_FO_SO_LINE_QTY,PS_FO_SO_LINE_QTY,BUSINESS_UNIT | CHANGE_REASON | COMMENT1 | FO_NEW_QTY | FO_OLD_QTY | HIST_SEQ | LAST_UPDATED_BY | LAST_UPDATE_DTTM | REQUEST_DT | SO_ID | SO_LINE,Ventes & Clients,Ventes & Clients,Achats & Fournisseurs,0.7465,medium,1,1.0,rare_class_uncertain
1074432,SYSADM.PS_SPB_RATRIB_LANG,PS_SPB_RATRIB_LANG,DESCR | LANGUAGE_CD | PROJ_ROLE | SETID,RH,RH,Achats & Fournisseurs,0.7468,medium,1,1.0,rare_class_uncertain
1083930,ACCOMP_DEG_UPG,PS_ACCOMP_DEG_UPG,ACCOMPLISHMENT | FO_DEGREE,RH,RH,Other,0.7483,medium,1,1.0,rare_class_uncertain
1133000,OWNER_CUST_LIST,PS_OWNER_CUST_LIST,ASSN_OPRID | BUSINESS_UNIT | CUST_ID | OPRID | SEQ_NBR | SETID,Ventes & Clients,Ventes & Clients,IT & Sécurité,0.7499,medium,1,1.0,rare_class_uncertain
1075115,SYSADM.PS_SPR_DEPT_DIM,PS_SPR_DEPT_DIM,BUSINESS_UNIT | DEPTID | DESCR,RH,RH,Other,0.7504,medium,1,1.0,rare_class_uncertain
1165174,TR_HDR_TBL_TMP,PS_TR_HDR_TBL_TMP,CURR_POSITION | DESCR | NODE_MODE_CODE | NOTES_254 | SETID | TREE_NAME | TREE_NODE,RH,RH,IT & Sécurité,0.7525,medium,1,1.0,rare_class_uncertain
1077559,SYSADM.PS_TRP_PART_LG,PS_TRP_PART_LG,DESCR | EFFDT | LANGUAGE_CD | PARTICIPANT_ID | SETID,RH,RH,Other,0.7529,medium,1,1.0,rare_class_uncertain
1075106,SYSADM.PS_SPR_CPER_TAO,PS_SPR_CPER_TAO,ACTIVITY_ID | APPROVAL_OPRID | APPR_RATING_NUM | BUSINESS_UNIT | BUSINESS_UNIT_PC | DEPTID | OPRID | PERIOD_END_DT | PROCESS_INSTANCE | PROJECT_ID | PROJ_ROLE | SP_REQ_ID | TIME_SHEET_ID | TIME_SHEET_STATUS | VENDOR_ID | WO_CONID | WORK_ORDER_ID,RH,RH,Achats & Fournisseurs,0.7533,medium,1,1.0,rare_class_uncertain
1165402,TRP_PART_LG,PS_TRP_PART_LG,DESCR | EFFDT | LANGUAGE_CD | PARTICIPANT_ID | SETID,RH,RH,Other,0.7535,medium,1,1.0,rare_class_uncertain
1132173,ORD_COMPTTR_CD,PS_ORD_COMPTTR_CD,BUSINESS_UNIT | COMPETITOR_CD | ORDER_NO,Ventes & Clients,Ventes & Clients,Achats & Fournisseurs,0.754,medium,1,1.0,rare_class_uncertain
1133099,P6_INTF_TA2,PS_P6_INTF_TA2,ACKNOWLEDGE_DTTM | ACTION_NAME | APPROVAL_DT | APPROVAL_LEVEL | APPROVAL_OPRID | APPR_PROCESS_FLAG | AUDIT_DT | AUDIT_OPRID | BILLING_ACTION | BUSINESS_UNIT_GL | COMMENTS | COUNTRY | CREATION_DT | DATE_TIME_HM | DEPTID | DTL_TOTAL | EMPLID | EMPL_RCD | EX_ORIGIN | LAST_UPDATE_DT | LOCALITY | OPRID_ENTERED_BY | OPRID_LAST_ACTION | OPRID_LAST_UPDT | OPRID_SUBMITTED_BY | OUT_OF_POLICY | PERIOD_END_DT | POL_TOTAL | POST_STATUS_EX | PROCESS_FLAG | PROCESS_INSTANCE | PROJ_MGR_FLAG | RESUBMISSION_DT | RISK_EXISTS_FLG | SETID | STATE | SUBMISSION_DATE | TIME_SHEET_ID | TIME_SHEET_STATUS | VERSION_LBL | VERSION_NUM,RH,RH,IT & Sécurité,0.7543,medium,1,1.0,rare_class_uncertain
1076680,SYSADM.PS_TD_PROMO_CUS_TR,PS_TD_PROMO_CUS_TR,CUST_ID | EFFDT | PPRC_PROMO_CD | SETID | TD_NODE_ID | TD_SELECTED_NODE | TD_SEQNO | TD_TREE_ID,Ventes & Clients,Ventes & Clients,Other,0.7545,medium,1,1.0,rare_class_uncertain
1025387,SYSADM.PS_CUST_DFIELD_CAT,PS_CUST_DFIELD_CAT,DATA_CATEGORY,Ventes & Clients,Ventes & Clients,Other,0.7557,medium,1,1.0,rare_class_uncertain
1161393,SP_HCMACK_ERR,PS_SP_HCMACK_ERR,BUSINESS_UNIT | DESCRLONG | ERRORMSG | PERSON_ID | SEQNUM | WORK_ORDER_ID,RH,RH,Supply Chain / Logistique / Production,0.7595,medium,1,1.0,rare_class_uncertain
1089269,AUC_HDR_COLLAB,PS_AUC_HDR_COLLAB,AUC_AWD_CLB_STATUS | AUC_AWD_ROUTE_DTTM | AUC_AWDRVW_BY_DTTM | AUC_COLLAB_GRP_NBR | AUC_COLLAB_OPRID | AUC_COLLAB_SRC | AUC_DELEGATE_OPRID | AUC_DEL_OVERRIDE | AUC_EDIT_RFX_FLG | AUC_ID | AUC_LAST_NTFY_DTTM | AUC_REVIEW_BY_DTTM | AUC_ROUND | AUC_ROUTE_DTTM | AUC_ROUTE_SEQ | AUC_VERSION | BUSINESS_UNIT | DELETE_FLAG | NOTIFIED_AWD_FLAG | NOTIFIED_FLAG | REVIEWED | REVIEWED_AWD,RH,RH,IT & Sécurité,0.76,medium,1,1.0,rare_class_uncertain
1074337,SYSADM.PS_SPAT_HR_TEO2,PS_SPAT_HR_TEO2,ASSIGNMENT_PCT | ASSIGNMENT_RT | ASSIGNMENT_RT_BSE | BUSINESS_UNIT | CURRENCY_CD | CURRENCY_CD_ASGN | CURRENCY_CD_BASE | CURRENCY_CD_SHFT | DATE_SEQ | DATE_UNDER_RPT | EO_FROM_CURRENCY | EO_PROCESS_INST | LINE_NBR | MS_RATE | MS_RATE_BSE | RATE_DIV | RATE_MULT | RT_TYPE | SHIFT_PCT | SP_3PTY_MKUP_A_BSE | SP_3PTY_MKUP_S_BSE | SP_3RDPARTY_MARKUP | SP_3RDPARTY_VNDR | SP_3RDPRTY_MRKUP_A | SP_3RDPRTY_MRKUP_S | SP_3RDPTY_MKUP_BSE | SPA_INCR_PAYOUT | SPB_SHIFT_RT | SPB_SHIFT_RT_BSE | SP_FIXD_COST_A_BSE | SP_FIXD_COST_S_BSE | SP_FIXED_COST | SP_FIXED_COST_ASGN | SP_FIXED_COST_BSE | SP_FIXED_COST_SHFT | SP_MSP_FEE | SP_MSP_FEE_BSE | SP_MSP_PERCENT | SP_PAY_RATE | SP_PAY_RATE_A_BSE | SP_PAY_RATE_ASSIGN | SP_PAY_RATE_BSE | SP_PAY_RATE_S_BSE | SP_PAY_RATE_SHFT | SP_TIME_QTY | SP_VND_MRKUP_A_BSE | SP_VND_MRKUP_S_BSE | SP_VNDR_MARKUP | SP_VNDR_MARKUP_ASN | SP_VNDR_MARKUP_BSE | SP_VNDR_MARKUP_SHF | TIME_AMOUNT | TIME_AMOUNT_BSE | TIME_SHEET_ID | TRC | WO_RATE | WO_RATE_BSE | WO_RATE_EFFDT | WORK_ORDER_ID,RH,RH,Finance & Contrôle,0.7606,medium,1,1.0,rare_class_uncertain
1114079,EOTP_RECATTACH,PS_EOTP_RECATTACH,ATTACHSYSFILENAME | ATTACHUSERFILE | BUSINESS_UNIT | DESCR | EOTP_DATE_ADD | EOTP_RECRUITID | EOTP_SEQNUM | OPRID | URL_ID,RH,RH,IT & Sécurité,0.7617,medium,1,1.0,rare_class_uncertain
1030040,SYSADM.PS_EOCM_S_OFF_TMP,PS_EOCM_S_OFF_TMP,EFFDT | EFF_STATUS | EOCM_ACCESS_ID | EOCM_CATALOG_ID | EOCM_CONVERSION_RT | EOCM_CRM_CAT_NBR | EOCM_CRM_ORDERABLE | EOCM_CRM_SERVICE | EOCM_DISCONTINU_DT | EOCM_ELM_CEU | EOCM_ELM_KEYWORDS | EOCM_ELM_NOTES | EOCM_EPRO_DESCR | EOCM_EPRO_FILENAME | EOCM_FILEEXTENSION | EOCM_FILEPATH | EOCM_ITMVPRIORITY | EOCM_LEAD_TIME | EOCM_LEARN_OBJ_ID | EOCM_MFG_ID | EOCM_MFG_PART_NUM | EOCM_MIN_QTY | EOCM_MODEL_NBR | EOCM_OFFER_ID | EOCM_OFFER_STATE | EOCM_PROD_BRAND | EOCM_PROD_KIT_FLAG | EOCM_PROP_NAME_1 | EOCM_PROP_NAME_2 | EOCM_PROP_NAME_3 | EOCM_PROP_NAME_4 | EOCM_PROP_NAME_5 | EOCM_PROP_VAL_1 | EOCM_PROP_VAL_2 | EOCM_PROP_VAL_3 | EOCM_PROP_VAL_4 | EOCM_PROP_VAL_5 | EOCM_REQUISITE_ID | EOCM_SUP_CAT_CD | EOCM_SUP_CAT_NM | EOCM_SUP_OFFER_D | EOCM_SUP_OFFER_NM | EOCM_SUP_OFFER_SKU | EOCM_VNDR_PART_EXT | EOCM_VNDR_PART_NUM | LASTUPDDTTM | LASTUPDOPRID | SETID | URL,Achats & Fournisseurs,Ventes & Clients,IT & Sécurité,0.7618,medium,0,0.5,rare_class_uncertain
1111860,EOCM_S_OFF_TBL,PS_EOCM_S_OFF_TBL,EFFDT | EFF_STATUS | EOCM_ACCESS_ID | EOCM_CATALOG_ID | EOCM_CONVERSION_RT | EOCM_CRM_CAT_NBR | EOCM_CRM_ORDERABLE | EOCM_CRM_SERVICE | EOCM_DISCONTINU_DT | EOCM_ELM_CEU | EOCM_ELM_KEYWORDS | EOCM_ELM_NOTES | EOCM_EPRO_DESCR | EOCM_EPRO_FILENAME | EOCM_FILEEXTENSION | EOCM_FILEPATH | EOCM_ITMVPRIORITY | EOCM_LEAD_TIME | EOCM_LEARN_OBJ_ID | EOCM_MFG_ID | EOCM_MFG_PART_NUM | EOCM_MIN_QTY | EOCM_MODEL_NBR | EOCM_OFFER_ID | EOCM_OFFER_STATE | EOCM_PROD_BRAND | EOCM_PROD_KIT_FLAG | EOCM_PROP_NAME_1 | EOCM_PROP_NAME_2 | EOCM_PROP_NAME_3 | EOCM_PROP_NAME_4 | EOCM_PROP_NAME_5 | EOCM_PROP_VAL_1 | EOCM_PROP_VAL_2 | EOCM_PROP_VAL_3 | EOCM_PROP_VAL_4 | EOCM_PROP_VAL_5 | EOCM_REQUISITE_ID | EOCM_SUP_CAT_CD | EOCM_SUP_CAT_NM | EOCM_SUP_OFFER_D | EOCM_SUP_OFFER_NM | EOCM_SUP_OFFER_SKU | EOCM_VNDR_PART_EXT | EOCM_VNDR_PART_NUM | LASTUPDDTTM | LASTUPDOPRID | SETID | URL,Achats & Fournisseurs,Ventes & Clients,Achats & Fournisseurs,0.7625,medium,0,0.5,rare_class_uncertain
1050005,SYSADM.PS_OMB_CUST_TAO,PS_OMB_CUST_TAO,ADD_DT | ADDRESS_SEQ_BRK | ADDRESS_SEQ_IND | ADDRESS_SEQ_NUM | ADDRESS_SEQ_SHIP | ADDRESS_SEQ_SOLD | ALLOW_COPI | BILL_TO_FLG | BROKER_FLG | CFDA_NBR | CNTCT_SEQ_IPAC | CNTCT_SEQ_NUM | CNTCT_SEQ_SHIP | CNTCT_SEQ_SOLD | CONSOL_BUS_UNIT | CONT_ALLOW_PCT | CONT_NO_ALLW_PCT | CORPORATE_CUST_ID | CORPORATE_SETID | COST_LIV_INCR_PCT | CRSPD_CUST_ID | CRSPD_SETID | CURRENCY_CD | CUR_RT_TYPE | CUST_FIELD_C10_A | CUST_FIELD_C10_B | CUST_FIELD_C10_C | CUST_FIELD_C10_D | CUST_FIELD_C1_A | CUST_FIELD_C1_B | CUST_FIELD_C1_C | CUST_FIELD_C1_D | CUST_FIELD_C2 | CUST_FIELD_C30_A | CUST_FIELD_C30_B | CUST_FIELD_C30_C | CUST_FIELD_C30_D | CUST_FIELD_C4 | CUST_FIELD_C6 | CUST_FIELD_C8 | CUST_FIELD_N12_A | CUST_FIELD_N12_B | CUST_FIELD_N12_C | CUST_FIELD_N12_D | CUST_FIELD_N15_A | CUST_FIELD_N15_B | CUST_FIELD_N15_C | CUST_FIELD_N15_D | CUST_ID | CUST_LEVEL | CUSTOMER_ALC | CUSTOMER_DO | CUSTOMER_TYPE | CUST_STATUS | CUST_STATUS_DT | CUST_USF_STATUS | DATE_LAST_MAINT | EMPLID | EXPIRATION_DATE | EXP_PENDING | FA_SPNSR_BASE_ID | FEDERAL_INDICATOR | FED_SHARE_PCT | FED_SP_TYPE | FOREIGN_FLAG | FORMER_NAME_1 | FORMER_NAME_2 | FSS_OFFSET_DAYS | GGOV_FLG | GM_DEL_LOC_REFS_SW | GM_FEDERAL_FLAG | GM_LOC_SPONSOR_ID | GRANTS_SPONSOR_FLG | HOLD_UPDATE_SW | INDIRECT_CUST_FLG | IPAC_INTERFACE | LAST_MAINT_OPRID | LASTUPDDTTM | LOC_INDICATOR | MULTI_PI | NAME1 | NAME1_AC | NAME2 | NAME2_AC | NAME3 | NAME3_AC | NAMESHORT | OFAC_STATUS | PARENT_CUST_ID | PARENT_SETID | PROCESS_INSTANCE | REASON_CD | REFER_TO_CUST_ID | REFER_TO_SETID | REMIT_FROM_CUST_ID | REMIT_FROM_SETID | REPORTS_TO_SPONSOR | REVIEW_DAYS | ROLEUSER | SETID | SHIP_TO_FLG | SINCE_DT | SOLD_TO_FLG | SOURCE_SYSTEM | SPNSR_LEVEL | SPNSR_PROGRAM | SPNSR_SALARY_CAP | SPNSR_TYPE | STCUST_DAYS | STOCK_SYMBOL | SUBCUST_QUAL1 | SUBCUST_QUAL2 | SUBCUST_USE | SYMBOL_REQ | TAXPAYER_ID | TEMPLATE_ADDR | TRADING_PARTNER | US_FLAG_CARRIER | VENDOR_ID | VENDOR_SETID | WEB_URL,RH,RH,Ventes & Clients,0.7636,medium,1,1.0,rare_class_uncertain
1152647,RMA_LN_DST_REGN,PS_RMA_LN_DST_REGN,CUST_ID | REGION_CD | SETID,Ventes & Clients,Ventes & Clients,Other,0.7646,medium,1,1.0,rare_class_uncertain
1165606,TRX_COMP_BID,PS_TRX_COMP_BID,BEST_BID_RATE | BID_EXCLUDED | BID_RATE | BUSINESS_UNIT | COUNTERPARTY | DEALER_OPRID | DESCR60 | DONE_DEAL | QUOTE_REQUEST_TIME | QUOTE_TIME | SEQUENCE_NBR | TREAS_HEADER_ID,Ventes & Clients,Ventes & Clients,Finance & Contrôle,0.7647,medium,1,1.0,rare_class_uncertain
1034915,SYSADM.PS_FC_COUNT_TAO,PS_FC_COUNT_TAO,BEGIN_DT | BUSINESS_UNIT_PC | COUNT_1 | EMPLID | PROCESS_INSTANCE | PROJECT_ID,RH,RH,IT & Sécurité,0.765,medium,1,1.0,rare_class_uncertain
1077522,SYSADM.PS_TR_PE_RCNPERS,PS_TR_PE_RCNPERS,BANK_ACCOUNT_NUM | BNK_ID_NBR | OPRID,RH,RH,Finance & Contrôle,0.7651,medium,1,1.0,rare_class_uncertain
1029044,SYSADM.PS_EMPLCTGLNG_UPG,PS_EMPLCTGLNG_UPG,COMMENTS | DESCR | DESCRSHORT | EFFDT | LABOR_AGREEMENT | LANGUAGE_CD | SETID,RH,RH,Other,0.7666,medium,1,1.0,rare_class_uncertain
1118237,FO_SO_LINE,PS_FO_SO_LINE,BUSINESS_UNIT | KEYGEN | SO_ID | SO_LINE,Ventes & Clients,Ventes & Clients,Other,0.767,medium,1,1.0,rare_class_uncertain
1065888,SYSADM.PS_PSA_OPPTY_DOC,PS_PSA_OPPTY_DOC,ATTACHSYSFILENAME | ATTACHUSERFILE | DESCR254 | DOCUMENT_REQUESTS | OPPORTUNITY_ID,Ventes & Clients,Ventes & Clients,Other,0.7687,medium,1,1.0,rare_class_uncertain
1159418,SPAT_HR_TEO3,PS_SPAT_HR_TEO3,ASSIGNMENT_PCT | ASSIGNMENT_RT | ASSIGNMENT_RT_BSE | BUSINESS_UNIT | CURRENCY_CD | CURRENCY_CD_ASGN | CURRENCY_CD_BASE | CURRENCY_CD_SHFT | DATE_SEQ | DATE_UNDER_RPT | EO_FROM_CURRENCY | EO_PROCESS_INST | LINE_NBR | MS_RATE | MS_RATE_BSE | RATE_DIV | RATE_MULT | RT_TYPE | SHIFT_PCT | SP_3PTY_MKUP_A_BSE | SP_3PTY_MKUP_S_BSE | SP_3RDPARTY_MARKUP | SP_3RDPARTY_VNDR | SP_3RDPRTY_MRKUP_A | SP_3RDPRTY_MRKUP_S | SP_3RDPTY_MKUP_BSE | SPA_INCR_PAYOUT | SPB_SHIFT_RT | SPB_SHIFT_RT_BSE | SP_FIXD_COST_A_BSE | SP_FIXD_COST_S_BSE | SP_FIXED_COST | SP_FIXED_COST_ASGN | SP_FIXED_COST_BSE | SP_FIXED_COST_SHFT | SP_MSP_FEE | SP_MSP_FEE_BSE | SP_MSP_PERCENT | SP_PAY_RATE | SP_PAY_RATE_A_BSE | SP_PAY_RATE_ASSIGN | SP_PAY_RATE_BSE | SP_PAY_RATE_S_BSE | SP_PAY_RATE_SHFT | SP_TIME_QTY | SP_VND_MRKUP_A_BSE | SP_VND_MRKUP_S_BSE | SP_VNDR_MARKUP | SP_VNDR_MARKUP_ASN | SP_VNDR_MARKUP_BSE | SP_VNDR_MARKUP_SHF | TIME_AMOUNT | TIME_AMOUNT_BSE | TIME_SHEET_ID | TRC | WO_RATE | WO_RATE_BSE | WO_RATE_EFFDT | WORK_ORDER_ID,RH,RH,Finance & Contrôle,0.7699,medium,1,1.0,rare_class_uncertain
1071839,SYSADM.PS_RS_SO_ACMP_LIC,PS_RS_SO_ACMP_LIC,ACCOMPLISHMENT | BUSINESS_UNIT | COUNTRY | SO_ID | SO_LINE | SRCH_RESUME | STATE | WEIGHT_POINTS,RH,RH,Other,0.7704,medium,1,1.0,rare_class_uncertain
1159841,SPB_ROLECOMPDET,PS_SPB_ROLECOMPDET,COMPETENCY | PROFICIENCY | PROJ_ROLE | SERVICE_METHOD | SETID | SPF_YRS_EXPERIENCE | SP_MATRIX_ACTION,RH,RH,IT & Sécurité,0.7704,medium,1,1.0,rare_class_uncertain
1153634,RS_OPT_FIT_D_RR,PS_RS_OPT_FIT_D_RR,BUSINESS_UNIT | SO_ID | SO_LINE,Ventes & Clients,Ventes & Clients,Other,0.773,medium,1,1.0,rare_class_uncertain
1071636,SYSADM.PS_RS_GRR_QL_NOTE,PS_RS_GRR_QL_NOTE,BUSINESS_UNIT | COMMENTS_2000 | GRR_ID | KEY_REQS | PROJECT_ID | PROJ_ROLE | TEAM_MEMBER,RH,RH,Other,0.7737,medium,1,1.0,rare_class_uncertain
1117500,FO_CUST_ACMP_LG,PS_FO_CUST_ACMP_LG,ACCOMPLISHMENT | CUST_ID | READ_PROFICIENCY | READ_PROF_NUM | SETID | SPEAK_PROFICIENCY | SPEAK_PROF_NUM | WEIGHT_POINTS | WRITE_PROFICIENCY | WRITE_PROF_NUM,RH,RH,Ventes & Clients,0.7749,medium,1,1.0,rare_class_uncertain
1047030,SYSADM.PS_KK_SHDR_POCARD,PS_KK_SHDR_POCARD,CRDMEM_ACCT_NBR | CREDIT_CARD_VENDOR | DTTM_STAMP | EMPLID | KK_DATETIME_STAMP | KK_PROCESS_STATUS | KK_PROC_INSTANCE | KK_ROLLED_SEQ | KK_SOURCE_TRAN | KK_TRAN_DT | KK_TRAN_ID | LINE_NBR | PROCESS_INSTANCE | SEQUENCE_NBR_9 | SEQUENCENO | TRANS_DT | TRANS_NBR,RH,RH,Achats & Fournisseurs,0.7749,medium,1,0.5,rare_class_uncertain
1071728,SYSADM.PS_RS_OPT_FIT_D_RR,PS_RS_OPT_FIT_D_RR,BUSINESS_UNIT | SO_ID | SO_LINE,Ventes & Clients,Ventes & Clients,Other,0.7749,medium,1,1.0,rare_class_uncertain
1135115,PC_TL_TO_PC_AET,PS_PC_TL_TO_PC_AET,ACT_EST_SCHED_FLAG | ACTIVITY_ID | AE_APPLID | AE_SECTION | AN_TYPE_TL | AN_TYPE_TL_BI | AN_TYPE_TL_CON | AN_TYPE_TL_EST | AN_TYPE_TL_NPY | BUSINESS_UNIT | EMPLID | EMPL_RCD | FIELD_LIST | FILENAME | LAST_RESOURCE_ID | PC_INTFC_OPTN | PC_PAY_SW | PC_SUMMARY_LVL | PC_TLA_SW | PC_TLB_SW | PC_TLC_SW | PROCESS_INSTANCE | PROCESS_INST_STG | PROJECT_ID | RECNAME | RECON_BY | RESOURCE_CATEGORY | RESOURCE_SUB_CAT | RESOURCE_TYPE | RUN_CNTL_ID | SEQ_NBR | SOURCE_TABLE_NAME | TRANS_DT | WHERE_FIELD1 | WHERE_FIELD2 | WHERE_FIELD3 | WORK_CNT,RH,RH,IT & Sécurité,0.7753,medium,1,1.0,rare_class_uncertain
1055851,SYSADM.PS_P6_SYNC_ER_TIME,PS_P6_SYNC_ER_TIME,ACTIVITY_ID | DATE_UNDER_RPT | EMPLID | MESSAGE_NBR | MESSAGE_PARM1 | MESSAGE_PARM2 | MESSAGE_PARM3 | MESSAGE_PARM4 | MESSAGE_SET_NBR | OPRID | P6_ERROR2_MSG | P6_ERROR_MSG | PERIOD_END_DT | PROC_INSTANCE_SYNC | PROJECT_ID | RQSTDTTM | RUN_CNTL_ID | SEQ_NBR | SYNC_REVIEW_STATUS | TIME_QUANTITY | TIME_SHEET_ID,RH,RH,IT & Sécurité,0.7753,medium,1,1.0,rare_class_uncertain
1114733,EX_CCRD_TA2,PS_EX_CCRD_TA2,EMPLID | NAME50 | PROCESS_INSTANCE,RH,RH,IT & Sécurité,0.7753,medium,1,1.0,rare_class_uncertain
1159489,SPA_TRC_PAYTYPE,PS_SPA_TRC_PAYTYPE,EFFDT | SP_PAY_TYPE | SP_PAY_TYPE_MULT | TRC,RH,RH,Other,0.7781,medium,1,1.0,rare_class_uncertain
1117497,FO_CUS_JBTTL_CU,PS_FO_CUS_JBTTL_CU,COMMENTS | CUST_ID | FO_JOBTITLE | JOB_CAT | SETID,RH,RH,Ventes & Clients,0.7791,medium,1,1.0,rare_class_uncertain
1163760,TD_ACTUAL_CONS,PS_TD_ACTUAL_CONS,CUST_ID | ENTERED_DT | INC_UNITS_RED | LAST_UPDATE_DT | MERCH_TYPE | OPRID_ENTERED_BY | OPRID_MODIFIED_BY | PPRC_PROMO_CD | SETID | UNITS_REDEEMED,Ventes & Clients,Ventes & Clients,IT & Sécurité,0.7795,medium,1,1.0,rare_class_uncertain
1115026,EX_EE_ORGDV_TAO,PS_EX_EE_ORGDV_TAO,ADVANCE_LVL | ADV_MAX_AMT | BUSINESS_UNIT_GL | CURRENCY_CD | DFLT_EE_PROF_FLG | EE_VAL_FLG | EE_VAL_REASON_CD | EMPLID | EMPL_RCD | LOC_AMT_EXCL_FLG | OVERRIDE_DCAA_FLG | PROCESS_INSTANCE | PYMNT_HOLD | PYMNT_METHOD,RH,RH,Finance & Contrôle,0.7797,medium,1,1.0,rare_class_uncertain
1048144,SYSADM.PS_MEMBER_TYPE_LNG,PS_MEMBER_TYPE_LNG,DESCR | DESCRSHORT | EFFDT | LANGUAGE_CD | SETID | TEAM_MEMBER_TYPE,RH,RH,Other,0.78,medium,1,1.0,rare_class_uncertain
1055119,SYSADM.PS_ORD_COMMPCT_TMP,PS_ORD_COMMPCT_TMP,BUSINESS_UNIT | COMM_PCT | DATE_FROM | DATE_TO | SUPPORT_TEAM_MBR | TOTAL_AMOUNT,Ventes & Clients,Ventes & Clients,Finance & Contrôle,0.7804,medium,1,1.0,rare_class_uncertain
1134023,PC_CPY_DEG_TAO,PS_PC_CPY_DEG_TAO,ACCOMPLISHMENT | BUSINESS_UNIT | MAJOR_CODE | PC_CPY_UNIQUEID | PROJECT_ID | TEAM_MEMBER | TEAM_MEMBER_CLASS | TEAM_MEMBER_IND | WEIGHT_POINTS,RH,RH,Other,0.7804,medium,1,0.5,rare_class_uncertain
1074480,SYSADM.PS_SPB_SHFT_BY_SRV,PS_SPB_SHFT_BY_SRV,CURRENCY_CD | EFFDT | EFF_STATUS | END_TIME | PROJ_ROLE | SETID | SHIFT_ID | SHIFT_PAY | SHIFT_PCT | SHIFT_SRV_DT | SP_3RDPARTY_MARKUP | SPB_SHIFT_RT | SP_FIXED_COST | SP_PAY_RATE | SP_VNDR_MARKUP | START_TIME | UNIT_OF_MEASURE,RH,RH,Finance & Contrôle,0.7812,medium,1,1.0,rare_class_uncertain
1056708,SYSADM.PS_PC_CPY_DEG_TAO,PS_PC_CPY_DEG_TAO,ACCOMPLISHMENT | BUSINESS_UNIT | MAJOR_CODE | PC_CPY_UNIQUEID | PROJECT_ID | TEAM_MEMBER | TEAM_MEMBER_CLASS | TEAM_MEMBER_IND | WEIGHT_POINTS,RH,RH,Other,0.7825,medium,1,0.5,rare_class_uncertain
1102170,CUST_NOTE_LANG,PS_CUST_NOTE_LANG,CUST_ID | LANGUAGE_CD | SEQ_NUM | SETID | TEXT254,Ventes & Clients,Ventes & Clients,Other,0.7829,medium,1,1.0,rare_class_uncertain
1150060,QUICK_CUST_TMP,PS_QUICK_CUST_TMP,ADDRESS1 | ADDRESS2 | ADDRESS3 | ADDRESS4 | ADDRESS_SEQ_NUM | ADDR_FIELD1 | ADDR_FIELD2 | ADDR_FIELD3 | CC_PROF_TOKEN | CC_PROF_TYPE | CITY | CNTCT_SEQ_NUM | CONTACT_CODE | CONTACT_FLAG | CONTACT_ID | COUNTRY | COUNTY | CR_CARD_DIGITS | CR_CARD_NBR | CR_CARD_NBR_E | CR_CARD_TYPE | CR_CARD_VENDOR | CURRENCY_CD2 | CUST_FIELD_C10_A | CUST_FIELD_N12_A | CUST_ID | CUST_NAME | CUSTOMER_SETID | EFFDT | EMAILID | GEO_CODE | HOUSE_TYPE | IN_CITY_LIMIT | NAME1 | NUM1 | NUM2 | OFAC_STATUS | OFAC_XLAT | PHONE | PHONE2 | POSTAL | SELECTED_FLAG | SETID | STATE,Ventes & Clients,Ventes & Clients,Finance & Contrôle,0.7844,medium,1,1.0,rare_class_uncertain
1117535,FO_CUST_NOTES,PS_FO_CUST_NOTES,CUST_ID | DESCRLONG | NOTE_TYPE | SEQ_NUM | SETID,Ventes & Clients,Ventes & Clients,Other,0.7849,medium,1,1.0,rare_class_uncertain
1010792,SYSADM.PS_AUDIT_EOTP_RECR,PS_AUDIT_EOTP_RECR,AUDIT_ACTN | AUDIT_OPRID | AUDIT_RECNAME | AUDIT_STAMP | BUSINESS_UNIT | DESCR | DESCRLONG | EOTP_PUBLIC | EOTP_RECRUITID,RH,RH,Finance & Contrôle,0.7851,medium,1,1.0,rare_class_uncertain
1134398,PC_JOBCODE_LANG,PS_PC_JOBCODE_LANG,DESCR | DESCR50 | EFFDT | LANGUAGE_CD | PC_JOBCODE | SETID,RH,RH,Other,0.7856,medium,1,1.0,rare_class_uncertain
1168301,VISA_PERMIT_TBL,PS_VISA_PERMIT_TBL,COMMENTS | COUNTRY | DESCR | DESCRSHORT | EFFDT | EFF_STATUS | VISA_PERMIT_CLASS | VISA_PERMIT_TYPE,RH,RH,IT & Sécurité,0.7864,medium,1,1.0,rare_class_uncertain
1025417,SYSADM.PS_CUST_NOTE_LANG,PS_CUST_NOTE_LANG,CUST_ID | LANGUAGE_CD | SEQ_NUM | SETID | TEXT254,Ventes & Clients,Ventes & Clients,Other,0.7868,medium,1,1.0,rare_class_uncertain
1059370,SYSADM.PS_PI_EXTRACT_RUL,PS_PI_EXTRACT_RUL,ACQUISITION_CD | BUSINESS_UNIT | CATEGORY | CYCLE_YEAR | DEPTID | EFFDT | EFF_STATUS | LOCATION,RH,RH,Other,0.7869,medium,1,1.0,rare_class_uncertain
1034122,SYSADM.PS_EX_TIME_DTL_DLY,PS_EX_TIME_DTL_DLY,DATE_UNDER_RPT | LASTUPDDTTM | LINE_NBR | TIME_QUANTITY | TIME_SHEET_ID | UNIT_OF_MEASURE | VERSION_NUM,RH,RH,Other,0.7875,medium,1,1.0,rare_class_uncertain
1120502,GM_DEPT_CONT_DT,PS_GM_DEPT_CONT_DT,DEPTID | EFFDT | EFF_STATUS | SETID,RH,RH,Other,0.7877,medium,1,1.0,rare_class_uncertain
1101898,CUST_CONVER_TMP,PS_CUST_CONVER_TMP,CNTCT_SEQ_NUM | CONTACT_ID | CONVER_DT | CONVER_DTTM | CONVER_DTTM_INIT | CONVER_SEQ_NUM | CONVER_VISIBILITY | CUST_ID | DESCRLONG | DUN_LETTER_COMP | FOLLOW_UP_ACTION | FOLLOW_UP_COMP | FOLLOW_UP_OPRID | KEYWORD1 | KEYWORD2 | KEYWORD3 | LETTER_CD | OPRID | PROMISE_AMT | PROMISE_CONFIDENCE | PROMISE_DT | REVIEW_COMP | REVIEW_NEXT_DT | REVIEW_OPRID | SETID | SUP_REVIEW | SUP_STATUS,Ventes & Clients,Ventes & Clients,Finance & Contrôle,0.7878,medium,1,1.0,rare_class_uncertain
1030039,SYSADM.PS_EOCM_S_OFF_TBL,PS_EOCM_S_OFF_TBL,EFFDT | EFF_STATUS | EOCM_ACCESS_ID | EOCM_CATALOG_ID | EOCM_CONVERSION_RT | EOCM_CRM_CAT_NBR | EOCM_CRM_ORDERABLE | EOCM_CRM_SERVICE | EOCM_DISCONTINU_DT | EOCM_ELM_CEU | EOCM_ELM_KEYWORDS | EOCM_ELM_NOTES | EOCM_EPRO_DESCR | EOCM_EPRO_FILENAME | EOCM_FILEEXTENSION | EOCM_FILEPATH | EOCM_ITMVPRIORITY | EOCM_LEAD_TIME | EOCM_LEARN_OBJ_ID | EOCM_MFG_ID | EOCM_MFG_PART_NUM | EOCM_MIN_QTY | EOCM_MODEL_NBR | EOCM_OFFER_ID | EOCM_OFFER_STATE | EOCM_PROD_BRAND | EOCM_PROD_KIT_FLAG | EOCM_PROP_NAME_1 | EOCM_PROP_NAME_2 | EOCM_PROP_NAME_3 | EOCM_PROP_NAME_4 | EOCM_PROP_NAME_5 | EOCM_PROP_VAL_1 | EOCM_PROP_VAL_2 | EOCM_PROP_VAL_3 | EOCM_PROP_VAL_4 | EOCM_PROP_VAL_5 | EOCM_REQUISITE_ID | EOCM_SUP_CAT_CD | EOCM_SUP_CAT_NM | EOCM_SUP_OFFER_D | EOCM_SUP_OFFER_NM | EOCM_SUP_OFFER_SKU | EOCM_VNDR_PART_EXT | EOCM_VNDR_PART_NUM | LASTUPDDTTM | LASTUPDOPRID | SETID | URL,Achats & Fournisseurs,Ventes & Clients,Achats & Fournisseurs,0.7879,medium,0,0.5,rare_class_uncertain
1129155,MC_CUS_TAO,PS_MC_CUS_TAO,BROKER_ID | BUSINESS_UNIT | COLLECTOR | COLLECTOR_CHKBX | CONTACT_CHKBX | CR_ANALYST | CRDT_ANALYST_CHKBX | CUST_DATA_CHKBX | CUST_GROUP | CUST_ID | NEW_BROKER_ID | NEW_COLLECTOR | NEW_CR_ANALYST | PROCESS_INSTANCE | SETID,Ventes & Clients,Ventes & Clients,IT & Sécurité,0.7882,medium,1,0.5,rare_class_uncertain
1073262,SYSADM.PS_SDK_RP_SALORDER,PS_SDK_RP_SALORDER,SDK_RP_CUSTOMER | SDK_RP_ORDERDT | SDK_RP_SITENAME | SDK_RP_SONAME,Ventes & Clients,Ventes & Clients,Other,0.7902,medium,1,1.0,rare_class_uncertain
1132455,ORD_HDR_EXPORT,PS_ORD_HDR_EXPORT,BUSINESS_UNIT | DOC_PRINT_DATE | EXPORT_DOC_TYPE | ORDER_NO,Ventes & Clients,Ventes & Clients,Supply Chain / Logistique / Production,0.7908,medium,1,1.0,rare_class_uncertain
1091376,BI_GT_CUST,PS_BI_GT_CUST,CUST_ID | CUST_NAME2 | CUSTOMER_CD | EXPORT_STATUS_GTA | LAST_MODIFIED_DATE | PROCESS_INSTANCE | SETID | SHORT_CODE | VAT_INVOICE_TYPE,Ventes & Clients,Ventes & Clients,Finance & Contrôle,0.7918,medium,1,1.0,rare_class_uncertain
1135909,PI_EXTRACT_RUL,PS_PI_EXTRACT_RUL,ACQUISITION_CD | BUSINESS_UNIT | CATEGORY | CYCLE_YEAR | DEPTID | EFFDT | EFF_STATUS | LOCATION,RH,RH,Other,0.7919,medium,1,1.0,rare_class_uncertain
1117510,FO_CUST_BENEFIT,PS_FO_CUST_BENEFIT,ADOPT_ASSISTANCE | CAFETERIA_FOOD | CAFETERIA_PLAN | CHILD_CARE | COMMENTS_2000 | CREDIT_UNION | CUST_ID | DENTAL | DESCR | DISABILITY | EDUC_ASSISTANCE | FLEX_TIME | HOLIDAYS | LIFE_INSURANCE | MAJOR_MEDICAL | PERSONAL_FAMILY | PURCHASE_DISCOUNTS | RETIREMENT_PLAN | SETID | SICK_LEAVE | VACATION | VISION,RH,RH,Ventes & Clients,0.7926,medium,1,1.0,rare_class_uncertain
1048145,SYSADM.PS_MEMBER_TYPE_TBL,PS_MEMBER_TYPE_TBL,COMMISSIONABLE | COMM_PCT | DEF_COMPCT_SRC | DESCR | DESCRSHORT | EFFDT | EFF_STATUS | QUOTA_TYPE | SALES_PERSON | SETID | TEAM_MEMBER_TYPE,Ventes & Clients,Ventes & Clients,RH,0.795,medium,1,1.0,rare_class_uncertain
1033380,SYSADM.PS_EX_PROJ_RES_STG,PS_EX_PROJ_RES_STG,ACTIVITY_ID | ADJUSTMENT | AFFILIATE | AFFILIATE_INTRA1 | AFFILIATE_INTRA2 | ANALYSIS_TYPE | BI_DISTRIB_STATUS | BUDGET_REF | BUSINESS_UNIT_GL | BUSINESS_UNIT_PC | BUSINESS_UNIT_WO | CHARTFIELD1 | CHARTFIELD2 | CHARTFIELD3 | CLASS_FLD | DATE_UNDER_RPT | DEPTID | DESCR60 | EMPLID | EMPL_RCD | FUND_CODE | JOBCODE | LINE_NBR | OPERATING_UNIT | PC_DISTRIB_STATUS | PERIOD_END_DT | PROCESS_INSTANCE | PRODUCT | PROGRAM_CODE | PROJECT_ID | REF_TIME_SHEET_ADJ | RES_LN_NBR | RESOURCE_CATEGORY | RESOURCE_ETC | RESOURCE_SUB_CAT | RESOURCE_TYPE | RSRC_TYPE | SYSTEM_SOURCE | TIME_QUANTITY | TIME_SHEET_ID | TRC | UNIT_OF_MEASURE | UNPOST_SEQ | UPDATE_FLAG | WO_ID | WO_TASK_ID,RH,RH,Finance & Contrôle,0.7957,medium,1,1.0,rare_class_uncertain
1129341,MEMBER_TYPE_TBL,PS_MEMBER_TYPE_TBL,COMMISSIONABLE | COMM_PCT | DEF_COMPCT_SRC | DESCR | DESCRSHORT | EFFDT | EFF_STATUS | QUOTA_TYPE | SALES_PERSON | SETID | TEAM_MEMBER_TYPE,Ventes & Clients,Ventes & Clients,RH,0.7959,medium,1,1.0,rare_class_uncertain
1115653,EX_PY_ACK_SUB,PS_EX_PY_ACK_SUB,ACCEPTANCE_STATUS | AUDIT_ACTN | CURRENCY_CD | DATE_ACKNOWLEDGE | EMPLID | EMPL_RCD | ERNCD | EX_DOC_ID | EX_DOC_TYPE | EX_LINE_NBR | GROSSUP | MONETARY_AMOUNT | PROCESS_INSTANCE | REJECTED_REASON | SEPCHK,RH,RH,Finance & Contrôle,0.7962,medium,1,0.5,rare_class_uncertain
1075272,SYSADM.PS_SPR_PERSN_TAO,PS_SPR_PERSN_TAO,BUSINESS_UNIT | NAME | PERSON_ID | PROCESS_INSTANCE,RH,RH,IT & Sécurité,0.7972,medium,1,1.0,rare_class_uncertain
1047922,SYSADM.PS_MC_CUS_TAO,PS_MC_CUS_TAO,BROKER_ID | BUSINESS_UNIT | COLLECTOR | COLLECTOR_CHKBX | CONTACT_CHKBX | CR_ANALYST | CRDT_ANALYST_CHKBX | CUST_DATA_CHKBX | CUST_GROUP | CUST_ID | NEW_BROKER_ID | NEW_COLLECTOR | NEW_CR_ANALYST | PROCESS_INSTANCE | SETID,Ventes & Clients,Ventes & Clients,IT & Sécurité,0.7975,medium,1,0.5,rare_class_uncertain
1035894,SYSADM.PS_FO_ORDER_TYPE,PS_FO_ORDER_TYPE,DESCR | ORDER_TYPE | USER_ORDER_TYPE | USER_ORDER_TYPE_TH,Ventes & Clients,Ventes & Clients,Other,0.798,medium,1,1.0,rare_class_uncertain
1117256,FO_ASGN_COMMISN,PS_FO_ASGN_COMMISN,ASSIGNMENT_ID | EFFDT | LASTUPDDTTM | LASTUPDOPRID,RH,RH,Other,0.7984,medium,1,1.0,rare_class_uncertain
1029045,SYSADM.PS_EMPLCTG_UPG,PS_EMPLCTG_UPG,COMMENTS | DESCR | DESCRSHORT | EFFDT | EFF_STATUS | LABOR_AGREEMENT | SETID,RH,RH,Other,0.7998,medium,1,1.0,rare_class_uncertain
1149218,PYCYCL_MAP_DTL,PS_PYCYCL_MAP_DTL,CONSTANT_IN | CONST_TYPE_IN | FIELDNAME | FIELDNAME_IN | FIELDNAME_OUT | KEY_FLG | MAP_ACTION | MAP_TYPE | MAP_TYPE_IN | SOURCE_TXN,IT & Sécurité,Other,IT & Sécurité,0.8005,high,0,0.5,model_disagrees_with_llm_high_conf
1128091,KK_SHDR_APACTLN,PS_KK_SHDR_APACTLN,APPL_JRNL_ID | BUSINESS_UNIT | KK_DATETIME_STAMP | KK_PROCESS_STATUS | KK_PROC_INSTANCE | KK_ROLLED_SEQ | KK_SOURCE_TRAN | KK_TRAN_DT | KK_TRAN_ID | PROCESS_INSTANCE | PYMNT_CNT | SEQUENCE_NBR_9 | UNPOST_SEQ | VOUCHER_ID,Finance & Contrôle,IT & Sécurité,Finance & Contrôle,0.8006,high,0,0.5,model_disagrees_with_llm_high_conf
1035680,SYSADM.PS_FO_CUST_ACMP_LC,PS_FO_CUST_ACMP_LC,ACCOMPLISHMENT | COUNTRY | CUST_ID | SETID | STATE | WEIGHT_POINTS,Ventes & Clients,Ventes & Clients,RH,0.8008,high,1,1.0,rare_class_uncertain
1081553,SYSADM.PS_VNDRWTHD_TEO1,PS_VNDRWTHD_TEO1,ADDRESS_SEQ_NUM | BIRTHDATE | BIRTHPLACE | BOND_PREMIUM | BOND_PREMIUM_TAXEX | CERTIFICATE_EXP_DT | CERTIFICATE_NUM | CERTIFICATE_TYPE | COMPANY_FLG | COUNTRY_PAID | DIRECT_SALES | EFFDT | EO_FROM_CURRENCY | EO_PROCESS_INST | FATCA_INDICATOR | FOREIGN_TAX_PAID | GBR_REG_NO | GBR_VENDOR_TYPE | GBR_VERIFY | GBR_VERIFY_DATE | GBR_VERIFY_NBR | MARKET_DISCOUNT | NUM_CHILDREN | PRIVATE_BOND_INT | PROFESSION | REPORT_BOND_PREM | SECOND_TIN | SETID | SEX | STATE_TAX_WH | TAX_DIST_REF | TAX_EXMPT_INTEREST | TIN | TIN_TYPE | TRADE_BUS_INC | VENDOR_ID | VNDR_LOC | WTHD_CONTROL_NAME | WTHD_ENTITY | WTHD_PAN_NUM | WTHD_PAN_WARD,Finance & Contrôle,Achats & Fournisseurs,Finance & Contrôle,0.8013,high,0,0.5,model_disagrees_with_llm_high_conf
1140281,PRCR_UPD_TMP1Q,PS_PRCR_UPD_TMP1Q,BANK_CD | BANK_SETID | BUSINESS_UNIT_AP | BUSINESS_UNIT_PO | CATEGORY_ID | CURRENCY_CD | CURRENCY_PYMNT | INV_ITEM_ID | ITM_SETID | PAID_AMT | PAID_AMT_GROSS | PRCR_PERIOD | PRCR_YEAR | PROCESS_INSTANCE | REPORT_ENTITY | SHIPTO_ID | SHIPTO_SETID | UNIT_MEASURE_STD | VENDOR_ID | VENDOR_SETID,Finance & Contrôle,Achats & Fournisseurs,Finance & Contrôle,0.8017,high,0,0.5,model_disagrees_with_llm_high_conf
1118050,FORCRUITSRC_UPG,PS_FORCRUITSRC_UPG,DESCR | DESCRSHORT | RECRUIT_CAT | SETID,RH,RH,Other,0.802,high,1,1.0,rare_class_uncertain
1155094,RUN_CNTL_PORO,PS_RUN_CNTL_PORO,ACCOUNTING_DT | ASOFDATE | BUDGET_DT | BUDGET_DT_FROM | BUDGET_DT_TO | BUSINESS_UNIT | ERROR_FLAG | FINALIZE_SW | FROM_DATE | LEDGER_GROUP | OPRID | PO_ID | PROCESS_FREQUENCY | PROCESS_OPTION | PROCESS_STATUS | ROLL_ENC_OPTION | ROLL_STAT_M | ROLL_STAT_P | ROLL_STAT_R | ROLL_STATUS | RUN_CNTL_ID | RUN_DT | SEQ_NUM | SEQ_NUM_TO | VENDOR_ID,Finance & Contrôle,Achats & Fournisseurs,Finance & Contrôle,0.8023,high,0,0.5,model_disagrees_with_llm_high_conf
1127907,KK_HYP_BCHK_REQ,PS_KK_HYP_BCHK_REQ,BUSINESS_UNIT | CERTALIAS | DTTM_STAMP_SEC | EXTERNALMESSAGEID | EXTERNAL_REPLY_TO | HYP_TRAN_ID_FROM | HYP_TRAN_ID_TO | IBEXTERNALUSERID | IB_REQNODENAME | KK_PROCESS_STATUS | KK_PROCESS_TYPE | KK_SOURCE_TRAN | OPRID | PROCESS_INSTANCE | RUN_CNTL_ID,IT & Sécurité,Achats & Fournisseurs,IT & Sécurité,0.8028,high,0,0.5,model_disagrees_with_llm_high_conf
1010576,SYSADM.PS_AUC_COLLAB_LOG,PS_AUC_COLLAB_LOG,ADDR_SEQ_NUM | AUC_ATTACH_NUM | AUC_BF_LIST_LINE | AUC_CHNG_TYPE | AUC_COLLAB_CHNG | AUC_COLLAB_GRP_NBR | AUC_COLLAB_NBR | AUC_COLLAB_OPRID | AUC_COLLAB_SEQNUM | AUC_DATE | AUC_FIELDLABEL | AUC_FIELDTYPE | AUC_ID | AUC_IMAGE_NBR | AUC_NEW_COMMENTS | AUC_NEW_NBRVAL | AUC_NEW_VALUE | AUC_PRC_COMP_NBR | AUC_PREV_DATE | AUC_PREV_NBRVAL | AUC_PREV_VALUE | AUC_ROUND | AUC_TIER_NBR | AUC_VERSION | BIDDER_ID | BIDDER_LOC | BIDDER_SETID | BIDDER_TYPE | BID_FACTOR_CD | BID_FACTOR_NBR | BUSINESS_UNIT | CHNG_DTTM | CNTCT_SEQ_NUM | COMMENT_ID | CONST_ATTR_NBR | CONST_NBR | CONSTRAINT_CD | DATETIME_COLLAB | DATETIME_PREVIOUS | FIELDNAME | GRP_LINE_NBR | LINE_NBR | OPRID | RANDOM_CMMT_NBR | RECNAME | SCHED_NBR,RH,RH,Supply Chain / Logistique / Production,0.8031,high,1,1.0,rare_class_uncertain
1099372,COMP_SKLDTL_UPG,PS_COMP_SKLDTL_UPG,COMPETENCY | RS_TYPE | SKILLCODE,RH,RH,Other,0.8033,high,1,1.0,rare_class_uncertain
1055160,SYSADM.PS_ORD_HOLD,PS_ORD_HOLD,ACTIVE_HOLD_DTTM | BUSINESS_UNIT | EFF_STATUS | HOLD_CD | HOLD_LEVEL | LAST_MAINT_OPRID | LASTUPDDTTM | MESSAGE_CD | ORDER_INT_LINE_NO | ORDER_NO | PASS_HOLD_CD | PASS_HOLD_LEVEL | PROD_COMPONENT_ID | SCHED_LINE_NBR | SEQ_NUM | STATUS_DT | SYSTEM_MAINTAINED,Ventes & Clients,Ventes & Clients,IT & Sécurité,0.8042,high,1,1.0,rare_class_uncertain
1166395,UPG_PC_MGR_TAO,PS_UPG_PC_MGR_TAO,BUSINESS_UNIT | DESCRLONG | EFFDT | END_DT | PROJECT_ID | PROJECT_MANAGER | PROJ_ROLE | ROLE_TYPE | SCHED_NUM | START_DT | UPGRADED,RH,RH,IT & Sécurité,0.8048,high,1,1.0,rare_class_uncertain
1168873,VNDRWTHD_TEO1,PS_VNDRWTHD_TEO1,ADDRESS_SEQ_NUM | BIRTHDATE | BIRTHPLACE | BOND_PREMIUM | BOND_PREMIUM_TAXEX | CERTIFICATE_EXP_DT | CERTIFICATE_NUM | CERTIFICATE_TYPE | COMPANY_FLG | COUNTRY_PAID | DIRECT_SALES | EFFDT | EO_FROM_CURRENCY | EO_PROCESS_INST | FATCA_INDICATOR | FOREIGN_TAX_PAID | GBR_REG_NO | GBR_VENDOR_TYPE | GBR_VERIFY | GBR_VERIFY_DATE | GBR_VERIFY_NBR | MARKET_DISCOUNT | NUM_CHILDREN | PRIVATE_BOND_INT | PROFESSION | REPORT_BOND_PREM | SECOND_TIN | SETID | SEX | STATE_TAX_WH | TAX_DIST_REF | TAX_EXMPT_INTEREST | TIN | TIN_TYPE | TRADE_BUS_INC | VENDOR_ID | VNDR_LOC | WTHD_CONTROL_NAME | WTHD_ENTITY | WTHD_PAN_NUM | WTHD_PAN_WARD,Finance & Contrôle,Achats & Fournisseurs,Finance & Contrôle,0.8053,high,0,0.5,model_disagrees_with_llm_high_conf
1131026,OMC_ORD_LST_TMP,PS_OMC_ORD_LST_TMP,ADDTL_ADJUST_AMT | ADDTL_ADJUST_BASE | ADDTL_ADJUST_PCT | BACKGROUND_REQD | BILL_TO_CUST_ID | BUSINESS_UNIT | CURRENCY_CD | CURRENCY_CD_BASE | DATETIME_ADDED | FREIGHT_BILLD_FLAG | FREIGHT_CHARGE | FREIGHT_CHARGE_BSE | IN_PROCESS_FLG | ORDER_DATE | ORDER_GRP | ORDER_NO | ORDER_STATUS | ORDER_TYPE_CD | PROCESS_INSTANCE | SETID | SOURCE_CD,Ventes & Clients,Ventes & Clients,Finance & Contrôle,0.8056,high,1,1.0,rare_class_uncertain
1105654,DUN_CRSPD_TAO,PS_DUN_CRSPD_TAO,ADDR_SEQ_CRSPD | BANK_ACCT_KEY | BANK_CD | BANK_SETID | BUSINESS_UNIT | CNTCT_SEQ_CRSPD | CRSPD_ADDR | CRSPD_CNTCT | CRSPD_CUST_ID | CRSPD_SETID | CUST_ID | CUST_NAME | DUN_ID | DUN_METHOD | DUN_PROMPT_SETID | LANGUAGE_CD | PROCESS_INSTANCE | SETID,IT & Sécurité,Finance & Contrôle,IT & Sécurité,0.8057,high,0,0.5,model_disagrees_with_llm_high_conf
1099997,CP_PRDN_CMP_OP,PS_CP_PRDN_CMP_OP,BUSINESS_UNIT | CP_COMP_SEQ | CP_MODE | OLD_NEW_FLAG | OP_SEQUENCE | ORDER_INT_LINE_NO | ORDER_NO,Ventes & Clients,Ventes & Clients,Supply Chain / Logistique / Production,0.8058,high,1,1.0,rare_class_uncertain
1068280,SYSADM.PS_PYCYCL_SOURCE,PS_PYCYCL_SOURCE,PAY_CYCLE | PROCESS_FLG | SOURCE_TXN,RH,RH,IT & Sécurité,0.8059,high,1,1.0,rare_class_uncertain
1101964,CUST_DATA_TEOA,PS_CUST_DATA_TEOA,ASOF_DT | DTTM_STAMP | EO_AUDIT_FLG | EXCEPTION_INFO | FIELDNAME | FIELD_VALUE | FROM_CURRENCY | KEY10_FLDNAME | KEY10_FLD_VAL | KEY11_FLDNAME | KEY11_FLD_VAL | KEY12_FLDNAME | KEY12_FLD_VAL | KEY13_FLDNAME | KEY13_FLD_VAL | KEY14_FLDNAME | KEY14_FLD_VAL | KEY15_FLDNAME | KEY15_FLD_VAL | KEY16_FLDNAME | KEY16_FLD_VAL | KEY1_FLDNAME | KEY1_FLD_VAL | KEY2_FLDNAME | KEY2_FLD_VAL | KEY3_FLDNAME | KEY3_FLD_VAL | KEY4_FLDNAME | KEY4_FLD_VAL | KEY5_FLDNAME | KEY5_FLD_VAL | KEY6_FLDNAME | KEY6_FLD_VAL | KEY7_FLDNAME | KEY7_FLD_VAL | KEY8_FLDNAME | KEY8_FLD_VAL | KEY9_FLDNAME | KEY9_FLD_VAL | OPRID | PROCESS_INSTANCE | PROC_GRP_ID | RATE_DIV | RATE_MULT | RECNAME | RT_DIV_FLDNAME | RT_MULT_FLDNAME | RULE_INSTNC_NBR | RUN_CNTL_ID | TO_CURRENCY,Ventes & Clients,IT & Sécurité,Ventes & Clients,0.8059,high,0,0.5,model_disagrees_with_llm_high_conf
1083170,SYSADM.PS_WM_WO_PO_HASH,PS_WM_WO_PO_HASH,BUSINESS_UNIT | HASH_KEY | RES_LN_NBR | RSRC_TYPE | WO_ID | WO_TASK_ID,Supply Chain / Logistique / Production,Achats & Fournisseurs,Other,0.8073,high,0,0.5,model_disagrees_with_llm_high_conf
1068796,SYSADM.PS_RATING_MDL_TBL,PS_RATING_MDL_TBL,DESCR | DESCRSHORT | EFFDT | EFF_STATUS | GVT_OPM_PATTERN | RATING_MODEL,Finance & Contrôle,Other,Finance & Contrôle,0.8073,high,0,0.5,model_disagrees_with_llm_high_conf
1024739,SYSADM.PS_CP_PRDN_CMP_OP,PS_CP_PRDN_CMP_OP,BUSINESS_UNIT | CP_COMP_SEQ | CP_MODE | OLD_NEW_FLAG | OP_SEQUENCE | ORDER_INT_LINE_NO | ORDER_NO,Ventes & Clients,Ventes & Clients,Other,0.8079,high,1,1.0,rare_class_uncertain
1038414,SYSADM.PS_GM_PE_PROPO_LNG,PS_GM_PE_PROPO_LNG,BUSINESS_UNIT | LANGUAGE_CD | PROPOSAL_ID | PROPOSAL_TITLE,Ventes & Clients,Ventes & Clients,Other,0.8081,high,1,1.0,rare_class_uncertain
1096682,CE_PWHT_BSE_T,PS_CE_PWHT_BSE_T,BUSINESS_UNIT | CE_LOOP_NBR | CE_WGHT_BASE | CM_BOOK | PROCESS_INSTANCE | PRODUCTION_ID,Supply Chain / Logistique / Production,IT & Sécurité,Supply Chain / Logistique / Production,0.8093,high,0,0.5,model_disagrees_with_llm_high_conf
1171141,WS_DUP_CONTACT,PS_WS_DUP_CONTACT,CONTACT_ID | DUP_CONTACT_ID | SETID,Ventes & Clients,Ventes & Clients,Other,0.8094,high,1,1.0,rare_class_uncertain
1090821,BENEF_PGM_LANG,PS_BENEF_PGM_LANG,BENEFIT_PROGRAM | DESCR | DESCRSHORT | EFFDT | LANGUAGE_CD,RH,RH,Other,0.8095,high,1,1.0,rare_class_uncertain
1120819,GM_MY_PROPO_LNG,PS_GM_MY_PROPO_LNG,BUSINESS_UNIT | LANGUAGE_CD | PROPOSAL_ID | PROPOSAL_TITLE,Ventes & Clients,Ventes & Clients,Other,0.8096,high,1,1.0,rare_class_uncertain
1114800,EX_DCAA_AET,PS_EX_DCAA_AET,AE_APPLID | AE_SECTION | BUSINESS_UNIT_GL | CUTOFF_DAYS | CUTOFF_TIME | DATETIMEVAL1 | DATE_UNDER_RPT | DCAA_APPL_FLG | EMAILID | EMPLID | LANGUAGE_CD | NOTIFY_ACKNOWLEDGE | NOTIFY_PASTDUE | OPRDEFNDESC | OPRID | OPRID_SUBMITTED_BY | OVERRIDE_DCAA_FLG | PERIOD_END_DT | PROCESS_INSTANCE | RESUBMISSION_DT | RUN_CNTL_ID | RUNDTTM | RUNTIME | SELECT_ALL | SEND_REMINDER | SUBMISSION_DATE | TIME_SHEET_ID | TIMEZONE | URL_1 | URL_2 | USER_OPRID | USER_OPTION_VALUE | VERSION_NUM,RH,RH,IT & Sécurité,0.8098,high,1,1.0,rare_class_uncertain
1141056,PRODUCT_TBL,PS_PRODUCT_TBL,ACCOUNTING_OWNER | BUDGETARY_ONLY | DESCR | DESCRLONG | DESCRSHORT | EFFDT | EFF_STATUS | PRODUCT | RTBL_DATA | SETID | SYNCDTTM | SYNCID,Supply Chain / Logistique / Production,Finance & Contrôle,Other,0.8101,high,0,0.5,model_disagrees_with_llm_high_conf
1063674,SYSADM.PS_POSN_DATA_LANG,PS_POSN_DATA_LANG,DESCR | DESCR254 | DESCRLONG | DESCRSHORT | EFFDT | GVT_ORG_TTL_DESCR | LANGUAGE_CD | POSITION_NBR,RH,RH,Other,0.8103,high,1,1.0,rare_class_uncertain
1025445,SYSADM.PS_CUST_SHIPTO,PS_CUST_SHIPTO,CUST_ID | DATE_LAST_MAINT | LAST_MAINT_OPRID | SETID | SHIP_TO_CUST_ID | SLDTO_PRIORITY_NBR,Ventes & Clients,Ventes & Clients,Supply Chain / Logistique / Production,0.8112,high,1,1.0,rare_class_uncertain
1150114,RATING_MDL_TBL,PS_RATING_MDL_TBL,DESCR | DESCRSHORT | EFFDT | EFF_STATUS | GVT_OPM_PATTERN | RATING_MODEL,Finance & Contrôle,Other,Finance & Contrôle,0.8115,high,0,0.5,model_disagrees_with_llm_high_conf
1075470,SYSADM.PS_SPR_TSHDR_TAO,PS_SPR_TSHDR_TAO,ACCOUNTING_PERIOD | APPROVAL_DT | APPROVAL_OPRID | BUSINESS_UNIT | CALENDAR_ID | CREATION_DT | LAST_UPDATE_DT | OPRID_ENTERED_BY | OPRID_LAST_UPDT | PERIOD_END_DT | PERIOD_START_DT | PERSON_ID | PROCESS_INSTANCE | RESUBMISSION_DT | SPA_TIMESHEET_NAME | SUBMISSION_DATE | TE_TEMPLATE_ID | TIME_HDR_STATUS | TIME_SHEET_ID,RH,RH,Finance & Contrôle,0.8119,high,1,1.0,rare_class_uncertain
1047219,SYSADM.PS_LC_HDR_IMP_ATT,PS_LC_HDR_IMP_ATT,ATT_VERSION | BUSINESS_UNIT | FMS_DTTM_STAMP | FMS_LASTUPDDTTM | FMS_LASTUPDOPRID | FMS_OPRID | LC_ID | SCM_ATTACH_ID,Achats & Fournisseurs,IT & Sécurité,Other,0.8143,high,0,0.5,model_disagrees_with_llm_high_conf
1079683,SYSADM.PS_VCHR_BLD_CMDS,PS_VCHR_BLD_CMDS,BUSINESS_UNIT | BUSINESS_UNIT_PO | BUSINESS_UNIT_RECV | DISTRIB_LINE_NUM | MERCH_AMT_CNVT | PACKSLIP_NO | PO_ID | PROCESS_INSTANCE | QTY_VCHR_CNVT | RECEIPT_DT | RECEIVER_ID | RECV_LN_NBR,Achats & Fournisseurs,Finance & Contrôle,Achats & Fournisseurs,0.8144,high,0,0.5,model_disagrees_with_llm_high_conf
1153472,RS_GRR_QL_LIC,PS_RS_GRR_QL_LIC,ACCOMPLISHMENT | BUSINESS_UNIT | COUNTRY | GRR_ID | PROJECT_ID | STATE | TEAM_MEMBER | WEIGHT_POINTS,RH,RH,Other,0.8149,high,1,1.0,rare_class_uncertain
1035462,SYSADM.PS_FINT_ITLO_TAO,PS_FINT_ITLO_TAO,BILL_TO_CUST_ID | BUSINESS_UNIT_BI | BUSINESS_UNIT_IN | BUSINESS_UNIT_OM | CATEGORY_ID | CLASSIFICATION | CM_UNIT_COST | CONVERSION_RATE | CORP_CUST_ID | CORPORATE_CUST_ID | CURRENCY_CD | CUST_CHANNEL | CUST_FIELD_C10_A | CUST_FIELD_C10_B | CUST_FIELD_C10_C | CUST_FIELD_C10_D | CUST_FIELD_C1_A | CUST_FIELD_C1_B | CUST_FIELD_C1_C | CUST_FIELD_C1_D | CUST_FIELD_C2 | CUST_FIELD_C30_A | CUST_FIELD_C30_B | CUST_FIELD_C30_C | CUST_FIELD_C30_D | CUST_FIELD_C4 | CUST_FIELD_C6 | CUST_FIELD_C8 | CUST_FIELD_N12_A | CUST_FIELD_N12_B | CUST_FIELD_N12_C | CUST_FIELD_N12_D | CUST_FIELD_N15_A | CUST_FIELD_N15_B | CUST_FIELD_N15_C | CUST_FIELD_N15_D | CUSTOMER_GROUP | DP_FORECASTITEM | DP_UOMGROUP | FORECASTER | FORECAST_ITEM_FLAG | INV_ITEM_COLOR | INV_ITEM_GROUP | INV_ITEM_ID | INV_ITEM_TYPE | INVOICE | INV_PROD_FAM_CD | ITEM_FIELD_C10_A | ITEM_FIELD_C10_B | ITEM_FIELD_C10_C | ITEM_FIELD_C10_D | ITEM_FIELD_C1_A | ITEM_FIELD_C1_B | ITEM_FIELD_C1_C | ITEM_FIELD_C1_D | ITEM_FIELD_C2 | ITEM_FIELD_C30_A | ITEM_FIELD_C30_B | ITEM_FIELD_C30_C | ITEM_FIELD_C30_D | ITEM_FIELD_C4 | ITEM_FIELD_C6 | ITEM_FIELD_C8 | ITEM_FIELD_N12_A | ITEM_FIELD_N12_B | ITEM_FIELD_N12_C | ITEM_FIELD_N12_D | ITEM_FIELD_N15_A | ITEM_FIELD_N15_B | ITEM_FIELD_N15_C | ITEM_FIELD_N15_D | LIST_PRICE | MITBL_DESCR | PM_DIVISION | PM_REGION | PM_TERRITORY | PRDITM_DESCR | PROCESS_INSTANCE | PROD_BRAND | PROD_CATEGORY | PROD_FIELD_C10_A | PROD_FIELD_C10_B | PROD_FIELD_C10_C | PROD_FIELD_C10_D | PROD_FIELD_C1_A | PROD_FIELD_C1_B | PROD_FIELD_C1_C | PROD_FIELD_C1_D | PROD_FIELD_C2 | PROD_FIELD_C30_A | PROD_FIELD_C30_B | PROD_FIELD_C30_C | PROD_FIELD_C30_D | PROD_FIELD_C4 | PROD_FIELD_C6 | PROD_FIELD_C8 | PROD_FIELD_N12_A | PROD_FIELD_N12_B | PROD_FIELD_N12_C | PROD_FIELD_N12_D | PROD_FIELD_N15_A | PROD_FIELD_N15_B | PROD_FIELD_N15_C | PROD_FIELD_N15_D | PRODUCT_GROUP | PRODUCT_ID | PRODUCT_KIT_FLAG | REGION_CD | SETID | SHIP_TO_CUST_ID | SOLD_TO_CUST_ID | SOURCE_CODE | SUBCUST_QUAL1 | SUBCUST_QUAL2 | UNIT_OF_MEASURE | UPC_ID | UTILIZ_CD | UTILIZ_GROUP,Finance & Contrôle,Supply Chain / Logistique / Production,Ventes & Clients,0.8149,high,0,0.5,model_disagrees_with_llm_high_conf
1130409,OCH_CARR_TAO,PS_OCH_CARR_TAO,ADJUST_MINUTE | CARRIER_ID | DTTM_FROM | DTTM_TO | EFFDT | EFF_STATUS | EXCPTN_TYPE | NO_DRIVE | NO_PICKUP | PROCESS_INSTANCE | SETID,Supply Chain / Logistique / Production,IT & Sécurité,Supply Chain / Logistique / Production,0.8157,high,0,0.5,model_disagrees_with_llm_high_conf
1030370,SYSADM.PS_EOEC_CCI_ITEM,PS_EOEC_CCI_ITEM,DESCR254 | EOEC_CCI_DISC_AMT | EOEC_CCI_EXTAMT | EOEC_CCI_ITEM_NUM | EOEC_CCI_QTY | EOEC_CCI_SKU | EOEC_CCI_TAX_AMT | EOEC_CCI_TOTAL_AMT | EOEC_CCI_UNITPRICE | EOEC_CCI_UOM | EOEC_CCI_UPC,Finance & Contrôle,Supply Chain / Logistique / Production,Finance & Contrôle,0.8159,high,0,1.0,model_disagrees_with_llm_high_conf
1108895,EE_EVENT_LANG,PS_EE_EVENT_LANG,DESCR | ENTRY_EVENT | LANGUAGE_CD | SETID,RH,RH,Other,0.8162,high,1,1.0,rare_class_uncertain
1117033,FINT_ITLO_TAO,PS_FINT_ITLO_TAO,BILL_TO_CUST_ID | BUSINESS_UNIT_BI | BUSINESS_UNIT_IN | BUSINESS_UNIT_OM | CATEGORY_ID | CLASSIFICATION | CM_UNIT_COST | CONVERSION_RATE | CORP_CUST_ID | CORPORATE_CUST_ID | CURRENCY_CD | CUST_CHANNEL | CUST_FIELD_C10_A | CUST_FIELD_C10_B | CUST_FIELD_C10_C | CUST_FIELD_C10_D | CUST_FIELD_C1_A | CUST_FIELD_C1_B | CUST_FIELD_C1_C | CUST_FIELD_C1_D | CUST_FIELD_C2 | CUST_FIELD_C30_A | CUST_FIELD_C30_B | CUST_FIELD_C30_C | CUST_FIELD_C30_D | CUST_FIELD_C4 | CUST_FIELD_C6 | CUST_FIELD_C8 | CUST_FIELD_N12_A | CUST_FIELD_N12_B | CUST_FIELD_N12_C | CUST_FIELD_N12_D | CUST_FIELD_N15_A | CUST_FIELD_N15_B | CUST_FIELD_N15_C | CUST_FIELD_N15_D | CUSTOMER_GROUP | DP_FORECASTITEM | DP_UOMGROUP | FORECASTER | FORECAST_ITEM_FLAG | INV_ITEM_COLOR | INV_ITEM_GROUP | INV_ITEM_ID | INV_ITEM_TYPE | INVOICE | INV_PROD_FAM_CD | ITEM_FIELD_C10_A | ITEM_FIELD_C10_B | ITEM_FIELD_C10_C | ITEM_FIELD_C10_D | ITEM_FIELD_C1_A | ITEM_FIELD_C1_B | ITEM_FIELD_C1_C | ITEM_FIELD_C1_D | ITEM_FIELD_C2 | ITEM_FIELD_C30_A | ITEM_FIELD_C30_B | ITEM_FIELD_C30_C | ITEM_FIELD_C30_D | ITEM_FIELD_C4 | ITEM_FIELD_C6 | ITEM_FIELD_C8 | ITEM_FIELD_N12_A | ITEM_FIELD_N12_B | ITEM_FIELD_N12_C | ITEM_FIELD_N12_D | ITEM_FIELD_N15_A | ITEM_FIELD_N15_B | ITEM_FIELD_N15_C | ITEM_FIELD_N15_D | LIST_PRICE | MITBL_DESCR | PM_DIVISION | PM_REGION | PM_TERRITORY | PRDITM_DESCR | PROCESS_INSTANCE | PROD_BRAND | PROD_CATEGORY | PROD_FIELD_C10_A | PROD_FIELD_C10_B | PROD_FIELD_C10_C | PROD_FIELD_C10_D | PROD_FIELD_C1_A | PROD_FIELD_C1_B | PROD_FIELD_C1_C | PROD_FIELD_C1_D | PROD_FIELD_C2 | PROD_FIELD_C30_A | PROD_FIELD_C30_B | PROD_FIELD_C30_C | PROD_FIELD_C30_D | PROD_FIELD_C4 | PROD_FIELD_C6 | PROD_FIELD_C8 | PROD_FIELD_N12_A | PROD_FIELD_N12_B | PROD_FIELD_N12_C | PROD_FIELD_N12_D | PROD_FIELD_N15_A | PROD_FIELD_N15_B | PROD_FIELD_N15_C | PROD_FIELD_N15_D | PRODUCT_GROUP | PRODUCT_ID | PRODUCT_KIT_FLAG | REGION_CD | SETID | SHIP_TO_CUST_ID | SOLD_TO_CUST_ID | SOURCE_CODE | SUBCUST_QUAL1 | SUBCUST_QUAL2 | UNIT_OF_MEASURE | UPC_ID | UTILIZ_CD | UTILIZ_GROUP,Finance & Contrôle,Supply Chain / Logistique / Production,Ventes & Clients,0.8166,high,0,0.5,model_disagrees_with_llm_high_conf
1148089,PV_INTEGRAT_AET,PS_PV_INTEGRAT_AET,ABORT_FLAG | ACCOUNTING_DT | BUSINESS_UNIT | COUNTER1 | DBNAME | DBTYPE | DIRTY_FLAG | EMPLID_FROM | EMPLID_TO | LASTUPDOPRID | OPERPSWD | OPRID | PROCESS_INSTANCE | PV_BB_ACTION_TYPE | PV_BB_CF_FLAG | PV_BB_DATA_GROUP | PV_BB_ITEM_FLAG | PV_BB_MFG_FLAG | PV_BB_SETID_FLAG | PV_BB_USER_FLAG | PV_BB_VNDR_FLAG | PV_CUSTOM_SQL | PV_DBLINK | PV_DBLINK_NAME | PV_DELETE_OPTN | PV_RECNAME_FLDLST | PV_SERVER_SW | RECNAME | RECNAME_SOURCE | RECNAME_TARGET | RUN_CNTL_ID | SERVER | SETID | SQL_STMT | SQL_STMT_254 | SUBRECNAME | TABLE_NAME | TEMP_FLD | WHERE_CLAUSE | WHERE_CLAUSE2 | WHERE_CLAUSE3,RH,RH,IT & Sécurité,0.8169,high,1,0.5,rare_class_uncertain
1019115,SYSADM.PS_CB_HDR,PS_CB_HDR,AP_PAYMENT_TERMS | AR_PAYMENT_TERMS | CB_AMOUNT | CB_CONTRACT_ID | CB_COST_DATE | CB_COST_FIXED | CB_COST_ON_CON | CB_CUST_TYPE | CB_INCLUDE_SHIP | CB_MANAGER_ID | CB_MANAGER_NOTIFY | CB_MARGIN | CB_MAX_QUANTITY | CB_PERCENTAGE | CB_PROD_TYPE | CB_PURCHASE_COST | CB_RECALC | CB_SETTLE_MGR | CB_SETTLE_NOTIFY | CB_STATUS | CB_STOP_AT_MAX | CB_VENDOR_REF | CNTRCT_ID | CNTRCT_ID_TO | COMMENTS | CURRENCY_CD | CUST_ID | CUSTOMER_GROUP | DESCR | END_DATE | ENTERED_DTTM | LAST_UPDATE_DTTM | NEXT_CLAIMS_GEN_DT | OPRID_ENTERED_BY | OPRID_MODIFIED_BY | OVERDUE_DEDUCT | PRODUCT_GROUP | PRODUCT_ID | RT_TYPE | SCHEDULE_ID | SETID | SETTLEMENT_METHOD | START_DATE | UNIT_OF_MEASURE | VENDOR_ID | VNDR_LOC,Achats & Fournisseurs,Finance & Contrôle,Achats & Fournisseurs,0.8172,high,0,1.0,model_disagrees_with_llm_high_conf
1020232,SYSADM.PS_CE_PWHT_BSE_T,PS_CE_PWHT_BSE_T,BUSINESS_UNIT | CE_LOOP_NBR | CE_WGHT_BASE | CM_BOOK | PROCESS_INSTANCE | PRODUCTION_ID,Supply Chain / Logistique / Production,IT & Sécurité,Supply Chain / Logistique / Production,0.8172,high,0,0.5,model_disagrees_with_llm_high_conf
1132437,ORD_GROUP,PS_ORD_GROUP,APPROVAL_FLAG | BCKORDR_CNCL_FLAG | BILL_TYPE_ID | CARRIER_ID | CARRIER_ID_EXP | CREDIT_CHECK | DATETIME_ADDED | DEL_ORD_RESTRICTED | DESCR | DESCRSHORT | DISCOUNT_PCT | EFFDT | EFF_STATUS | FREIGHT_TERMS | FREIGHT_TERMS_EXP | FRT_CHRG_METHOD | LAST_MAINT_OPRID | LASTUPDDTTM | ORDER_FLOW_ID | ORDER_GRP | PAYMENT_METHOD | PREF_CARRIER_FLAG | PRICE_PROGRAM | PYMNT_TERMS_CD | SETID | SHIP_PARTIAL_FLAG | SHIP_PARTIAL_ORD | SHIP_PRIOR_FLAG | SHIP_PRIORITY_EXP | SHIP_PRIORITY_ID | SHIP_TYPE_ID | SHIP_TYPE_ID_EXP | SINGLE_SHIP_FLAG | SOURCE_CD,Ventes & Clients,Ventes & Clients,Supply Chain / Logistique / Production,0.8175,high,1,1.0,rare_class_uncertain
1170972,WM_WO_TTCKL_LNG,PS_WM_WO_TTCKL_LNG,DESCR254 | EFFDT | LANGUAGE_CD | SEQ_NBR_5 | SETID | WO_TEMPLATE_ID,Supply Chain / Logistique / Production,Other,Supply Chain / Logistique / Production,0.8178,high,0,0.5,model_disagrees_with_llm_high_conf
1028491,SYSADM.PS_EE_EVENT_LANG,PS_EE_EVENT_LANG,DESCR | ENTRY_EVENT | LANGUAGE_CD | SETID,RH,RH,Other,0.8182,high,1,1.0,rare_class_uncertain
1165938,TV_MYRESV_DTL,PS_TV_MYRESV_DTL,ARRIVAL_LOC | CONFIRM_STATUS | DEPARTURE_DTTM | DEPARTURE_LOC | EMPLID | FLIGHT_NUM | ITINERARY_ID | LEG_ID | RESERVATION_NBR | SEAT | TRAVEL_PARTNER,Other,RH,Other,0.8184,high,0,0.5,model_disagrees_with_llm_high_conf
1099268,COMBO_SEL_14,PS_COMBO_SEL_14,CHARTFIELD | COMBINATION | EFFDT_FROM | EFFDT_TO | PROCESS_GROUP | RANGE_FROM_14 | RANGE_TO_14 | SEQUENCE_NBR_6 | SETID | TREE_EFFDT,IT & Sécurité,Other,IT & Sécurité,0.8185,high,0,0.5,model_disagrees_with_llm_high_conf
1025274,SYSADM.PS_CURR_STPRL_TBL,PS_CURR_STPRL_TBL,CURR_STEP | EFFDT | SETID | TRANS_RULE | VERSION_NUM | VERSION_RULE,RH,RH,Other,0.8192,high,1,1.0,rare_class_uncertain
1021638,SYSADM.PS_CM_COST_BU_LOCK,PS_CM_COST_BU_LOCK,BUSINESS_UNIT | PROCESS_FLAG | PROCESS_INSTANCE,Finance & Contrôle,IT & Sécurité,Finance & Contrôle,0.8194,high,0,0.5,model_disagrees_with_llm_high_conf
1102314,CUST_SOLDTO_OPT,PS_CUST_SOLDTO_OPT,ADJUST_BAPRC_FLG | CUST_ID | DATE_LAST_MAINT | EFFDT | EFF_STATUS | EOEP_ARB_ID | FRT_CHRG_METHOD | GRACE_PRICE_DAYS | LABEL_FORMAT_ID2 | LABEL_FORMAT_ID3 | LAST_MAINT_OPRID | LASTUPDDTTM | LOAD_PRICE_RULE | PRICE_PROGRAM | PROD_ID_SRC | PROD_SUBSTITUTE | RECEIPT_TRACK_FLG | RESTOCK_FEE_FLAG | SETID | UPN_TYPE_CD | VMI_ORDER_CONSOL | VMI_ORDER_VERIFY,Ventes & Clients,Ventes & Clients,Finance & Contrôle,0.8197,high,1,0.5,rare_class_uncertain
1065287,SYSADM.PS_PRD_SRCH_CSYTMP,PS_PRD_SRCH_CSYTMP,CATALOG_NBR | LASTUPDDTTM | PROCESS_INSTANCE | PRODUCT_ID | SETID | SOLD_TO_CUST_ID,Ventes & Clients,Ventes & Clients,IT & Sécurité,0.8197,high,1,1.0,rare_class_uncertain
1055145,SYSADM.PS_ORD_GROUP,PS_ORD_GROUP,APPROVAL_FLAG | BCKORDR_CNCL_FLAG | BILL_TYPE_ID | CARRIER_ID | CARRIER_ID_EXP | CREDIT_CHECK | DATETIME_ADDED | DEL_ORD_RESTRICTED | DESCR | DESCRSHORT | DISCOUNT_PCT | EFFDT | EFF_STATUS | FREIGHT_TERMS | FREIGHT_TERMS_EXP | FRT_CHRG_METHOD | LAST_MAINT_OPRID | LASTUPDDTTM | ORDER_FLOW_ID | ORDER_GRP | PAYMENT_METHOD | PREF_CARRIER_FLAG | PRICE_PROGRAM | PYMNT_TERMS_CD | SETID | SHIP_PARTIAL_FLAG | SHIP_PARTIAL_ORD | SHIP_PRIOR_FLAG | SHIP_PRIORITY_EXP | SHIP_PRIORITY_ID | SHIP_TYPE_ID | SHIP_TYPE_ID_EXP | SINGLE_SHIP_FLAG | SOURCE_CD,Ventes & Clients,Ventes & Clients,Supply Chain / Logistique / Production,0.8204,high,1,1.0,rare_class_uncertain
1048700,SYSADM.PS_OCH_CSTEX_TAO,PS_OCH_CSTEX_TAO,DTTM_FROM | DTTM_TO | EXCPTN_TYPE | PROCESS_INSTANCE | SETID_CUSTOMER | SHIP_TO_CUST_ID,Supply Chain / Logistique / Production,IT & Sécurité,Ventes & Clients,0.8204,high,0,0.5,model_disagrees_with_llm_high_conf
1162495,SRCH_CONFIG_REC,PS_SRCH_CONFIG_REC,RCD_ALIAS | RECNAME | SEQ_NUM | SQL_TEXT_LONG | SRCH_CONFIG_ID,IT & Sécurité,Other,IT & Sécurité,0.8207,high,0,0.5,model_disagrees_with_llm_high_conf
1024610,SYSADM.PS_CONT_MRKTNG_ACT,PS_CONT_MRKTNG_ACT,CONTACT_ID | EFFDT | EVENT_CONTACT_TYPE | SETID,Ventes & Clients,Ventes & Clients,Other,0.8207,high,1,1.0,rare_class_uncertain
1099539,CONT_MRKTNG_ACT,PS_CONT_MRKTNG_ACT,CONTACT_ID | EFFDT | EVENT_CONTACT_TYPE | SETID,Ventes & Clients,Ventes & Clients,Other,0.8214,high,1,1.0,rare_class_uncertain
1145333,PTAI_DOCINDB,PS_PTAI_DOCINDB,ATTACHSYSFILENAME | FILE_DATA | FILE_SEQ | FILE_SIZE | LASTUPDDTTM | LASTUPDOPRID | VERSION,IT & Sécurité,Other,IT & Sécurité,0.8217,high,0,0.5,model_disagrees_with_llm_high_conf
1141541,PROJ_TEAM_LANG,PS_PROJ_TEAM_LANG,BUSINESS_UNIT | DESCRLONG | LANGUAGE_CD | PROJECT_ID | TEAM_MEMBER | TEAM_MEMBER_CLASS | TEAM_MEMBER_IND,RH,RH,Other,0.8218,high,1,1.0,rare_class_uncertain
1101628,CURR_STPRL_TBL,PS_CURR_STPRL_TBL,CURR_STEP | EFFDT | SETID | TRANS_RULE | VERSION_NUM | VERSION_RULE,RH,RH,Other,0.8221,high,1,1.0,rare_class_uncertain
1076424,SYSADM.PS_T_AESTEPLANG,PS_T_AESTEPLANG,AE_APPLID | AE_SECTION | AE_STEP | DBTYPE | DESCR | DESCRLONG | EFFDT | LANGUAGE_CD | MARKET,Other,IT & Sécurité,Other,0.8221,high,0,0.5,model_disagrees_with_llm_high_conf
1135126,PC_TO_FC_TAO,PS_PC_TO_FC_TAO,ACTIVITY_ID | ACT_UID | ANALYSIS_TYPE | BUSINESS_UNIT | EMPLID | END_DATE | INTFC_ID | INTFC_LINE_NUM | LOAD_STATUS | PC_FORECAST | PC_LOAD_STATUS | PROCESS_INSTANCE | PROJECT_ID | RESOURCE_ID | RES_UID | START_DATE | TOTAL_HOURS,RH,RH,IT & Sécurité,0.8221,high,1,1.0,rare_class_uncertain
1135591,PGM_HLT2_TAO,PS_PGM_HLT2_TAO,AN_GRP_ACTV_BUD | AN_GRP_TOT_COSTS | BUSINESS_UNIT | EFFDT | PC_HEALTH | PC_HEALTH_CALC | PC_HEALTH_TYPE | PROCESS_INSTANCE | PROJECT_ID | SEQUENCE_NBR | TREE_NAME | TREE_NODE_NUM | TREE_NODE_NUM_END,Finance & Contrôle,IT & Sécurité,Finance & Contrôle,0.8222,high,0,0.5,model_disagrees_with_llm_high_conf
1166219,UPG_DM_AET,PS_UPG_DM_AET,ACTION_CODE | ACTION_OWNER | ACTION_STATUS | ADDRESS_SEQ_NUM | AE_EXISTS | AR_SPECIALIST | ASSN_OPRID | BILL_OF_LADING | BROKER_ID | BUSINESS_UNIT | BUSINESS_UNIT_BI | BUSINESS_UNIT_OM | CARRIER_ID | CFSTRING1 | CFSTRING2 | CLAIM_DT | CLAIM_NO | CLASS_OF_TRADE | COMPLETION_DATE | CONTRACT_NUM | CR_ANALYST | CUST_ID | DEDUCTION_DT | DEDUCTION_STATUS | DESCR254 | DESCR254_MIXED | DIVISION | DM_ACTION_CODE | DM_ACTION_STATUS | DM_ACTION_TYPE | DM_CREATE_DTTM | DOCUMENT | DT_INVOICED | DUE_DT | EFFDT | ENTRY_TYPE | ENTRY_TYPE_WRK | ENTRY_USE_ID | GROUP_SEQ_NUM | INVOICE | INVOICE_BU | INV_PROD_FAM_CD | ITEM | ITEM_DUE_DT | ITEM_LINE | ITEM_LINE2 | LAST_MAINT_OPRID | LAST_UPDATE_DTTM | LINE_NBR | MAJOR_CLASS | MAX_WRITE_OFF_DAYS | MAX_WRITE_OFF_PCT | OPRID | ORDER_NO | OWNER_TYPE | PO_REF | PPRC_PROMO_CD | PROCESS_INSTANCE | PROOF_OF_DELIVERY | RECORD_COUNT | RUN_CNTL_ID | SALES_PERSON | SALES_PERSON2 | SETID | SHIP_FROM_BU | SHIP_TO_ADDR_NUM | SHIP_TO_CUST_ID | SOLD_TO_ADDR_NUM | SOLD_TO_CUST_ID | SPLIT_ID | SUB_GROUP_ID | UPG_RELEASE | USER1 | USER10 | USER2 | USER3 | USER4 | USER5 | USER6 | USER7 | USER8 | USER9 | USER_AMT1 | USER_AMT2 | USER_AMT3 | USER_AMT4 | USER_AMT5 | USER_AMT6 | USER_AMT7 | USER_AMT8 | USER_DT1 | USER_DT2 | USER_DT3 | USER_DT4 | WS_WOT_OVERRIDE,Achats & Fournisseurs,Finance & Contrôle,IT & Sécurité,0.8226,high,0,0.5,model_disagrees_with_llm_high_conf
1117031,FINT_ITEM_TAO,PS_FINT_ITEM_TAO,BILL_TO_CUST_ID | BUSINESS_UNIT_BI | BUSINESS_UNIT_IN | BUSINESS_UNIT_OM | CATEGORY_ID | CLASSIFICATION | CM_UNIT_COST | CONVERSION_RATE | CORPORATE_CUST_ID | CURRENCY_CD | CUST_CHANNEL | CUST_FIELD_C10_A | CUST_FIELD_C10_B | CUST_FIELD_C10_C | CUST_FIELD_C10_D | CUST_FIELD_C1_A | CUST_FIELD_C1_B | CUST_FIELD_C1_C | CUST_FIELD_C1_D | CUST_FIELD_C2 | CUST_FIELD_C30_A | CUST_FIELD_C30_B | CUST_FIELD_C30_C | CUST_FIELD_C30_D | CUST_FIELD_C4 | CUST_FIELD_C6 | CUST_FIELD_C8 | CUST_FIELD_N12_A | CUST_FIELD_N12_B | CUST_FIELD_N12_C | CUST_FIELD_N12_D | CUST_FIELD_N15_A | CUST_FIELD_N15_B | CUST_FIELD_N15_C | CUST_FIELD_N15_D | CUSTOMER_GROUP | DP_FORECASTITEM | DP_UOMGROUP | FORECASTER | FORECAST_ITEM_FLAG | INV_ITEM_COLOR | INV_ITEM_GROUP | INV_ITEM_ID | INV_ITEM_TYPE | INVOICE | INV_PROD_FAM_CD | ITEM_FIELD_C10_A | ITEM_FIELD_C10_B | ITEM_FIELD_C10_C | ITEM_FIELD_C10_D | ITEM_FIELD_C1_A | ITEM_FIELD_C1_B | ITEM_FIELD_C1_C | ITEM_FIELD_C1_D | ITEM_FIELD_C2 | ITEM_FIELD_C30_A | ITEM_FIELD_C30_B | ITEM_FIELD_C30_C | ITEM_FIELD_C30_D | ITEM_FIELD_C4 | ITEM_FIELD_C6 | ITEM_FIELD_C8 | ITEM_FIELD_N12_A | ITEM_FIELD_N12_B | ITEM_FIELD_N12_C | ITEM_FIELD_N12_D | ITEM_FIELD_N15_A | ITEM_FIELD_N15_B | ITEM_FIELD_N15_C | ITEM_FIELD_N15_D | MITBL_DESCR | PM_DIVISION | PM_REGION | PM_TERRITORY | PRDITM_DESCR | PROCESS_INSTANCE | PROD_BRAND | PROD_CATEGORY | PROD_FIELD_C10_A | PROD_FIELD_C10_B | PROD_FIELD_C10_C | PROD_FIELD_C10_D | PROD_FIELD_C1_A | PROD_FIELD_C1_B | PROD_FIELD_C1_C | PROD_FIELD_C1_D | PROD_FIELD_C2 | PROD_FIELD_C30_A | PROD_FIELD_C30_B | PROD_FIELD_C30_C | PROD_FIELD_C30_D | PROD_FIELD_C4 | PROD_FIELD_C6 | PROD_FIELD_C8 | PROD_FIELD_N12_A | PROD_FIELD_N12_B | PROD_FIELD_N12_C | PROD_FIELD_N12_D | PROD_FIELD_N15_A | PROD_FIELD_N15_B | PROD_FIELD_N15_C | PROD_FIELD_N15_D | PRODUCT_GROUP | PRODUCT_ID | PRODUCT_KIT_FLAG | REGION_CD | SETID | SHIP_TO_CUST_ID | SOLD_TO_CUST_ID | SOURCE_CODE | SUBCUST_QUAL1 | SUBCUST_QUAL2 | UNIT_OF_MEASURE | UPC_ID | UTILIZ_CD | UTILIZ_GROUP,Finance & Contrôle,Supply Chain / Logistique / Production,Ventes & Clients,0.8228,high,0,0.5,model_disagrees_with_llm_high_conf
1114127,EOTR_OWN_TREE,PS_EOTR_OWN_TREE,OBJECTOWNERID | SETCNTRLVALUE | SETID | TREE_NAME,IT & Sécurité,Other,IT & Sécurité,0.8233,high,0,0.5,model_disagrees_with_llm_high_conf
1034288,SYSADM.PS_EX_USB_EM_TA0,PS_EX_USB_EM_TA0,BUSINESS_UNIT_GL | CRDMEM_ACCT_NBR | EMPLID | PROCESS_INSTANCE | SETID,RH,RH,Finance & Contrôle,0.8233,high,1,1.0,rare_class_uncertain
1071370,SYSADM.PS_RS_2015RPT_TBL2,PS_RS_2015RPT_TBL2,ADDRESS1 | ASSIGNMENT_ID | BUSINESS_UNIT | CITY | COUNTRY | CUST_ID | DEPTNAME | EMPLID | END_DT | END_DT_2 | LASTUPDDTTM | NAME | NAME1 | OPRID | PHONE | POSTAL | PROJECT_ID | SO_ID | SO_LINE | START_DT | START_DT_2 | STATE | TASK_TYPE,RH,RH,Ventes & Clients,0.8233,high,1,1.0,rare_class_uncertain
1134015,PC_CPY_ATTR_TAO,PS_PC_CPY_ATTR_TAO,BUSINESS_UNIT | PC_CPY_UNIQUEID | PROJECT_ID | REQUIRED_FLAG | RS_ATTRIBUTE_ID | TEAM_MEMBER | TEAM_MEMBER_CLASS | TEAM_MEMBER_IND,RH,RH,Other,0.8236,high,1,1.0,rare_class_uncertain
1056700,SYSADM.PS_PC_CPY_ATTR_TAO,PS_PC_CPY_ATTR_TAO,BUSINESS_UNIT | PC_CPY_UNIQUEID | PROJECT_ID | REQUIRED_FLAG | RS_ATTRIBUTE_ID | TEAM_MEMBER | TEAM_MEMBER_CLASS | TEAM_MEMBER_IND,RH,RH,Other,0.824,high,1,1.0,rare_class_uncertain
1065481,SYSADM.PS_PROD_SPECS,PS_PROD_SPECS,DATETIME_ADDED | DESCRLONG | LAST_MAINT_OPRID | LASTUPDDTTM | PROD_SPEC_TYPE_SEQ | PRODUCT_ID | SEQUENCE_NBR | SETID | URL_ID | WS_CONCAT_SPEC | WS_USE_AS_URL,Supply Chain / Logistique / Production,Other,IT & Sécurité,0.8242,high,0,0.5,model_disagrees_with_llm_high_conf
1025351,SYSADM.PS_CUST_CGRP_LNK,PS_CUST_CGRP_LNK,CUST_GRP_TYPE | CUST_ID | CUSTOMER_GROUP | DATETIME_ADDED | DEFAULT_TAX_GRP | LAST_MAINT_OPRID | LASTUPDDTTM | SETID,Ventes & Clients,Ventes & Clients,Finance & Contrôle,0.8247,high,1,1.0,rare_class_uncertain
1130411,OCH_CSTEX_TAO,PS_OCH_CSTEX_TAO,DTTM_FROM | DTTM_TO | EXCPTN_TYPE | PROCESS_INSTANCE | SETID_CUSTOMER | SHIP_TO_CUST_ID,Supply Chain / Logistique / Production,IT & Sécurité,Ventes & Clients,0.8247,high,0,0.5,model_disagrees_with_llm_high_conf
1065670,SYSADM.PS_PROJ_TEAM_LANG,PS_PROJ_TEAM_LANG,BUSINESS_UNIT | DESCRLONG | LANGUAGE_CD | PROJECT_ID | TEAM_MEMBER | TEAM_MEMBER_CLASS | TEAM_MEMBER_IND,RH,RH,Other,0.8248,high,1,1.0,rare_class_uncertain
1099365,COMP_RATECD_TBL,PS_COMP_RATECD_TBL,COMP_BASE_PAY_SW | COMP_FREQUENCY | COMP_PCT | COMPRATE | COMP_RATECD | COMP_RATE_TYPE | CURRENCY_CD | DESCR | DESCRSHORT | EFFDT | EFF_STATUS | ERNCD | FTE_INDICATOR | RATE_CODE_CLASS | SENIORITY_CALC | USE_HIGHEST_RT_SW,RH,RH,Finance & Contrôle,0.8252,high,1,1.0,rare_class_uncertain
1120874,GM_ORG_TYPE,PS_GM_ORG_TYPE,EFFDT | EFF_STATUS | ORG_TYPE | ORG_TYPE_DESC | SETID,RH,RH,Other,0.8259,high,1,1.0,rare_class_uncertain
1019275,SYSADM.PS_CC_MC_TAO5001,PS_CC_MC_TAO5001,CC_MC_PARENTREC | CC_MC_PARENTSEQNO | CC_MC_REC_TYPE | CC_MC_SEQNO | CRDMEM_ACCT_NBR | MC_ACCOUNTNBR | MC_ACQUIRINGICA | MC_AUSTINTETRANUM | MC_CA_ADDCONTACT | MC_CA_ADDRESS | MC_CA_BUSINESSCODE | MC_CA_CITY | MC_CA_COUNTRY | MC_CA_DESCR | MC_CA_LOCPOSTAL | MC_CA_NAICSNUM | MC_CA_NAME | MC_CA_PHONE | MC_CARDACCEPTORID | MC_CA_SERVICEPHONE | MC_CA_STATE | MC_CA_TAXID | MC_CA_TYPE | MC_CA_TYPEIND | MC_CA_VATNUM | MC_DUNNUM | MC_LEGALNAME | MC_LOADDATE | MC_LOADTIME | MC_MAINTAINCODE | MC_RECSEQNUM | MC_REJECTREASON1 | MC_REJECTREASON2 | MC_REJECTREASON3 | MC_SOLEPROPRIETOR | MC_TAXIDINDICATOR | POST_DT | PROCESS_INSTANCE | TRANS_NBR,Other,Finance & Contrôle,IT & Sécurité,0.8264,high,0,0.5,model_disagrees_with_llm_high_conf
1032985,SYSADM.PS_EX_MC3_EM_TA2,PS_EX_MC3_EM_TA2,ADVANCE_SOURCE | AIRFARE_RCPT_NBR | CC_POSTING_DT | COUNTRY | CRDMEM_ACCT_NBR | CURRENCY_CD | DONE_FLAG | EMPLID | EX_LVL3_TYPE | EXPEND_MTHD | EXPENSE_TYPE | EX_TRANS_TYPE | EX_TYPE_FLAG | INVALID_EMPLID | INVALID_EX_TYPE | INVALID_MON_CURR | INVALID_TXN_CURR | ITEM_SEQ_NBR | MC_ACCT_NUM | MC_ARRIVE_DT | MC_CRDHLD_NAME | MC_DEB_CRD_FLG | MC_DEPART_DT | MC_INET_EXCH_RT | MC_MERCH_CNTRY | MC_MERCHNT_CITY | MC_MERCHNT_NM | MC_MERCHNT_POST | MC_MERCH_STATE | MC_MERCH_TYPE | MC_MERCH_TYPE1 | MC_NBR_NIGHTS | MC_ORIG_AMNT | MC_ORIG_CURR_CD | MC_POST_CURR_CD | MC_PROCESS_DT | MC_PROCESS_TRANSID | MC_TRANS_DT | MC_TRANS_TYPE | PERSONAL_EXPENSE | PROCESS_INSTANCE | SEQ_NBR | SEQ_NBR_5 | SORT_SEQ_NBR | TRANS_NBR | TXN_CURRENCY_CD | TXN_LOCATION,RH,RH,Finance & Contrôle,0.827,high,1,1.0,rare_class_uncertain
1032518,SYSADM.PS_EX_EMP_ADV_TAO,PS_EX_EMP_ADV_TAO,ADDRESS1 | ADDRESS2 | ADDRESS3 | ADDRESS4 | ADDR_FIELD1 | ADDR_FIELD2 | ADDR_FIELD3 | BANK_ACCOUNT_NUM | BANK_ACCT_KEY | BANK_CD | BANK_SETID | BRANCH_ID | BUSINESS_UNIT_GL | CHECK_DIGIT | CITY | COUNTRY | COUNTY | DFI_ID_NUM | DFI_ID_QUAL | EFT_PYMNT_FMT_CD | EFT_RTNG_FLG | EFT_TRANS_HANDLING | EMPLID | GEO_CODE | HOUSE_TYPE | IN_CITY_LIMIT | NAME1 | NAME2 | NUM1 | NUM2 | POSTAL | PRENOTE_STATUS | PROCESS_INSTANCE | PYMNT_GROUP_CD | PYMNT_HANDLING_CD | PYMNT_MESSAGE | PYMNT_METHOD | PYMNT_METHOD_OVR | REP_RTNG_NUM | STATE,RH,RH,Finance & Contrôle,0.8272,high,1,1.0,rare_class_uncertain
1031101,SYSADM.PS_EOTP_RECPARTNR,PS_EOTP_RECPARTNR,BUSINESS_UNIT | EOTP_ACKNOWLDG | EOTP_PARTNERID | EOTP_RECRUITID | EOTP_SEQNUM,RH,RH,Other,0.8275,high,1,1.0,rare_class_uncertain
1085503,AMPS1000_T3_TOA,PS_AMPS1000_T3_TOA,ACTIVITY_SW | AFFILIATE | AFFILIATE_INTRA1 | AFFILIATE_INTRA2 | ASSET_ID | BUDGET_REF | BUSINESS_UNIT_AM | BUSINESS_UNIT_AP | BUSINESS_UNIT_PO | BUSINESS_UNIT_RECV | CATEGORY | CHARTFIELD1 | CHARTFIELD2 | CHARTFIELD3 | CLASS_FLD | COST | COST_TYPE | CURRENCY_CD | DEPTID | DISTRIB_LINE_NUM | DISTRIB_SEQ_NUM | DTTM_STAMP | FUND_CODE | NUM_RECORDS | OPERATING_UNIT | PO_DIST_LINE_NUM | PO_ID | PO_LINE_NBR | PRE_INTFC_ID | PRE_INTFC_LINE_NUM | PROCESS_INSTANCE | PRODUCT | PROGRAM_CODE | PROJECT_ID | QUANTITY | RECEIVER_ID | RECV_DIST_LINE_NUM | RECV_LN_NBR | RECV_SHIP_SEQ_NBR | REQUEST_ID | RETIRE_SW | SCHED_NBR | VOUCHER_ID | VOUCHER_LINE_NUM,Achats & Fournisseurs,Finance & Contrôle,Achats & Fournisseurs,0.8275,high,0,0.5,model_disagrees_with_llm_high_conf
1115382,EX_MC3_EM_TA2,PS_EX_MC3_EM_TA2,ADVANCE_SOURCE | AIRFARE_RCPT_NBR | CC_POSTING_DT | COUNTRY | CRDMEM_ACCT_NBR | CURRENCY_CD | DONE_FLAG | EMPLID | EX_LVL3_TYPE | EXPEND_MTHD | EXPENSE_TYPE | EX_TRANS_TYPE | EX_TYPE_FLAG | INVALID_EMPLID | INVALID_EX_TYPE | INVALID_MON_CURR | INVALID_TXN_CURR | ITEM_SEQ_NBR | MC_ACCT_NUM | MC_ARRIVE_DT | MC_CRDHLD_NAME | MC_DEB_CRD_FLG | MC_DEPART_DT | MC_INET_EXCH_RT | MC_MERCH_CNTRY | MC_MERCHNT_CITY | MC_MERCHNT_NM | MC_MERCHNT_POST | MC_MERCH_STATE | MC_MERCH_TYPE | MC_MERCH_TYPE1 | MC_NBR_NIGHTS | MC_ORIG_AMNT | MC_ORIG_CURR_CD | MC_POST_CURR_CD | MC_PROCESS_DT | MC_PROCESS_TRANSID | MC_TRANS_DT | MC_TRANS_TYPE | PERSONAL_EXPENSE | PROCESS_INSTANCE | SEQ_NBR | SEQ_NBR_5 | SORT_SEQ_NBR | TRANS_NBR | TXN_CURRENCY_CD | TXN_LOCATION,RH,RH,Finance & Contrôle,0.8281,high,1,1.0,rare_class_uncertain
1035655,SYSADM.PS_FO_CON_FORM_SEQ,PS_FO_CON_FORM_SEQ,CONTACT_ID | FO_DATE | FO_TEMPLATE_TYPE | SEQ_NUM | SETID | TEMPLATE_CODE,IT & Sécurité,Other,IT & Sécurité,0.829,high,0,0.5,model_disagrees_with_llm_high_conf
1070448,SYSADM.PS_RESP_LN_FACTOR,PS_RESP_LN_FACTOR,AUC_BF_DISPLAY_FLG | AUC_BF_LIST_LINE | AUC_ID | AUC_ROUND | AUC_VERSION | BID_CNTR_LIST_LINE | BID_CNTR_RESP | BIDDER_ID | BIDDER_LOC | BIDDER_SETID | BIDDER_TYPE | BID_FACTOR_CD | BID_FACTOR_NBR | BID_FACTOR_TYPE | BID_FBF_CD | BID_FCTR_COST | BID_FCTR_QRY | BID_ISPCMPT_FLG | BID_LAST_LIST_LINE | BID_LAST_RESP | BID_LIST_ITEM | BIDNUM | BID_PRICE_PGKEYD | BID_RESP_DT | BID_RESP_QTY | BID_RESP_TXT | BID_RESP_YN | BID_SCORE | BPU_GRP_QTY | BPU_PRICE_PGKEYD | BPU_RESP_QTY | BUSINESS_UNIT | COMMENTS_254 | GRP_LINE_NBR | GRP_LN_BF_NBR | LINE_NBR | PRICE_FLG | PXY_ISPROXY_BID | SETID,Finance & Contrôle,Achats & Fournisseurs,Finance & Contrôle,0.829,high,0,0.5,model_disagrees_with_llm_high_conf
1036681,SYSADM.PS_FS_MAP_TRAN_FIL,PS_FS_MAP_TRAN_FIL,FS_MAP_COND_TYPE | FS_MAP_EXP1 | FS_MAP_EXP2 | FS_MAP_EXP_DISP1 | FS_MAP_EXP_DISP2 | FS_MAP_GROUP_SEQ | FS_MAP_ID | FS_MAP_LOGICAL_OP | FS_MAP_LPAREN | FS_MAP_REAL_VAL | FS_MAP_RPAREN | FS_MAP_SEQ | FS_MAP_SRC_FLD | FS_MAP_SRC_FLD2 | FS_MAP_TRG_FLD | QRYADDCRITERIA | QRYCANCEL | QRYCOLUMN | QRYCRIT1TYPE | QRYCRIT2CONSTANT1 | QRYCRIT2PROMPT | QRYCRIT2TYPE | QRYEDITCRITERIA | QRYOK | QRYPROMPTNUMBER | QRYPROMPTTABLE | QRYPROMPTTBLSELECT,IT & Sécurité,Other,Finance & Contrôle,0.8292,high,0,0.5,model_disagrees_with_llm_high_conf
1055221,SYSADM.PS_ORDSCHARCH_TEO3,PS_ORDSCHARCH_TEO3,BUSINESS_UNIT | CURRENCY_CD | EO_FROM_CURRENCY | EO_PROCESS_INST | LIST_PRICE | NET_UNIT_PRICE | ORDER_DATE | ORDER_INT_LINE_NO | ORDER_NO | PRICING_QTY | PRICING_UOM | QTY_SCHEDULED | SCHED_LINE_NBR | SOLD_TO_CUST_ID | UNIT_OF_MEASURE,Ventes & Clients,Ventes & Clients,Finance & Contrôle,0.8294,high,1,1.0,rare_class_uncertain
1161982,SPR_DM_AET,PS_SPR_DM_AET,ASOF_DATE | BUSINESS_UNIT | DATE_FROM | DATE_TO | DURATION_MONTH | LEAVE_PERIOD | NEW_START_DATE | OPRID | OPRID2 | OPRID_TO_RPT | PERSON_ID2 | PROCESS_INSTANCE | RUN_CNTL_ID | SPB_DURATION_DT | SPF_CURRENT_DATE | SPF_REPORT_MONTHS | SPR_ALL_USER_FLG | START_DATE | WHERE_CLAUSE | WO_CONID,RH,RH,IT & Sécurité,0.8295,high,1,1.0,rare_class_uncertain
1038354,SYSADM.PS_GM_ORG_TYPE_LNG,PS_GM_ORG_TYPE_LNG,EFFDT | LANGUAGE_CD | ORG_TYPE | ORG_TYPE_DESC | SETID,RH,RH,Other,0.8296,high,1,1.0,rare_class_uncertain
1120875,GM_ORG_TYPE_LNG,PS_GM_ORG_TYPE_LNG,EFFDT | LANGUAGE_CD | ORG_TYPE | ORG_TYPE_DESC | SETID,RH,RH,Other,0.8298,high,1,1.0,rare_class_uncertain
1069515,SYSADM.PS_RE_EMPLOC_INTFC,PS_RE_EMPLOC_INTFC,APPROVAL_SW | ASSET_ID | BUSINESS_UNIT | CUSTODIAN | CUSTODIAN_DEPTID | CUSTODIAN_EFFDT | DEFAULT_PROFILE_SW | DTTM_STAMP | EFFSEQ | EMPLID | FINANCIAL_ASSET_SW | INTFC_ID | INTFC_LINE_NUM | INTFC_STATUS | INTFC_TYPE | LOAD_STATUS | SYSTEM_SOURCE,RH,RH,IT & Sécurité,0.8309,high,1,1.0,rare_class_uncertain
1161579,SPL_MAP_VALS,PS_SPL_MAP_VALS,PROBINST,IT & Sécurité,Other,IT & Sécurité,0.8309,high,0,0.5,model_disagrees_with_llm_high_conf
1070369,SYSADM.PS_RE_SAR_CONTACT,PS_RE_SAR_CONTACT,CONTACT_ID | SAR_ID | VC_ID | VC_TYPE,Ventes & Clients,Ventes & Clients,Other,0.8311,high,1,1.0,rare_class_uncertain
1035587,SYSADM.PS_FO_ASGN_CMSN_DL,PS_FO_ASGN_CMSN_DL,ASSIGNMENT_ID | EFFDT | OPRID | PERCENTAGE,RH,RH,IT & Sécurité,0.8315,high,1,1.0,rare_class_uncertain
1078334,SYSADM.PS_UPG_CONV_TBLSP2,PS_UPG_CONV_TBLSP2,DESCR | RECRUITER | ROLENAME2 | ROLENAME3 | SETID | TRC | UPG_DSTLST_DESCR1 | UPG_DSTLST_DESCR2 | UPG_DSTLST_DESCR3 | UPG_DSTLST_ID1 | UPG_DSTLST_ID2 | UPG_DSTLST_ID3,RH,Other,IT & Sécurité,0.8327,high,0,0.5,model_disagrees_with_llm_high_conf
1028053,SYSADM.PS_DR_TYPE_ACT_WS1,PS_DR_TYPE_ACT_WS1,DRAFT_BUSN_EVENT | DR_DST_USE_CR | DR_DST_USE_DR | SEQ_NUM,IT & Sécurité,Other,IT & Sécurité,0.8328,high,0,0.5,model_disagrees_with_llm_high_conf
1069725,SYSADM.PS_RE_LSA_SLSBKP_H,PS_RE_LSA_SLSBKP_H,AMND_NBR | BKP_HDR_ID | EFFDT_FROM | EFF_STATUS | FMS_DTTM_STAMP | FMS_LASTUPDDTTM | FMS_LASTUPDOPRID | FMS_OPRID | LS_KEY | SLS_CAT_ID | UPDATE_FLG,Ventes & Clients,Ventes & Clients,IT & Sécurité,0.8329,high,1,1.0,rare_class_uncertain
1130408,OCH_CADDR_TAO,PS_OCH_CADDR_TAO,ADDRESS1 | ADDRESS2 | ADDRESS3 | ADDRESS4 | ADDR_FIELD1 | ADDR_FIELD2 | ADDR_FIELD3 | BUSINESS_UNIT | CITY | CNTCT_NAME1 | COUNTRY | COUNTRY_CODE | COUNTY | CUST_ADDR_TYPE | CUST_NAME | DATETIME_ADDED | EMAILID | EXTENSION | FAX | GEO_CODE | HOUSE_TYPE | IN_CITY_LIMIT | LAST_MAINT_OPRID | LASTUPDDTTM | NEW_ROW | NUM1 | NUM2 | ORDER_INT_LINE_NO | ORDER_NO | PHONE | POSTAL | PROCESS_INSTANCE | SCHED_LINE_NBR | STATE,Ventes & Clients,Ventes & Clients,Other,0.8331,high,1,1.0,rare_class_uncertain
1076861,SYSADM.PS_TL_WRKGRP_LANG,PS_TL_WRKGRP_LANG,DESCR | DESCRSHORT | EFFDT | LANGUAGE_CD | WORKGROUP,RH,RH,Other,0.8332,high,1,1.0,rare_class_uncertain
1101880,CUST_CNTCT_CODE,PS_CUST_CNTCT_CODE,CONTACT_CODE | CONTACT_TYPE | DESCR | DESCRSHORT | EFF_STATUS | SETID,Ventes & Clients,Ventes & Clients,Other,0.834,high,1,1.0,rare_class_uncertain
1151997,RE_SAR_CONTACT,PS_RE_SAR_CONTACT,CONTACT_ID | SAR_ID | VC_ID | VC_TYPE,Ventes & Clients,Ventes & Clients,Other,0.8341,high,1,1.0,rare_class_uncertain
1154574,RTBL_SRCOBJ,PS_RTBL_SRCOBJ,OBJNAME | SCE_ID,IT & Sécurité,Other,IT & Sécurité,0.8345,high,0,0.5,model_disagrees_with_llm_high_conf
1116304,EX_TR_DTPL_TMP,PS_EX_TR_DTPL_TMP,COUNTER | LINE_NBR | TIME_DTL_POL | TIME_SHEET_ID | VERSION_NUM,RH,RH,Other,0.8345,high,1,1.0,rare_class_uncertain
1155036,RUN_CNTL_FC_BU,PS_RUN_CNTL_FC_BU,BUSINESS_UNIT_GL | LOAD_PRIOR_FC | LOAD_RM | OPRID | RUN_CNTL_ID,Finance & Contrôle,IT & Sécurité,Finance & Contrôle,0.8346,high,0,0.5,model_disagrees_with_llm_high_conf
1167265,VCHR_BLD_CMDS,PS_VCHR_BLD_CMDS,BUSINESS_UNIT | BUSINESS_UNIT_PO | BUSINESS_UNIT_RECV | DISTRIB_LINE_NUM | MERCH_AMT_CNVT | PACKSLIP_NO | PO_ID | PROCESS_INSTANCE | QTY_VCHR_CNVT | RECEIPT_DT | RECEIVER_ID | RECV_LN_NBR,Achats & Fournisseurs,Finance & Contrôle,Achats & Fournisseurs,0.8346,high,0,0.5,model_disagrees_with_llm_high_conf
1024832,SYSADM.PS_CS_AGREE_VY_LNG,PS_CS_AGREE_VY_LNG,CS_AGREE_CD | CS_COMMENTS254 | CS_VERIFY_SEQ | DESCR60 | EFFDT | LANGUAGE_CD | OPRID_LAST_UPDT | SETID,IT & Sécurité,Other,IT & Sécurité,0.8347,high,0,0.5,model_disagrees_with_llm_high_conf
1034198,SYSADM.PS_EX_TR_DTPL_TMP,PS_EX_TR_DTPL_TMP,COUNTER | LINE_NBR | TIME_DTL_POL | TIME_SHEET_ID | VERSION_NUM,RH,RH,Other,0.8348,high,1,1.0,rare_class_uncertain
1069241,SYSADM.PS_RECV_LOAD_T2R,PS_RECV_LOAD_T2R,BILL_OF_LADING | BUSINESS_UNIT | BUSINESS_UNIT_PO | CARRIER_ID | CONTAINER_ID | EIP_CTL_ID | PO_ID | PROCESS_INSTANCE | RECEIVER_ID | TRANSACTION_CODE,Supply Chain / Logistique / Production,Achats & Fournisseurs,Supply Chain / Logistique / Production,0.8349,high,0,0.5,model_disagrees_with_llm_high_conf
1068786,SYSADM.PS_RA_STATUS_TAO,PS_RA_STATUS_TAO,BUSINESS_UNIT | CUST_ID | ITEM | ITEM_LINE | PROCESS_INSTANCE | STATUS_AGE_TYPE,Other,IT & Sécurité,Finance & Contrôle,0.8352,high,0,0.5,model_disagrees_with_llm_high_conf
1153439,RS_FR_SUP_CAC1,PS_RS_FR_SUP_CAC1,CAPACITY | DATE_ENTERED | FMS_DTTM_STAMP | FMS_LASTUPDDTTM | FMS_LASTUPDOPRID | FMS_OPRID | FORECAST_ID_SUP | FULL_TIME_RES_SUP | MONTH_SCP | PER_STATUS | POOL_ID | PROBINST | PROJ_ROLE | REGION_CD | SETID_REGION | SETID_ROLE | YEAR_NUM,RH,Achats & Fournisseurs,RH,0.8352,high,0,0.5,model_disagrees_with_llm_high_conf
1129256,MC_HIST_CRIT,PS_MC_HIST_CRIT,ARITH_OPERATION | DTTM_STAMP | FIELDNAME | MC_DEFN_ID | MC_FIELD_LABEL | MC_STMNT_SEQ | RECNAME,IT & Sécurité,Other,IT & Sécurité,0.8352,high,0,0.5,model_disagrees_with_llm_high_conf
1068000,SYSADM.PS_PV_RUN_CNTL_INT,PS_PV_RUN_CNTL_INT,BUSINESS_UNIT | BUSINESS_UNIT_PO | EMAILID | EMPLID_FROM | EMPLID_TO | JOBCODE | LANGUAGE_CD | LOCATION | LOCATION_SETID | MULTILANG | OPERPSWD | OPRID | PV_BB_ACTION_TYPE | PV_BB_CF_FLAG | PV_BB_DATA_GROUP | PV_BB_ITEM_FLAG | PV_BB_MFG_FLAG | PV_BB_SETID_FLAG | PV_BB_USER_FLAG | PV_BB_VNDR_FLAG | PV_DBLINK | PV_OPRID_OPTN | PV_SYMBOLICID_MIXD | RUN_CNTL_ID | SERVER | SETID | SETID_JOBCODE,RH,RH,IT & Sécurité,0.8357,high,1,1.0,rare_class_uncertain
1036058,SYSADM.PS_FO_SO_HDR_UPG,PS_FO_SO_HDR_UPG,ADDRESS_SEQ_NUM | ALLOW_NONBILL_FLG | APPR_STATUS | ASSIGNED_TO | BID_FLAG | BILL_TO_CONTACT_ID | BUSINESS_UNIT | BUSINESS_UNIT_CA | BUSINESS_UNIT_HR | CALLER_NAME | CONTRACT_NUM | CONTR_LN_NBR | CURRENCY_CD | CUST_ID | CUST_SETID | DEPTID | DESCR | DESCR60 | END_ACTUAL_COMMENT | END_ACTUAL_DATE | END_ACTUAL_REASON | END_EST_DATE | ENTERED_BY | EXPRESS_SEARCH_FLG | FO_CSF_ID | FO_EVENT_LST | FO_FORCE_DEP | INDUSTRY | LASTUPDDTTM | LASTUPDOPRID | MANAGER_CONTACT_ID | NODE_DETAIL | ORDER_EVENT_GROUP | ORDER_REASON_CD | OWNERSHIP_ID | PROJECT_ID | SALES_OPRID | SERVICE_AREA | SERVICE_OPRID | SO_DATE | SO_ID | SO_SOURCE | START_DATE | SVC_ORDER_SOURCE | SYSTEM_SOURCE | TREE_SETID | USER_ORDER_TYPE,Ventes & Clients,Ventes & Clients,RH,0.8358,high,1,1.0,rare_class_uncertain
1120846,GM_OPPTY_DTL_LN,PS_GM_OPPTY_DTL_LN,BUDGET_ID | BUDGET_PERIOD_GM | BUSINESS_UNIT | PROPOSAL_ID | SUB_PROP_NBR,Ventes & Clients,Ventes & Clients,Finance & Contrôle,0.8361,high,1,1.0,rare_class_uncertain
1164342,TL_WRKGRP_LANG,PS_TL_WRKGRP_LANG,DESCR | DESCRSHORT | EFFDT | LANGUAGE_CD | WORKGROUP,RH,RH,Other,0.8361,high,1,1.0,rare_class_uncertain
1123316,IN_FL_STG_TAO,PS_IN_FL_STG_TAO,ACCOUNT | ACTIVITY_ID | AFFILIATE | AFFILIATE_INTRA1 | AFFILIATE_INTRA2 | ALTACCT | ANALYSIS_TYPE | BUDGET_REF | BUSINESS_UNIT | BUSINESS_UNIT_PC | BUSINESS_UNIT_PO | CANCEL_NETTABLE | CHARTFIELD1 | CHARTFIELD2 | CHARTFIELD3 | CLASS_FLD | COMBO_VALID_FLG | CONFIG_CODE | CONSIGNED_FLAG | CONTAINER_ID | CONTAINER_TYPE | CONVERSION_RATE | DEPTID | DISTRIB_LINE_NUM | DISTRIB_SEQ_NUM | DISTRIB_TYPE | DT_TIMESTAMP | EXPIRATION_DATE | FROM_STOR_AREA | FROM_STOR_LEV1 | FROM_STOR_LEV2 | FROM_STOR_LEV3 | FROM_STOR_LEV4 | FROM_UOM | FUND_CODE | INSPECTION_ID | INSPECT_STATUS | INTERUNIT_ID | INTERUNIT_LINE | INV_ITEM_ID | INV_LOT_ID | INV_STOCK_TYPE | JOB_INSTANCE | LAST_PURCH_DATE | LOT_BIRTHDATE | MA_PRDN_ID_FLG | NON_OWN_FLAG | OPERATING_UNIT | OPRID | OP_SEQUENCE | PO_DT | PO_ID | PRDN_AREA_CODE | PROCESS_FLAG | PROCESS_INSTANCE | PRODUCT | PRODUCTION_ID | PRODUCTION_TYPE | PROGRAM_CODE | PROJECT_ID | PTWY_PLAN_ID | PTWYPLAN_LN_NBR | PURCH_LOT_ID | PUTAWAY_FLAG | PUTAWAY_STATUS | QTY | QTY_BASE | QTY_CODE | QTY_CONV_FLAG | RECEIPT_TYPE | RECEIVER_ID | RECV_LN_NBR | RECV_SHIP_SEQ_NBR | RESOURCE_CATEGORY | RESOURCE_SUB_CAT | RESOURCE_TYPE | RMA_ID | RMA_LINE_NBR | SERIAL_ID | SF_KANBAN_ID | SOURCE_BUS_UNIT | SPEEDTYPE_KEY | STAGED_DATE | STAGED_NUM | STAGED_TYPE | STAGING_ID | STORAGE_AREA | STORAGE_CODE | STOR_LEVEL_1 | STOR_LEVEL_2 | STOR_LEVEL_3 | STOR_LEVEL_4 | TEXT254 | TO_PRODUCTION_ID | TRANSFER_COST | TRANS_SOURCE | UNIT_OF_MEASURE | VENDOR_ID,Finance & Contrôle,Supply Chain / Logistique / Production,Finance & Contrôle,0.8365,high,0,0.5,model_disagrees_with_llm_high_conf
1151151,RE_LSA_SLSBKP_H,PS_RE_LSA_SLSBKP_H,AMND_NBR | BKP_HDR_ID | EFFDT_FROM | EFF_STATUS | FMS_DTTM_STAMP | FMS_LASTUPDDTTM | FMS_LASTUPDOPRID | FMS_OPRID | LS_KEY | SLS_CAT_ID | UPDATE_FLG,Ventes & Clients,Ventes & Clients,IT & Sécurité,0.8368,high,1,1.0,rare_class_uncertain
1073084,SYSADM.PS_SCM_SVC_DFLTS,PS_SCM_SVC_DFLTS,ASSESS_OC_FLAG | BEG_SEQ | COLLECTOR | CR_ANALYST | CURRENCY_CD | CUR_RT_TYPE | DATE_LAST_MAINT | DFLT_BEG_SEQ | LAST_MAINT_OPRID | MESSAGE_DESCR | OC_ADMIN_HOLD | OC_ADMIN_ID | OC_FIN_HOLD | OC_FIN_ID | OC_GROUP | OC_PNLTY_HOLD | OC_PNLTY_ID | PARTIAL_PY_SW | PAYMENT_METHOD | PP_HOLD | PP_METHOD | SETID | SUPPORT_TEAM_CD | SVC_OPER_GROUP | ZERO_PAD,Supply Chain / Logistique / Production,Finance & Contrôle,Supply Chain / Logistique / Production,0.8369,high,0,0.5,model_disagrees_with_llm_high_conf
1165972,UA_RULE_DTL,PS_UA_RULE_DTL,CREATE_PAY_FLG | EFFDT | HOLD_PAY_FLG | WTHD_RULE,RH,RH,IT & Sécurité,0.837,high,1,1.0,rare_class_uncertain
1117267,FOASGNERNDT_UPG,PS_FOASGNERNDT_UPG,BUSINESS_UNIT | CURRENCY_CD | DETAIL_NO | EFFDT | FO_ASSIGNMENT_ID | FO_AVE_CURRENCY_CD | FO_AVE_PAY_RATE | FO_DFLT_RATE_FLG | FO_HR_PAY_RATE | FO_PAY_RATE_FACTOR | FO_RATE_ACTION | MARGIN | MARKUP | ORDER_ID | ORDER_TYPE | PAY_CURRENCY_CD | RATE_OPTION | RATE_PROFILE_TYPE | REG_BILL_RATE | REG_PAY_RATE | TIME_RPTG_CD | UNIT_OF_MEASURE,RH,RH,Finance & Contrôle,0.8372,high,1,1.0,rare_class_uncertain
1099355,COMPETENCY_TBL,PS_COMPETENCY_TBL,COMPETENCY | DESCR | DESCRLONG | DESCRSHORT | RATING_MODEL | RS_CATEGORY | UNIT_TITLE,RH,RH,Other,0.8374,high,1,1.0,rare_class_uncertain
1058627,SYSADM.PS_PGM_CHC_HDR_LG,PS_PGM_CHC_HDR_LG,BUSINESS_IMPACT | BUSINESS_UNIT | CHANGE_EXPLANATION | CHANGE_REQ_ID | LANGUAGE_CD | PROJECT_ID,IT & Sécurité,Other,IT & Sécurité,0.8374,high,0,0.5,model_disagrees_with_llm_high_conf
1092915,BP_PO_S_TAO,PS_BP_PO_S_TAO,ACCOUNT | ACCOUNTING_DT | ACCOUNTING_PERIOD | ACCOUNT_TYPE | ACTIVITY_ID | AFFILIATE | AFFILIATE_INTRA1 | AFFILIATE_INTRA2 | BUDGET_DT | BUDGET_LINE_STATUS | BUDGET_PERIOD | BUDGET_REF | BUSINESS_UNIT | BUSINESS_UNIT_GL | BUSINESS_UNIT_PC | BUSINESS_UNIT_REQ | CHARTFIELD1 | CHARTFIELD2 | CHARTFIELD3 | CLASS_FLD | CONCAT_STRING | CURRENCY_CD | DELETE_FLAG | DEPTID | DISTRIB_LINE_NUM | DST_ACCT_TYPE | EE_SEQ_NUM | EFFDT_BD | EFFDT_SOURCE | ENTRY_EVENT | EXIST | EXIST2 | FIELDNAME_ORDER_BY | FISCAL_YEAR | FOREIGN_AMOUNT | FOREIGN_CURRENCY | FUND_CODE | FUND_SOURCE | INSERT_ROW_FLG | KK_ACCOUNTING_DT | KK_AMOUNT_TYPE | KK_BUDG_TRANS_TYPE | KK_CLOSE_FLAG | KK_CLOSE_PRIOR | KK_DEFAULT_EE | KK_GEN_PARENT | KK_OVERRIDE_ACCT | KK_PARENT_ENT_TYPE | KK_PROCESS_PRIOR | KK_PROC_INSTANCE | KK_QUANTITY | KK_REFD_DT | KK_REFD_ID | KK_REFD_LN | KK_SKIP_EDITS | KK_TRAN_DT | KK_TRAN_ID | KK_TRAN_LN | KK_TRAN_OVER_DTTM | KK_TRAN_OVER_FLAG | KK_TRAN_OVER_OPRID | LEDGER | LEDGER_GROUP | LINE_NBR | LINE_SELECT | LIQUIDATE_METHOD | MONETARY_AMOUNT | OPERATING_UNIT | PO_ID | PROCESS_INSTANCE | PRODUCT | PROGRAM_CODE | PROJECT_ID | REQ_DISTRIB_NBR | REQ_ID | REQ_LINE_NBR | REQ_SCHED_NBR | RESOURCE_TYPE | SCHED_NBR | SEQUENCE_NBR_9 | STATISTIC_AMOUNT | STATISTICS_CODE | STATUS_CODE | SUBTYPE | TRAN_NUM_ASSIGN,Finance & Contrôle,Achats & Fournisseurs,Finance & Contrôle,0.8375,high,0,0.5,model_disagrees_with_llm_high_conf
1150107,RA_STATUS_TAO,PS_RA_STATUS_TAO,BUSINESS_UNIT | CUST_ID | ITEM | ITEM_LINE | PROCESS_INSTANCE | STATUS_AGE_TYPE,Other,IT & Sécurité,Finance & Contrôle,0.8376,high,0,0.5,model_disagrees_with_llm_high_conf
1071500,SYSADM.PS_RS_COMPOS_WRKR,PS_RS_COMPOS_WRKR,EMPLID | OPRID | RUN_CNTL_ID,RH,RH,IT & Sécurité,0.8389,high,1,1.0,rare_class_uncertain
1161071,SPF_REQL_STATUS,PS_SPF_REQL_STATUS,BUSINESS_UNIT | COMMENTS | LINE_NBR | REASON_CD | REASON_TYPE | RECRUITER | REC_TYPE | ROW_CREATE_DATE | ROW_CREATE_USER | SEQNBR | SP_REQ_ID | SP_REQ_STATUS | TEAM_ID,RH,RH,Achats & Fournisseurs,0.8392,high,1,1.0,rare_class_uncertain
1087788,ARFO_PRFPST_CGR,PS_ARFO_PRFPST_CGR,CUST_GRP_TYPE | CUSTOMER_GROUP | OPRID | SETID,IT & Sécurité,Finance & Contrôle,IT & Sécurité,0.8394,high,0,0.5,model_disagrees_with_llm_high_conf
1069746,SYSADM.PS_RE_LS_CNTCT,PS_RE_LS_CNTCT,CNTCT_ID | COMM_METHOD | FMS_DTTM_STAMP | FMS_LASTUPDDTTM | FMS_LASTUPDOPRID | FMS_OPRID | LS_KEY | PARTY_KEY | PARTY_TYPE | PARTY_TYPE_CD | PREFERRED_LANGUAGE | ROLE_TYP,RH,IT & Sécurité,RH,0.8396,high,0,0.5,model_disagrees_with_llm_high_conf
1078328,SYSADM.PS_UPG_CNTRCT_DIST,PS_UPG_CNTRCT_DIST,AFFILIATE | AFFILIATE_INTRA1 | AFFILIATE_INTRA2 | BUDGET_PERIOD | BUDGET_REF | CHARTFIELD1 | CHARTFIELD2 | CHARTFIELD3 | CLASS_FLD | CNTRCT_ID | CNTRCT_LINE_NBR | DISTRIB_LINE_NUM | FUND_CODE | OPERATING_UNIT | PRODUCT | PROGRAM_CODE | SETID,Finance & Contrôle,Achats & Fournisseurs,Finance & Contrôle,0.8399,high,0,0.5,model_disagrees_with_llm_high_conf
1076791,SYSADM.PS_TGEO_CUST_TAO,PS_TGEO_CUST_TAO,ADDRESS1 | ADDRESS2 | ADDRESS3 | ADDRESS4 | ADDRESS_SEQ_NUM | ADDR_FIELD1 | ADDR_FIELD2 | ADDR_FIELD3 | CITY | COUNTRY | COUNTY | CUST_ID | EFFDT | GEO_CODE | HOUSE_TYPE | IN_CITY_LIMIT | NUM1 | NUM2 | POSTAL | PROCESS_INSTANCE | SETID | STATE,Ventes & Clients,Ventes & Clients,Other,0.84,high,1,1.0,rare_class_uncertain
1039465,SYSADM.PS_HOLIDAY_DATE,PS_HOLIDAY_DATE,DESCR | HOLIDAY | HOLIDAY_HRS | HOLIDAY_SCHEDULE | HOLIDAY_TYPE | HOL_TIME_END | HOL_TIME_START | SYNCDTTM | SYNCID,RH,RH,Other,0.8401,high,1,1.0,rare_class_uncertain
1016346,SYSADM.PS_BS_STMT_EC_E,PS_BS_STMT_EC_E,BNK_LOAD_DTTM | BSP_PRCS_DT | DESCRLONG | DTTM_REFRESHED | EVENT_TRACKING_ID | FILE_CREATE_DT | FILE_CREATE_TIME | FILE_ID | IMPORT_FILE_ID | LOADED_SW | OPRID | RECEIVER | REQUEST_ID | RESPONSE | SENDER | STATEMENT_ID | TEST_CASE,Finance & Contrôle,IT & Sécurité,Finance & Contrôle,0.841,high,0,0.5,model_disagrees_with_llm_high_conf
1035968,SYSADM.PS_FO_QUAL_FDBK_H2,PS_FO_QUAL_FDBK_H2,APPRAISER_NAME | ASSIGNMENT_ID | DATE_OF_ENTRY | DATE_SENT | FO_TEMPLATE_TYPE | QUALIFIED_MATCH | SEQNUM | SETID | TEMPLATE_CODE,RH,RH,Other,0.8412,high,1,1.0,rare_class_uncertain
1149213,PYCYCL_JOB_TBL,PS_PYCYCL_JOB_TBL,ACTIVITYNAME | BANK_ACCT_KEY | BANK_CD | BANK_SETID | BUSPROCNAME | EVENTNAME | JOB_TYPE | PAY_CYCLE | PAY_CYCLE_SEQ_NUM | PAY_RUN_AP_STATUS | PRCSINSTANCE | PRCSNAME | PRCSTYPE | PYMNT_FILENAME | PYMNT_METHOD,RH,RH,Finance & Contrôle,0.8413,high,1,1.0,rare_class_uncertain
1103597,DNP_RUN_SETID,PS_DNP_RUN_SETID,ALC | OPRID | REQUEST_ID | RUN_CNTL_ID | SETID | VENDOR_SETID,Achats & Fournisseurs,IT & Sécurité,Achats & Fournisseurs,0.8417,high,0,0.5,model_disagrees_with_llm_high_conf
1044123,SYSADM.PS_INV_PRIO_RULE,PS_INV_PRIO_RULE,BUSINESS_UNIT | CUSTOMER_GROUP | DESTIN_BU | PRIO_DEMAND_SOURCE | PRIO_ORDER_TYPE_CD | PRIORITY_NBR | PRIORITY_RANK,Finance & Contrôle,Supply Chain / Logistique / Production,Finance & Contrôle,0.8419,high,0,0.5,model_disagrees_with_llm_high_conf
1036554,SYSADM.PS_FS_DOC_RLTS_FLD,PS_FS_DOC_RLTS_FLD,FS_MAP_FLD_DISP | FS_MAP_FLD_NAME | FS_MAP_LEVEL | FS_MAP_NODE | FS_MAP_NODE_PRE | FS_MAP_SEQ | IB_PACKAGEID | IB_SCHEMANAME | IB_VARIANTNAME,IT & Sécurité,Other,IT & Sécurité,0.842,high,0,0.5,model_disagrees_with_llm_high_conf
1010640,SYSADM.PS_AUC_LNCNST_ATLS,PS_AUC_LNCNST_ATLS,AUC_BF_LIST_LINE | AUC_ID | AUC_ROUND | AUC_VERSION | BID_LIST_ITEM | BID_LIST_SELECTED | BUSINESS_UNIT | CONST_ATTR_NBR | CONST_NBR | LINE_NBR,Achats & Fournisseurs,Other,Achats & Fournisseurs,0.8426,high,0,0.5,model_disagrees_with_llm_high_conf
1025341,SYSADM.PS_CUST_AGRMNT_LNG,PS_CUST_AGRMNT_LNG,CUST_ID | DESCRLONG | LANGUAGE_CD | REIMB_AGREEMENT | SETID,Ventes & Clients,Ventes & Clients,Other,0.8431,high,1,1.0,rare_class_uncertain
1149163,PYCYCL_BU,PS_PYCYCL_BU,BUSINESS_UNIT | PAY_CYCLE | PROCESS_FLG,RH,RH,IT & Sécurité,0.8435,high,1,1.0,rare_class_uncertain
1074847,SYSADM.PS_SPF_REQL_STATUS,PS_SPF_REQL_STATUS,BUSINESS_UNIT | COMMENTS | LINE_NBR | REASON_CD | REASON_TYPE | RECRUITER | REC_TYPE | ROW_CREATE_DATE | ROW_CREATE_USER | SEQNBR | SP_REQ_ID | SP_REQ_STATUS | TEAM_ID,RH,RH,Achats & Fournisseurs,0.8435,high,1,1.0,rare_class_uncertain
1054516,SYSADM.PS_OM_MCPP_TAO,PS_OM_MCPP_TAO,BUSINESS_UNIT_FLAG | BUSINESS_UNIT_IN | COST_EFF_DTTM | CURRENCY_CD | DATE_SEL_DT | DESCR | EFFDT | INV_ITEM_ID | LIST_PRICE | MFG_SUG_RTL_PRC | PRIM_PRC_FLAG | PROCESS_INSTANCE | PRODUCT_GROUP | PRODUCT_GROUP_FLAG | PRODUCT_ID | SETID | SETID_PROFILE | UNIT_COST | UNIT_OF_MEASURE,Supply Chain / Logistique / Production,Finance & Contrôle,Supply Chain / Logistique / Production,0.8437,high,0,0.5,model_disagrees_with_llm_high_conf
1057793,SYSADM.PS_PC_TIP_GROUP,PS_PC_TIP_GROUP,ACTIVITY_ID | ANALYSIS_GROUP | BUSINESS_UNIT | DATE_RANGE_OPTN | DAYS_INACT_RANGE | EMPLID | FROM_DATE | GM_METHOD_PAYMENT | OPRID | PC_CA_FEEDER_OPT | PC_TIP_ALLTOPC | PC_TIP_APNOPY | PC_TIP_APTOPC | PC_TIP_ARTOPC | PC_TIP_BDTOPC | PC_TIP_BITOPC | PC_TIP_CANOAC | PC_TIP_CANOPC | PC_TIP_EXTOPC | PC_TIP_FATOPC | PC_TIP_GLTOPC | PC_TIP_INACTPC | PC_TIP_INTOPC | PC_TIP_POTOPC | PC_TIP_REQTOPC | PC_TIP_TMTOPC | PC_TIP_UNSPO | PC_TIP_UNSREQ | PROJECT_ID | PROJECT_STATUS | RECON_ID | RESOURCE_CATEGORY | RESOURCE_ID | RESOURCE_SUB_CAT | RESOURCE_TYPE | SOURCE_OPT_1 | SOURCE_OPT_1A | SOURCE_OPT_2 | SOURCE_OPT_2A | SOURCE_OPT_3 | SOURCE_OPT_3A | SOURCE_OPT_4 | SOURCE_OPT_4A | SOURCE_OPT_5 | SOURCE_OPT_5A | THRU_DATE,RH,RH,Finance & Contrôle,0.8441,high,1,1.0,rare_class_uncertain
1031775,SYSADM.PS_EX_ATTCH_TA0,PS_EX_ATTCH_TA0,ATTACHSYSFILENAME | ATTACHUSERFILE | ATT_VERSION | CREATED_DTTM | EMPLID | EMP_PHONE_NBR | PROCESS_INSTANCE | SCM_ATTACH_ID | SID_MEDIA | SID_MSG,RH,RH,IT & Sécurité,0.8443,high,1,1.0,rare_class_uncertain
1035684,SYSADM.PS_FOCUSTADRSE_UPG,PS_FOCUSTADRSE_UPG,ADDRESS_SEQ_NUM | BILL_TO_ADDR | BROKER_ADDR | CRSPD_TO_ADDR | CUST_ID | DATE_LAST_MAINT | DESCR | INDIRECT_ADDR | LAST_MAINT_OPRID | SETID | SHIP_TO_ADDR | SOLD_TO_ADDR,Ventes & Clients,Ventes & Clients,Other,0.8447,high,1,1.0,rare_class_uncertain
1153601,RS_OCP_GEN_TMP,PS_RS_OCP_GEN_TMP,DISPLAY_MONTH_SEQ | GENERIC_NAME | MEMBER_ID | OCP_ASSIGNED | OCP_ASSIGNED_HOUR | OCP_AVAILABLE | OCP_CAPACITY | OCP_REQUESTED | OCP_REQUESTED_HOUR | PER_STATUS | POOL_ID | PROJ_ROLE | REGION_CD | SEQNO | SETID_ROLE,RH,RH,IT & Sécurité,0.8453,high,1,1.0,rare_class_uncertain
1102125,CUST_ID_NBRS,PS_CUST_ID_NBRS,CREDIT_FLG | CUST_ID | SETID | STD_ID_NUM | STD_ID_NUM_QUAL | STD_ID_SETID,Ventes & Clients,Ventes & Clients,Achats & Fournisseurs,0.8453,high,1,1.0,rare_class_uncertain
1071872,SYSADM.PS_RS_SRCHPNL_LN,PS_RS_SRCHPNL_LN,ADD_TO_CART | AVA_DISPLAY | AVAILABILITY | EMPLID | FIT_DISPLAY | FIT_SCORE | LINE_NBR | NAME | SEARCH_ID | SELECT_FLAG,RH,RH,Other,0.8458,high,1,0.5,rare_class_uncertain
1048136,SYSADM.PS_MEMBER_ADDRESS,PS_MEMBER_ADDRESS,ADDRESS1 | ADDRESS2 | ADDRESS3 | ADDRESS4 | ADDR_FIELD1 | ADDR_FIELD2 | ADDR_FIELD3 | CITY | COUNTRY | COUNTY | EFFDT | EFF_STATUS | GEO_CODE | HOUSE_TYPE | IN_CITY_LIMIT | MEMBER_ADDR_TYPE | NUM1 | NUM2 | POSTAL | PRIMARY_ADDR_FLG | SETID | STATE | SUPPORT_TEAM_MBR,RH,RH,Other,0.8458,high,1,1.0,rare_class_uncertain
1071609,SYSADM.PS_RS_FR_SUP_CAC1,PS_RS_FR_SUP_CAC1,CAPACITY | DATE_ENTERED | FMS_DTTM_STAMP | FMS_LASTUPDDTTM | FMS_LASTUPDOPRID | FMS_OPRID | FORECAST_ID_SUP | FULL_TIME_RES_SUP | MONTH_SCP | PER_STATUS | POOL_ID | PROBINST | PROJ_ROLE | REGION_CD | SETID_REGION | SETID_ROLE | YEAR_NUM,RH,Achats & Fournisseurs,RH,0.8459,high,0,0.5,model_disagrees_with_llm_high_conf
1140682,PROD_CSTALS_LNG,PS_PROD_CSTALS_LNG,CUST_ID | DESCR | LANGUAGE_CD | PRODUCT_ALIAS | PRODUCT_ID | SETID,Ventes & Clients,Ventes & Clients,Other,0.846,high,1,1.0,rare_class_uncertain
1047216,SYSADM.PS_LC_FNL5_T,PS_LC_FNL5_T,BUSINESS_UNIT | COUNTER1 | MATCH_STATUS_LC | PROCESS_INSTANCE | RECEIVER_ID | RECV_LN_NBR | RECV_SHIP_SEQ_NBR,Supply Chain / Logistique / Production,IT & Sécurité,Finance & Contrôle,0.8462,high,0,0.5,model_disagrees_with_llm_high_conf
1085892,AP_APX1100_AET,PS_AP_APX1100_AET,AS_OF_DATE | LANGUAGE_CD | OPRID | PROCESS_INSTANCE | REPORT_DEFN_ID | RUN_CNTL_ID | TMPLDEFN_ID,Finance & Contrôle,IT & Sécurité,Finance & Contrôle,0.8463,high,0,0.5,model_disagrees_with_llm_high_conf
1057618,SYSADM.PS_PC_SR_CONS_CUST,PS_PC_SR_CONS_CUST,ATTACHSYSFILENAME | ATTACHUSERFILE | BUSINESS_UNIT | DESCR | DOCUMENT_REQUESTS | DTTM_STAMP | INCLUDE_ATTCH_FILE | PROJECT_ID | SR_END_DATE | SR_START_DATE,Ventes & Clients,Ventes & Clients,Other,0.8464,high,1,1.0,rare_class_uncertain
1122451,HOLIDAY_TBL,PS_HOLIDAY_TBL,COUNTRY | DESCR | FROM_DATE | HOLIDAY_TYPE | THRU_DATE,RH,RH,Other,0.8465,high,1,1.0,rare_class_uncertain
1117506,FOCUSTADRSE_UPG,PS_FOCUSTADRSE_UPG,ADDRESS_SEQ_NUM | BILL_TO_ADDR | BROKER_ADDR | CRSPD_TO_ADDR | CUST_ID | DATE_LAST_MAINT | DESCR | INDIRECT_ADDR | LAST_MAINT_OPRID | SETID | SHIP_TO_ADDR | SOLD_TO_ADDR,Ventes & Clients,Ventes & Clients,Other,0.8466,high,1,1.0,rare_class_uncertain
1117967,FO_PNDG_ORD_TBL,PS_FO_PNDG_ORD_TBL,APPLID | BUSINESS_UNIT | LASTUPDDTTM | SO_ID | SO_LINE,Ventes & Clients,Ventes & Clients,Other,0.8468,high,1,0.5,rare_class_uncertain
1027928,SYSADM.PS_DR_APPROV_CUST,PS_DR_APPROV_CUST,BUSINESS_UNIT | CUST_ID | DR_APPROV_BU | DR_APPROV_ID | ID_SEQ_CUST | NAME,Ventes & Clients,Ventes & Clients,Finance & Contrôle,0.847,high,1,1.0,rare_class_uncertain
1120900,GM_PCL_COM_DT,PS_GM_PCL_COM_DT,CHAIR_ID | COM_ID | EFFDT | EFF_STATUS,RH,Other,RH,0.8471,high,0,0.5,model_disagrees_with_llm_high_conf
1067824,SYSADM.PS_PV_EMAIL_TMP,PS_PV_EMAIL_TMP,BUSINESS_UNIT | CONCAT_FILE_PATH | CONCAT_POID | CONCAT_POLINENBR | EMAILID | PO_ID | PROCESS_INSTANCE | PVCONCATFILE | REQ_ID,Achats & Fournisseurs,IT & Sécurité,Achats & Fournisseurs,0.8472,high,0,0.5,model_disagrees_with_llm_high_conf
1154651,R_TFLT_CF1,PS_R_TFLT_CF1,OTBI_SRC_INSTANCE | RANGE_FROM | RANGE_TO | SETCNTRLVALUE | SETID | SETID_TREE | TREE_EFFDT | TREE_NAME,IT & Sécurité,Other,IT & Sécurité,0.8475,high,0,0.5,model_disagrees_with_llm_high_conf
1102102,CUST_HIST_E_TBL,PS_CUST_HIST_E_TBL,CUST_HIST_ID | EFFDT | ENTRY_REASON | ENTRY_TYPE | SETID,Ventes & Clients,Ventes & Clients,Finance & Contrôle,0.8475,high,1,1.0,rare_class_uncertain
1127156,JOBCODELANG_UPG,PS_JOBCODELANG_UPG,DESCR | DESCRLONG | DESCRSHORT | EFFDT | JOBCODE | LANGUAGE_CD | SETID,RH,RH,Other,0.8476,high,1,1.0,rare_class_uncertain
1103028,DEPTTBL_UPG,PS_DEPTTBL_UPG,ACCIDENT_INS | ACCOUNTING_OWNER | BUDGET_LVL | BUDGET_YR_END_DT | CAN_IND_SECTOR | COMPANY | COUNTRY_GRP | DEPTID | DEPT_TENURE_FLG | DESCR | DESCRSHORT | DIST_PRORATE_OPTN | EEO4_FUNCTION | EFFDT | EFF_STATUS | ESTABID | FTE_EDIT_INDC | GL_EXPENSE | GVT_DESCR40 | GVT_PAR_DESCR2 | GVT_PAR_DESCR3 | GVT_PAR_DESCR4 | GVT_PAR_DESCR5 | GVT_PAR_LINE2 | GVT_PAR_LINE3 | GVT_PAR_LINE4 | GVT_PAR_LINE5 | GVT_SUB_AGENCY | HAZARD | HP_STATS_DEPT_CD | HP_STATS_FACULTY | LOCATION | MANAGER_ID | MANAGER_NAME | MANAGER_POSN | RISKCD | SETID | SETID_LOCATION | SI_ACCIDENT_NUM | TAX_LOCATION_CD | TL_DISTRIB_INFO | USE_BUDGETS | USE_DISTRIBUTION | USE_ENCUMBRANCES,RH,RH,Finance & Contrôle,0.8477,high,1,1.0,rare_class_uncertain
1065395,SYSADM.PS_PROD_CSTALS_LNG,PS_PROD_CSTALS_LNG,CUST_ID | DESCR | LANGUAGE_CD | PRODUCT_ALIAS | PRODUCT_ID | SETID,Ventes & Clients,Ventes & Clients,Other,0.8478,high,1,1.0,rare_class_uncertain
1069791,SYSADM.PS_RE_LS_SLSBKP_H,PS_RE_LS_SLSBKP_H,BKP_HDR_ID | EFFDT_FROM | EFF_STATUS | FMS_DTTM_STAMP | FMS_LASTUPDDTTM | FMS_LASTUPDOPRID | FMS_OPRID | LS_KEY | SLS_CAT_ID,Ventes & Clients,Ventes & Clients,IT & Sécurité,0.8478,high,1,1.0,rare_class_uncertain
1139520,POS_SOURCE_KEYS,PS_POS_SOURCE_KEYS,DRILL_TO_FLAG | FIELDNAME_SOURCE | FIELDNAME_TO | LABEL_ID | PMT_VIEW_KEY_FLG | POS_SOURCE_ID | RANK_FLAG | SETID,IT & Sécurité,Other,IT & Sécurité,0.8482,high,0,0.5,model_disagrees_with_llm_high_conf
1035993,SYSADM.PS_FORECSRCLNG_UPG,PS_FORECSRCLNG_UPG,DESCR | DESCRSHORT | LANGUAGE_CD | RECRUIT_CAT | SETID,RH,RH,Other,0.8489,high,1,1.0,rare_class_uncertain
1089360,AUC_LNCNST_ATLS,PS_AUC_LNCNST_ATLS,AUC_BF_LIST_LINE | AUC_ID | AUC_ROUND | AUC_VERSION | BID_LIST_ITEM | BID_LIST_SELECTED | BUSINESS_UNIT | CONST_ATTR_NBR | CONST_NBR | LINE_NBR,Achats & Fournisseurs,Other,Finance & Contrôle,0.8494,high,0,0.5,model_disagrees_with_llm_high_conf
1041125,SYSADM.PS_IN_FL_GBU_TAO,PS_IN_FL_GBU_TAO,BUSINESS_UNIT | PROCESS_INSTANCE | SETID_BUD_REF | SETID_CF1 | SETID_CF2 | SETID_CF3 | SETID_CLASS | SETID_DEPT | SETID_FUND | SETID_OPER_UNIT | SETID_PRODUCT | SETID_PROGRAM,Finance & Contrôle,IT & Sécurité,Finance & Contrôle,0.8503,high,0,0.5,model_disagrees_with_llm_high_conf
1064940,SYSADM.PS_PPK_DISC_RT_TBL,PS_PPK_DISC_RT_TBL,DISCOUNT_PCT | FMS_DTTM_STAMP | FMS_LASTUPDDTTM | FMS_LASTUPDOPRID | FMS_OPRID | PPK_DISC_DATE,Ventes & Clients,IT & Sécurité,Achats & Fournisseurs,0.8515,high,0,0.5,model_disagrees_with_llm_high_conf
1069533,SYSADM.PS_RE_FASB_TMP,PS_RE_FASB_TMP,DST_ALLOC_METHOD | LS_KEY | PROCESS_INSTANCE | REGENERATE | STLINE_KEY | TERM_RENT_TYPE | TXN_GRP,Finance & Contrôle,IT & Sécurité,Finance & Contrôle,0.8518,high,0,0.5,model_disagrees_with_llm_high_conf
1004611,SYSADM.PS_AGC_CAT_STEPBTL,PS_AGC_CAT_STEPBTL,AGC_BUTTON_METHOD | AGC_CATEGORY_ID | AGC_STEP_ID | DESCR | EFFDT | LANGUAGE_CD,Other,IT & Sécurité,Other,0.8533,high,0,0.5,model_disagrees_with_llm_high_conf
1019348,SYSADM.PS_CCR_FILE_DTL,PS_CCR_FILE_DTL,CCR_FILE_STATUS | CCR_VNDR_LOAD_CD | DESCR254 | FILE_NAME | PROCESS_INSTANCE | SEQUENCENO | SOURCE_SYSTEM,Achats & Fournisseurs,IT & Sécurité,Finance & Contrôle,0.8543,high,0,0.5,model_disagrees_with_llm_high_conf
1129167,MC_DEFN_CRIT,PS_MC_DEFN_CRIT,ARITH_OPERATION | DECIMAL_POSITIONS | FIELDNAME | FIELDTYPE | FORMAT | MC_DEFN_ID | MC_FIELD_LABEL | MC_FIELD_LENGTH | MC_STMNT_SEQ | RECNAME,IT & Sécurité,Other,IT & Sécurité,0.8549,high,0,0.5,model_disagrees_with_llm_high_conf
1022735,SYSADM.PS_CM_PURGE_IU_TMP,PS_CM_PURGE_IU_TMP,BUSINESS_UNIT | CM_BOOK | CM_DT_TIMESTAMP_A | CM_SEQ_NBR_A | INV_ITEM_ID | MESSAGE_NBR | MESSAGE_SET_NBR,Achats & Fournisseurs,Supply Chain / Logistique / Production,IT & Sécurité,0.8567,high,0,0.5,model_disagrees_with_llm_high_conf
1036136,SYSADM.PS_FO_XML_STRING,PS_FO_XML_STRING,FO_SEQ_NBR | FO_XML_ID | FO_XML_STRING,IT & Sécurité,Other,IT & Sécurité,0.8567,high,0,0.5,model_disagrees_with_llm_high_conf
1148029,PV_FAVSGRP_LANG,PS_PV_FAVSGRP_LANG,DESCRIPTION | LANGUAGE_CD | PV_REQ_FAVS_GRP | REQUESTOR_ID,IT & Sécurité,Other,Achats & Fournisseurs,0.8585,high,0,0.5,model_disagrees_with_llm_high_conf
1034212,SYSADM.PS_EX_TWILIO_ERR,PS_EX_TWILIO_ERR,CREATED_DTTM | EMPLID | EMPLID_FROM | EMP_PHONE_NBR | MSG_BODY | NUM_MEDIA | PROCESS_INSTANCE | RELOAD_PROC | SID_MSG | STATUS | TW_ERR_CODE | TW_PHONE_NBR,IT & Sécurité,RH,IT & Sécurité,0.8593,high,0,0.5,model_disagrees_with_llm_high_conf
1154980,RUN_CNTL_CA_FEE,PS_RUN_CNTL_CA_FEE,AE_APPLID | CA_FEE_SOURCE | CA_PLAN_ID | CONTRACT_NUM | OPRID | RUN_CNTL_ID,Finance & Contrôle,IT & Sécurité,Finance & Contrôle,0.8594,high,0,0.5,model_disagrees_with_llm_high_conf
1155287,RUN_OM_CREDIT,PS_RUN_OM_CREDIT,CUST_HIERARCHY_PB | INCL_EXCL_TYPE | LANGUAGE_CD | OPRID | RUN_CNTL_ID | RUN_DELIVERIES | RUN_FREIGHT | RUN_OM_BACKGRND | RUN_OMCREDIT | RUN_OMDEMAND | RUN_OMHOLD | RUN_OM_PRICING | RUN_RESERVATIONS | SETID,Supply Chain / Logistique / Production,IT & Sécurité,Finance & Contrôle,0.8619,high,0,0.5,model_disagrees_with_llm_high_conf
1114452,EX_ADVLN_TAO,PS_EX_ADVLN_TAO,ACCOUNTING_DT | ADDRESS_SEQ_NUM | ADVANCE_ID | ADV_STATUS | APPROVAL_DT | BUSINESS_UNIT_GL | CREATION_DT | CURRENCY_CD | DESCR | EMPLID | EMPL_RCD | EX_LINE_STATUS | EXPEND_MTHD_EDIT | GENERATE_PYMNT | GROSSUP | GROSS_UP_EST_AMT | LINE_NBR | MONETARY_AMOUNT | POST_STATUS_EX | PROCESS_FLAG | PROCESS_INSTANCE | REVERSAL_DATE | VENDOR_ID | VENDOR_SETID | VNDR_LOC,RH,Finance & Contrôle,Achats & Fournisseurs,0.8622,high,0,0.5,model_disagrees_with_llm_high_conf
1151187,RE_LS_CNTCT,PS_RE_LS_CNTCT,CNTCT_ID | COMM_METHOD | FMS_DTTM_STAMP | FMS_LASTUPDDTTM | FMS_LASTUPDOPRID | FMS_OPRID | LS_KEY | PARTY_KEY | PARTY_TYPE | PARTY_TYPE_CD | PREFERRED_LANGUAGE | ROLE_TYP,RH,IT & Sécurité,RH,0.8624,high,0,0.5,model_disagrees_with_llm_high_conf
1072423,SYSADM.PS_RUN_CNTL_CA_FEE,PS_RUN_CNTL_CA_FEE,AE_APPLID | CA_FEE_SOURCE | CA_PLAN_ID | CONTRACT_NUM | OPRID | RUN_CNTL_ID,Finance & Contrôle,IT & Sécurité,Finance & Contrôle,0.8632,high,0,0.5,model_disagrees_with_llm_high_conf
1140278,PRCR_UPD_TMP1H,PS_PRCR_UPD_TMP1H,AMT_CANCELED | AMT_INVOICED | AMT_ORDERED | AMT_RECEIVED | AMT_REJECTED | AMT_RETURNED | BANK_CD | BANK_SETID | BUSINESS_UNIT_AP | BUSINESS_UNIT_PO | BUYER_ID | CATEGORY_ID | CURRENCY_CD | CURRENCY_PYMNT | DESCR | EARLY_SHIPMENTS | INV_ITEM_ID | ITM_SETID | LAST_DTTM_UPDATE | LATE_SHIPMENTS | LEAD_TIME | LEAD_TIME_MAD | NUM_DAYS_DEVIATION | NUM_OF_ORDERS | NUM_OF_RECEIPTS | NUM_OF_RETURNS | OVER_SHIPMENTS | PAID_AMT | PAID_AMT_GROSS | PRCR_PERIOD | PRCR_YEAR | PRICE_LIST | PROCESS_INSTANCE | QTY_CANCEL | QTY_DEFECTIVE | QTY_EARLY | QTY_LATE | QTY_OPEN | QTY_PO | QTY_RETURN | QTY_SH_RECVD_SUOM | QTY_SH_REJCT_SUOM | QTY_VCHR | REPORT_ENTITY | SHIPTO_ID | SHIPTO_SETID | UNDER_SHIPMENTS | UNIT_MEASURE_STD | UNIT_MEASURE_WT | VENDOR_ID | VENDOR_SETID | WT_CANCELED | WT_ORDERED | WT_RECEIVED | WT_REJECTED | WT_RETURNED,Finance & Contrôle,Achats & Fournisseurs,Finance & Contrôle,0.8645,high,0,0.5,model_disagrees_with_llm_high_conf
1010620,SYSADM.PS_AUC_HDR_FCT_CLB,PS_AUC_HDR_FCT_CLB,AUC_DTTM_CLB_RESP | AUC_ID | AUC_ROUND | AUC_VERSION | BID_FACTOR_NBR | BID_FACTOR_TYPE | BUSINESS_UNIT | OPRID | WEIGHTING,IT & Sécurité,Other,Achats & Fournisseurs,0.8648,high,0,0.5,model_disagrees_with_llm_high_conf
1155367,RUN_TRC1014,PS_RUN_TRC1014,BUSINESS_UNIT | FROM_DATE | OPRID | PYMNT_SELCT_STATUS | RUN_CNTL_ID | TO_DATE,Finance & Contrôle,IT & Sécurité,Finance & Contrôle,0.8664,high,0,0.5,model_disagrees_with_llm_high_conf
1070597,SYSADM.PS_RE_UDF_LG,PS_RE_UDF_LG,LANGUAGE_CD | SETID | UDF_DESCR | UDF_FLDNM | USR_DEF_ID,IT & Sécurité,Other,Finance & Contrôle,0.8668,high,0,0.5,model_disagrees_with_llm_high_conf
1060583,SYSADM.PS_PNDG_VAT_TEOA,PS_PNDG_VAT_TEOA,ASOF_DT | DTTM_STAMP | EO_AUDIT_FLG | EXCEPTION_INFO | FIELDNAME | FIELD_VALUE | FROM_CURRENCY | KEY10_FLDNAME | KEY10_FLD_VAL | KEY11_FLDNAME | KEY11_FLD_VAL | KEY12_FLDNAME | KEY12_FLD_VAL | KEY13_FLDNAME | KEY13_FLD_VAL | KEY14_FLDNAME | KEY14_FLD_VAL | KEY15_FLDNAME | KEY15_FLD_VAL | KEY16_FLDNAME | KEY16_FLD_VAL | KEY1_FLDNAME | KEY1_FLD_VAL | KEY2_FLDNAME | KEY2_FLD_VAL | KEY3_FLDNAME | KEY3_FLD_VAL | KEY4_FLDNAME | KEY4_FLD_VAL | KEY5_FLDNAME | KEY5_FLD_VAL | KEY6_FLDNAME | KEY6_FLD_VAL | KEY7_FLDNAME | KEY7_FLD_VAL | KEY8_FLDNAME | KEY8_FLD_VAL | KEY9_FLDNAME | KEY9_FLD_VAL | OPRID | PROCESS_INSTANCE | PROC_GRP_ID | RATE_DIV | RATE_MULT | RECNAME | RT_DIV_FLDNAME | RT_MULT_FLDNAME | RULE_INSTNC_NBR | RUN_CNTL_ID | TO_CURRENCY,Finance & Contrôle,IT & Sécurité,Finance & Contrôle,0.867,high,0,0.5,model_disagrees_with_llm_high_conf
1038105,SYSADM.PS_GM_BUD_HDR_TEOA,PS_GM_BUD_HDR_TEOA,ASOF_DT | DTTM_STAMP | EO_AUDIT_FLG | EXCEPTION_INFO | FIELDNAME | FIELD_VALUE | FROM_CURRENCY | KEY10_FLDNAME | KEY10_FLD_VAL | KEY11_FLDNAME | KEY11_FLD_VAL | KEY12_FLDNAME | KEY12_FLD_VAL | KEY13_FLDNAME | KEY13_FLD_VAL | KEY14_FLDNAME | KEY14_FLD_VAL | KEY15_FLDNAME | KEY15_FLD_VAL | KEY16_FLDNAME | KEY16_FLD_VAL | KEY1_FLDNAME | KEY1_FLD_VAL | KEY2_FLDNAME | KEY2_FLD_VAL | KEY3_FLDNAME | KEY3_FLD_VAL | KEY4_FLDNAME | KEY4_FLD_VAL | KEY5_FLDNAME | KEY5_FLD_VAL | KEY6_FLDNAME | KEY6_FLD_VAL | KEY7_FLDNAME | KEY7_FLD_VAL | KEY8_FLDNAME | KEY8_FLD_VAL | KEY9_FLDNAME | KEY9_FLD_VAL | OPRID | PROCESS_INSTANCE | PROC_GRP_ID | RATE_DIV | RATE_MULT | RECNAME | RT_DIV_FLDNAME | RT_MULT_FLDNAME | RULE_INSTNC_NBR | RUN_CNTL_ID | TO_CURRENCY,Finance & Contrôle,IT & Sécurité,Finance & Contrôle,0.8677,high,0,0.5,model_disagrees_with_llm_high_conf
1092013,BI_STGINV_H_ERR,PS_BI_STGINV_H_ERR,BUSINESS_UNIT | CREATEDTTM | ERR_SEQ_NUM2 | INVOICE | LAST_UPDATE_DTTM | MESSAGE_NBR | MESSAGE_SET_NBR | OPRID | OPRID_LAST_UPDT,Finance & Contrôle,IT & Sécurité,Finance & Contrôle,0.8705,high,0,0.5,model_disagrees_with_llm_high_conf
1019113,SYSADM.PS_CB_GENCLAIM_AET,PS_CB_GENCLAIM_AET,AS_OF_DATE | BASE_CURRENCY | CB_CLAIM_PREFIX | CB_CONTRACT_ID | CB_CONTRACT_SETID | CB_CREATE_ACCR | CB_CREATE_CLAIMS | CB_RUN_BY | DTTM_STAMP | FROM_DATE | OPRID | PROCESS_INSTANCE | RT_TYPE | RUN_CNTL_ID | SCHEDULE_ID | VENDOR_ID,Finance & Contrôle,Achats & Fournisseurs,Finance & Contrôle,0.8706,high,0,0.5,model_disagrees_with_llm_high_conf
1013143,SYSADM.PS_BI_STGINV_H_ERR,PS_BI_STGINV_H_ERR,BUSINESS_UNIT | CREATEDTTM | ERR_SEQ_NUM2 | INVOICE | LAST_UPDATE_DTTM | MESSAGE_NBR | MESSAGE_SET_NBR | OPRID | OPRID_LAST_UPDT,Finance & Contrôle,IT & Sécurité,Finance & Contrôle,0.8707,high,0,0.5,model_disagrees_with_llm_high_conf
1048059,SYSADM.PS_MC_RATE_TAO,PS_MC_RATE_TAO,FROM_CUR | PROCESS_INSTANCE | RATE_DIV | RATE_MULT | TO_CUR,Finance & Contrôle,IT & Sécurité,Finance & Contrôle,0.8725,high,0,0.5,model_disagrees_with_llm_high_conf
1118832,FS_MAP_TRG_FLD1,PS_FS_MAP_TRG_FLD1,FS_MAP_CURCTL | FS_MAP_FLD_NAME | FS_MAP_ID,Finance & Contrôle,Other,IT & Sécurité,0.8735,high,0,0.5,model_disagrees_with_llm_high_conf
1095737,CB_GENCLAIM_AET,PS_CB_GENCLAIM_AET,AS_OF_DATE | BASE_CURRENCY | CB_CLAIM_PREFIX | CB_CONTRACT_ID | CB_CONTRACT_SETID | CB_CREATE_ACCR | CB_CREATE_CLAIMS | CB_RUN_BY | DTTM_STAMP | FROM_DATE | OPRID | PROCESS_INSTANCE | RT_TYPE | RUN_CNTL_ID | SCHEDULE_ID | VENDOR_ID,Finance & Contrôle,Achats & Fournisseurs,Finance & Contrôle,0.8736,high,0,0.5,model_disagrees_with_llm_high_conf
1089277,AUC_HDR_FCT_CLB,PS_AUC_HDR_FCT_CLB,AUC_DTTM_CLB_RESP | AUC_ID | AUC_ROUND | AUC_VERSION | BID_FACTOR_NBR | BID_FACTOR_TYPE | BUSINESS_UNIT | OPRID | WEIGHTING,IT & Sécurité,Other,Achats & Fournisseurs,0.874,high,0,0.5,model_disagrees_with_llm_high_conf
1118805,FS_MAP_SRC_FLD1,PS_FS_MAP_SRC_FLD1,FS_MAP_CURCTL | FS_MAP_FLD_NAME | FS_MAP_ID,Finance & Contrôle,Other,IT & Sécurité,0.8751,high,0,0.5,model_disagrees_with_llm_high_conf
1031127,SYSADM.PS_EOTR_OWN_RECUR,PS_EOTR_OWN_RECUR,OBJECTOWNERID | RECURNAME,IT & Sécurité,Other,IT & Sécurité,0.8753,high,0,0.5,model_disagrees_with_llm_high_conf
1135508,PGM_CHC_PRD_LG,PS_PGM_CHC_PRD_LG,BUSINESS_UNIT | CHANGE_REQ_ID | LANGUAGE_CD | PRJ_CHNG_DESCR | PROJECT_ID,IT & Sécurité,Other,RH,0.8766,high,0,0.5,model_disagrees_with_llm_high_conf
1114533,EX_AMX_GE_TA0,PS_EX_AMX_GE_TA0,BUSINESS_UNIT_GL | CRDMEM_ACCT_NBR | EMPLID | PROCESS_INSTANCE | SETID,Finance & Contrôle,RH,Finance & Contrôle,0.8786,high,0,0.5,model_disagrees_with_llm_high_conf
1031685,SYSADM.PS_EX_AMX_GE_TA0,PS_EX_AMX_GE_TA0,BUSINESS_UNIT_GL | CRDMEM_ACCT_NBR | EMPLID | PROCESS_INSTANCE | SETID,Finance & Contrôle,RH,Finance & Contrôle,0.8796,high,0,0.5,model_disagrees_with_llm_high_conf
1114124,EOTR_OWN_RECUR,PS_EOTR_OWN_RECUR,OBJECTOWNERID | RECURNAME,IT & Sécurité,Other,IT & Sécurité,0.8801,high,0,0.5,model_disagrees_with_llm_high_conf
1100704,CS_DOC_DSP_HIST,PS_CS_DOC_DSP_HIST,CNTCT_SEQ_NUM | CONTACT_NAME | CONTACT_TITLE | CS_DOC_DISP_VER | CS_DOC_ID | CS_EXT_CNTCT_FLG | EMAILID,Ventes & Clients,Other,Finance & Contrôle,0.8801,high,0,0.5,model_disagrees_with_llm_high_conf
1086765,AP_SDNCHUNK_AET,PS_AP_SDNCHUNK_AET,ADDRESS_SEQ_NUM | AE_APPSTATUS | AE_CHUNK_SIZE | ALL_SETID_FLG | COUNTRY | FROM_VENDOR_ID | OPRID | ORDER_BY_AP | PROCESS_INSTANCE | RUN_CNTL_ID | SEQ_NBR_CRRNT | SERVERNAME | SETID | TO_VENDOR_ID | VENDOR_ID | WHERE_CLAUSE,Finance & Contrôle,Achats & Fournisseurs,Finance & Contrôle,0.8808,high,0,0.5,model_disagrees_with_llm_high_conf
1036647,SYSADM.PS_FS_MAP_CX_TRAN,PS_FS_MAP_CX_TRAN,FS_MAP_EXTR_CHECK | FS_MAP_EXTR_FROM | FS_MAP_EXTR_REPL | FS_MAP_EXTR_TO | FS_MAP_GROUP_SEQ | FS_MAP_ID | FS_MAP_TRG_FLD | QRYCOLUMN,Finance & Contrôle,Other,Finance & Contrôle,0.8821,high,0,0.5,model_disagrees_with_llm_high_conf
1113901,EORD_DSET_LNG,PS_EORD_DSET_LNG,DESCR254 | EORD_DEL_SET | LANGUAGE_CD,Ventes & Clients,Other,IT & Sécurité,0.8821,high,0,0.5,model_disagrees_with_llm_high_conf
1085667,AMSEC101_RQST2,PS_AMSEC101_RQST2,BOOK | BUSINESS_UNIT | DEPR_BONUS_PCT | DEPR_BONUS_SW1 | OPRID | PROFILE_ID | REQUEST_ID | RUN_CNTL_ID | SETID,Finance & Contrôle,IT & Sécurité,Finance & Contrôle,0.8821,high,0,0.5,model_disagrees_with_llm_high_conf
1006394,SYSADM.PS_AMSEC101_RQST2,PS_AMSEC101_RQST2,BOOK | BUSINESS_UNIT | DEPR_BONUS_PCT | DEPR_BONUS_SW1 | OPRID | PROFILE_ID | REQUEST_ID | RUN_CNTL_ID | SETID,Finance & Contrôle,IT & Sécurité,Finance & Contrôle,0.8824,high,0,0.5,model_disagrees_with_llm_high_conf
1095955,CC_MC_TBL5110,PS_CC_MC_TBL5110,CC_MC_PARENTREC | CC_MC_PARENTSEQNO | CC_MC_REC_TYPE | CC_MC_SEQNO | CRDMEM_ACCT_NBR | MC_CITY | MC_CONTACTFUNCTION | MC_CONTACTNAME | MC_COUNTRYCODE | MC_EMAILADDRESS | MC_FUNCTION | MC_LOADDATE | MC_LOADTIME | MC_MAINTAINCODE | MC_NAME1 | MC_NAME2 | MC_NAME3 | MC_PARTYID | MC_PARTYTYPE | MC_PHONENBR | MC_POSTALCODE | MC_RECSEQNUM | MC_REJECTREASON1 | MC_REJECTREASON2 | MC_REJECTREASON3 | MC_STATEPROVINCE | MC_STREET1 | MC_STREET2 | MC_STREET3 | MC_STREET4 | MC_STREET5 | MC_STREET6 | POST_DT | TRANS_NBR,Other,Finance & Contrôle,Other,0.8835,high,0,0.5,model_disagrees_with_llm_high_conf
1114439,EX_ADV_HDR_H,PS_EX_ADV_HDR_H,ACCOUNTING_DT | ACTION_NAME | ADVANCE_ID | ADVANCE_NAME | ADV_STATUS | APPL_JRNL_ID | APPROVAL_DT | APPROVAL_LEVEL | APPR_PROCESS_FLAG | AUDIT_DT | AUDIT_OPRID | BALANCE | BEGIN_DT | BUSINESS_PURPOSE | BUSINESS_UNIT_GL | COMMENTS | CREATION_DT | CURRENCY_CD | DATE_TIME_HM | DOC_SEQ_DATE | DOC_SEQ_NBR | DOC_TYPE | DST_CNTRL_ID | EMPLID | EMPL_RCD | END_DT | EX_ORIGIN | INTERVAL_PERIOD | LASTUPDDTTM | OPRID_ENTERED_BY | OPRID_LAST_ACTION | OPRID_LAST_UPDT | ORIG_ACCT_DT | POST_STATUS_EX | PROCESS_FLAG | PROCESS_INSTANCE | PSARCH_BATCHNUM | PSARCH_ID | RCPT_VERIFY_DT | RCPT_VERIFY_OPRID | RECEIPTS_RECEIVED | RECONCILE_DT | RECREATE_DATE | RECREATE_STATUS | REFERENCE_ID | REOCCURRING_ADV | RESUBMISSION_DT | REVERSAL_DATE | RISK_EXISTS_FLG | SETID | SHEET_ID | SUBMISSION_DATE | SUBMIT_OPRID | TOTAL_AMT | TRAVEL_AUTH_ID | UNPOST_SEQ,RH,Finance & Contrôle,RH,0.884,high,0,0.5,model_disagrees_with_llm_high_conf
1145859,PTDM_XMLDATA,PS_PTDM_XMLDATA,ATTACHSYSFILENAME | FILE_DATA | FILE_SEQ | FILE_SIZE | LASTUPDDTTM | LASTUPDOPRID | VERSION,IT & Sécurité,Other,IT & Sécurité,0.884,high,0,0.5,model_disagrees_with_llm_high_conf
1134910,PC_SCH_PRODUCT,PS_PC_SCH_PRODUCT,DESCR | ODBC_ALIAS | PC_SCH_PRODUCT | PC_TRACE_LOG,IT & Sécurité,Other,Supply Chain / Logistique / Production,0.8847,high,0,0.5,model_disagrees_with_llm_high_conf
1078119,SYSADM.PS_TSE_MISC_FLD,PS_TSE_MISC_FLD,BUSINESS_UNIT | DST_ACCT_TYPE | MESSAGE_NBR | MESSAGE_PARM | MESSAGE_PARM2 | MESSAGE_PARM3 | MESSAGE_SET_NBR | MISC_CHARGE_CODE | TSE_EDIT_TYPE | TSE_FIELDNAME | TSE_JOBID | TSE_PROC_INSTANCE | TSE_SET_NBR | VOUCHER_ID,Finance & Contrôle,IT & Sécurité,Finance & Contrôle,0.8847,high,0,0.5,model_disagrees_with_llm_high_conf
1130797,OMBI_DISTRB_TMP,PS_OMBI_DISTRB_TMP,DISTRIB_SET_ID | DST_ID_DIS | DST_ID_REV | DST_ID_SUR | DST_PCT_DIS | DST_PCT_REV | DST_PCT_SUR | INTFC_ID | INTFC_LINE_NUM | PROCESS_INSTANCE | TRANS_TYPE_BI | TRANS_TYPE_BI_SEQ,Finance & Contrôle,IT & Sécurité,Finance & Contrôle,0.8848,high,0,0.5,model_disagrees_with_llm_high_conf
1036043,SYSADM.PS_FO_SC_CFG_DTL,PS_FO_SC_CFG_DTL,BASE_RECORD | DECIMAL_POS | EDITTABLE | FIELDNAME | FO_SC_BLD_IN_LIST | FO_SC_CRIT_NAME | FO_SC_EDIT_TYPE | FO_SC_OPERATOR | FO_SRCH_CRIT_ID | ORDERNO | PARENTFIELDNAME | RECNAME | REQUIRED_FLG | SELECTED_FLAG,IT & Sécurité,Other,IT & Sécurité,0.8859,high,0,0.5,model_disagrees_with_llm_high_conf
1027752,SYSADM.PS_DP_IPRDOUPD_RUN,PS_DP_IPRDOUPD_RUN,BUSINESS_UNIT | BUS_UNIT_OPTION | DP_FCIP_OPTION | DP_IP_SELECTION | DP_IPUPD_METHOD | DP_PLANATTRIB_UPD | DP_PUBLISHNAME | DP_REPLATTRIB_UPD | DP_STOCK_UPD | DP_UTILATTRIB_UPD | FORECAST_SET | MFG_ORDER_MOD | OPRID | PROCESS_INSTANCE | PUR_ORDER_MOD | RUN_CNTL_ID | TRANSFER_ORD_MOD,IT & Sécurité,Supply Chain / Logistique / Production,IT & Sécurité,0.8873,high,0,0.5,model_disagrees_with_llm_high_conf
1165976,UA_VNDRWTHD_TMP,PS_UA_VNDRWTHD_TMP,ADDRESS1 | ADDRESS2 | ADDRESS3 | ADDRESS4 | ADDRESS_SEQ_NUM | ADDR_FIELD1 | ADDR_FIELD2 | ADDR_FIELD3 | BIRTHDATE | BIRTHPLACE | BOND_PREMIUM | BOND_PREMIUM_TAXEX | CERTIFICATE_EXP_DT | CERTIFICATE_NUM | CERTIFICATE_TYPE | CITY | COMPANY_FLG | COUNTRY | COUNTRY_PAID | COUNTY | DIRECT_SALES | EFFDT | EFF_STATUS | FATCA_INDICATOR | FLAG | FOREIGN_TAX_PAID | GBR_REG_NO | GBR_VENDOR_TYPE | GBR_VERIFY | GBR_VERIFY_DATE | GBR_VERIFY_NBR | GEO_CODE | HOUSE_TYPE | IN_CITY_LIMIT | MARKET_DISCOUNT | NAME1 | NAME2 | NUM1 | NUM2 | NUM_CHILDREN | POSTAL | PRCNT_WTHHLD | PRIVATE_BOND_INT | PROFESSION | REPORT_BOND_PREM | SECOND_TIN | SETID | SEX | STATE | STATE_TAX_WH | TAX_DIST_REF | TAX_EXMPT_INTEREST | TIN | TIN_TYPE | TRADE_BUS_INC | VENDOR_ID | VNDR_LOC | WTHD_CONTROL_NAME | WTHD_ENTITY | WTHD_IND | WTHD_PAN_NUM | WTHD_PAN_WARD,Finance & Contrôle,Achats & Fournisseurs,Finance & Contrôle,0.8884,high,0,0.5,model_disagrees_with_llm_high_conf
1059441,SYSADM.PS_PI_SCAN_HIST,PS_PI_SCAN_HIST,AREA_ID | ASSET_ID | BUSINESS_UNIT | COMMENTS | HAND_HELD_OPERATOR | LAST_SCAN_DTTM | LOCATION | OLD_AREA_ID | OLD_LOCATION | OVERWRITE_AREA_ID | OVERWRITE_LOCATION | PI_ID | PI_LOC_CHG_ERR | PI_OVERWRITE_LOC | SCAN_BY_OPTION | SCAN_TYPE | SERIAL_ID | TAG_NUMBER,Supply Chain / Logistique / Production,IT & Sécurité,Supply Chain / Logistique / Production,0.8904,high,0,0.5,model_disagrees_with_llm_high_conf
1072168,SYSADM.PS_RT_DFLT_TMP,PS_RT_DFLT_TMP,BEGIN_DT | EFFDT | END_DT | FROM_CUR | PROCESS_INSTANCE | RATE_DIV | RATE_MULT | RT_TYPE | TO_CUR,Finance & Contrôle,IT & Sécurité,Finance & Contrôle,0.8907,high,0,0.5,model_disagrees_with_llm_high_conf
1066930,SYSADM.PS_PTCSSRVDEFNLANG,PS_PTCSSRVDEFNLANG,DESCR254 | LANGUAGE_CD | PTCS_SERVICEID | PTCS_SERVICENAME | PTCS_SRVHELPTEXT,IT & Sécurité,Other,IT & Sécurité,0.8908,high,0,0.5,model_disagrees_with_llm_high_conf
1130179,NAME_SUFFIX_LNG,PS_NAME_SUFFIX_LNG,DESCR | DESCRSHORT | LANGUAGE_CD | NAME_SUFFIX,RH,Other,Supply Chain / Logistique / Production,0.8909,high,0,0.5,model_disagrees_with_llm_high_conf
1093126,BS_STMT_EC_S,PS_BS_STMT_EC_S,BNK_LOAD_DTTM | BSP_PRCS_DT | DESCRLONG | EVENT_TRACKING_ID | FILE_CREATE_DT | FILE_CREATE_TIME | FILE_ID | IMPORT_FILE_ID | LOADED_SW | OPRID | RECEIVER | REQUEST_ID | RESPONSE | SENDER | STATEMENT_ID | TEST_CASE,Finance & Contrôle,IT & Sécurité,Finance & Contrôle,0.891,high,0,0.5,model_disagrees_with_llm_high_conf
1011276,SYSADM.PS_BID_FCTR_CLAUSE,PS_BID_FCTR_CLAUSE,BID_FACTOR_CD | CS_BODY_TYPE | CS_OBJECT_ID | EFFDT | SEQ_NBR_5 | SETID,Achats & Fournisseurs,Other,Achats & Fournisseurs,0.8916,high,0,0.5,model_disagrees_with_llm_high_conf
1120293,GM_BUD_HDR_TEOA,PS_GM_BUD_HDR_TEOA,ASOF_DT | DTTM_STAMP | EO_AUDIT_FLG | EXCEPTION_INFO | FIELDNAME | FIELD_VALUE | FROM_CURRENCY | KEY10_FLDNAME | KEY10_FLD_VAL | KEY11_FLDNAME | KEY11_FLD_VAL | KEY12_FLDNAME | KEY12_FLD_VAL | KEY13_FLDNAME | KEY13_FLD_VAL | KEY14_FLDNAME | KEY14_FLD_VAL | KEY15_FLDNAME | KEY15_FLD_VAL | KEY16_FLDNAME | KEY16_FLD_VAL | KEY1_FLDNAME | KEY1_FLD_VAL | KEY2_FLDNAME | KEY2_FLD_VAL | KEY3_FLDNAME | KEY3_FLD_VAL | KEY4_FLDNAME | KEY4_FLD_VAL | KEY5_FLDNAME | KEY5_FLD_VAL | KEY6_FLDNAME | KEY6_FLD_VAL | KEY7_FLDNAME | KEY7_FLD_VAL | KEY8_FLDNAME | KEY8_FLD_VAL | KEY9_FLDNAME | KEY9_FLD_VAL | OPRID | PROCESS_INSTANCE | PROC_GRP_ID | RATE_DIV | RATE_MULT | RECNAME | RT_DIV_FLDNAME | RT_MULT_FLDNAME | RULE_INSTNC_NBR | RUN_CNTL_ID | TO_CURRENCY,Finance & Contrôle,IT & Sécurité,Finance & Contrôle,0.8917,high,0,0.5,model_disagrees_with_llm_high_conf
1091125,BID_FCTR_CLAUSE,PS_BID_FCTR_CLAUSE,BID_FACTOR_CD | CS_BODY_TYPE | CS_OBJECT_ID | EFFDT | SEQ_NBR_5 | SETID,Achats & Fournisseurs,Other,Achats & Fournisseurs,0.892,high,0,0.5,model_disagrees_with_llm_high_conf
1049991,SYSADM.PS_OMB_CSTEX_TAO,PS_OMB_CSTEX_TAO,DTTM_FROM | DTTM_TO | EXCPTN_TYPE | PROCESS_INSTANCE | SETID_CUSTOMER | SHIP_TO_CUST_ID,Supply Chain / Logistique / Production,IT & Sécurité,Supply Chain / Logistique / Production,0.8924,high,0,0.5,model_disagrees_with_llm_high_conf
1155190,RUN_FAIREPORTS,PS_RUN_FAIREPORTS,ACCT_FROM_DT | ACCT_TO_DT | AS_OF_DATE | BUSINESS_UNIT | DESCR | EXT_SYSTEM_ID | LANGUAGE_CD | OPRID | PROCESS_FREQUENCY | PROCESS_INSTANCE | REQUEST_NBR | RUN_CNTL_ID,Finance & Contrôle,IT & Sécurité,Finance & Contrôle,0.8928,high,0,0.5,model_disagrees_with_llm_high_conf
1096038,CCR_FILE_DTL,PS_CCR_FILE_DTL,CCR_FILE_STATUS | CCR_VNDR_LOAD_CD | DESCR254 | FILE_NAME | PROCESS_INSTANCE | SEQUENCENO | SOURCE_SYSTEM,Achats & Fournisseurs,IT & Sécurité,Finance & Contrôle,0.8929,high,0,0.5,model_disagrees_with_llm_high_conf
1122081,GRP_AP_TEOA,PS_GRP_AP_TEOA,ASOF_DT | DTTM_STAMP | EO_AUDIT_FLG | EXCEPTION_INFO | FIELDNAME | FIELD_VALUE | FROM_CURRENCY | KEY10_FLDNAME | KEY10_FLD_VAL | KEY11_FLDNAME | KEY11_FLD_VAL | KEY12_FLDNAME | KEY12_FLD_VAL | KEY13_FLDNAME | KEY13_FLD_VAL | KEY14_FLDNAME | KEY14_FLD_VAL | KEY15_FLDNAME | KEY15_FLD_VAL | KEY16_FLDNAME | KEY16_FLD_VAL | KEY1_FLDNAME | KEY1_FLD_VAL | KEY2_FLDNAME | KEY2_FLD_VAL | KEY3_FLDNAME | KEY3_FLD_VAL | KEY4_FLDNAME | KEY4_FLD_VAL | KEY5_FLDNAME | KEY5_FLD_VAL | KEY6_FLDNAME | KEY6_FLD_VAL | KEY7_FLDNAME | KEY7_FLD_VAL | KEY8_FLDNAME | KEY8_FLD_VAL | KEY9_FLDNAME | KEY9_FLD_VAL | OPRID | PROCESS_INSTANCE | PROC_GRP_ID | RATE_DIV | RATE_MULT | RECNAME | RT_DIV_FLDNAME | RT_MULT_FLDNAME | RULE_INSTNC_NBR | RUN_CNTL_ID | TO_CURRENCY,Finance & Contrôle,IT & Sécurité,Finance & Contrôle,0.8941,high,0,0.5,model_disagrees_with_llm_high_conf
1154619,RT_DFLT_TMP,PS_RT_DFLT_TMP,BEGIN_DT | EFFDT | END_DT | FROM_CUR | PROCESS_INSTANCE | RATE_DIV | RATE_MULT | RT_TYPE | TO_CUR,Finance & Contrôle,IT & Sécurité,Finance & Contrôle,0.8944,high,0,0.5,model_disagrees_with_llm_high_conf
1103424,DLV_SCEXC_TAO,PS_DLV_SCEXC_TAO,BUSINESS_UNIT | FREIGHT_CHARGE | FREIGHT_CHARGE_BSE | FREIGHT_CHG_DO | FREIGHT_CHG_DO_BSE | FREIGHT_CHG_SC | FREIGHT_CHG_SC_BSE | FREIGHT_TAX_AMT | FREIGHT_TAX_BASE | FREIGHT_TAX_DO_AMT | FREIGHT_TAX_DO_BSE | FREIGHT_TAX_SC_AMT | FREIGHT_TAX_SC_BSE | ORDER_NO | PROCESS_INSTANCE | UPDATE_FLAG,Supply Chain / Logistique / Production,Finance & Contrôle,Supply Chain / Logistique / Production,0.8948,high,0,0.5,model_disagrees_with_llm_high_conf
1038966,SYSADM.PS_GM_US_GOV_CD,PS_GM_US_GOV_CD,EFFDT | EFF_STATUS | SETID | USA_AGY_NAME | USA_GOV_CD,RH,Other,RH,0.8984,high,0,0.5,model_disagrees_with_llm_high_conf
1084539,AGENCY_TBL,PS_AGENCY_TBL,ADDRESS1 | AGENCY_ID | AGENCY_NAME | AGENCY_TYPE | COMMENTS | CONTACT_NAME | EFFDT | EFF_STATUS | FAX | PHONE_NUM | SETID,Achats & Fournisseurs,Other,RH,0.8986,high,0,0.5,model_disagrees_with_llm_high_conf
1067115,SYSADM.PS_PTIASPPKGCATPI,PS_PTIASPPKGCATPI,PTIASPPKGGUID | PTIASPSPVERS | PTIASPSPVERSPRE,IT & Sécurité,Other,IT & Sécurité,0.8988,high,0,0.5,model_disagrees_with_llm_high_conf
1151440,RE_OPEX_XREF,PS_RE_OPEX_XREF,COMMENTS | EOAWDEFN_ID | EOAWDTTM_MODIFIED | EOAWPARENT_THREAD | EOAWPRCS_ID | EOAWREQUESTOR_ID | EOAWTHREAD_ID | EOAWTHREAD_STATUS | OPEXAUDIT_ID | ORIGINATORID | RECNAME,Finance & Contrôle,IT & Sécurité,Other,0.9,high,0,0.5,model_disagrees_with_llm_high_conf
1038928,SYSADM.PS_GM_SCHEMA_LNG,PS_GM_SCHEMA_LNG,DESCR | DESCR_LONG | LANGUAGE_CD | SCHEMA_NAME | SETID,IT & Sécurité,Other,IT & Sécurité,0.9002,high,0,0.5,model_disagrees_with_llm_high_conf
1060177,SYSADM.PS_PM_CLASSIFICATE,PS_PM_CLASSIFICATE,CLASSIFICATION | DESCR | DESCRSHORT | EFFDT | EFF_STATUS | SETID,RH,Other,Finance & Contrôle,0.901,high,0,0.5,model_disagrees_with_llm_high_conf
1113386,EO_OMPPX2_TAO,PS_EO_OMPPX2_TAO,BUSINESS_UNIT_IN | CURRENCY_CD | EFFDT | PROCESS_INSTANCE | PRODUCT_ID | SETID | TO_CURRENCY_CD | TOT_QTY | UNIT_OF_MEASURE,Supply Chain / Logistique / Production,IT & Sécurité,Finance & Contrôle,0.9016,high,0,0.5,model_disagrees_with_llm_high_conf
1063180,SYSADM.PS_POREQHDR_TEOA,PS_POREQHDR_TEOA,ASOF_DT | DTTM_STAMP | EO_AUDIT_FLG | EXCEPTION_INFO | FIELDNAME | FIELD_VALUE | FROM_CURRENCY | KEY10_FLDNAME | KEY10_FLD_VAL | KEY11_FLDNAME | KEY11_FLD_VAL | KEY12_FLDNAME | KEY12_FLD_VAL | KEY13_FLDNAME | KEY13_FLD_VAL | KEY14_FLDNAME | KEY14_FLD_VAL | KEY15_FLDNAME | KEY15_FLD_VAL | KEY16_FLDNAME | KEY16_FLD_VAL | KEY1_FLDNAME | KEY1_FLD_VAL | KEY2_FLDNAME | KEY2_FLD_VAL | KEY3_FLDNAME | KEY3_FLD_VAL | KEY4_FLDNAME | KEY4_FLD_VAL | KEY5_FLDNAME | KEY5_FLD_VAL | KEY6_FLDNAME | KEY6_FLD_VAL | KEY7_FLDNAME | KEY7_FLD_VAL | KEY8_FLDNAME | KEY8_FLD_VAL | KEY9_FLDNAME | KEY9_FLD_VAL | OPRID | PROCESS_INSTANCE | PROC_GRP_ID | RATE_DIV | RATE_MULT | RECNAME | RT_DIV_FLDNAME | RT_MULT_FLDNAME | RULE_INSTNC_NBR | RUN_CNTL_ID | TO_CURRENCY,Achats & Fournisseurs,IT & Sécurité,Achats & Fournisseurs,0.9018,high,0,0.5,model_disagrees_with_llm_high_conf
1026688,SYSADM.PS_DLV_SCEXC_TAO,PS_DLV_SCEXC_TAO,BUSINESS_UNIT | FREIGHT_CHARGE | FREIGHT_CHARGE_BSE | FREIGHT_CHG_DO | FREIGHT_CHG_DO_BSE | FREIGHT_CHG_SC | FREIGHT_CHG_SC_BSE | FREIGHT_TAX_AMT | FREIGHT_TAX_BASE | FREIGHT_TAX_DO_AMT | FREIGHT_TAX_DO_BSE | FREIGHT_TAX_SC_AMT | FREIGHT_TAX_SC_BSE | ORDER_NO | PROCESS_INSTANCE | UPDATE_FLAG,Supply Chain / Logistique / Production,Finance & Contrôle,Supply Chain / Logistique / Production,0.9019,high,0,0.5,model_disagrees_with_llm_high_conf
1138854,POREQHDR_TEOA,PS_POREQHDR_TEOA,ASOF_DT | DTTM_STAMP | EO_AUDIT_FLG | EXCEPTION_INFO | FIELDNAME | FIELD_VALUE | FROM_CURRENCY | KEY10_FLDNAME | KEY10_FLD_VAL | KEY11_FLDNAME | KEY11_FLD_VAL | KEY12_FLDNAME | KEY12_FLD_VAL | KEY13_FLDNAME | KEY13_FLD_VAL | KEY14_FLDNAME | KEY14_FLD_VAL | KEY15_FLDNAME | KEY15_FLD_VAL | KEY16_FLDNAME | KEY16_FLD_VAL | KEY1_FLDNAME | KEY1_FLD_VAL | KEY2_FLDNAME | KEY2_FLD_VAL | KEY3_FLDNAME | KEY3_FLD_VAL | KEY4_FLDNAME | KEY4_FLD_VAL | KEY5_FLDNAME | KEY5_FLD_VAL | KEY6_FLDNAME | KEY6_FLD_VAL | KEY7_FLDNAME | KEY7_FLD_VAL | KEY8_FLDNAME | KEY8_FLD_VAL | KEY9_FLDNAME | KEY9_FLD_VAL | OPRID | PROCESS_INSTANCE | PROC_GRP_ID | RATE_DIV | RATE_MULT | RECNAME | RT_DIV_FLDNAME | RT_MULT_FLDNAME | RULE_INSTNC_NBR | RUN_CNTL_ID | TO_CURRENCY,Achats & Fournisseurs,IT & Sécurité,Achats & Fournisseurs,0.902,high,0,0.5,model_disagrees_with_llm_high_conf
1140867,PROD_ITEM,PS_PROD_ITEM,ACTIVITY_ID | ADJUST_ALTCOST_FLG | ADJUST_ALTCOST_PCT | APPLIES_TO | BP_DTL_TMPL_ID | BUSINESS_UNIT_PC | CA_AP_TMPL_ID | CA_BP_TMPL_ID | CATALOG_NBR | CFG_CODE_OPT | CFG_KIT_FLAG | COMM_FLAG | COMM_PCT | COST_ELEMENT | CP_TEMPLATE_ID | CP_TREE_DIST | DATETIME_ADDED | DESCR | DESCR254 | DROP_SHIP_FLAG | EFF_STATUS | EOEP_MRGBASE_FLG | EXPORT_LIC_REQ | FORECAST_ITEM_FLAG | HOLD_UPDATE_SW | INV_ITEM_ID | LAST_MAINT_OPRID | LASTUPDDTTM | LOWER_MARGIN_PCT | MODEL_NBR | PERCENTAGE | PHYSICAL_NATURE | PRICE_KIT_FLAG | PRICING_STRUCTURE | PROD_BRAND | PROD_CATEGORY | PROD_FIELD_C10_A | PROD_FIELD_C10_B | PROD_FIELD_C10_C | PROD_FIELD_C10_D | PROD_FIELD_C1_A | PROD_FIELD_C1_B | PROD_FIELD_C1_C | PROD_FIELD_C1_D | PROD_FIELD_C2 | PROD_FIELD_C30_A | PROD_FIELD_C30_B | PROD_FIELD_C30_C | PROD_FIELD_C30_D | PROD_FIELD_C4 | PROD_FIELD_C6 | PROD_FIELD_C8 | PROD_FIELD_N12_A | PROD_FIELD_N12_B | PROD_FIELD_N12_C | PROD_FIELD_N12_D | PROD_FIELD_N15_A | PROD_FIELD_N15_B | PROD_FIELD_N15_C | PROD_FIELD_N15_D | PRODUCT_ID | PRODUCT_KIT_FLAG | PRODUCT_USE | PROJECT_ID | RENEWABLE | RENEWAL_ACTION | RETURN_FLAG | REV_RECOG_METHOD | RNW_TEMPLATE_ID | SETID | TAX_PRODUCT_NBR | TAX_TRANS_SUB_TYPE | TAX_TRANS_TYPE | THIRD_PARTY_FLG | UPPER_MARGIN_PCT | VAT_SVC_PERFRM_FLG,Supply Chain / Logistique / Production,Finance & Contrôle,Supply Chain / Logistique / Production,0.9021,high,0,0.5,model_disagrees_with_llm_high_conf
1048493,SYSADM.PS_NET_MANRQST_LNG,PS_NET_MANRQST_LNG,DESCR | LANGUAGE_CD | NET_REF_ID,IT & Sécurité,Other,IT & Sécurité,0.9031,high,0,0.5,model_disagrees_with_llm_high_conf
1137928,PO_DFLT_DISTRIB,PS_PO_DFLT_DISTRIB,ACCOUNT | ACTIVITY_ID | AFFILIATE | AFFILIATE_INTRA1 | AFFILIATE_INTRA2 | ALTACCT | ANALYSIS_TYPE | BUDGET_DT | BUDGET_REF | BUSINESS_UNIT | BUSINESS_UNIT_AM | BUSINESS_UNIT_GL | BUSINESS_UNIT_IN | BUSINESS_UNIT_PC | CHARTFIELD1 | CHARTFIELD2 | CHARTFIELD3 | CLASS_FLD | COST_TYPE | DEPTID | DISTRIB_LINE_NUM | DISTRIB_PCT | ENTRY_EVENT | FINANCIAL_ASSET_SW | FUND_CODE | LOCATION | OPERATING_UNIT | PO_ID | PRODUCT | PROFILE_ID | PROGRAM_CODE | PROJECT_ID | RESOURCE_CATEGORY | RESOURCE_SUB_CAT | RESOURCE_TYPE | STATISTICS_CODE,Finance & Contrôle,Achats & Fournisseurs,Finance & Contrôle,0.9033,high,0,0.5,model_disagrees_with_llm_high_conf
1113385,EO_OMPPX1_TAO,PS_EO_OMPPX1_TAO,BUSINESS_UNIT_IN | CURRENCY_CD | EFFDT | PROCESS_INSTANCE | PRODUCT_ID | SETID | TO_CURRENCY_CD | TOT_QTY | UNIT_OF_MEASURE,Supply Chain / Logistique / Production,IT & Sécurité,Finance & Contrôle,0.9037,high,0,0.5,model_disagrees_with_llm_high_conf
1089361,AUC_LN_CNST_ATT,PS_AUC_LN_CNST_ATT,AUC_ID | AUC_ROUND | AUC_VERSION | AWARD_BASIS | AWARD_OPERAND | AWARD_VAL1 | AWARD_VAL2 | BF_VAL_DT1 | BF_VAL_DT2 | BF_VAL_NBR1 | BF_VAL_NBR2 | BF_VAL_YN | BID_FACTOR_CD | BID_FACTOR_TYPE | BID_FCTR_OPERAND | BUSINESS_UNIT | CONST_APPLY | CONST_ATTR_BASE | CONST_ATTR_NBR | CONST_AWARD | CONST_EXPRESSION | CONST_NBR | LINE_NBR,Achats & Fournisseurs,Other,IT & Sécurité,0.9051,high,0,0.5,model_disagrees_with_llm_high_conf
1074781,SYSADM.PS_SPF_INVL3_TAO,PS_SPF_INVL3_TAO,BUSINESS_UNIT | DATETIME_STAMP | INV_LINE_STATUS | INVOICE_ID | INVOICE_LINE | NAME_DISPLAY | PROCESS_INSTANCE | SEQNUM,Supply Chain / Logistique / Production,Finance & Contrôle,IT & Sécurité,0.9053,high,0,0.5,model_disagrees_with_llm_high_conf
1117015,FINT_EXP_SPECS,PS_FINT_EXP_SPECS,DESCR | DP_ACCUMULATEDMD | DP_CALENDARID | DP_CAPTION | DP_CREATEFCITEMS | DP_DATEUPDATED | DP_DDH_BI | DP_DDH_IN | DP_DDH_OM | DP_DDH_PL | DP_DDH_PR | DP_DDH_SO | DP_DDH_TR | DP_DHLOADER_UOM | DP_FCST_KIT_SPEC | DP_RESETPERCENT | DP_SPECS_ID | DP_SPEC_STATUS | DP_UPDATEDBY | DP_WEIGHTPROFILE | END_TIME | FINT_DELIMITER | MAPID | MG_SHIFT | OPRID_LAST_UPDT | START_TIME,Supply Chain / Logistique / Production,Other,Supply Chain / Logistique / Production,0.9058,high,0,0.5,model_disagrees_with_llm_high_conf
1163898,TD_FINUP_SETID,PS_TD_FINUP_SETID,OPRID | RUN_CNTL_ID | SETID,Finance & Contrôle,IT & Sécurité,Finance & Contrôle,0.906,high,0,0.5,model_disagrees_with_llm_high_conf
1028083,SYSADM.PS_DST_CNTRL_HDR_L,PS_DST_CNTRL_HDR_L,DESCR | DESCRSHORT | DST_CNTRL_ID | LANGUAGE_CD | SETID,IT & Sécurité,Other,Ventes & Clients,0.9066,high,0,0.5,model_disagrees_with_llm_high_conf
1036679,SYSADM.PS_FS_MAP_TRAN_DTL,PS_FS_MAP_TRAN_DTL,FS_MAP_ACT_OUTPUT | FS_MAP_ACT_PRM1 | FS_MAP_ACT_PRM2 | FS_MAP_ACT_PRM3 | FS_MAP_ACT_PRM4 | FS_MAP_ACT_TYPE | FS_MAP_CANCEL_PB | FS_MAP_EDIT_PB | FS_MAP_GROUP_SEQ | FS_MAP_ID | FS_MAP_OK_PB | FS_MAP_SEQ | FS_MAP_SRC_FLD | FS_MAP_TRG_FLD | QRYCOLUMN,IT & Sécurité,Other,Finance & Contrôle,0.9068,high,0,0.5,model_disagrees_with_llm_high_conf
1162023,SPREQLN_PT_TEO2,PS_SPREQLN_PT_TEO2,BUSINESS_UNIT | CURRENCY_CD | CURRENCY_CD_BASE | EO_FROM_CURRENCY | EO_PROCESS_INST | LINE_NBR | SP_3RDPARTY_MARKUP | SP_3RDPARTY_VNDR | SP_3RDPTY_MKUP_BSE | SP_3RDPTY_MKUP_PCT | SP_FIXED_COST | SP_FIXED_COST_BSE | SP_PAY_RATE | SP_PAY_RATE_BSE | SP_REQ_ID | SP_VNDR_MARKUP | SP_VNDR_MARKUP_BSE | SP_VNDR_MARKUP_PCT,Finance & Contrôle,Achats & Fournisseurs,Finance & Contrôle,0.9076,high,0,0.5,model_disagrees_with_llm_high_conf
1085749,AM_TYPE_WHERE,PS_AM_TYPE_WHERE,MC_SEQ | MC_STMNT_SEQ | MC_TYPE_ID | MC_WHERE_STMNT | SEQUENCE_NBR_6,IT & Sécurité,Other,IT & Sécurité,0.9091,high,0,0.5,model_disagrees_with_llm_high_conf
1050682,SYSADM.PS_OMBI_PRC2_TAO,PS_OMBI_PRC2_TAO,BILLED_QTY | BUSINESS_UNIT | INVOICED_QTY | ORDER_INT_LINE_NO | ORDER_NO | PRC_SCHED_NBR | PROCESS_INSTANCE | SCHED_LINE_NBR,Supply Chain / Logistique / Production,IT & Sécurité,Supply Chain / Logistique / Production,0.9097,high,0,0.5,model_disagrees_with_llm_high_conf
1036673,SYSADM.PS_FS_MAP_TC_DTL,PS_FS_MAP_TC_DTL,FS_MAP_CC_DLMT | FS_MAP_ID | FS_MAP_TRG_FLD,Finance & Contrôle,Other,IT & Sécurité,0.9102,high,0,0.5,model_disagrees_with_llm_high_conf
1131704,OMPB_RULE,PS_OMPB_RULE,BUSINESS_UNIT | EOEP_ACTION_TYPE | EOEP_ADJ_METHOD | EOEP_ALTCSTUSE_FLG | EOEP_APP_CD | EOEP_BAUSE_FLG | EOEP_CHILD_CDS | EOEP_COSTUSE_FLG | EOEP_LISTUSE_FLG | EOEP_LONG | EOEP_MAXQTY_UOM | EOEP_MAX_QUANTITY | EOEP_MEPR_FLG | EOEP_ONETIME_FLG | EOEP_PRCBASE_FLG | EOEP_PRC_MATCH_FLG | EOEP_PTD_FLG | EOEP_ROLLUP_FLG | EOEP_ROLLUP_RULE | EOEP_ROUND_FLG | EOEP_ROUND_ID | EOEP_RULE_ID | EOEP_RULE_STATUS | EOEP_RULEXCL_FLG | EOEP_SOURCE | EOEP_STOP_FLG | EOEP_TD_PROMO_CD | EOEP_TIERED_FLG | EOEP_TIERED_INCRE | EOEP_UOMROLLUP_FLG | EOEP_USE_GRC_DAYS | MERCH_TYPE | OMPB_ACTIVE_ROW | OMPB_BOOK_DEFN_ID | OMPB_BOOK_ID | OMPB_INSTANCE | PRICEPGM_FLAG,Finance & Contrôle,IT & Sécurité,Finance & Contrôle,0.9103,high,0,0.5,model_disagrees_with_llm_high_conf
1130863,OMBI_PRC2_TAO,PS_OMBI_PRC2_TAO,BILLED_QTY | BUSINESS_UNIT | INVOICED_QTY | ORDER_INT_LINE_NO | ORDER_NO | PRC_SCHED_NBR | PROCESS_INSTANCE | SCHED_LINE_NBR,Supply Chain / Logistique / Production,IT & Sécurité,Supply Chain / Logistique / Production,0.9108,high,0,0.5,model_disagrees_with_llm_high_conf
1007738,SYSADM.PS_AP_MTPOLN_T,PS_AP_MTPOLN_T,AMT_MATCHED_PO | AMT_ONLY_FLG | BUSINESS_UNIT_PO | BUYER_ID | CAT_LINE_NBR | CNTRCT_ID | CNTRCT_LINE_NBR | CNTRCT_SETID | CURRENCY_CD_PO | DISTRIB_MTHD_FLG | DUE_DT | EXT_PRC_TOL | EXT_PRC_TOL_L | FREIGHT_TERMS | FROZEN_FLG | INSPECT_CD | INV_ITEM_ID_PO | ITM_ID_VNDR | ITM_SETID_PO | LINE_NBR | MATCH_ACTION | MATCH_CNTRL_ID | MATCH_LINE_OPT | MATCH_STATUS_LN_PO | MATCH_STATUS_PO | MERCH_AMT_PO | ORIGIN | ORIG_PROM_DT | PCT_EXT_PRC_TOL | PCT_EXT_PRC_TOL_L | PCT_UNDER_QTY | PCT_UNIT_PRC_TOL | PCT_UNIT_PRC_TOL_L | PO_DT | PO_ID | PO_STATUS | PO_TYPE | PRICE_CAN_CHANGE | PRICE_PO | PROCESS_INSTANCE | PYMNT_TERMS_CD_PO | QTY_MATCHED_PO | QTY_PO | QTY_RECV_TOL_PCT | QTY_RECV_TOL_PCT2 | RECV_REQ | RECV_STATUS | RJCT_OVER_TOL_FLAG | RT_TYPE_PO | SCHED_NBR | SHIPTO_ID | TAX_EXEMPT | UNIT_PRC_TOL | UNIT_PRC_TOL_L | UOM_PO | VENDOR_PO | VERSION_NBR | VNDR_LOC_PO | VNDR_SETID_PO | ZERO_PRICE_IND,Achats & Fournisseurs,Finance & Contrôle,Achats & Fournisseurs,0.9111,high,0,0.5,model_disagrees_with_llm_high_conf
1065245,SYSADM.PS_PRD_GRP_UP_TAO,PS_PRD_GRP_UP_TAO,DATETIME_ADDED | EIP_CTL_ID | LAST_MAINT_OPRID | LASTUPDDTTM | PRIMARY_FLAG | PRIM_PRC_FLAG | PROCESS_INSTANCE | PROD_GRP_TYPE | PRODUCT_GROUP | PRODUCT_ID | SETID,Supply Chain / Logistique / Production,IT & Sécurité,Supply Chain / Logistique / Production,0.9116,high,0,0.5,model_disagrees_with_llm_high_conf
1118303,FO_TEMPLATE_ITM,PS_FO_TEMPLATE_ITM,FIELD_NAME100 | TEMPLATE_ITEM_CD,IT & Sécurité,Other,Supply Chain / Logistique / Production,0.9119,high,0,0.5,model_disagrees_with_llm_high_conf
1149235,PYCYCL_N03_DATA,PS_PYCYCL_N03_DATA,BUSINESS_UNIT | NET_REF_ID | NET_RESET_ACTION | PAY_CYCLE | PAY_CYCLE_SEQ_NUM | PYMNT_CNT | VOUCHER_ID,RH,Finance & Contrôle,RH,0.9122,high,0,0.5,model_disagrees_with_llm_high_conf
1118812,FS_MAP_TC_DTL,PS_FS_MAP_TC_DTL,FS_MAP_CC_DLMT | FS_MAP_ID | FS_MAP_TRG_FLD,Finance & Contrôle,Other,IT & Sécurité,0.9132,high,0,0.5,model_disagrees_with_llm_high_conf
1090474,BCKORDQTYN1_T,PS_BCKORDQTYN1_T,BCKORD_ORG_SCHED | BUSINESS_UNIT | DISTRIB_LINE_NUM | LINE_NBR | NEW_DISTRIB_PCT | PO_ID | PROCESS_INSTANCE | QTY_BACKORDER | QTY_NEW | QTY_PO | QTY_REMAIN | QTY_REQ | SCHED_NBR,Supply Chain / Logistique / Production,Achats & Fournisseurs,IT & Sécurité,0.9136,high,0,0.5,model_disagrees_with_llm_high_conf
1033494,SYSADM.PS_EXS_GST3_TAO,PS_EXS_GST3_TAO,BUSINESS_UNIT | COUNTRY_SHIP_FROM | EXS_ITM_PROD_ID | EXS_ITM_PROD_SETID | EXS_TPRTNR_ID | EXS_TPRTNR_SETID | INVOICE | LINE_SEQ_NUM | PROCESS_INSTANCE | REVERSE_CHARGE_GST,Supply Chain / Logistique / Production,Finance & Contrôle,IT & Sécurité,0.9139,high,0,0.5,model_disagrees_with_llm_high_conf
1036095,SYSADM.PS_FO_TEMPLATE_ITM,PS_FO_TEMPLATE_ITM,FIELD_NAME100 | TEMPLATE_ITEM_CD,IT & Sécurité,Other,Supply Chain / Logistique / Production,0.9156,high,0,0.5,model_disagrees_with_llm_high_conf
1129361,MESSAGE_TBL,PS_MESSAGE_TBL,CWB_DISPLAY_OPT | DESCR | DESCR254 | EFFDT | EFF_STATUS | HOLD_CD | INCL_IN_PLAN | MESSAGE_ACTION | MESSAGE_CD | MESSAGE_CD_TYPE | PASS_HOLD_TO_BI | PASS_HOLD_TO_ID | PASS_HOLD_TO_IP | PASS_HOLD_TO_IR | PASS_HOLD_TO_IS | PASS_HOLD_TO_IU | PASS_TO_PURCH | SANCTION_MATCH_FLG | SETID,Other,IT & Sécurité,Finance & Contrôle,0.9157,high,0,0.5,model_disagrees_with_llm_high_conf
1069833,SYSADM.PS_RE_NEWPRP_INTFC,PS_RE_NEWPRP_INTFC,ACQUISITION_CD | ACQUISITION_DT | APPROVAL_SW | AREA_PROPERTY_ID | ASSET_ID | ASSET_STATUS | ASSET_TYPE | BLDG_PROPERTY_ID | BLOCK | BUSINESS_UNIT | CAPITALIZATION_SW | COMPONENT_OF_ID | CURRENT_OCCUPANCY | CUSTODIAN_DEPTID | CUSTODIAN_EFFDT | DEFAULT_PROFILE_SW | DESCR | DESCRSHORT | DOCUMENT_ID | DTTM_STAMP | EC1_PROP_ID | EFFSEQ | FINANCIAL_ASSET_SW | FLOOR_PROPERTY_ID | INTFC_ID | INTFC_LINE_NUM | INTFC_STATUS | INTFC_TYPE | LEGAL_DESCR | LOAD_STATUS | LOCATION | LOCATION_EFFDT | LOCATION_EFFSEQ | LOC_AUTH_DT | LOC_AUTH_NAME | LOC_AUTH_STATUS | LOT | MAX_OCCUPANCY | OCCUPANCY_STATUS | OWNERSHIP_STATUS | PARCEL_NUMBER | PARENT_ID | PARENT_PROPERTY_ID | PROPERTY_CLASS | PROPERTY_DESCR | PROPERTY_ID | PROPERTY_NM | PROPERTY_SUBCLASS | SITE_PROPERTY_ID | SPACE_PROPERTY_ID | SPACE_UOM | SYSTEM_SOURCE | TOTAL_AREA,Other,IT & Sécurité,Finance & Contrôle,0.9174,high,0,0.5,model_disagrees_with_llm_high_conf
1033617,SYSADM.PS_EX_SH_RST_TAO,PS_EX_SH_RST_TAO,EX_PYMNT_TYPE | LINE_NBR | PROCESS_INSTANCE | PYMNT_HOLD | SEQ_NBR | SHEET_ID,Finance & Contrôle,IT & Sécurité,Finance & Contrôle,0.9204,high,0,0.5,model_disagrees_with_llm_high_conf
1130094,MTM_RUN_CNTLBU,PS_MTM_RUN_CNTLBU,BUSINESS_UNIT | LANGUAGE_CD | LANGUAGE_OPTION | MTM_FN_USAGE | MTM_MODEL | OPRID | RUN_CNTL_ID | TREAS_HEADER_ID,Finance & Contrôle,IT & Sécurité,Finance & Contrôle,0.9206,high,0,0.5,model_disagrees_with_llm_high_conf
1036098,SYSADM.PS_FO_TEMPLATE_TBL,PS_FO_TEMPLATE_TBL,DESCR | EFFDT | EFF_STATUS | FO_TEMPLATE_TYPE | SEQUENCE_NBR | SETID | TEMPLATE_CODE | TEMPLATE_ITEM_CD,IT & Sécurité,Other,Finance & Contrôle,0.9212,high,0,0.5,model_disagrees_with_llm_high_conf
1038930,SYSADM.PS_GM_SCHM_ATT_LNG,PS_GM_SCHM_ATT_LNG,ATTACH_TYPE | DESCR50 | LANGUAGE_CD | SCHEMA_NAME | SETID,IT & Sécurité,Other,IT & Sécurité,0.9225,high,0,0.5,model_disagrees_with_llm_high_conf
1004619,SYSADM.PS_AGC_CTXDTA_RQFD,PS_AGC_CTXDTA_RQFD,AGC_CTXDTA_ID | AGC_REQ_CTX_FLD | DATA_TYPE_CD,IT & Sécurité,Other,IT & Sécurité,0.9231,high,0,0.5,model_disagrees_with_llm_high_conf
1082204,SYSADM.PS_WM_CREWSCHD_REQ,PS_WM_CREWSCHD_REQ,BUSINESS_UNIT | CREW_ID | INCLUDE_DETAIL | LANGUAGE_CD | OPRID | PERIOD_FROM_DT | PERIOD_TO_DT | RUN_CNTL_ID | SHOP_ID,Other,Achats & Fournisseurs,Other,0.9232,high,0,0.5,model_disagrees_with_llm_high_conf
1138979,PO_ROLLO_NP_STG,PS_PO_ROLLO_NP_STG,ACCOUNT | ACTIVITY_ID | AFFILIATE | AFFILIATE_INTRA1 | AFFILIATE_INTRA2 | ALTACCT | ANALYSIS_TYPE | BUDGET_DT | BUDGET_LINE_STATUS | BUDGET_REF | BUSINESS_UNIT | BUSINESS_UNIT_GL | BUSINESS_UNIT_PC | BUSINESS_UNIT_REQ | CHARTFIELD1 | CHARTFIELD2 | CHARTFIELD3 | CHARTFIELD_STATUS | CLASS_FLD | CURRENCY_CD | CURRENCY_CD_BASE | DEPTID | DIST_PROCESSED_FLG | DISTRIB_LINE_NUM | DISTRIB_LN_STATUS | DST_ACCT_TYPE | FUND_CODE | KK_CLOSE_FLAG | KK_PROCESS_PRIOR | LINE_NBR | LOCATION | MERCH_AMT_BSE | MERCHANDISE_AMT | MONETARY_AMOUNT | MONETARY_AMT_BSE | OPERATING_UNIT | PO_ID | PROCESS_INSTANCE | PROCESS_MAN_CLOSE | PRODUCT | PROGRAM_CODE | PROJECT_ID | QTY_PO | RESOURCE_CATEGORY | RESOURCE_SUB_CAT | RESOURCE_TYPE | SCHED_NBR | STATISTIC_AMOUNT | STATISTICS_CODE | SYSTEM_SOURCE,Finance & Contrôle,Achats & Fournisseurs,Finance & Contrôle,0.9238,high,0,0.5,model_disagrees_with_llm_high_conf
1145418,PTAI_QUES_LNG,PS_PTAI_QUES_LNG,LANGUAGE_CD | PTAI_LIST_ID | PTAI_QUES_HELP | PTAI_QUESTION | PTAI_QUESTION_ID,IT & Sécurité,Other,IT & Sécurité,0.9246,high,0,0.5,model_disagrees_with_llm_high_conf
1047860,SYSADM.PS_MARKUP_ITEM_INV,PS_MARKUP_ITEM_INV,BUSINESS_UNIT | EFFDT | EFF_STATUS | INV_ITEM_ID | PRICE_MARKUP_PCT,Finance & Contrôle,Supply Chain / Logistique / Production,Achats & Fournisseurs,0.9249,high,0,0.5,model_disagrees_with_llm_high_conf
1019297,SYSADM.PS_CC_MC_TBL5010,PS_CC_MC_TBL5010,CC_MC_PARENTREC | CC_MC_PARENTSEQNO | CC_MC_REC_TYPE | CC_MC_SEQNO | CRDMEM_ACCT_NBR | MC_COMMODITYCODE | MC_CUSTOMERCODE | MC_DATEOFPURCHASE | MC_DISCOUNTAMOUNT | MC_DISCOUNTFLAG | MC_DISCOUNTRATE | MC_EXTENDEDAMOUNT | MC_GENERALTEXT | MC_ITEMDESCRIPTION | MC_ITEMQUANTITY | MC_ITEMUOMTYPE | MC_LINEITEMNBR | MC_LINEITEMTOTAL | MC_LOADDATE | MC_LOADTIME | MC_MAINTAINCODE | MC_POLINENBR | MC_PRODUCTCODE | MC_PRODUCTCODEQUAL | MC_RECSEQNUM | MC_REJECTREASON1 | MC_REJECTREASON2 | MC_REJECTREASON3 | MC_SPECIALCOND | MC_SUBLINEITEMNBR | MC_TAXEXEMPT | MC_TOTALTAXAMOUNT | MC_TYPEOFSUPPLY | MC_UNIQUEVATINVREF | MC_UNITPRICE | POST_DT | TRANS_NBR,Achats & Fournisseurs,Finance & Contrôle,Other,0.9255,high,0,0.5,model_disagrees_with_llm_high_conf
1078788,SYSADM.PS_UPG_SUB_TOP_TBL,PS_UPG_SUB_TOP_TBL,DESCR | SETID | UPG_CONVER_SUB_TOP,IT & Sécurité,Other,IT & Sécurité,0.926,high,0,0.5,model_disagrees_with_llm_high_conf
1006632,SYSADM.PS_AP_ASSTN_STEP,PS_AP_ASSTN_STEP,ASSTN_REC_LBL | ASSTN_REC_NAME | ASSTN_TEMP_REC | DESCR | DRIVER_REC_LBL | DRIVER_REC_NAME | DRIVER_TEMP_REC | HOLDING_REC | OUTPUT_RECNAME | SQLIDBTH | SQLIDONL | STEP_NAME,IT & Sécurité,Finance & Contrôle,IT & Sécurité,0.926,high,0,0.5,model_disagrees_with_llm_high_conf
1155308,RUN_OM_ORDCOPY,PS_RUN_OM_ORDCOPY,BUSINESS_UNIT | COPY_ENTIRE_QUOTE | LANGUAGE_CD | OPRID | ORDER_NO | ORDER_NO_TO | ORDER_TYPE_CD | ORDER_TYPE_CD_TO | RUN_CNTL_ID | RUN_DELIVERIES | RUN_FREIGHT | RUN_OM_BACKGRND | RUN_OMCREDIT | RUN_OMDEMAND | RUN_OMHOLD | RUN_OM_PRICING | RUN_RESERVATIONS | WHERE_LONG,Ventes & Clients,IT & Sécurité,Supply Chain / Logistique / Production,0.9268,high,0,0.5,model_disagrees_with_llm_high_conf
1137061,PM_CLASSIFI_LNG,PS_PM_CLASSIFI_LNG,CLASSIFICATION | DESCR | DESCRSHORT | EFFDT | LANGUAGE_CD | SETID,RH,Other,Achats & Fournisseurs,0.9276,high,0,0.5,model_disagrees_with_llm_high_conf
1086007,AP_ASSTN_STEP,PS_AP_ASSTN_STEP,ASSTN_REC_LBL | ASSTN_REC_NAME | ASSTN_TEMP_REC | DESCR | DRIVER_REC_LBL | DRIVER_REC_NAME | DRIVER_TEMP_REC | HOLDING_REC | OUTPUT_RECNAME | SQLIDBTH | SQLIDONL | STEP_NAME,IT & Sécurité,Finance & Contrôle,IT & Sécurité,0.9278,high,0,0.5,model_disagrees_with_llm_high_conf
1036653,SYSADM.PS_FS_MAP_EVLH_TBL,PS_FS_MAP_EVLH_TBL,FS_MAP_ID | FS_MAP_SEQ | FS_MAP_SRC_FLD | FS_MAP_TRG_FLD,IT & Sécurité,Other,IT & Sécurité,0.9282,high,0,0.5,model_disagrees_with_llm_high_conf
1166509,UPG_SUB_TOP_TBL,PS_UPG_SUB_TOP_TBL,DESCR | SETID | UPG_CONVER_SUB_TOP,IT & Sécurité,Other,IT & Sécurité,0.9285,high,0,0.5,model_disagrees_with_llm_high_conf
1036806,SYSADM.PS_FS_SD_PGGRP,PS_FS_SD_PGGRP,EOCF_PHRASE_ID | MARKET | PNLGRPNAME | PNLNAME | SD_GRP_NAME | SD_GRP_USAGE | SEQ_NUM,Finance & Contrôle,Other,IT & Sécurité,0.9285,high,0,0.5,model_disagrees_with_llm_high_conf
1154770,RTV_HDR,PS_RTV_HDR,ACTIVITY_DATE | ADDRESS_SEQ_NUM | BILL_OF_LADING | BUSINESS_UNIT | BUYER_ID | CARRIER_ID | CNTCT_SEQ_NUM | CUSTOM_C100_A1 | CUSTOM_C100_A2 | CUSTOM_C100_A3 | CUSTOM_C100_A4 | CUSTOM_C1_A | CUSTOM_DATE_A | DISPATCH_FLAG | ENTERED_BY | ENTERED_DT | FREIGHT_TERMS | IN_PROCESS_FLG | MODIFIED_DT | NOTIFY_INV_MGR_FLG | NOTIFY_INV_STAT | OPRID_MODIFIED_BY | PROCESS_INSTANCE | RETURN_SETID | RETURN_VENDOR | RTV_ADJ_FEES | RTV_ADJ_FLG | RTV_ADJ_SOURCE | RTV_DEBIT_MEMO | RTV_DISPATCH_METH | RTV_DISPATCH_OPT | RTV_ID | RTV_NOTIFY_METH | RTV_STATUS | SHIP_TYPE_ID | USER_HDR_CHAR1 | VCHR_ADJ_STATUS | VENDOR_ID | VENDOR_SETID | VNDR_LOC,Supply Chain / Logistique / Production,Achats & Fournisseurs,IT & Sécurité,0.9287,high,0,0.5,model_disagrees_with_llm_high_conf
1030885,SYSADM.PS_EO_OMKCP2_TAO,PS_EO_OMKCP2_TAO,BUSINESS_UNIT_IN | CURRENCY_CD | DATE_IN_EFFECT | EFFDT | PROCESS_INSTANCE | PROD_COMPONENT_ID | PRODUCT_ID | SETID | TO_CURRENCY_CD | TOT_QTY | UNIT_OF_MEASURE,Supply Chain / Logistique / Production,IT & Sécurité,Finance & Contrôle,0.9299,high,0,0.5,model_disagrees_with_llm_high_conf
1053260,SYSADM.PS_OME_CSTEX_TAO,PS_OME_CSTEX_TAO,DTTM_FROM | DTTM_TO | EXCPTN_TYPE | PROCESS_INSTANCE | SETID_CUSTOMER | SHIP_TO_CUST_ID,Supply Chain / Logistique / Production,IT & Sécurité,Finance & Contrôle,0.9299,high,0,0.5,model_disagrees_with_llm_high_conf
1025105,SYSADM.PS_CS_RPT_DSTAT2,PS_CS_RPT_DSTAT2,ASOFDATE | AUC_ID_FROM | AUC_ID_TO | BUSINESS_UNIT | CNTRCT_ID | CNTRCT_ID_TO | CNTRCT_SETID | CREATED_DT_FROM | CREATED_DT_TO | CS_ADHOC_ID_FROM | CS_ADHOC_ID_TO | CS_DOC_OWNER | CS_DOC_STATUS | CS_DOCUMENT_TYPE | CS_SETID | CS_SOURCE_TRANS | CS_SPONSOR | CS_TMP_TABLE_PROC | DEPTID | DRAFT_DUE_DATE | DRAFT_DUE_DATE2 | LANGUAGE_CD | LANGUAGE_OPTION | LAST_MOD_DT_FROM | LAST_MOD_DT_TO | OPRID | PAGE_NAME | PO_ID_FROM | PO_ID_TO | PROC_INSTANCE_TO | RENEWAL_DT_FR | RENEWAL_DT_TO | REPORT_DEFN_ID | RUN_CNTL_ID | SELECT_PARM | SELECT_PARM1 | SELECT_PARM2 | SELECT_PARM3 | SELECT_PARM4 | SETID | TMPLDEFN_ID | VENDOR_ID | VENDOR_SETID,IT & Sécurité,Achats & Fournisseurs,IT & Sécurité,0.9316,high,0,0.5,model_disagrees_with_llm_high_conf
1116077,EX_TAUTH_AW,PS_EX_TAUTH_AW,COMMENTS | EOAWDEFN_ID | EOAWDTTM_MODIFIED | EOAWPARENT_THREAD | EOAWPRCS_ID | EOAWREQUESTOR_ID | EOAWTHREAD_ID | EOAWTHREAD_STATUS | LINE_NBR | ORIGINATORID | RECNAME | TRAVEL_AUTH_ID,Other,IT & Sécurité,Finance & Contrôle,0.9328,high,0,0.5,model_disagrees_with_llm_high_conf
1087776,ARFO_PRFDIS_CU2,PS_ARFO_PRFDIS_CU2,CUST_ID | CUSTOMER_SETID | OPRID,IT & Sécurité,Finance & Contrôle,IT & Sécurité,0.9343,high,0,0.5,model_disagrees_with_llm_high_conf
1071822,SYSADM.PS_RS_SFT_DTL_LANG,PS_RS_SFT_DTL_LANG,DESCR | LANGUAGE_CD | SETID | SHIFT_ID,IT & Sécurité,Other,Supply Chain / Logistique / Production,0.9352,high,0,0.5,model_disagrees_with_llm_high_conf
1141059,PROD_UOM_CURR,PS_PROD_UOM_CURR,CURRENCY_CD | DATETIME_ADDED | LAST_MAINT_OPRID | LASTUPDDTTM | MIN_PRICE | PRODUCT_ID | SETID | UNIT_OF_MEASURE,Supply Chain / Logistique / Production,Finance & Contrôle,Supply Chain / Logistique / Production,0.9362,high,0,0.5,model_disagrees_with_llm_high_conf
1070350,SYSADM.PS_RE_RUN_MASS_ACT,PS_RE_RUN_MASS_ACT,BUSINESS_UNIT | LEASE_OBLG | LS_NBR | OPRID | RUN_CNTL_ID,Finance & Contrôle,IT & Sécurité,Finance & Contrôle,0.9363,high,0,0.5,model_disagrees_with_llm_high_conf
1006393,SYSADM.PS_AMSEC101_RQST1,PS_AMSEC101_RQST1,BOOK | BUSINESS_UNIT | DEPR_BONUS_PCT | DEPR_BONUS_SW1 | OPRID | PROFILE_ID | REQUEST_ID | RUN_CNTL_ID,Finance & Contrôle,IT & Sécurité,Finance & Contrôle,0.9369,high,0,0.5,model_disagrees_with_llm_high_conf
1036800,SYSADM.PS_FS_SD_FLDPC,PS_FS_SD_FLDPC,FIELDNAME | RECORDNAME | SD_FLDNAME | SD_RECNAME,IT & Sécurité,Other,IT & Sécurité,0.9375,high,0,0.5,model_disagrees_with_llm_high_conf
1031223,SYSADM.PS_ESTAB_TBL,PS_ESTAB_TBL,ACCOUNT_EC_ID | ADDRESS1 | ADDRESS1_AC | ADDRESS2 | ADDRESS2_AC | ADDRESS3 | ADDRESS3_AC | ADDRESS4 | ADDR_FIELD1 | ADDR_FIELD2 | ADDR_FIELD3 | ANNUAL_REPORT_FRA | APE_INDSTRY_CD_FRA | ASSEDIC_NM_FRA | BANK_CD | BASE_SCHEME_FRA | BRANCH_EC_CD | BUILDING_MEX | BUS_ACTIVITY_LINE1 | BUS_ACTIVITY_LINE2 | BUS_ACTIVITY_LINE3 | BUS_ACTIVITY_LINE4 | CHECK_DIGIT | CITY | CITY_AC | CLOSE_DT_FRA | COMPANY | COUNTRY | COUNTY | CRAM_ID | CTL_ESTABID | DESCR | DESCR_AC | DESCRSHORT | DUN_BRADSTREET_NBR | EEO_CO_AFFILIATED | EEO_GOV_CONTRACTOR | EEO_MIN_100 | EEO_RPT_PREV_YR | EEO_UNIT_NBR | EFFDT | EFF_STATUS | EMPLOY_APPR | ESTAB_ACTIVITY_FRA | ESTAB_CONTACT_ID | ESTABID | FONGECIF_CD_FRA | GEO_CODE | GPFR_DA_CLS_DT | GUIDE_NBR_MEX | HOUSE_TYPE | HQUNIT | IMS_RISK_FCT_MEX | IMS_SECTOR_MEX | IMS_SUBZONE_MEX | IMS_ZONE_MEX | IN_CITY_LIMIT | INSUR_COMP_CD_ESP | LABOR_AGREEMENT | LIABILITY_TAX_FRA | MEDICAL_ORG_FRA_CD | NAICS | NIC_CODE_FRA | NUM1 | NUM2 | POSTAL | REG_REGION | SAME_BUSINESS | SAME_LOCATION | SIC | SIREN_CD_FRA | STATE | TDS_DECLARED | TDS_ESTABID | TRANSPORT_RT | URSSAF_CD_FRA | URSSAF_NM_FRA | VETS_100_UNIT_NBR | WAGE_ZONE_MEX,RH,Finance & Contrôle,Supply Chain / Logistique / Production,0.9396,high,0,0.5,model_disagrees_with_llm_high_conf
1016549,SYSADM.PS_BULK_ASSET_SRCH,PS_BULK_ASSET_SRCH,AREA_ID | ASSET_SEARCH | ASSET_STATUS | ASSET_SUBTYPE | ASSET_TYPE | BUSINESS_UNIT | CATEGORY | DESCR | FROM_ASSET_ID | LOCATION | PROFILE_ID | RETRIEVE_PB | TO_ASSET_ID,IT & Sécurité,Other,IT & Sécurité,0.9399,high,0,0.5,model_disagrees_with_llm_high_conf
1130151,MT_RTDFLT_TAO,PS_MT_RTDFLT_TAO,EFFDT | END_EFFDT | FROM_CUR | PROCESS_INSTANCE | RATE_DIV | RATE_MULT | RT_TYPE | TO_CUR,Finance & Contrôle,IT & Sécurité,Finance & Contrôle,0.9401,high,0,0.5,model_disagrees_with_llm_high_conf
1082939,SYSADM.PS_WM_REQ_TLS,PS_WM_REQ_TLS,ASSET_SUBTYPE | ASSET_TYPE | BUSINESS_UNIT | MFG_ID | MODEL | RES_LN_NBR | RQMT_LN_NBR | SCHED_DURATION | SCHED_END_DT | SCHED_END_TIME | SCHED_START_DT | SCHED_START_TIME | WO_ID | WO_TASK_ID,Supply Chain / Logistique / Production,Achats & Fournisseurs,Supply Chain / Logistique / Production,0.9402,high,0,0.5,model_disagrees_with_llm_high_conf
1083357,SYSADM.PS_WTHD_ENTITY_HDR,PS_WTHD_ENTITY_HDR,CURRENCY_CD | CUR_RT_TYPE | EFFDT | EFF_STATUS | WTHD_APPL_FLG | WTHD_ENTITY | WTHD_FILE_LAYOUT | WTHD_ROUND_OPT,RH,Finance & Contrôle,Other,0.9406,high,0,0.5,model_disagrees_with_llm_high_conf
1147982,PV_EG_REQDL_TMP,PS_PV_EG_REQDL_TMP,BUDGET_LINE_STATUS | BUSINESS_UNIT | DISTRIB_LINE_NUM | DISTRIB_LN_STATUS | LINE_NBR | PC_DISTRIB_STATUS | PROCESS_INSTANCE | PROCESS_MAN_CLOSE | REQ_ID | SCHED_NBR,IT & Sécurité,Achats & Fournisseurs,IT & Sécurité,0.944,high,0,0.5,model_disagrees_with_llm_high_conf
1157849,SF_ITMU_MSG_STG,PS_SF_ITMU_MSG_STG,AUDIT_ACTN | CONTAINER_TYPE | CONVERSION_RATE | DFLT_UOM_REQ | DFLT_UOM_STOCK | EIP_CTL_ID | IN_PROCESS_FLG | INV_ITEM_ID | LAST_DTTM_UPDATE | LAST_MAINT_OPRID | PACKAGING_CD | PACKING_CD | PACKING_VOLUME | PACKING_WEIGHT | PROCESS_INSTANCE | QTY_PRECISION | ROUND_RULE | SETID | SHIPPING_VOLUME | SHIPPING_WEIGHT | UNIT_MEASURE_VOL | UNIT_MEASURE_WT | UNIT_OF_MEASURE,IT & Sécurité,Supply Chain / Logistique / Production,IT & Sécurité,0.9442,high,0,0.5,model_disagrees_with_llm_high_conf
1058828,SYSADM.PS_PGM_RATE_LKP_WS,PS_PGM_RATE_LKP_WS,BILL_RATE | BUSINESS_UNIT | COST_RATE | CURRENCY_CD | DAYS_UOM | JOBCODE | PROJ_ROLE | REGION_CD | RT_TYPE,RH,Finance & Contrôle,RH,0.9448,high,0,0.5,model_disagrees_with_llm_high_conf
1027792,SYSADM.PS_DP_PUB_FCITEMS,PS_DP_PUB_FCITEMS,BILL_TO_CUST_ID | BUSINESS_UNIT_BI | BUSINESS_UNIT_IN | BUSINESS_UNIT_OM | CATEGORY_ID | CLASSIFICATION | CM_UNIT_COST | CONVERSION_RATE | CORP_CUST_ID | CURRENCY_CD | CUST_CHANNEL | CUST_FIELD_C10_A | CUST_FIELD_C10_B | CUST_FIELD_C10_C | CUST_FIELD_C10_D | CUST_FIELD_C1_A | CUST_FIELD_C1_B | CUST_FIELD_C1_C | CUST_FIELD_C1_D | CUST_FIELD_C2 | CUST_FIELD_C30_A | CUST_FIELD_C30_B | CUST_FIELD_C30_C | CUST_FIELD_C30_D | CUST_FIELD_C4 | CUST_FIELD_C6 | CUST_FIELD_C8 | CUSTOMER_GROUP | DP_ADJFOREDEV | DP_AUDITREVIEWDONE | DP_AVGPRICE | DP_BASEUOM | DP_CALCULATIONTYPE | DP_CONTROLGROUP | DP_CONVFACTOR | DP_CURRENTMODELPD | DP_CURRENTMODELYR | DP_DEMANDAVERAGE | DP_DESCRIPTION | DP_DETSEASPROFILE | DP_EFFDEMANDPDS | DP_EVALPERIODS | DP_FC_EFFPD | DP_FC_EFFYR | DP_FCITEMCAPTION | DP_FCMETHOD | DP_FORECASTANALYST | DP_FORECASTITEM | DP_HISTDEMANDPDS | DP_INHIBITED | DP_ITEMCODE | DP_KEYFLDNAMES | DP_LASTEVALPDS | DP_LASTRESETPD | DP_LASTRESETYR | DP_LIFEPROFILE | DP_LIFEPROFILEITEM | DP_LOCATION | DP_NEXTFCITEM | DP_NEXTLEVELCONV | DP_NEXTLEVELUOM | DP_PERIODCREATED | DP_PRORATE | DP_PRORATEDFOREDEV | DP_PUBLISH_DATE | DP_PUBLISHNAME | DP_PUBLISHUOM | DP_ROLLBACKPERIODS | DP_ROUNDDECIMALS | DP_SEASONALITYPROF | DP_SEASONALITYTYPE | DP_STANDARDCOST | DP_STANDARDPRICE | DP_STATFOREDEV | DP_STDUOMCONVFACT | DP_SUSPENDEDITEM | DP_TEMPLATEITEM | DP_UPDATETOINVPOL | DP_USESSEASONPROF | DP_VOLUME | DP_VOLUMEUOM | DP_WEIGHT | DP_WEIGHTPROFILE | DP_WEIGHTUOM | DP_YEARCREATED | INV_ITEM_COLOR | INV_ITEM_GROUP | INV_ITEM_ID | INV_ITEM_TYPE | INVOICE | INV_PROD_FAM_CD | ITEM_FIELD_C10_A | ITEM_FIELD_C10_B | ITEM_FIELD_C10_C | ITEM_FIELD_C10_D | ITEM_FIELD_C1_A | ITEM_FIELD_C1_B | ITEM_FIELD_C1_C | ITEM_FIELD_C1_D | ITEM_FIELD_C2 | ITEM_FIELD_C30_A | ITEM_FIELD_C30_B | ITEM_FIELD_C30_C | ITEM_FIELD_C30_D | ITEM_FIELD_C4 | ITEM_FIELD_C6 | ITEM_FIELD_C8 | MITBL_DESCR | PM_DIVISION | PM_REGION | PM_TERRITORY | PRDITM_DESCR | PRICE_PROGRAM | PROD_BRAND | PROD_CATEGORY | PROD_FIELD_C10_A | PROD_FIELD_C10_B | PROD_FIELD_C10_C | PROD_FIELD_C10_D | PROD_FIELD_C1_A | PROD_FIELD_C1_B | PROD_FIELD_C1_C | PROD_FIELD_C1_D | PROD_FIELD_C2 | PROD_FIELD_C30_A | PROD_FIELD_C30_B | PROD_FIELD_C30_C | PROD_FIELD_C30_D | PROD_FIELD_C4 | PROD_FIELD_C6 | PROD_FIELD_C8 | PRODUCT_GROUP | PRODUCT_ID | PRODUCT_KIT_FLAG | REGION_CD | SETID | SHIP_TO_CUST_ID | SOLD_TO_CUST_ID | SOURCE_CODE | SUBCUST_QUAL1 | SUBCUST_QUAL2 | UPC_ID | UTILIZ_CD | UTILIZ_GROUP,Finance & Contrôle,Supply Chain / Logistique / Production,Ventes & Clients,0.945,high,0,0.5,model_disagrees_with_llm_high_conf
1032587,SYSADM.PS_EX_ERNSYNC_AET,PS_EX_ERNSYNC_AET,AUDIT_ACTN | DESCR | DESCRSHORT | EFFDT | EFF_STATUS | ERNCD | PROCESS_INSTANCE,RH,IT & Sécurité,RH,0.9453,high,0,0.5,model_disagrees_with_llm_high_conf
1067046,SYSADM.PS_PTIACPPRPDFLT,PS_PTIACPPRPDFLT,DESCR254 | PTIACPCLASSNAME | PTIACPPRPNAME | PTIACPPRPVALUE,IT & Sécurité,Other,Ventes & Clients,0.9453,high,0,0.5,model_disagrees_with_llm_high_conf
1059940,SYSADM.PS_PL_RN_MRP_REQ,PS_PL_RN_MRP_REQ,CALC_LLC | CANCEL_ENTERED_PR | CANCEL_FIRMED_PR | CANCEL_FIRM_PLPO | CANCEL_FIRM_PLPR | CANCEL_FIRM_PLTR | CANCEL_INPRCS_PR | CANCEL_PID | CANCEL_PO | CANCEL_RELEASED_PR | CANCEL_TRANSFER | COLLECT_FINISH_CNT | COLLECT_START_CNT | DEFER_SUPPLIES | IGNORE_SAFETY | MRP_INCL_DISTRIB | MRP_INCL_MASTER | MRP_INCL_MAT | OPRID | PLANNING_MODE | PROBINST | REGEN_FORECAST | RUN_CNTL_ID | START_PLUGIN | URL,Supply Chain / Logistique / Production,Achats & Fournisseurs,Supply Chain / Logistique / Production,0.9465,high,0,0.5,model_disagrees_with_llm_high_conf
1104672,DP_PUB_FCITEMS,PS_DP_PUB_FCITEMS,BILL_TO_CUST_ID | BUSINESS_UNIT_BI | BUSINESS_UNIT_IN | BUSINESS_UNIT_OM | CATEGORY_ID | CLASSIFICATION | CM_UNIT_COST | CONVERSION_RATE | CORP_CUST_ID | CURRENCY_CD | CUST_CHANNEL | CUST_FIELD_C10_A | CUST_FIELD_C10_B | CUST_FIELD_C10_C | CUST_FIELD_C10_D | CUST_FIELD_C1_A | CUST_FIELD_C1_B | CUST_FIELD_C1_C | CUST_FIELD_C1_D | CUST_FIELD_C2 | CUST_FIELD_C30_A | CUST_FIELD_C30_B | CUST_FIELD_C30_C | CUST_FIELD_C30_D | CUST_FIELD_C4 | CUST_FIELD_C6 | CUST_FIELD_C8 | CUSTOMER_GROUP | DP_ADJFOREDEV | DP_AUDITREVIEWDONE | DP_AVGPRICE | DP_BASEUOM | DP_CALCULATIONTYPE | DP_CONTROLGROUP | DP_CONVFACTOR | DP_CURRENTMODELPD | DP_CURRENTMODELYR | DP_DEMANDAVERAGE | DP_DESCRIPTION | DP_DETSEASPROFILE | DP_EFFDEMANDPDS | DP_EVALPERIODS | DP_FC_EFFPD | DP_FC_EFFYR | DP_FCITEMCAPTION | DP_FCMETHOD | DP_FORECASTANALYST | DP_FORECASTITEM | DP_HISTDEMANDPDS | DP_INHIBITED | DP_ITEMCODE | DP_KEYFLDNAMES | DP_LASTEVALPDS | DP_LASTRESETPD | DP_LASTRESETYR | DP_LIFEPROFILE | DP_LIFEPROFILEITEM | DP_LOCATION | DP_NEXTFCITEM | DP_NEXTLEVELCONV | DP_NEXTLEVELUOM | DP_PERIODCREATED | DP_PRORATE | DP_PRORATEDFOREDEV | DP_PUBLISH_DATE | DP_PUBLISHNAME | DP_PUBLISHUOM | DP_ROLLBACKPERIODS | DP_ROUNDDECIMALS | DP_SEASONALITYPROF | DP_SEASONALITYTYPE | DP_STANDARDCOST | DP_STANDARDPRICE | DP_STATFOREDEV | DP_STDUOMCONVFACT | DP_SUSPENDEDITEM | DP_TEMPLATEITEM | DP_UPDATETOINVPOL | DP_USESSEASONPROF | DP_VOLUME | DP_VOLUMEUOM | DP_WEIGHT | DP_WEIGHTPROFILE | DP_WEIGHTUOM | DP_YEARCREATED | INV_ITEM_COLOR | INV_ITEM_GROUP | INV_ITEM_ID | INV_ITEM_TYPE | INVOICE | INV_PROD_FAM_CD | ITEM_FIELD_C10_A | ITEM_FIELD_C10_B | ITEM_FIELD_C10_C | ITEM_FIELD_C10_D | ITEM_FIELD_C1_A | ITEM_FIELD_C1_B | ITEM_FIELD_C1_C | ITEM_FIELD_C1_D | ITEM_FIELD_C2 | ITEM_FIELD_C30_A | ITEM_FIELD_C30_B | ITEM_FIELD_C30_C | ITEM_FIELD_C30_D | ITEM_FIELD_C4 | ITEM_FIELD_C6 | ITEM_FIELD_C8 | MITBL_DESCR | PM_DIVISION | PM_REGION | PM_TERRITORY | PRDITM_DESCR | PRICE_PROGRAM | PROD_BRAND | PROD_CATEGORY | PROD_FIELD_C10_A | PROD_FIELD_C10_B | PROD_FIELD_C10_C | PROD_FIELD_C10_D | PROD_FIELD_C1_A | PROD_FIELD_C1_B | PROD_FIELD_C1_C | PROD_FIELD_C1_D | PROD_FIELD_C2 | PROD_FIELD_C30_A | PROD_FIELD_C30_B | PROD_FIELD_C30_C | PROD_FIELD_C30_D | PROD_FIELD_C4 | PROD_FIELD_C6 | PROD_FIELD_C8 | PRODUCT_GROUP | PRODUCT_ID | PRODUCT_KIT_FLAG | REGION_CD | SETID | SHIP_TO_CUST_ID | SOLD_TO_CUST_ID | SOURCE_CODE | SUBCUST_QUAL1 | SUBCUST_QUAL2 | UPC_ID | UTILIZ_CD | UTILIZ_GROUP,Finance & Contrôle,Supply Chain / Logistique / Production,Ventes & Clients,0.9466,high,0,0.5,model_disagrees_with_llm_high_conf
1134594,PC_PIC_EXPL_LNG,PS_PC_PIC_EXPL_LNG,BUSINESS_UNIT | DESCRLONG | LANGUAGE_CD | PC_PIC_STEP_GRP_ID | PC_PIC_STEP_ID | PROJECT_ID,IT & Sécurité,Other,IT & Sécurité,0.9473,high,0,0.5,model_disagrees_with_llm_high_conf
1027757,SYSADM.PS_DP_ITEMMERGE_LN,PS_DP_ITEMMERGE_LN,DP_CONFIGLEVEL | DP_CONFIGVIEW | DP_CONVFACTOR | DP_CURRENTFCITEM | DP_DEFAULTFCITEM | DP_DELETE_BTN | DP_EVENTDURATION | DP_SEQNUMBER | OPRID | RUN_CNTL_ID,Supply Chain / Logistique / Production,IT & Sécurité,Finance & Contrôle,0.9484,high,0,0.5,model_disagrees_with_llm_high_conf
1136811,PL_RN_MRP_REQ,PS_PL_RN_MRP_REQ,CALC_LLC | CANCEL_ENTERED_PR | CANCEL_FIRMED_PR | CANCEL_FIRM_PLPO | CANCEL_FIRM_PLPR | CANCEL_FIRM_PLTR | CANCEL_INPRCS_PR | CANCEL_PID | CANCEL_PO | CANCEL_RELEASED_PR | CANCEL_TRANSFER | COLLECT_FINISH_CNT | COLLECT_START_CNT | DEFER_SUPPLIES | IGNORE_SAFETY | MRP_INCL_DISTRIB | MRP_INCL_MASTER | MRP_INCL_MAT | OPRID | PLANNING_MODE | PROBINST | REGEN_FORECAST | RUN_CNTL_ID | START_PLUGIN | URL,Supply Chain / Logistique / Production,Achats & Fournisseurs,Supply Chain / Logistique / Production,0.9486,high,0,0.5,model_disagrees_with_llm_high_conf
1038518,SYSADM.PS_GM_PROP_J_R_LNG,PS_GM_PROP_J_R_LNG,BUSINESS_UNIT | DESCRLONG | GRANTS_RES_TYPE | LANGUAGE_CD | PROPOSAL_ID | RESOURCE_SEQ_NBR | SUB_PROP_NBR | VERSION_ID,IT & Sécurité,Other,Finance & Contrôle,0.949,high,0,0.5,model_disagrees_with_llm_high_conf
1125217,IN_VMI_RCTL_AET,PS_IN_VMI_RCTL_AET,ALL_BU | BUSINESS_UNIT | DESCR | DT_TIMESTAMP | EIP_CTL_ID | OPRID | PROCESS_FREQUENCY | PROCESS_INSTANCE | REQUEST_ID | RUN_CNTL_ID | SEQ_NBR | SHIP_TO_CUST_ID | SOLD_TO_CUST_ID | TRANSACTION_CODE | VMI_OM_BU,Supply Chain / Logistique / Production,IT & Sécurité,Supply Chain / Logistique / Production,0.9491,high,0,0.5,model_disagrees_with_llm_high_conf
1154618,RT_DFLT_TAO,PS_RT_DFLT_TAO,EFFDT | FROM_CUR | PROCESS_INSTANCE | RATE_DIV | RATE_MULT | RT_TYPE | TO_CUR,Finance & Contrôle,IT & Sécurité,Finance & Contrôle,0.9521,high,0,0.5,model_disagrees_with_llm_high_conf
1076709,SYSADM.PS_TD_RETURNS_WL,PS_TD_RETURNS_WL,ACTIVITYNAME | AMOUNT | BUSPROCNAME | CUST_ID | EVENTNAME | INSTANCEID | MERCH_TYPE | OPRID | PPRC_PROMO_CD | SETID | TD_UNITS | TRANSACTIONID | WORKLISTNAME,Supply Chain / Logistique / Production,Finance & Contrôle,IT & Sécurité,0.9524,high,0,0.5,model_disagrees_with_llm_high_conf
1119014,FS_SD_GRPFLD,PS_FS_SD_GRPFLD,LABEL18 | SD_FLDNAME | SD_GRP_COL | SD_GRP_NAME | SD_RECNAME | SEQ_NUM,IT & Sécurité,Other,IT & Sécurité,0.9531,high,0,0.5,model_disagrees_with_llm_high_conf
1085297,AM_LEASE_SUM_LG,PS_AM_LEASE_SUM_LG,DESCR | LANGUAGE_CD | LEASE_ID | LESSOR,Finance & Contrôle,Other,Supply Chain / Logistique / Production,0.9533,high,0,0.5,model_disagrees_with_llm_high_conf
1095953,CC_MC_TBL5090,PS_CC_MC_TBL5090,CC_MC_PARENTREC | CC_MC_PARENTSEQNO | CC_MC_REC_TYPE | CC_MC_SEQNO | CRDMEM_ACCT_NBR | DELIVERY_DT | MC_ACCTNBREXT1 | MC_ACCTNBREXT2 | MC_ACCTNBREXT3 | MC_ACCTNBREXT4 | MC_CUSTOMERCODE | MC_DISCOUNTAMOUNT | MC_DISCOUNTFLAG | MC_INCENTIVEAMOUNT | MC_LOADDATE | MC_LOADTIME | MC_MAINTAINCODE | MC_MSCEXPENSEAMT1 | MC_MSCEXPENSEAMT2 | MC_MSCEXPENSEAMT3 | MC_MSCEXPENSEAMT4 | MC_MSCEXPENSEDESC1 | MC_MSCEXPENSEDESC2 | MC_MSCEXPENSEDESC3 | MC_MSCEXPENSEDESC4 | MC_NUMOFPACKAGES | MC_PACKAGETRACKNBR | MC_PACKAGEWEIGHT | MC_PACKAGEWTUOM | MC_RECSEQNUM | MC_REJECTREASON1 | MC_REJECTREASON2 | MC_REJECTREASON3 | MC_SERVICEDESCCODE | MC_SERVICEID | MC_SHIPPINGNETAMT | MC_TAXEXEMPT | MC_TOTALTAXAMOUNT | PICKUP_DT | POST_DT | TRANS_NBR,Supply Chain / Logistique / Production,Finance & Contrôle,Supply Chain / Logistique / Production,0.9537,high,0,0.5,model_disagrees_with_llm_high_conf
1077419,SYSADM.PS_TR_FCST_DTE_AET,PS_TR_FCST_DTE_AET,BUSINESS_DT_RULE | CSH_FCST_RULE_ID | CURRENCY_CD | ERROR_FLAG | FCST_RULE_TYPE | NEW_DATE | POS_SHIFT_DAYS | POS_SHIFT_MONTHS | POS_SHIFT_YEARS | PROCESS_INSTANCE | PYMNT_METHOD | RETURN_DATE | SETID | VALUE_DT,Other,Finance & Contrôle,Other,0.9543,high,0,0.5,model_disagrees_with_llm_high_conf
1047545,SYSADM.PS_LEDGERADB2_TEOA,PS_LEDGERADB2_TEOA,ASOF_DT | DTTM_STAMP | EO_AUDIT_FLG | EXCEPTION_INFO | FIELDNAME | FIELD_VALUE | FROM_CURRENCY | KEY10_FLDNAME | KEY10_FLD_VAL | KEY11_FLDNAME | KEY11_FLD_VAL | KEY12_FLDNAME | KEY12_FLD_VAL | KEY13_FLDNAME | KEY13_FLD_VAL | KEY14_FLDNAME | KEY14_FLD_VAL | KEY15_FLDNAME | KEY15_FLD_VAL | KEY16_FLDNAME | KEY16_FLD_VAL | KEY1_FLDNAME | KEY1_FLD_VAL | KEY2_FLDNAME | KEY2_FLD_VAL | KEY3_FLDNAME | KEY3_FLD_VAL | KEY4_FLDNAME | KEY4_FLD_VAL | KEY5_FLDNAME | KEY5_FLD_VAL | KEY6_FLDNAME | KEY6_FLD_VAL | KEY7_FLDNAME | KEY7_FLD_VAL | KEY8_FLDNAME | KEY8_FLD_VAL | KEY9_FLDNAME | KEY9_FLD_VAL | OPRID | PROCESS_INSTANCE | PROC_GRP_ID | RATE_DIV | RATE_MULT | RECNAME | RT_DIV_FLDNAME | RT_MULT_FLDNAME | RULE_INSTNC_NBR | RUN_CNTL_ID | TO_CURRENCY,Finance & Contrôle,IT & Sécurité,Finance & Contrôle,0.9545,high,0,0.5,model_disagrees_with_llm_high_conf
1115651,EX_PY_ACK_A_TAO,PS_EX_PY_ACK_A_TAO,ADVANCE_ID | EX_PYMNT_TYPE | LINE_NBR | PROCESS_INSTANCE | SEQ_NBR,Finance & Contrôle,IT & Sécurité,Finance & Contrôle,0.9548,high,0,0.5,model_disagrees_with_llm_high_conf
1026130,SYSADM.PS_DIST_LN4_TAO,PS_DIST_LN4_TAO,ASSET_ID | GL_DISTRIB_STATUS | PROCESS_INSTANCE,Finance & Contrôle,IT & Sécurité,Finance & Contrôle,0.9549,high,0,0.5,model_disagrees_with_llm_high_conf
1103287,DIST_LN4_TAO,PS_DIST_LN4_TAO,ASSET_ID | GL_DISTRIB_STATUS | PROCESS_INSTANCE,Finance & Contrôle,IT & Sécurité,Finance & Contrôle,0.9563,high,0,0.5,model_disagrees_with_llm_high_conf
1059291,SYSADM.PS_PG_RTDFLT_TAO,PS_PG_RTDFLT_TAO,EFFDT | END_EFFDT | FROM_CUR | PROCESS_INSTANCE | RATE_DIV | RATE_MULT | RT_TYPE | TO_CUR,Finance & Contrôle,IT & Sécurité,Finance & Contrôle,0.9573,high,0,0.5,model_disagrees_with_llm_high_conf
1044026,SYSADM.PS_INV_ITEMS_ECL,PS_INV_ITEMS_ECL,DESCR254 | EFFDT | EIP_CTL_ID | INV_ITEM_ID | LANGUAGE_CD | SETID,Finance & Contrôle,Supply Chain / Logistique / Production,Other,0.9586,high,0,0.5,model_disagrees_with_llm_high_conf
1114077,EOTP_PRTNRCNTCT,PS_EOTP_PRTNRCNTCT,EOTP_EMAILADDR | EOTP_FAXNUM | EOTP_FIRSTNAME | EOTP_LASTNAME | EOTP_PARTNERID | EOTP_PHONEEXT | EOTP_PHONENUM | EOTP_PRIMCNTCT | EOTP_ROLEDESCR | EOTP_SALUTATION | EOTP_SEQNUM | EOTP_TITLE | OPRID,Ventes & Clients,RH,IT & Sécurité,0.9592,high,0,0.5,model_disagrees_with_llm_high_conf
1117918,FOORDRMATCH_UPG,PS_FOORDRMATCH_UPG,BUSINESS_UNIT | CUST_ID | EMPLID | EVENT_TYPE | FO_SRCH_SCORE | OFFER_BTN | OFFER_RESULT | ORDER_ID | ORDER_MATCH_SOURCE | ORDER_TYPE | SETID,Ventes & Clients,RH,Finance & Contrôle,0.96,high,0,0.5,model_disagrees_with_llm_high_conf
1021642,SYSADM.PS_CM_COSTING_LOCK,PS_CM_COSTING_LOCK,BUSINESS_UNIT | CM_BOOK | PROCESS_FLAG | PROCESS_INSTANCE,Finance & Contrôle,IT & Sécurité,Finance & Contrôle,0.963,high,0,0.5,model_disagrees_with_llm_high_conf
1069013,SYSADM.PS_RECV_ACCR_DFL,PS_RECV_ACCR_DFL,APPL_JRNL_ID_RACC | BUSINESS_UNIT | BUSINESS_UNIT_GL | BUSINESS_UNIT_PO | CALENDAR_ID | CURRENCY_CD_BASE | DECIMAL_POS_BSE | DST_CNTRL_ID | PO_ID | PROCESS_INSTANCE | VENDOR_ID | VENDOR_SETID | VNDR_LOC,Finance & Contrôle,Achats & Fournisseurs,Finance & Contrôle,0.9649,high,0,0.5,model_disagrees_with_llm_high_conf
1063994,SYSADM.PS_POS_T_DTL_LNG,PS_POS_T_DTL_LNG,DESCR50 | LANGUAGE_CD | SEQ_NUM | SETID | TIME_SET,Ventes & Clients,Other,Achats & Fournisseurs,0.9657,high,0,0.5,model_disagrees_with_llm_high_conf
1113852,EO_RATECALC_DTL,PS_EO_RATECALC_DTL,FROM_CUR | OPRID | RUN_CNTL_ID | TO_CUR,Finance & Contrôle,IT & Sécurité,Finance & Contrôle,0.9659,high,0,0.5,model_disagrees_with_llm_high_conf
1091936,BI_RUN_INV_IMP,PS_BI_RUN_INV_IMP,FILE_PATH_NAME | OPRID | REQUEST_DATE | RUN_CNTL_ID,Supply Chain / Logistique / Production,IT & Sécurité,Finance & Contrôle,0.9671,high,0,0.5,model_disagrees_with_llm_high_conf
1105320,DRAFT_REQUEST,PS_DRAFT_REQUEST,BUSINESS_UNIT | CUSTOMER_GROUP | CUSTOMER_OPTNS | DRAFT_DUE_DT | DRAFT_DUE_DT_OPT | DRAFT_MAX_DT | DRAFT_TYPE | DRAFT_TYPE_SETID | FROM_DT | ID_SEQ_NUM | ITEM_FROM_DT | ITEM_TO_DT | LAST_RUN_DTM | OPRID | PREAPPROVED_ONLY | PROCESS_FREQUENCY | PROCESS_INSTANCE | PROCESS_ORIG | PROCESS_STATUS | RUN_CNTL_ID,Achats & Fournisseurs,IT & Sécurité,Ventes & Clients,0.9683,high,0,0.5,model_disagrees_with_llm_high_conf
1167905,VCHR_TMPL_WS4,PS_VCHR_TMPL_WS4,BUSINESS_UNIT_PO | BUSINESS_UNIT_RECV | CURRENCY_CD | LINE_NBR | MERCH_AMT_RECV | MERCH_AMT_VCHR | PO_ID | QTY_ENTERED | QTY_SH_ACCPT_VUOM | QTY_VCHR | RECEIVER_ID | RECV_LN_NBR | RECV_SHIP_SEQ_NBR | SCHED_NBR | UNIT_OF_MEASURE | UNIT_PRICE | VOUCHER_LINE_NUM,Achats & Fournisseurs,Finance & Contrôle,Achats & Fournisseurs,0.9692,high,0,0.5,model_disagrees_with_llm_high_conf
1062244,SYSADM.PS_PO_LINE_DIST_NP,PS_PO_LINE_DIST_NP,ACCOUNT | ACTIVITY_ID | AFFILIATE | AFFILIATE_INTRA1 | AFFILIATE_INTRA2 | ALTACCT | ANALYSIS_TYPE | BUDGET_DT | BUDGET_LINE_STATUS | BUDGET_REF | BUSINESS_UNIT | BUSINESS_UNIT_GL | BUSINESS_UNIT_PC | BUSINESS_UNIT_REQ | CHARTFIELD1 | CHARTFIELD2 | CHARTFIELD3 | CHARTFIELD_STATUS | CLASS_FLD | CURRENCY_CD | CURRENCY_CD_BASE | DEPTID | DIST_PROCESSED_FLG | DISTRIB_LINE_NUM | DISTRIB_LN_STATUS | DST_ACCT_TYPE | EE_SEQ_NUM | FUND_CODE | KK_CLOSE_FLAG | KK_PROCESS_PRIOR | LINE_NBR | LOCATION | MERCH_AMT_BSE | MERCHANDISE_AMT | MONETARY_AMOUNT | MONETARY_AMT_BSE | OPERATING_UNIT | PO_ID | PROCESS_INSTANCE | PROCESS_MAN_CLOSE | PRODUCT | PROGRAM_CODE | PROJECT_ID | QTY_PO | RESOURCE_CATEGORY | RESOURCE_SUB_CAT | RESOURCE_TYPE | SCHED_NBR | STATISTIC_AMOUNT | STATISTICS_CODE | SYSTEM_SOURCE,Finance & Contrôle,Achats & Fournisseurs,Finance & Contrôle,0.971,high,0,0.5,model_disagrees_with_llm_high_conf
1086116,AP_DAM_RCV6_T,PS_AP_DAM_RCV6_T,AMT_MATCHED_RECV | AMT_ONLY_FLG | BUSINESS_UNIT_PO | BUSINESS_UNIT_RECV | CURRENCY_CD_RECV | DUE_DT | ERS_FLAG | INSPECT_CD | INSPECT_DT | INSPECT_STATUS | INV_ITEM_ID_RECV | INVOICE_ID | ITM_SETID_RECV | LINE_NBR | MATCH_CNTRL_ID | MATCH_LINE_FLG | MATCH_STATUS_RECV | MERCH_AMT_DIFF | MERCH_AMT_RCV_ORIG | MERCH_AMT_RECV | OPRID | ORIGIN | PACKSLIP_NO | PACKSLIP_NO_RECV | PO_ID | PO_RECEIPT_FLG | PO_TYPE | PRICE_CAN_CHANGE_R | PRICE_PO | PROCESS_INSTANCE | QTY_DIFF | QTY_MATCHED_RECV | QTY_SH_ACCPT | QTY_SH_ACCPT_ORIG | QTY_SH_ACCPT_SUOM | QTY_SH_ACCPT_VUOM | QTY_SH_INSPD | QTY_SH_INSPD_SUOM | QTY_SH_INSPD_VUOM | QTY_SH_NETRCV_VUOM | QTY_SH_RECVD | QTY_SH_RECVD_ORIG | QTY_SH_RECVD_SUOM | QTY_SH_RECVD_VUOM | QTY_SH_REJCT | QTY_SH_REJCT_SUOM | QTY_SH_REJCT_VUOM | QTY_SH_RTN | QTY_SH_RTN_SUOM | QTY_SH_RTN_VUOM | RECEIPT_DT | RECEIPT_UM | RECEIVER_ID | RECEIVER_KEYS | RECV_LN_MATCH_OPT | RECV_LN_NBR | RECV_SEL_STATUS | RECV_SHIP_SEQ_NBR | RECV_SOURCE | SCHED_NBR | SHIP_DATE | SHIPTO_ID | UOM_RECV | VENDOR_RECV | VNDR_LOC_RECV | VNDR_SETID_RECV,Achats & Fournisseurs,Finance & Contrôle,Achats & Fournisseurs,0.9713,high,0,0.5,model_disagrees_with_llm_high_conf
1064255,SYSADM.PS_POST_REQ_TMP,PS_POST_REQ_TMP,BUSINESS_UNIT | CALC_DATE_OPT | CALC_EFFDT | CALC_PERIOD | CALC_YEAR | CALENDAR_ID | DSO90_PERIOD | DSO90_YEAR | NUMBER_OF_PERIODS | POST_FR_DT | POSTNOW_TYPE | POST_TO_DT | PROCESS_D_HIST | PROCESS_FREQUENCY | PROCESS_INSTANCE | PROCESS_P_HIST | PROCESS_U_HIST | SETID | SUBCUST_USE,IT & Sécurité,Achats & Fournisseurs,Finance & Contrôle,0.9722,high,0,0.5,model_disagrees_with_llm_high_conf
1096701,CE_ROLLUP_REQ,PS_CE_ROLLUP_REQ,AS_OF_DATE | BOM_CODE | BOM_STATE | BOM_TYPE | BUSINESS_UNIT | CE_COST_TYPE | COST_GROUP_CD | COST_VERSION | DTTM_STAMP_SEC | EN_ITEM_TO_ID | EXPL_PURCH_ITEMS | INV_ITEM_ID | INV_ITEM_ID_OPTION | OPRID | PROCESS_FREQUENCY | PROCESS_INSTANCE | PROCESS_ORIG | PROCESS_STATUS | RECALC_CONFIG | RECALC_HIGHER | RECALC_LOWER | REQUEST_ID | RTG_CODE | RTG_STATE | RUN_CNTL_ID | USE_CURRENT_COST,Finance & Contrôle,Achats & Fournisseurs,Finance & Contrôle,0.973,high,0,0.5,model_disagrees_with_llm_high_conf
1139699,POST_REQ_TMP,PS_POST_REQ_TMP,BUSINESS_UNIT | CALC_DATE_OPT | CALC_EFFDT | CALC_PERIOD | CALC_YEAR | CALENDAR_ID | DSO90_PERIOD | DSO90_YEAR | NUMBER_OF_PERIODS | POST_FR_DT | POSTNOW_TYPE | POST_TO_DT | PROCESS_D_HIST | PROCESS_FREQUENCY | PROCESS_INSTANCE | PROCESS_P_HIST | PROCESS_U_HIST | SETID | SUBCUST_USE,IT & Sécurité,Achats & Fournisseurs,Finance & Contrôle,0.974,high,0,0.5,model_disagrees_with_llm_high_conf
1020419,SYSADM.PS_CE_SCRAP_T,PS_CE_SCRAP_T,BUSINESS_UNIT | CE_EXTENDED_COST | CE_RESOURCE | CM_BOOK | COST_ELEMENT | CURRENCY_CD | DT_TIMESTAMP | OP_SEQUENCE | ORIG_UOM | PRDN_AREA_CODE | PROCESS_INSTANCE | PRODUCTION_ID | PRODUCTION_TYPE | SCRAP_QTY,Supply Chain / Logistique / Production,Finance & Contrôle,Supply Chain / Logistique / Production,0.9757,high,0,0.5,model_disagrees_with_llm_high_conf
1008738,SYSADM.PS_AP_TINLFL_TAO,PS_AP_TINLFL_TAO,FL_ACCOUNT | FL_NAME | FL_TIN_CODE | FL_TIN_NUMBER | FL_TIN_TYPE | PROCESS_INSTANCE | SETID | TIN_TYPE | VENDOR_ID | WTHD_ENTITY,Achats & Fournisseurs,Finance & Contrôle,IT & Sécurité,0.9761,high,0,0.5,model_disagrees_with_llm_high_conf
1086112,AP_DAM_RCV2_T,PS_AP_DAM_RCV2_T,AMT_MATCHED_RECV | AMT_ONLY_FLG | BUSINESS_UNIT_PO | BUSINESS_UNIT_RECV | CURRENCY_CD_RECV | DUE_DT | ERS_FLAG | INSPECT_CD | INSPECT_DT | INSPECT_STATUS | INV_ITEM_ID_RECV | INVOICE_ID | ITM_SETID_RECV | LINE_NBR | MATCH_CNTRL_ID | MATCH_LINE_FLG | MATCH_STATUS_RECV | MERCH_AMT_RCV_ORIG | MERCH_AMT_RECV | OPRID | ORIGIN | PACKSLIP_NO | PACKSLIP_NO_RECV | PO_ID | PO_RECEIPT_FLG | PO_TYPE | PRICE_CAN_CHANGE_R | PRICE_PO | PROCESS_INSTANCE | QTY_MATCHED_RECV | QTY_SH_ACCPT | QTY_SH_ACCPT_ORIG | QTY_SH_ACCPT_SUOM | QTY_SH_ACCPT_VUOM | QTY_SH_INSPD | QTY_SH_INSPD_SUOM | QTY_SH_INSPD_VUOM | QTY_SH_NETRCV_VUOM | QTY_SH_RECVD | QTY_SH_RECVD_ORIG | QTY_SH_RECVD_SUOM | QTY_SH_RECVD_VUOM | QTY_SH_REJCT | QTY_SH_REJCT_SUOM | QTY_SH_REJCT_VUOM | QTY_SH_RTN | QTY_SH_RTN_SUOM | QTY_SH_RTN_VUOM | RECEIPT_DT | RECEIPT_UM | RECEIVER_ID | RECEIVER_KEYS | RECV_LN_MATCH_OPT | RECV_LN_NBR | RECV_SEL_STATUS | RECV_SHIP_SEQ_NBR | RECV_SOURCE | SCHED_NBR | SHIP_DATE | SHIPTO_ID | UOM_RECV | VENDOR_RECV | VNDR_LOC_RECV | VNDR_SETID_RECV,Achats & Fournisseurs,Finance & Contrôle,Achats & Fournisseurs,0.9778,high,0,0.5,model_disagrees_with_llm_high_conf
1081377,SYSADM.PS_VND_DFH_TAO,PS_VND_DFH_TAO,ADDRESS_SEQ_NUM | ADDR_SEQ_NUM_ORDR | ALLOW_DEBIT_MEMO | APPR_RULE_SET | BUSPROCNAME | CNTCT_SEQ_NUM | COUNTRY_LOC_SELLER | COUNTRY_SHIP_FROM | DBMEMO_ADDR_OPTION | DBMEMO_DISP_METHOD | DELAY_DAYS_FLG | DFT_SIGHT_CD | DM_ADDR_SEQ_NUM | DOC_TYPE | DOC_TYPE_FLG | DSCNT_DELAY_DAYS | DST_CNTRL_ID | DUP_INV_COMB_CODE | DUP_INVOICE_ACTION | DUP_INVOICE_IND | ERS_TAX_TYPE | HOL_PROC_DAYS | HOL_PROC_OPT | HOL_PROC_OVERFL | INTERUNIT_VNDR_FLG | LATE_CHRG_CD | LATE_CHRG_FLG | LATE_CHRG_OPT | MATCH_DELAY_DAYS | MATCH_DELAY_FLG | PAY_SCHEDULE_TYPE | PAY_TRM_BSE_DT_OPT | PHYSICAL_NATURE | PROCESS_INSTANCE | PYMNT_DELAY_DAYS | PYMNT_GROUP_CD | PYMNT_TERMS_CD | RECV_ONLY_MTCH_FLG | REMIT_ADDR_SEQ_NUM | RT_TYPE | SALETX_TOL_AMT | SALETX_TOL_CUR_CD | SALETX_TOL_FLG | SALETX_TOL_PCT | SALETX_TOL_RT_TYPE | SBI_DOC_OPT | SBI_FLG | SHIPTO_ID | STATE_LOC_SELLER | STATE_SHIP_FROM | SUT_BASE_ID | TXN_CURRENCY_CD | ULTIMATE_USE_CD | VAT_SVC_PERFRM_FLG | VAT_SW | VCHR_APPRVL_FLG | VENDOR_ID | VENDOR_SETID | VNDR_LOC | WTHD_SW,Finance & Contrôle,Achats & Fournisseurs,RH,0.9785,high,0,0.5,model_disagrees_with_llm_high_conf
1047197,SYSADM.PS_LC_CURR_OUT_T,PS_LC_CURR_OUT_T,EFFDT | FROM_CUR | PROCESS_INSTANCE | RATE_DIV | RATE_MULT | RT_TYPE | TO_CUR,Finance & Contrôle,IT & Sécurité,Other,0.9787,high,0,0.5,model_disagrees_with_llm_high_conf
1138290,PO_ITM_STG_SUTD,PS_PO_ITM_STG_SUTD,BUSINESS_UNIT | CURRENCY_CD | CURRENCY_CD_BASE | LINE_NBR | PO_ID | PO_STG_ID | PO_STG_TYPE | PROCESS_INSTANCE | SCHED_NBR | SEQNBR | SUT_PRODUCT_TYPE | TAX_AMT | TAX_AMT_BSE | TAX_AUTHORITY_CD | TAX_BASIS_AMT | TAX_BASIS_AMT_BSE | TAX_CD_TYPE | TAX_JUR_NAME | TAX_PCT,Finance & Contrôle,Achats & Fournisseurs,Finance & Contrôle,0.9789,high,0,0.5,model_disagrees_with_llm_high_conf
1164278,TEST_REQ,PS_TEST_REQ,BTF_PRCS_TYPE | BTF_RUN_TYPE | BTFSERVERNAME | DESCR | DTTM_STAMP_SEC | LOAD_EXPECTED | OPRID | PROCESS_FREQUENCY | PROCESS_INSTANCE | PROCESS_ORIG | PROCESS_STATUS | REQUEST_NBR | RUN_CNTL_ID | TEST_CASE | TEST_SET,IT & Sécurité,Achats & Fournisseurs,IT & Sécurité,0.9801,high,0,0.5,model_disagrees_with_llm_high_conf
1123195,IN_DP_SHP_TAO,PS_IN_DP_SHP_TAO,AUTO_PUTAWAY_FLAG | AVAIL_STATUS | BUDGET_DT | BUSINESS_UNIT | BUSINESS_UNIT_BI | BUSINESS_UNIT_PO | CONSIGNED_FLAG | CONVERSION_RATE | COST_ELEMENT | CURRENCY_CD | CURRENCY_CD_DEST | CUR_RT_TYPE | CUST_ID | CUSTOMER_PO | DECIMAL_POSITIONS | DELIVERY_ID | DEMAND_LINE_NO | DEMAND_SOURCE | DESTIN_BU | DESTIN_GL_BU | DIRECT_INVOICING | IN_ADDL_FEE | IN_ADDL_FEE_DEST | IN_DEFER_DEPLETION | INSPECT_FLG | INTERCOMPANY_FLG | INTERUNIT_FLG | INTERUNIT_ID | INTERUNIT_LINE | INTERUNIT_STAT | IN_TPRC_OVRD_FLAG | INV_ITEM_ID | IN_ZERO_PICKED_FLG | LOCATION | NETTABLE_FLG | NON_OWN_FLAG | ORDER_INT_LINE_NO | ORDER_NO | PRICE_PO | PROCESSING_GROUP | PROCESS_INSTANCE | PROCESS_STATUS | PRODUCT_ID | QTY_BASE | QTY_ONHAND | QTY_OWNED | QTY_RESERVED | QTY_SHIPPED | RATE_DIV | RATE_MULT | REASON_CD | RECEIPT_TRACK_FLG | REQ_DISTRIB_NBR | REQ_ID | REQ_LINE_NBR | REQ_SCHED_NBR | RTV_DISTRIB_NUM | RTV_ID | RTV_LN_NBR | SCHED_LINE_NBR | SEQ_NBR | SEQ_NBR_6 | SETID_CUSTOMER | SHIP_DTTM | SHIP_ID | SHIP_TO_CUST_ID | SOURCE_BUS_UNIT | SOURCE_CURR_CODE | SOURCE_GL_BU | TARGET_CURRENCY | TRANSACTION_GROUP | TRANSFER_CALC_TYPE | TRANSFER_COST | TRANSFER_COST_DEST | UNIT_MEASURE_SHIP | VMI_DESTIN_SHIPTO | VMI_OM_BU | VMI_ORDER_LINK | VMI_UNIT_FLG,Finance & Contrôle,Supply Chain / Logistique / Production,Achats & Fournisseurs,0.9807,high,0,0.5,model_disagrees_with_llm_high_conf
1055826,SYSADM.PS_P6_RSRC_L_TAO,PS_P6_RSRC_L_TAO,BUSINESS_UNIT | BUSINESS_UNIT_HR | EOTF_IMPORT_FLG | IB_CHUNKCOUNT | IBTRANSACTIONID | MESSAGE_NBR | MESSAGE_PARM1 | MESSAGE_PARM2 | MESSAGE_PARM3 | MESSAGE_SET_NBR | P6_ACTION | P6_ACTION_EXECUTED | P6_ALTERNATE_KEY | P6_ALTERNATE_REC | P6_BYPASS_FLAG | P6_ERROR2_MSG | P6_ERROR_FLAG | P6_ERROR_MSG | P6_PREV_ERROR | P6_PROC_MARKER | P6_RSRC_GUID | P6_SYNC_STATUS | PROCESS_INSTANCE | PROC_INSTANCE_SYNC | PSFT_RSRC_ID | PSFT_RSRC_ID2 | PSFT_RSRC_NAME | PSFT_RSRC_STATUS | PSFT_RSRC_TYPE | RSRC_OBJECTID | SETID_INV_ITEM | UNIT_OF_MEASURE,RH,IT & Sécurité,Supply Chain / Logistique / Production,0.9821,high,0,0.5,model_disagrees_with_llm_high_conf
1018904,SYSADM.PS_CASHFLWNET_TEOA,PS_CASHFLWNET_TEOA,ASOF_DT | DTTM_STAMP | EO_AUDIT_FLG | EXCEPTION_INFO | FIELDNAME | FIELD_VALUE | FROM_CURRENCY | KEY10_FLDNAME | KEY10_FLD_VAL | KEY11_FLDNAME | KEY11_FLD_VAL | KEY12_FLDNAME | KEY12_FLD_VAL | KEY13_FLDNAME | KEY13_FLD_VAL | KEY14_FLDNAME | KEY14_FLD_VAL | KEY15_FLDNAME | KEY15_FLD_VAL | KEY16_FLDNAME | KEY16_FLD_VAL | KEY1_FLDNAME | KEY1_FLD_VAL | KEY2_FLDNAME | KEY2_FLD_VAL | KEY3_FLDNAME | KEY3_FLD_VAL | KEY4_FLDNAME | KEY4_FLD_VAL | KEY5_FLDNAME | KEY5_FLD_VAL | KEY6_FLDNAME | KEY6_FLD_VAL | KEY7_FLDNAME | KEY7_FLD_VAL | KEY8_FLDNAME | KEY8_FLD_VAL | KEY9_FLDNAME | KEY9_FLD_VAL | OPRID | PROCESS_INSTANCE | PROC_GRP_ID | RATE_DIV | RATE_MULT | RECNAME | RT_DIV_FLDNAME | RT_MULT_FLDNAME | RULE_INSTNC_NBR | RUN_CNTL_ID | TO_CURRENCY,Finance & Contrôle,IT & Sécurité,Finance & Contrôle,0.9833,high,0,0.5,model_disagrees_with_llm_high_conf
1080449,SYSADM.PS_VCHR_MTCH_WS8,PS_VCHR_MTCH_WS8,BUSINESS_UNIT | BUSINESS_UNIT_PO | BUSINESS_UNIT_RECV | CURRENCY_CD | LINE_NBR | MERCH_AMT_RECV | MERCH_AMT_VCHR | PO_ID | QTY_ENTERED | QTY_SH_ACCPT_VUOM | QTY_VCHR | RECEIVER_ID | RECV_LN_NBR | RECV_SHIP_SEQ_NBR | SCHED_NBR | UNIT_OF_MEASURE | UNIT_PRICE | VOUCHER_ID | VOUCHER_LINE_NUM,Achats & Fournisseurs,Finance & Contrôle,Achats & Fournisseurs,0.9836,high,0,0.5,model_disagrees_with_llm_high_conf
1167582,VCHR_MTCH_WS8,PS_VCHR_MTCH_WS8,BUSINESS_UNIT | BUSINESS_UNIT_PO | BUSINESS_UNIT_RECV | CURRENCY_CD | LINE_NBR | MERCH_AMT_RECV | MERCH_AMT_VCHR | PO_ID | QTY_ENTERED | QTY_SH_ACCPT_VUOM | QTY_VCHR | RECEIVER_ID | RECV_LN_NBR | RECV_SHIP_SEQ_NBR | SCHED_NBR | UNIT_OF_MEASURE | UNIT_PRICE | VOUCHER_ID | VOUCHER_LINE_NUM,Achats & Fournisseurs,Finance & Contrôle,Achats & Fournisseurs,0.9851,high,0,0.5,model_disagrees_with_llm_high_conf
1016681,SYSADM.PS_BU_TBL_INV_TEOA,PS_BU_TBL_INV_TEOA,ASOF_DT | DTTM_STAMP | EO_AUDIT_FLG | EXCEPTION_INFO | FIELDNAME | FIELD_VALUE | FROM_CURRENCY | KEY10_FLDNAME | KEY10_FLD_VAL | KEY11_FLDNAME | KEY11_FLD_VAL | KEY12_FLDNAME | KEY12_FLD_VAL | KEY13_FLDNAME | KEY13_FLD_VAL | KEY14_FLDNAME | KEY14_FLD_VAL | KEY15_FLDNAME | KEY15_FLD_VAL | KEY16_FLDNAME | KEY16_FLD_VAL | KEY1_FLDNAME | KEY1_FLD_VAL | KEY2_FLDNAME | KEY2_FLD_VAL | KEY3_FLDNAME | KEY3_FLD_VAL | KEY4_FLDNAME | KEY4_FLD_VAL | KEY5_FLDNAME | KEY5_FLD_VAL | KEY6_FLDNAME | KEY6_FLD_VAL | KEY7_FLDNAME | KEY7_FLD_VAL | KEY8_FLDNAME | KEY8_FLD_VAL | KEY9_FLDNAME | KEY9_FLD_VAL | OPRID | PROCESS_INSTANCE | PROC_GRP_ID | RATE_DIV | RATE_MULT | RECNAME | RT_DIV_FLDNAME | RT_MULT_FLDNAME | RULE_INSTNC_NBR | RUN_CNTL_ID | TO_CURRENCY,Finance & Contrôle,IT & Sécurité,Finance & Contrôle,0.9852,high,0,0.5,model_disagrees_with_llm_high_conf
1095485,CASHFLWNET_TEOA,PS_CASHFLWNET_TEOA,ASOF_DT | DTTM_STAMP | EO_AUDIT_FLG | EXCEPTION_INFO | FIELDNAME | FIELD_VALUE | FROM_CURRENCY | KEY10_FLDNAME | KEY10_FLD_VAL | KEY11_FLDNAME | KEY11_FLD_VAL | KEY12_FLDNAME | KEY12_FLD_VAL | KEY13_FLDNAME | KEY13_FLD_VAL | KEY14_FLDNAME | KEY14_FLD_VAL | KEY15_FLDNAME | KEY15_FLD_VAL | KEY16_FLDNAME | KEY16_FLD_VAL | KEY1_FLDNAME | KEY1_FLD_VAL | KEY2_FLDNAME | KEY2_FLD_VAL | KEY3_FLDNAME | KEY3_FLD_VAL | KEY4_FLDNAME | KEY4_FLD_VAL | KEY5_FLDNAME | KEY5_FLD_VAL | KEY6_FLDNAME | KEY6_FLD_VAL | KEY7_FLDNAME | KEY7_FLD_VAL | KEY8_FLDNAME | KEY8_FLD_VAL | KEY9_FLDNAME | KEY9_FLD_VAL | OPRID | PROCESS_INSTANCE | PROC_GRP_ID | RATE_DIV | RATE_MULT | RECNAME | RT_DIV_FLDNAME | RT_MULT_FLDNAME | RULE_INSTNC_NBR | RUN_CNTL_ID | TO_CURRENCY,Finance & Contrôle,IT & Sécurité,Finance & Contrôle,0.986,high,0,0.5,model_disagrees_with_llm_high_conf
1132843,ORDTAXDTL_TEOA,PS_ORDTAXDTL_TEOA,ASOF_DT | DTTM_STAMP | EO_AUDIT_FLG | EXCEPTION_INFO | FIELDNAME | FIELD_VALUE | FROM_CURRENCY | KEY10_FLDNAME | KEY10_FLD_VAL | KEY11_FLDNAME | KEY11_FLD_VAL | KEY12_FLDNAME | KEY12_FLD_VAL | KEY13_FLDNAME | KEY13_FLD_VAL | KEY14_FLDNAME | KEY14_FLD_VAL | KEY15_FLDNAME | KEY15_FLD_VAL | KEY16_FLDNAME | KEY16_FLD_VAL | KEY1_FLDNAME | KEY1_FLD_VAL | KEY2_FLDNAME | KEY2_FLD_VAL | KEY3_FLDNAME | KEY3_FLD_VAL | KEY4_FLDNAME | KEY4_FLD_VAL | KEY5_FLDNAME | KEY5_FLD_VAL | KEY6_FLDNAME | KEY6_FLD_VAL | KEY7_FLDNAME | KEY7_FLD_VAL | KEY8_FLDNAME | KEY8_FLD_VAL | KEY9_FLDNAME | KEY9_FLD_VAL | OPRID | PROCESS_INSTANCE | PROC_GRP_ID | RATE_DIV | RATE_MULT | RECNAME | RT_DIV_FLDNAME | RT_MULT_FLDNAME | RULE_INSTNC_NBR | RUN_CNTL_ID | TO_CURRENCY,Finance & Contrôle,IT & Sécurité,Finance & Contrôle,0.9912,high,0,0.5,model_disagrees_with_llm_high_conf
1095213,CA_PUTL5_TAO,PS_CA_PUTL5_TAO,ACTIVITY_ID | ANALYSIS_TYPE | BI_CURRENCY_CD | BUSINESS_UNIT_PC | CA_PPD_UTL_DESCR | COMMITTED_AMT | CONTRACT_LINE_NUM | CONTRACT_NUM | CONTRACT_PPD_SEQ | PO_REF | PREPAID_TRANS_TYPE | PREPAID_USE_SEQ | PROCESS_INSTANCE | PROJECT_ID | PROJ_TRANS_TYPE | PURCHASED_AMOUNT | REMAINING_AMOUNT | RESOURCE_CATEGORY | RESOURCE_SUB_CAT | RESOURCE_TYPE | USE_FOR_CONTRACT,Achats & Fournisseurs,Finance & Contrôle,Achats & Fournisseurs,0.9938,high,0,0.5,model_disagrees_with_llm_high_conf
