asset_id,technical_name,source_ref,column_names_text,business_domain,llm_consensus_score,_votes,review_reason
1004595,SYSADM.PS_AGC_CAT_BTN,PS_AGC_CAT_BTN,AGC_BUTTON_ID | AGC_BUTTON_METHOD | AGC_CATEGORY_ID | DATA_TYPE_CD | DESCR | DESCRLONG | EFFDT | MESSAGE_NBR | MESSAGE_SET_NBR,IT & Sécurité,0.6667,"['IT & Sécurité', 'Other', 'IT & Sécurité']",low_consensus
1005015,SYSADM.PS_ALLOC_BASV_TBL,PS_ALLOC_BASV_TBL,EFFDT | FIELDNAME | PERCENTAGE | PROCESS_STEP | SELECT_VALUE | SEQUENCE_NBR_6 | SETID | TO_VALUE | VERSION_NUM,Finance & Contrôle,0.6667,"['Finance & Contrôle', 'Finance & Contrôle', 'IT & Sécurité']",low_consensus
1004361,SYSADM.PS_AC_ITMSEQ_TAO,PS_AC_ITMSEQ_TAO,BUSINESS_UNIT | CUST_ID | DEPOSIT_BU | DEPOSIT_ID | ID_SEQ_NUM | ITEM | ITEM_LINE | PAYMENT_SEQ_NUM | PROCESS_INSTANCE,Finance & Contrôle,0.5,"['IT & Sécurité', 'Finance & Contrôle']",coin_flip_reject
1004534,SYSADM.PS_AE_AM_UPG_AET,PS_AE_AM_UPG_AET,ACCOUNT | ACCOUNT_TO | AFFILIATE | AFFILIATE_INTRA1 | AFFILIATE_INTRA2 | ALTACCT | ALTACCT_TO | ASSET_ID | ASSET_ID_BOOK | ASSET_ID_PREV | BASIS_ID | BASIS_ID1 | BOOK | BUDGET_REF | BUSINESS_UNIT | CALENDAR_ID | CATEGORY | CF_SEQNO | CF_SEQNO_LAST | CHARTFIELD | CHARTFIELD1 | CHARTFIELD2 | CHARTFIELD3 | CHARTFIELD_VALUE | CHILD_TK_PARENT_SW | CLASS_FLD | COST_TYPE | COUNTER1 | DEPTID | DEPTID_TO | DTTM_STAMP | EFFDT | EFFDT_OLD | FIELDNAME | FIELDNAME1 | FIELD_NUM | FLAG | FLAG1 | FUND_CODE | LENGTH | LINE_NBR | LINE_NBR_WRK | OPERATING_UNIT | PROCESS_INSTANCE | PRODUCT | PROFILE_ID | PROGRAM_CODE | PROJECT_ID | PROJECT_ID_TO | REQUEST_ID | RETIRE_CONVENTION | RETIREMENT_PCT | RUN_CNTL_ID | SELECT_CLAUSE | SELECT_CLAUSE2 | SETID | SETID1 | SUM_BY_SW | UPDATE_ACTION | UPDATE_SW | UPG_RELEASE | WHERE_CLAUSE | WHERE_CLAUSE_LONG,Finance & Contrôle,0.5,"['IT & Sécurité', 'Finance & Contrôle']",coin_flip_reject
1004547,SYSADM.PS_AE_FRT_CALC_AET,PS_AE_FRT_CALC_AET,AE_LONG_CHUNK1 | AE_LONG_CHUNK2 | AE_LONG_CHUNK3 | BUSINESS_UNIT | CARRIER_ID | CURRENCY_CD | DESTIN_BU | DTTM_STAMP_SEC | FREIGHT_CALC | FREIGHT_CHARGE | FREIGHT_CHARGE_BSE | FRT_CHRG_METHOD | FRT_RULE_CD | INTERCOMPANY_FLG | INV_ITEM_ID_OPTION | LOAD_ID | LOCATION | OPRID | ORDER_INT_LINE_NO | ORDER_NO | PICK_BATCH_FROM | PICK_BATCH_ID | PICK_BATCH_TO | PROCESS_FREQUENCY | PROCESS_INSTANCE | PROCESS_INST_STG | REQUEST_ID | ROUTE_CD | RUN_CNTL_ID | SHIP_ID | SHIP_ID_EST | SOURCE_BUS_UNIT | TOTAL_QTY | TOTAL_VOLUME | TOTAL_WEIGHT | UNIT_MEASURE_VOL | UNIT_MEASURE_WT | UNIT_OF_MEASURE | WAVE_CD,Supply Chain / Logistique / Production,0.5,"['IT & Sécurité', 'Supply Chain / Logistique / Production']",coin_flip_reject
1004606,SYSADM.PS_AGC_CAT_NOT_LNG,PS_AGC_CAT_NOT_LNG,AGC_CATEGORY_ID | AGC_CAT_NOTIF_ID | AGC_EMAIL_SUBJECT | AGC_EMAIL_TEXTLONG | AGC_MESSAGE_TEXT | DESCR50 | LANGUAGE_CD,IT & Sécurité,0.5,"['Other', 'IT & Sécurité']",coin_flip_reject
1004611,SYSADM.PS_AGC_CAT_STEPBTL,PS_AGC_CAT_STEPBTL,AGC_BUTTON_METHOD | AGC_CATEGORY_ID | AGC_STEP_ID | DESCR | EFFDT | LANGUAGE_CD,Other,0.5,"['Other', 'IT & Sécurité']",coin_flip_reject
1004619,SYSADM.PS_AGC_CTXDTA_RQFD,PS_AGC_CTXDTA_RQFD,AGC_CTXDTA_ID | AGC_REQ_CTX_FLD | DATA_TYPE_CD,IT & Sécurité,0.5,"['Other', 'IT & Sécurité']",coin_flip_reject
1005008,SYSADM.PS_ALLOC_AMT_TMP,PS_ALLOC_AMT_TMP,FIELDNAME_BASIS | FIELDNAME_OFFSET | FIELDNAME_POOL | FIELDNAME_TARGET | LONGNAME,Finance & Contrôle,0.5,"['Other', 'Finance & Contrôle']",coin_flip_reject
1005079,SYSADM.PS_AM_AMDCALLC_AET,PS_AM_AMDCALLC_AET,CALENDAR_ID | CUR_FISCAL_YEAR | CURRENCY_CD | EFFDT | PROCESS_INSTANCE | ROUND_FACTOR | ROUND_PRECISION | ROUND_RULE_AM | ROUND_TYPE | SETID_CAL_DETP | TRUNCATE_FLAG,Finance & Contrôle,0.5,"['Finance & Contrôle', 'IT & Sécurité']",coin_flip_reject
1005673,SYSADM.PS_AM_FDRL_FY_LNG,PS_AM_FDRL_FY_LNG,AM_FDRL_ASSET_GRP | BUSINESS_UNIT | DESCR | LANGUAGE_CD,Finance & Contrôle,0.5,"['Finance & Contrôle', 'Other']",coin_flip_reject
1005802,SYSADM.PS_AMIF_CST_TMP,PS_AMIF_CST_TMP,ACTIVITY_SW | ASSET_ID | BOOK | BUSINESS_UNIT | DTTM_STAMP | PROCESS_INSTANCE | RETIRE_SW | TRANS_DT,IT & Sécurité,0.5,"['IT & Sécurité', 'Other']",coin_flip_reject
1006251,SYSADM.PS_AMRETFDA01_AET,PS_AMRETFDA01_AET,ASSET_ID | BOOK | BUSINESS_UNIT | CLUSTERED_ASSET | CONVENTION | END_DEPR_DT | END_DEPR_FY | END_DEPR_PD | INTFC_ID | INTFC_LINE_NUM | LOW_VALUE_SW | PROCESS_INSTANCE | REQUEST_ID | RETIRE_CONVENTION | WHERE_CLAUSE1 | WHERE_CLAUSE2,Finance & Contrôle,0.5,"['Finance & Contrôle', 'IT & Sécurité']",coin_flip_reject
1006393,SYSADM.PS_AMSEC101_RQST1,PS_AMSEC101_RQST1,BOOK | BUSINESS_UNIT | DEPR_BONUS_PCT | DEPR_BONUS_SW1 | OPRID | PROFILE_ID | REQUEST_ID | RUN_CNTL_ID,Finance & Contrôle,0.5,"['Finance & Contrôle', 'IT & Sécurité']",coin_flip_reject
1006394,SYSADM.PS_AMSEC101_RQST2,PS_AMSEC101_RQST2,BOOK | BUSINESS_UNIT | DEPR_BONUS_PCT | DEPR_BONUS_SW1 | OPRID | PROFILE_ID | REQUEST_ID | RUN_CNTL_ID | SETID,Finance & Contrôle,0.5,"['Finance & Contrôle', 'IT & Sécurité']",coin_flip_reject
1006396,SYSADM.PS_AM_SEL_RESULTS,PS_AM_SEL_RESULTS,ASSET_CLASS | ASSET_ID | ASSET_SUBTYPE | ASSET_TYPE | BUSINESS_UNIT | CATEGORY | DEFAULT_FLAG | DESCR | IN_SERVICE_DT | PROCESS_INST_STG | PROFILE_ID | SELECT_ASSET | SERIAL_ID | TAG_NUMBER,IT & Sécurité,0.5,"['IT & Sécurité', 'Other']",coin_flip_reject
1006401,SYSADM.PS_AM_SS_TRF_HDR,PS_AM_SS_TRF_HDR,APPR_STATUS | ASSET_ID | BUSINESS_UNIT | DATE_SUBMITTED | DTTM_STAMP | ORIGINATOR_ID,Achats & Fournisseurs,0.5,"['Achats & Fournisseurs', 'Other']",coin_flip_reject
1006500,SYSADM.PS_ANALYSGRP_TEO3,PS_ANALYSGRP_TEO3,ANALYSIS_GRP_CD | CURRENCY_CD | CUST_ID | CUSTOMER_GROUP | EFFDT | EFF_STATUS | EO_FROM_CURRENCY | EO_PROCESS_INST | PRODUCT_GROUP | PRODUCT_ID | REGION_CD | SETID,Finance & Contrôle,0.5,"['Finance & Contrôle', 'IT & Sécurité']",coin_flip_reject
1006529,SYSADM.PS_AP_APS8003_AET,PS_AP_APS8003_AET,ACCOUNT | BUSINESS_UNIT | DEPTID | OPRID | PROCESS_INSTANCE | RUN_CNTL_ID,Finance & Contrôle,0.5,"['Finance & Contrôle', 'IT & Sécurité']",coin_flip_reject
1006586,SYSADM.PS_AP_ARC_VND_BK_H,PS_AP_ARC_VND_BK_H,ADDRESS1 | ADDRESS2 | ADDRESS3 | ADDRESS4 | ADDR_FIELD1 | ADDR_FIELD2 | ADDR_FIELD3 | BANK_ACCOUNT_NUM | BANK_ACCT_SEQ_NBR | BANK_ACCT_TYPE | BANK_ID_QUAL | BENEF_BRANCH | BENEF_BRANCH_AC | BENEFICIARY_BANK | BENEFICIARY_BNK_AC | BNK_ID_NBR | BRANCH_ID | CHECK_DIGIT | CITY | COUNTRY | COUNTRY_CODE | COUNTY | DEFAULT_IND | DESCR | DFI_ID_NUM | DFI_ID_QUAL | EFFDT | EXTENSION | FAX | GEO_CODE | HOUSE_TYPE | IBAN_CHECK_DIGIT | IBAN_ID | IN_CITY_LIMIT | NUM1 | NUM2 | PHONE | POSTAL | PSARCH_BATCHNUM | PSARCH_ID | SETID | STATE | VENDOR_ID | VNDR_LOC,Achats & Fournisseurs,0.5,"['Achats & Fournisseurs', 'Finance & Contrôle']",coin_flip_reject
1006632,SYSADM.PS_AP_ASSTN_STEP,PS_AP_ASSTN_STEP,ASSTN_REC_LBL | ASSTN_REC_NAME | ASSTN_TEMP_REC | DESCR | DRIVER_REC_LBL | DRIVER_REC_NAME | DRIVER_TEMP_REC | HOLDING_REC | OUTPUT_RECNAME | SQLIDBTH | SQLIDONL | STEP_NAME,IT & Sécurité,0.5,"['IT & Sécurité', 'Finance & Contrôle']",coin_flip_reject
1006655,SYSADM.PS_AP_CCR_VBLD_AET,PS_AP_CCR_VBLD_AET,AE_APPSTATUS | CCR_DUNS_PLUS4 | CCR_NAICS_FLG | CCR_SIC_FLG | DUNS_NUMBER | MESSAGE_NBR | MESSAGE_SET_NBR | PROCESS_INSTANCE | SOURCE_SYSTEM | SQLTEXT,Finance & Contrôle,0.5,"['Finance & Contrôle', 'IT & Sécurité']",coin_flip_reject
1006771,SYSADM.PS_AP_DAM_ALG8_T,PS_AP_DAM_ALG8_T,BUSINESS_UNIT | BUSINESS_UNIT_PO | BUSINESS_UNIT_RECV | LINE_NBR | PO_ID | PROCESS_INSTANCE | RECEIVER_ID | RECV_LN_NBR | RECV_SHIP_SEQ_NBR | SCHED_NBR | VOUCHER_ID | VOUCHER_LINE_NUM,Achats & Fournisseurs,0.5,"['Achats & Fournisseurs', 'Finance & Contrôle']",coin_flip_reject
1007342,SYSADM.PS_AP_FIN2025_AET,PS_AP_FIN2025_AET,EFT_LAYOUT_CD | LANGUAGE_CD | OPRID | PROCESS_INSTANCE | RUN_CNTL_ID,Finance & Contrôle,0.5,"['Finance & Contrôle', 'IT & Sécurité']",coin_flip_reject
1007738,SYSADM.PS_AP_MTPOLN_T,PS_AP_MTPOLN_T,AMT_MATCHED_PO | AMT_ONLY_FLG | BUSINESS_UNIT_PO | BUYER_ID | CAT_LINE_NBR | CNTRCT_ID | CNTRCT_LINE_NBR | CNTRCT_SETID | CURRENCY_CD_PO | DISTRIB_MTHD_FLG | DUE_DT | EXT_PRC_TOL | EXT_PRC_TOL_L | FREIGHT_TERMS | FROZEN_FLG | INSPECT_CD | INV_ITEM_ID_PO | ITM_ID_VNDR | ITM_SETID_PO | LINE_NBR | MATCH_ACTION | MATCH_CNTRL_ID | MATCH_LINE_OPT | MATCH_STATUS_LN_PO | MATCH_STATUS_PO | MERCH_AMT_PO | ORIGIN | ORIG_PROM_DT | PCT_EXT_PRC_TOL | PCT_EXT_PRC_TOL_L | PCT_UNDER_QTY | PCT_UNIT_PRC_TOL | PCT_UNIT_PRC_TOL_L | PO_DT | PO_ID | PO_STATUS | PO_TYPE | PRICE_CAN_CHANGE | PRICE_PO | PROCESS_INSTANCE | PYMNT_TERMS_CD_PO | QTY_MATCHED_PO | QTY_PO | QTY_RECV_TOL_PCT | QTY_RECV_TOL_PCT2 | RECV_REQ | RECV_STATUS | RJCT_OVER_TOL_FLAG | RT_TYPE_PO | SCHED_NBR | SHIPTO_ID | TAX_EXEMPT | UNIT_PRC_TOL | UNIT_PRC_TOL_L | UOM_PO | VENDOR_PO | VERSION_NBR | VNDR_LOC_PO | VNDR_SETID_PO | ZERO_PRICE_IND,Achats & Fournisseurs,0.5,"['Achats & Fournisseurs', 'Finance & Contrôle']",coin_flip_reject
1008275,SYSADM.PS_AP_PRLLPROCSTAT,PS_AP_PRLLPROCSTAT,DATE_ASSIGNED | PROCESS_INSTANCE | PROCESS_NAME,IT & Sécurité,0.5,"['IT & Sécurité', 'Finance & Contrôle']",coin_flip_reject
1008539,SYSADM.PS_APS_OP_O_TAO,PS_APS_OP_O_TAO,APS_BRANCH_CODE | APS_OP_INST_CODE | APS_PRDN_SCHD_CODE | APS_RTG_INST_CODE | EXPECTED_PRDN_QTY | INV_ITEM_ID | MG_OUTPUT_TYPE | PROBINST | PROCESS_INSTANCE,Supply Chain / Logistique / Production,0.5,"['Supply Chain / Logistique / Production', 'IT & Sécurité']",coin_flip_reject
1008589,SYSADM.PS_APS_RTG_I_TAO,PS_APS_RTG_I_TAO,APS_BRANCH_CODE | APS_PRDN_SCHD_CODE | APS_RTG_INST_CODE | BOM_CODE | BUSINESS_UNIT | EXPECTED_PRDN_QTY | INV_ITEM_ID | PLAN_END_DTTM | PLAN_START_DTTM | PL_SEQ_NBR | PROBINST | PROCESS_INSTANCE | PRODUCTION_ID | RTG_CODE,Supply Chain / Logistique / Production,0.5,"['Supply Chain / Logistique / Production', 'IT & Sécurité']",coin_flip_reject
1008738,SYSADM.PS_AP_TINLFL_TAO,PS_AP_TINLFL_TAO,FL_ACCOUNT | FL_NAME | FL_TIN_CODE | FL_TIN_NUMBER | FL_TIN_TYPE | PROCESS_INSTANCE | SETID | TIN_TYPE | VENDOR_ID | WTHD_ENTITY,Achats & Fournisseurs,0.5,"['Achats & Fournisseurs', 'Finance & Contrôle']",coin_flip_reject
1008788,SYSADM.PS_AP_VAL_INHERIT,PS_AP_VAL_INHERIT,DESCR | OPRID | PROCESS_FREQUENCY | PROCESS_INSTANCE | REQUEST_DT | REQUEST_ID | RUN_CNTL_ID,Finance & Contrôle,0.5,"['Finance & Contrôle', 'IT & Sécurité']",coin_flip_reject
1008983,SYSADM.PS_AP_X8085_AET,PS_AP_X8085_AET,AS_OF_DATE | LANGUAGE_CD | OPRID | PROCESS_INSTANCE | REPORT_DEFN_ID | RUN_CNTL_ID | TMPLDEFN_ID,Finance & Contrôle,0.5,"['Finance & Contrôle', 'IT & Sécurité']",coin_flip_reject
1009120,SYSADM.PS_ARCH_AUDIT_RQST,PS_ARCH_AUDIT_RQST,ARCH_CLASS | ARCH_EVENT | FROM_DT | OPRID | PSARCH_FILE_PATH | PSARCH_ID | PSARCH_PRINT_SQL | RUN_CNTL_ID | TO_DT,IT & Sécurité,0.5,"['IT & Sécurité', 'Finance & Contrôle']",coin_flip_reject
1010449,SYSADM.PS_ASSET_CUST_C,PS_ASSET_CUST_C,AFFILIATE | AFFILIATE_INTRA1 | AFFILIATE_INTRA2 | ASSET_ID | AUTHORIZATION_DT | AUTHORIZATION_NAME | AUTH_STATUS | BUDGET_REF | BUSINESS_UNIT | CHARTFIELD1 | CHARTFIELD2 | CHARTFIELD3 | CLASS_FLD | COMPARE_SOURCE | COMPARE_TYPE | CUSTODIAN | DEPTID | EFFDT | EFFSEQ | EMPLID | FUND_CODE | OFFSITE_SW | OPERATING_UNIT | PRODUCT | PROGRAM_CODE | PROJECT_ID | TEST_CASE,Finance & Contrôle,0.5,"['Finance & Contrôle', 'Other']",coin_flip_reject
1010452,SYSADM.PS_ASSET_CUST_S,PS_ASSET_CUST_S,AFFILIATE | AFFILIATE_INTRA1 | AFFILIATE_INTRA2 | ASSET_ID | AUTHORIZATION_DT | AUTHORIZATION_NAME | AUTH_STATUS | BUDGET_REF | BUSINESS_UNIT | CHARTFIELD1 | CHARTFIELD2 | CHARTFIELD3 | CLASS_FLD | CUSTODIAN | DEPTID | EFFDT | EFFSEQ | EMPLID | FUND_CODE | OFFSITE_SW | OPERATING_UNIT | PRODUCT | PROGRAM_CODE | PROJECT_ID | TEST_CASE,Finance & Contrôle,0.5,"['Finance & Contrôle', 'Other']",coin_flip_reject
1010538,SYSADM.PS_AUC_AWARD_SH,PS_AUC_AWARD_SH,AUC_ID | AUC_ROUND | AUC_VERSION | BUSINESS_UNIT | CURRENCY_CD | DISTRIB_MTHD_FLG | DUE_DT | FREIGHT_TERMS | LINE_NBR | MERCHANDISE_AMT | QTY_AUC | SCHED_NBR | SHIP_FROM_LOC | SHIPTO_ID | SHIPTO_SETID | SHIP_TYPE_ID,Supply Chain / Logistique / Production,0.5,"['Supply Chain / Logistique / Production', 'Achats & Fournisseurs']",coin_flip_reject
1010617,SYSADM.PS_AUC_HDR_CLB_GRP,PS_AUC_HDR_CLB_GRP,AUC_AWD_ROUTE_DTTM | AUC_AWDRVW_BY_DTTM | AUC_BF_RVW_DFLT | AUC_COLLAB_GRP | AUC_COLLAB_GRP_NBR | AUC_COLLAB_SRC | AUC_COLLAB_TYPE | AUC_DSP_BFCOST | AUC_ID | AUC_REVIEW_BY_DTTM | AUC_ROUND | AUC_ROUTE_DTTM | AUC_ROUTE_SEQ | AUC_VERSION | BUSINESS_UNIT | WEIGHTING,Other,0.5,"['Other', 'RH']",coin_flip_reject
1010620,SYSADM.PS_AUC_HDR_FCT_CLB,PS_AUC_HDR_FCT_CLB,AUC_DTTM_CLB_RESP | AUC_ID | AUC_ROUND | AUC_VERSION | BID_FACTOR_NBR | BID_FACTOR_TYPE | BUSINESS_UNIT | OPRID | WEIGHTING,IT & Sécurité,0.5,"['IT & Sécurité', 'Other']",coin_flip_reject
1010640,SYSADM.PS_AUC_LNCNST_ATLS,PS_AUC_LNCNST_ATLS,AUC_BF_LIST_LINE | AUC_ID | AUC_ROUND | AUC_VERSION | BID_LIST_ITEM | BID_LIST_SELECTED | BUSINESS_UNIT | CONST_ATTR_NBR | CONST_NBR | LINE_NBR,Achats & Fournisseurs,0.5,"['Achats & Fournisseurs', 'Other']",coin_flip_reject
1010706,SYSADM.PS_AUC_PLAN_HDR,PS_AUC_PLAN_HDR,AUC_OVR_PLN_STATUS | AUC_PLAN_ID | AUC_PLAN_NAME | AUC_PLAN_STATUS | AUC_PLAN_TYPE | AUC_TMPL_BUS_UNIT | AUC_TMPL_PLAN_ID | AUC_TMPLTE_DESCR | AUC_TMPLTE_FLG | AUC_TMPLTE_ID | AUC_TMPL_VERSION | AUC_VERSION | BASE_CURR_CD | BASELINE_SPEND | BUSINESS_UNIT | CREATE_DTTM | CREATEOPRID | CURRENT_OWNER | CURRENT_PHASE | DESCR2000 | END_DATE | FINAL_CURR_CD | FINAL_SPEND | LAST_UPDATE_DTTM | LASTUPDOPRID | PLAN_OWNER | PRIMARY_CATEGORY | SECONDARY_CATEGORY | START_DATE,Achats & Fournisseurs,0.5,"['Achats & Fournisseurs', 'Ventes & Clients']",coin_flip_reject
1010767,SYSADM.PS_AUC_UDDI_BUSCAT,PS_AUC_UDDI_BUSCAT,DESCR254_MIXED | LINE_NBR | NAME1 | UDDI_BUS_KEY,IT & Sécurité,0.5,"['Other', 'IT & Sécurité']",coin_flip_reject
1010810,SYSADM.PS_AUTO_ENTRY_TBL,PS_AUTO_ENTRY_TBL,AUTOMNT_REASON | DST_GL | EFFDT | EFF_STATUS | ENTRY_TYPE | ENTRY_USE_ID | PP_ENTRY_REASON | REQUIRE_REASON | SETID,Finance & Contrôle,0.5,"['Finance & Contrôle', 'Other']",coin_flip_reject
1010838,SYSADM.PS_AVN_NODE_LINE,PS_AVN_NODE_LINE,ACV_NDFLD_ALIGN_1 | ACV_NDFLD_ALIGN_2 | ACV_NDFLD_ID_1 | ACV_NDFLD_ID_2 | ACV_NDFLD_TYPE_1 | ACV_NDFLD_TYPE_2 | ACV_ND_LINE_NUM | ACV_ND_LINE_SEQ | ACV_ND_STRING_1 | ACV_ND_STRING_2 | ACV_NDTPL_ID | ACV_ND_VIEW_NAME | ACV_ZOOM_LEVEL,IT & Sécurité,0.5,"['IT & Sécurité', 'Other']",coin_flip_reject
1010841,SYSADM.PS_AVN_NODE_ZOOM,PS_AVN_NODE_ZOOM,ACV_NDTPL_ID | ACV_ND_VIEW_NAME | ACV_WIDTH_LEFT | ACV_WIDTH_RIGHT | ACV_ZOOM_LEVEL | DEFAULT_FLAG,IT & Sécurité,0.5,"['Other', 'IT & Sécurité']",coin_flip_reject
1010984,SYSADM.PS_BC_CMP_RANK_DFN,PS_BC_CMP_RANK_DFN,BC_CMPNT_RANK_ID | BC_CMPNT_RANKING | BC_RANK_TYPE | DESCR | EFFDT | EFF_STATUS | FMS_DTTM_STAMP | FMS_LASTUPDDTTM | FMS_LASTUPDOPRID | FMS_OPRID | SETID,IT & Sécurité,0.5,"['Other', 'IT & Sécurité']",coin_flip_reject
1011104,SYSADM.PS_BC_SETUP_PROMPT,PS_BC_SETUP_PROMPT,BC_ACCT_PROMPT | BC_CLASS_PROMPT | BC_DEPT_PROMPT | BC_FUND_PROMPT | BC_INDUSTRY_TYPE | FMS_DTTM_STAMP | FMS_LASTUPDDTTM | FMS_LASTUPDOPRID | FMS_OPRID,IT & Sécurité,0.5,"['IT & Sécurité', 'Other']",coin_flip_reject
1011159,SYSADM.PS_BETC_DEFN_LANG,PS_BETC_DEFN_LANG,AGENCY_ID1 | ALLO_TR_AGENCY | AVAIL_TYPE_CD | BEGIN_PERIOD_AVAIL | BETC_CD | DESCR50 | END_PERIOD_AVAIL | LANGUAGE_CD | MAIN_ACCOUNT | SUB_ACCOUNT | SUB_LEVEL_CD,Finance & Contrôle,0.5,"['Finance & Contrôle', 'Other']",coin_flip_reject
1011273,SYSADM.PS_BID_FACTOR_PRC,PS_BID_FACTOR_PRC,AUC_PRC_COMP_NBR | AUC_PRICE_COMP | BID_FACTOR_CD | EFFDT | SETID | UNIT_OF_MEASURE | WEIGHTING,Achats & Fournisseurs,0.5,"['Ventes & Clients', 'Achats & Fournisseurs']",coin_flip_reject
1011276,SYSADM.PS_BID_FCTR_CLAUSE,PS_BID_FCTR_CLAUSE,BID_FACTOR_CD | CS_BODY_TYPE | CS_OBJECT_ID | EFFDT | SEQ_NBR_5 | SETID,Achats & Fournisseurs,0.5,"['Other', 'Achats & Fournisseurs']",coin_flip_reject
1011282,SYSADM.PS_BID_ID_NBRS_HST,PS_BID_ID_NBRS_HST,BIDDER_ID | CREDIT_FLG | ENTERED_DTTM | SEQNUM | SETID | STD_ID_NUM | STD_ID_NUM_QUAL | STD_ID_SETID | USERID,Achats & Fournisseurs,0.5,"['Achats & Fournisseurs', 'Ventes & Clients']",coin_flip_reject
1012167,SYSADM.PS_BI_ELGNOT_TAO,PS_BI_ELGNOT_TAO,BUSINESS_UNIT | GRP_INVOICE | GRP_LINE_NBR | INVOICE | LINE_NOTE_SEQ_NUM | LINE_SEQ_NUM | NOTE_LEVEL_TYPE | NOTES_SEQ_NUM | NOTE_TYPE | PROCESS_INSTANCE | PUBLIC_VOUCHER_NBR | TEXT254,Finance & Contrôle,0.5,"['Finance & Contrôle', 'IT & Sécurité']",coin_flip_reject
1012302,SYSADM.PS_BI_ELNOTE_TAO,PS_BI_ELNOTE_TAO,ADD_DT | BUSINESS_UNIT | GRP_INVOICE | GRP_LINE_NBR | INTERNAL_FLAG | INVOICE | INVOICE_DT | INVOICE_FORM_ID | LANGUAGE_CD | LAST_MAINT_OPRID | LINE_SEQ_NUM | NOTE_CATEGORY | NOTE_LEVEL_TYPE | NOTES_SEQ_NUM | NOTE_TYPE | PROCESS_INSTANCE | SETID | SINGLE_LINE | STD_NOTE_CD | STD_NOTE_FLAG | TEXT254,Finance & Contrôle,0.5,"['IT & Sécurité', 'Finance & Contrôle']",coin_flip_reject
1012379,SYSADM.PS_BI_EX_GTCUS_AET,PS_BI_EX_GTCUS_AET,ADDRESS_PHONE | CUST_ID | CUST_NAME2 | CUSTOMER_CD | CUST_OPTION_GTA | EXPORT | EXPORT_STATUS_GTA | FROM_CUSTOMER_CD | FROM_CUSTOMER_ID | LAST_MOD_DT_FROM | LAST_MOD_DT_TO | LAST_MODIFIED_DATE | LENGTH | PHONE | PROCESS_INSTANCE | RUN_CNTL_ID | SETID | SETID2 | SHORT_CODE | TO_CUSTOMER_CD | TO_CUSTOMER_ID | VAT_INVOICE_TYPE | VAT_RGSTRN_ID | WHERE_CLAUSE,Finance & Contrôle,0.5,"['Other', 'Finance & Contrôle']",coin_flip_reject
1012416,SYSADM.PS_BI_EXTRCT_CC,PS_BI_EXTRCT_CC,ADD_DT | ADDRESS1 | ADDRESS2 | ADDRESS3 | ADDRESS4 | ADDRESS_SEQ_NUM | ADDR_FIELD1 | ADDR_FIELD2 | ADDR_FIELD3 | BILL_TO_COPIES | BILL_TO_MEDIA | BUSINESS_UNIT | CITY | CNTCT_SEQ_NUM | COUNTRY | COUNTY | CUST_ID | CUST_NAME | EMAILID | ERROR_STATUS_BI | FAX | HOUSE_TYPE | IN_CITY_LIMIT | INVOICE | IVC_DELIVERED_FLG | LANGUAGE_CD | LAST_MAINT_OPRID | NAME1 | NUM1 | NUM2 | POSTAL | PROCESS_INSTANCE | SEQ_NUM | STATE,Ventes & Clients,0.5,"['Ventes & Clients', 'Finance & Contrôle']",coin_flip_reject
1012659,SYSADM.PS_BI_HDR_NOTE_TMP,PS_BI_HDR_NOTE_TMP,ADD_DTTM | BUSINESS_UNIT | INTERNAL_FLAG | INVOICE | LAST_MAINT_OPRID | LAST_UPDATE_DTTM | NOTES_SEQ_NUM | NOTE_TYPE | STD_NOTE_CD | STD_NOTE_FLAG | TEXT254,Finance & Contrôle,0.5,"['Finance & Contrôle', 'Other']",coin_flip_reject
1012721,SYSADM.PS_BI_IHNOT_TAO,PS_BI_IHNOT_TAO,ADD_DTTM | BUSINESS_UNIT | INTERNAL_FLAG | INVOICE | LAST_MAINT_OPRID | LAST_UPDATE_DTTM | NOTES_SEQ_NUM | NOTE_TYPE | PROCESS_INSTANCE | STD_NOTE_CD | STD_NOTE_FLAG | TEXT254,Finance & Contrôle,0.5,"['Finance & Contrôle', 'IT & Sécurité']",coin_flip_reject
1012910,SYSADM.PS_BI_LINE_NUM_AET,PS_BI_LINE_NUM_AET,ADJ_LINE_TYPE | BUSINESS_UNIT | INVOICE | INVOICE_LINE | INVOICE_TYPE | LINE_SEQ_NUM | NEW_COUNTER | NEW_SORT_BY_ID | OLD_COUNTER | OLD_SORT_BY_ID | PROCESS_INSTANCE | SQLTEXT | TEMP_NBR1,Finance & Contrôle,0.5,"['IT & Sécurité', 'Finance & Contrôle']",coin_flip_reject
1012980,SYSADM.PS_BI_LVAT_ERR,PS_BI_LVAT_ERR,BUSINESS_UNIT | ERROR_FIELDNAME | ERROR_STATUS_BI | INVOICE | LINE_SEQ_NUM | MESSAGE_NBR | MESSAGE_SET_NBR | PROCESS_INSTANCE,Finance & Contrôle,0.5,"['Finance & Contrôle', 'IT & Sécurité']",coin_flip_reject
1013004,SYSADM.PS_BI_PNLSERIESHDR,PS_BI_PNLSERIESHDR,ADD_DTTM | BI_PNLSERIES_ID | DESCR | DESCRSHORT | LAST_MAINT_OPRID | LAST_UPDATE_DTTM,Finance & Contrôle,0.5,"['Other', 'Finance & Contrôle']",coin_flip_reject
1013136,SYSADM.PS_BI_SORT_BY_LANG,PS_BI_SORT_BY_LANG,DESCR | DESCRSHORT | INVOICE_SORT_BY_ID | LANGUAGE_CD,Finance & Contrôle,0.5,"['Finance & Contrôle', 'Other']",coin_flip_reject
1013137,SYSADM.PS_BI_SORT_BY_LIN,PS_BI_SORT_BY_LIN,ADD_DTTM | DESCR | DESCRSHORT | LAST_MAINT_OPRID | LAST_UPDATE_DTTM | LIN_TYP_SORT_BY_ID | STATUS_BI,IT & Sécurité,0.5,"['IT & Sécurité', 'Other']",coin_flip_reject
1013143,SYSADM.PS_BI_STGINV_H_ERR,PS_BI_STGINV_H_ERR,BUSINESS_UNIT | CREATEDTTM | ERR_SEQ_NUM2 | INVOICE | LAST_UPDATE_DTTM | MESSAGE_NBR | MESSAGE_SET_NBR | OPRID | OPRID_LAST_UPDT,Finance & Contrôle,0.5,"['Finance & Contrôle', 'Supply Chain / Logistique / Production']",coin_flip_reject
1013307,SYSADM.PS_BI_WHCC_TAO,PS_BI_WHCC_TAO,ADD_DTTM | ADDRESS1 | ADDRESS2 | ADDRESS3 | ADDRESS4 | ADDRESS_SEQ_NUM | ADDR_FIELD1 | ADDR_FIELD2 | ADDR_FIELD3 | BILL_TO_COPIES | BILL_TO_MEDIA | BUSINESS_UNIT | CITY | CNTCT_SEQ_NUM | COUNTRY | COUNTY | CUST_ID | CUST_NAME | EMAILID | ERROR_STATUS_BI | FAX | HOUSE_TYPE | IN_CITY_LIMIT | INVOICE | IVC_DELIVERED_FLG | LANGUAGE_CD | LAST_MAINT_OPRID | LAST_UPDATE_DTTM | NAME1 | NUM1 | NUM2 | POSTAL | PROCESS_INSTANCE | SEQ_NUM | STATE,Ventes & Clients,0.5,"['Ventes & Clients', 'IT & Sécurité']",coin_flip_reject
1013492,SYSADM.PS_BI_WNHNOTETAO,PS_BI_WNHNOTETAO,ADD_DTTM | BUSINESS_UNIT | INTERNAL_FLAG | INVOICE | LAST_MAINT_OPRID | LAST_UPDATE_DTTM | NOTES_SEQ_NUM | NOTE_TYPE | PROCESS_INSTANCE | STD_NOTE_CD | STD_NOTE_FLAG | TEXT254,IT & Sécurité,0.5,"['Other', 'IT & Sécurité']",coin_flip_reject
1013600,SYSADM.PS_BI_XCONFG_D_TAO,PS_BI_XCONFG_D_TAO,AUDIT_ACTN | BUSINESS_UNIT | BUSINESS_UNIT_OM | CONFIG_DETL_SEQ | CONFIG_VALUE | CP_COMP_SEQ | CUST_ID | IDENTIFIER | IN_PROCESS_FLG | INVOICE | INVOICE_LINE | LINE_SEQ_NUM | OPTION_DESC | OPTION_VALUE | ORDER_INT_LINE_NO | ORDER_NO | PROCESS_INSTANCE | SETID,IT & Sécurité,0.5,"['IT & Sécurité', 'Ventes & Clients']",coin_flip_reject
1013630,SYSADM.PS_BI_XSCOMREF_TAO,PS_BI_XSCOMREF_TAO,AUDIT_ACTN | BUSINESS_UNIT | BUSINESS_UNIT_OM | CUST_ID | IN_PROCESS_FLG | INVOICE | LINE_SEQ_NUM | ORDER_DATE | ORDER_INT_LINE_NO | ORDER_NO | PROCESS_INSTANCE | REFERENCE_ID | SCHED_LINE_NBR | SEQ_NUM | SETID | TEXT80,Ventes & Clients,0.5,"['Ventes & Clients', 'IT & Sécurité']",coin_flip_reject
1016346,SYSADM.PS_BS_STMT_EC_E,PS_BS_STMT_EC_E,BNK_LOAD_DTTM | BSP_PRCS_DT | DESCRLONG | DTTM_REFRESHED | EVENT_TRACKING_ID | FILE_CREATE_DT | FILE_CREATE_TIME | FILE_ID | IMPORT_FILE_ID | LOADED_SW | OPRID | RECEIVER | REQUEST_ID | RESPONSE | SENDER | STATEMENT_ID | TEST_CASE,Finance & Contrôle,0.5,"['Finance & Contrôle', 'IT & Sécurité']",coin_flip_reject
1016423,SYSADM.PS_BUGRP_G,PS_BUGRP_G,ALTACCT_OPTN | AS_OF_DATE | BUSINESS_UNIT | CALENDAR_ID | DOC_SEQ | INCR_MODE | PRCSNAME | PROCESS_INSTANCE | SEPARATE_DRCR | SEQUENCE_NBR_9 | SETID1 | SETID2 | SETID3 | SETID4 | SETID5 | SETID6 | SETID7 | SETID8 | SETID9 | SETID_CALENDAR | SETID_CFV_SET | SETID_LEDGER | SETID_RULE | SETID_TIMESPANS | SETID_TREE1 | SETID_TREE2 | SETID_TREE3 | SETID_TREE4 | SETID_TREE5 | SETID_TREE6 | SETID_TREE7 | SETID_TREE8 | SETID_TREE9,Finance & Contrôle,0.5,"['Finance & Contrôle', 'IT & Sécurité']",coin_flip_reject
1016429,SYSADM.PS_BUGRP_TAO,PS_BUGRP_TAO,ALTACCT_OPTN | AS_OF_DATE | BUSINESS_UNIT | CALENDAR_ID | DOC_SEQ | INCR_MODE | PRCSNAME | PROCESS_INSTANCE | SEPARATE_DRCR | SEQUENCE_NBR_9 | SETID1 | SETID2 | SETID3 | SETID4 | SETID5 | SETID6 | SETID7 | SETID8 | SETID9 | SETID_CALENDAR | SETID_CFV_SET | SETID_LEDGER | SETID_RULE | SETID_TIMESPANS | SETID_TREE1 | SETID_TREE2 | SETID_TREE3 | SETID_TREE4 | SETID_TREE5 | SETID_TREE6 | SETID_TREE7 | SETID_TREE8 | SETID_TREE9,Finance & Contrôle,0.5,"['Finance & Contrôle', 'IT & Sécurité']",coin_flip_reject
1016549,SYSADM.PS_BULK_ASSET_SRCH,PS_BULK_ASSET_SRCH,AREA_ID | ASSET_SEARCH | ASSET_STATUS | ASSET_SUBTYPE | ASSET_TYPE | BUSINESS_UNIT | CATEGORY | DESCR | FROM_ASSET_ID | LOCATION | PROFILE_ID | RETRIEVE_PB | TO_ASSET_ID,IT & Sécurité,0.5,"['IT & Sécurité', 'Other']",coin_flip_reject
1016641,SYSADM.PS_BUS_UNIT_OPT_RS,PS_BUS_UNIT_OPT_RS,ASGN_APPR_DTCG_MGR | ASGN_APPR_DTCG_SUP | ASSGN_APPR_DTCHG | ASSGN_APPR_EXT_FLG | ASSGN_APPR_INT_FLG | ASSGN_APPR_MGR | ASSGN_APPR_SUP | ASSGN_DTNTF_MGR | ASSGN_DTNTF_PRJ | ASSGN_DTNTF_RES | ASSGN_NOTFYMGR_FLG | ASSGN_NOTFYPRJ_FLG | ASSGN_NOTFYRES_FLG | ASSGN_RESRV_FLEX | FIRST_APPROVAL | GRR_APPR_DTCG_MGR | GRR_APPR_MGR | GRR_DTNTF_MGR | GRR_NOTFYMGR_FLG | GRR_NOTFYPRJ_FLG | MNGR_APPRVL_OPT | RS_AW_OPTION | RS_AWPRCS_ID_HDR | RS_AWPRCS_ID_LINE | SETID | SO_WF_INTPARTY | SO_WORKLIST_FLG,RH,0.5,"['RH', 'IT & Sécurité']",coin_flip_reject
1016681,SYSADM.PS_BU_TBL_INV_TEOA,PS_BU_TBL_INV_TEOA,ASOF_DT | DTTM_STAMP | EO_AUDIT_FLG | EXCEPTION_INFO | FIELDNAME | FIELD_VALUE | FROM_CURRENCY | KEY10_FLDNAME | KEY10_FLD_VAL | KEY11_FLDNAME | KEY11_FLD_VAL | KEY12_FLDNAME | KEY12_FLD_VAL | KEY13_FLDNAME | KEY13_FLD_VAL | KEY14_FLDNAME | KEY14_FLD_VAL | KEY15_FLDNAME | KEY15_FLD_VAL | KEY16_FLDNAME | KEY16_FLD_VAL | KEY1_FLDNAME | KEY1_FLD_VAL | KEY2_FLDNAME | KEY2_FLD_VAL | KEY3_FLDNAME | KEY3_FLD_VAL | KEY4_FLDNAME | KEY4_FLD_VAL | KEY5_FLDNAME | KEY5_FLD_VAL | KEY6_FLDNAME | KEY6_FLD_VAL | KEY7_FLDNAME | KEY7_FLD_VAL | KEY8_FLDNAME | KEY8_FLD_VAL | KEY9_FLDNAME | KEY9_FLD_VAL | OPRID | PROCESS_INSTANCE | PROC_GRP_ID | RATE_DIV | RATE_MULT | RECNAME | RT_DIV_FLDNAME | RT_MULT_FLDNAME | RULE_INSTNC_NBR | RUN_CNTL_ID | TO_CURRENCY,Finance & Contrôle,0.5,"['Finance & Contrôle', 'IT & Sécurité']",coin_flip_reject
1017042,SYSADM.PS_CA_BI_FF_TA5,PS_CA_BI_FF_TA5,BILL_PLAN_ID | BPLAN_LN_NBR | CONTRACT_LINE_NUM | CONTRACT_NUM | CONTRACT_PPD_SEQ | DELETE_ME | EVENT_OCCURRENCE | PROCESS_INSTANCE | XREF_SEQ_NUM | XREF_STATUS,Other,0.5,"['Other', 'IT & Sécurité']",coin_flip_reject
1017118,SYSADM.PS_CA_BINOTE_TA1,PS_CA_BINOTE_TA1,BILL_PLAN_ID | BPLAN_LN_NBR | CA_NOTE_SEQ_NBR | CONTRACT_NUM | EVENT_OCCURRENCE | HDR_OR_LINE_NOTE | INTFC_LINE_NUM | NOTE_TYPE | PROCESS_INSTANCE | SEQ_NBR | TEXT254 | TRANS_TYPE_BI_SEQ,Other,0.5,"['Other', 'IT & Sécurité']",coin_flip_reject
1017645,SYSADM.PS_CA_DETAIL_PROJ,PS_CA_DETAIL_PROJ,ACTIVITY_FLAG | ACTIVITY_ID | BILLED_TO_DATE | BUSINESS_UNIT_PC | CONTRACT_LINE_NUM | CONTRACT_NUM | DEFAULT_FLG | PROJECT_ID | RESOURCE_CATEGORY | RESOURCE_SUB_CAT | RESOURCE_TYPE | TARGET_EXCESS,Other,0.5,"['Other', 'Achats & Fournisseurs']",coin_flip_reject
1017677,SYSADM.PS_CA_EMAIL_CONTR,PS_CA_EMAIL_CONTR,CA_COMP_NAME | CA_EMAIL_FLG | CA_STATUS_GENERIC | CONTRACT_NUM | DESCR | EMAIL_CC | ROW_NUMBER | SUPPORT_TEAM_CD,Finance & Contrôle,0.5,"['Achats & Fournisseurs', 'IT & Sécurité']",coin_flip_reject
1017679,SYSADM.PS_CA_EMAIL_STG,PS_CA_EMAIL_STG,ACCT_PLAN_ID | BILL_PLAN_ID | BUSINESS_UNIT | CA_COMP_NAME | CA_STATUS_GENERIC | CHG_ID | CONTRACT_LINE_NUM | CONTRACT_NUM | CONTRACT_TYPE | DESCR | DONE_FLAG | MILESTONE_ID | MS_SEQNUM | PROCESS_INSTANCE | SEQUENCE_5 | SOLD_TO_CUST_ID | STATUS_NEW | STATUS_OLD,Ventes & Clients,0.5,"['Ventes & Clients', 'IT & Sécurité']",coin_flip_reject
1017681,SYSADM.PS_CA_EMAIL_TMP1,PS_CA_EMAIL_TMP1,ACCT_PLAN_ID | BILL_PLAN_ID | BUSINESS_UNIT | CA_COMP_NAME | CA_STATUS_GENERIC | CHG_ID | CONTRACT_LINE_NUM | CONTRACT_NUM | CONTRACT_TYPE | DESCR | DONE_FLAG | MILESTONE_ID | MS_SEQNUM | PROCESS_INSTANCE | SEQUENCE_5 | SOLD_TO_CUST_ID | STATUS_NEW | STATUS_OLD,Ventes & Clients,0.5,"['Ventes & Clients', 'IT & Sécurité']",coin_flip_reject
1017832,SYSADM.PS_CA_FC_ST_TAO,PS_CA_FC_ST_TAO,ACCT_PLAN_ID | AP_STATUS | BUSINESS_UNIT | CA_LINE_STATUS | CA_PER_COMPLETE | CA_PROBABILITY | CA_PROC_STATUS | CA_STATUS | CONTRACT_LINE_NUM | CONTRACT_NUM | CONTRACT_SIGN_DT | CONTRACT_TYPE | CURRENCY_CD | DISC_SUR_INDICATOR | ESTIMATED_AMOUNT | ESTIMATED_COMP_DT | ESTIMATED_START_DT | FOREIGN_CURRENCY | GROSS_AMT | PRICING_STRUCTURE | PROCESS_INSTANCE | PRODUCT_GROUP | PRODUCT_ID | REGION_CD | REV_RECOG_METHOD | RT_TYPE | SEQ_NUM | SID_ACCOUNT | SID_CA_STATUS | SID_CONTRACT_TYPE | SID_DEPTID | SID_PRODUCT_GROUP | SID_PRODUCT_ID | SID_REGION_CD | SID_SLD_TO_CUST_ID | SOLD_TO_CUST_ID,Finance & Contrôle,0.5,"['Finance & Contrôle', 'Ventes & Clients']",coin_flip_reject
1017929,SYSADM.PS_CA_HDR_COMM,PS_CA_HDR_COMM,COMM_PCT | CONTRACT_NUM | SUPPORT_TEAM_CD | SUPPORT_TEAM_MBR | TEAM_MEMBER_TYPE,Ventes & Clients,0.5,"['Ventes & Clients', 'RH']",coin_flip_reject
1018340,SYSADM.PS_CA_LNRED_LANG,PS_CA_LNRED_LANG,CONTRACT_LINE_NUM | CONTRACT_NUM | DESCR | LANGUAGE_CD | SEQ_NUM,Supply Chain / Logistique / Production,0.5,"['Other', 'Achats & Fournisseurs']",coin_flip_reject
1018346,SYSADM.PS_CA_LREVRED_LANG,PS_CA_LREVRED_LANG,CONTRACT_LINE_NUM | CONTRACT_NUM | DESCR | LANGUAGE_CD | SEQ_NUM,Other,0.5,"['Other', 'Ventes & Clients']",coin_flip_reject
1018433,SYSADM.PS_CA_PBAL2_TAO,PS_CA_PBAL2_TAO,ACTIVITY_ID | ACTIVITY_ID_2 | ANALYSIS_TYPE | BILL_PLAN_ID | BUSINESS_UNIT_PC | CONTRACT_LINE_NUM | CONTRACT_LINE_NUM2 | CONTRACT_NUM | CONTRACT_PPD_SEQ | PREPAID_USE_SEQ | PROCESS_INSTANCE | PROJECT_ID | PROJECT_ID_2 | PROJ_TRANS_TYPE | RESOURCE_CATEGORY | RESOURCE_SUB_CAT | RESOURCE_TYPE | TAX_PPD_OPTION,Finance & Contrôle,0.5,"['Finance & Contrôle', 'IT & Sécurité']",coin_flip_reject
1018456,SYSADM.PS_CA_PE_PERS_STAT,PS_CA_PE_PERS_STAT,BUSINESS_UNIT | CA_PAGELET_FORMAT | CA_RQST_SRC | COMPONENT_ID | CONTRACT_NUM | CONTRACT_TYPE | CURRENCY_CD | DATE_TYPE | FROM_DATE | FROM_DATE_OPTION | MY_CONTRACTS | OPRID | REGION_CD | SHOW_ACTIVE | SHOW_CLOSED | SHOW_PENDING | SOLD_TO_CUST_ID | SUBCUST_QUAL1 | SUBCUST_QUAL2 | THRU_DATE | THRU_DATE_OPTION,RH,0.5,"['Other', 'RH']",coin_flip_reject
1018457,SYSADM.PS_CA_PE_RCNT_PRS,PS_CA_PE_RCNT_PRS,BUSINESS_UNIT_CA | CA_BU_SOURCE | CA_PROC_STATUS_A | CA_PROC_STATUS_C | CA_PROC_STATUS_P | CA_REGION_SOURCE | CA_RQST_SRC | CA_STATUS | CONTRACT_TYPE | CONTR_LEGAL_ENTITY | DEFAULT_FLAG | MY_CONTRACTS | OPRID | REGION_CD | SOLD_TO_CUST_ID,IT & Sécurité,0.5,"['IT & Sécurité', 'Achats & Fournisseurs']",coin_flip_reject
1018530,SYSADM.PS_CA_PLAN_TMPL,PS_CA_PLAN_TMPL,BASIS_DT_DAY | BASIS_DT_OPTION | BASIS_DT_SOURCE | DESCR | EVENT_NUM | PLAN_AMEND_PROC | PLAN_CONTR_ACT | PLAN_METHOD | PLAN_PGP_WKS | PLAN_PPD_APPR | PLAN_RENEW_APPR | PLAN_TMPL_ID | SCHEDULE | SETID,RH,0.5,"['RH', 'Other']",coin_flip_reject
1018723,SYSADM.PS_CA_RNW_AI_TAO,PS_CA_RNW_AI_TAO,ACCT_PLAN_ID | BOOK_CA_TO_DFR | BUSINESS_UNIT | CA_AP_TMPL_ID | CONTRACT_LINE_NUM | CONTRACT_NUM | DST_ID | EFFDT | ERROR_FLG | LAST_ACCT_PLAN_NBR | PRICING_STRUCTURE | PROCESS_INSTANCE | PRODUCT_GROUP | PRODUCT_ID | READY_AP_FLG | SOLD_TO_CUST_ID | SRC_CONTRACT_NUM | SRC_CONTR_LN_NUM | USE_PC_CFS | USE_PC_CFS_2,Finance & Contrôle,0.5,"['Finance & Contrôle', 'Ventes & Clients']",coin_flip_reject
1018852,SYSADM.PS_CA_RULES_LVL,PS_CA_RULES_LVL,BUSINESS_UNIT | CA_TXN_SOURCE | CRIT_SEQ | INTER_ORG_LEVEL,Other,0.5,"['Other', 'IT & Sécurité']",coin_flip_reject
1018904,SYSADM.PS_CASHFLWNET_TEOA,PS_CASHFLWNET_TEOA,ASOF_DT | DTTM_STAMP | EO_AUDIT_FLG | EXCEPTION_INFO | FIELDNAME | FIELD_VALUE | FROM_CURRENCY | KEY10_FLDNAME | KEY10_FLD_VAL | KEY11_FLDNAME | KEY11_FLD_VAL | KEY12_FLDNAME | KEY12_FLD_VAL | KEY13_FLDNAME | KEY13_FLD_VAL | KEY14_FLDNAME | KEY14_FLD_VAL | KEY15_FLDNAME | KEY15_FLD_VAL | KEY16_FLDNAME | KEY16_FLD_VAL | KEY1_FLDNAME | KEY1_FLD_VAL | KEY2_FLDNAME | KEY2_FLD_VAL | KEY3_FLDNAME | KEY3_FLD_VAL | KEY4_FLDNAME | KEY4_FLD_VAL | KEY5_FLDNAME | KEY5_FLD_VAL | KEY6_FLDNAME | KEY6_FLD_VAL | KEY7_FLDNAME | KEY7_FLD_VAL | KEY8_FLDNAME | KEY8_FLD_VAL | KEY9_FLDNAME | KEY9_FLD_VAL | OPRID | PROCESS_INSTANCE | PROC_GRP_ID | RATE_DIV | RATE_MULT | RECNAME | RT_DIV_FLDNAME | RT_MULT_FLDNAME | RULE_INSTNC_NBR | RUN_CNTL_ID | TO_CURRENCY,Finance & Contrôle,0.5,"['Finance & Contrôle', 'IT & Sécurité']",coin_flip_reject
1018970,SYSADM.PS_CATEGORY_RT,PS_CATEGORY_RT,CATEGORY | DAILY_RT_INDEX | DAILY_RT_TYPE | DAILY_TERM | RT_RATE_INDEX | RT_TYPE | SETID | TERM,Finance & Contrôle,0.5,"['Other', 'Finance & Contrôle']",coin_flip_reject
1019113,SYSADM.PS_CB_GENCLAIM_AET,PS_CB_GENCLAIM_AET,AS_OF_DATE | BASE_CURRENCY | CB_CLAIM_PREFIX | CB_CONTRACT_ID | CB_CONTRACT_SETID | CB_CREATE_ACCR | CB_CREATE_CLAIMS | CB_RUN_BY | DTTM_STAMP | FROM_DATE | OPRID | PROCESS_INSTANCE | RT_TYPE | RUN_CNTL_ID | SCHEDULE_ID | VENDOR_ID,Finance & Contrôle,0.5,"['Finance & Contrôle', 'Achats & Fournisseurs']",coin_flip_reject
1019136,SYSADM.PS_CB_ORDERS_TAO,PS_CB_ORDERS_TAO,BUSINESS_UNIT_IN | BUSINESS_UNIT_OM | CB_CONTRACT_ID | CB_CONTRACT_SETID | CLAIM_ID | CUST_ID | CUST_SETID | DEMAND_LINE_NO | DST_ID_AR | IN_FULFILL_STATE | NEXT_CLAIMS_GEN_DT | ORDER_INT_LINE_NO | ORDER_NO | PROCESS_INSTANCE | PRODUCT_ID | QTY_SCHEDULED | SCHED_LINE_NBR | UNIT_OF_MEASURE | VENDOR_ID | VENDOR_SETID,Supply Chain / Logistique / Production,0.5,"['Ventes & Clients', 'Supply Chain / Logistique / Production']",coin_flip_reject
1019162,SYSADM.PS_CB_UNRESTRICTED,PS_CB_UNRESTRICTED,CB_SECURITY_ID | CB_SECURITY_TYPE | SETID,IT & Sécurité,0.5,"['IT & Sécurité', 'Other']",coin_flip_reject
1019179,SYSADM.PS_CC_BU_OPT_TAO,PS_CC_BU_OPT_TAO,BUSINESS_UNIT | BUSINESS_UNIT_GL | COMBO_EDIT_FLG | PROCESS_INSTANCE,IT & Sécurité,0.5,"['IT & Sécurité', 'Finance & Contrôle']",coin_flip_reject
1019201,SYSADM.PS_CC_COMMENTS,PS_CC_COMMENTS,ALLOW_MODIFY | APPR_JUSTIFY_FLG | ATTACH_DESCR | ATT_VERSION | COMMENT_ID | COMMENT_TYPE | CRDMEM_ACCT_NBR | CREDIT_CARD_VENDOR | DTTM_STAMP | EMPLID | FILE_EXTENSION | FILENAME | LINE_NBR | OPRID | PUBLIC_FLG | PUBLIC_FLG_ATTACH | RANDOM_CMMT_NBR | RECV_VIEW_FLG | SCM_ATTACH_ID | SEQUENCENO | SOURCE_BU_SETID | SOURCE_FROM | SOURCE_ID | SOURCE_LINE_NBR | STATUS | TRANS_DT | TRANS_NBR | VCHR_VIEW_FLG,RH,0.5,"['RH', 'Finance & Contrôle']",coin_flip_reject
1019232,SYSADM.PS_CC_ERROR_TBL,PS_CC_ERROR_TBL,CC_ERROR_SOURCE | CRDMEM_ACCT_NBR | CREDIT_CARD_VENDOR | DTTM_STAMP | EMPLID | LINE_NBR | MESSAGE_NBR | MESSAGE_SET_NBR | SEQUENCENO | TRANS_DT | TRANS_NBR,Finance & Contrôle,0.5,"['Other', 'Finance & Contrôle']",coin_flip_reject
1019275,SYSADM.PS_CC_MC_TAO5001,PS_CC_MC_TAO5001,CC_MC_PARENTREC | CC_MC_PARENTSEQNO | CC_MC_REC_TYPE | CC_MC_SEQNO | CRDMEM_ACCT_NBR | MC_ACCOUNTNBR | MC_ACQUIRINGICA | MC_AUSTINTETRANUM | MC_CA_ADDCONTACT | MC_CA_ADDRESS | MC_CA_BUSINESSCODE | MC_CA_CITY | MC_CA_COUNTRY | MC_CA_DESCR | MC_CA_LOCPOSTAL | MC_CA_NAICSNUM | MC_CA_NAME | MC_CA_PHONE | MC_CARDACCEPTORID | MC_CA_SERVICEPHONE | MC_CA_STATE | MC_CA_TAXID | MC_CA_TYPE | MC_CA_TYPEIND | MC_CA_VATNUM | MC_DUNNUM | MC_LEGALNAME | MC_LOADDATE | MC_LOADTIME | MC_MAINTAINCODE | MC_RECSEQNUM | MC_REJECTREASON1 | MC_REJECTREASON2 | MC_REJECTREASON3 | MC_SOLEPROPRIETOR | MC_TAXIDINDICATOR | POST_DT | PROCESS_INSTANCE | TRANS_NBR,Other,0.5,"['Other', 'Finance & Contrôle']",coin_flip_reject
1019297,SYSADM.PS_CC_MC_TBL5010,PS_CC_MC_TBL5010,CC_MC_PARENTREC | CC_MC_PARENTSEQNO | CC_MC_REC_TYPE | CC_MC_SEQNO | CRDMEM_ACCT_NBR | MC_COMMODITYCODE | MC_CUSTOMERCODE | MC_DATEOFPURCHASE | MC_DISCOUNTAMOUNT | MC_DISCOUNTFLAG | MC_DISCOUNTRATE | MC_EXTENDEDAMOUNT | MC_GENERALTEXT | MC_ITEMDESCRIPTION | MC_ITEMQUANTITY | MC_ITEMUOMTYPE | MC_LINEITEMNBR | MC_LINEITEMTOTAL | MC_LOADDATE | MC_LOADTIME | MC_MAINTAINCODE | MC_POLINENBR | MC_PRODUCTCODE | MC_PRODUCTCODEQUAL | MC_RECSEQNUM | MC_REJECTREASON1 | MC_REJECTREASON2 | MC_REJECTREASON3 | MC_SPECIALCOND | MC_SUBLINEITEMNBR | MC_TAXEXEMPT | MC_TOTALTAXAMOUNT | MC_TYPEOFSUPPLY | MC_UNIQUEVATINVREF | MC_UNITPRICE | POST_DT | TRANS_NBR,Achats & Fournisseurs,0.5,"['Achats & Fournisseurs', 'Finance & Contrôle']",coin_flip_reject
1019348,SYSADM.PS_CCR_FILE_DTL,PS_CCR_FILE_DTL,CCR_FILE_STATUS | CCR_VNDR_LOAD_CD | DESCR254 | FILE_NAME | PROCESS_INSTANCE | SEQUENCENO | SOURCE_SYSTEM,Achats & Fournisseurs,0.5,"['Achats & Fournisseurs', 'IT & Sécurité']",coin_flip_reject
1019548,SYSADM.PS_CDM_URL_PROPS,PS_CDM_URL_PROPS,CDM_TRPROTOCOL | DISTNODENAME | PT_PROP_NAME | PT_PROP_VALUE,IT & Sécurité,0.5,"['Other', 'IT & Sécurité']",coin_flip_reject
1019582,SYSADM.PS_CDR_RECEIPT_ATT,PS_CDR_RECEIPT_ATT,ATT_VERSION | DEPOSIT_BU | FMS_DTTM_STAMP | FMS_LASTUPDDTTM | FMS_LASTUPDOPRID | FMS_OPRID | RECEIPT_NBR | SCM_ATTACH_ID,Finance & Contrôle,0.5,"['Finance & Contrôle', 'Achats & Fournisseurs']",coin_flip_reject
1019959,SYSADM.PS_CE_GROUP_HDR,PS_CE_GROUP_HDR,BUSINESS_UNIT | CE_GRP_PID_ID | DESCR | INV_ITEM_ID,Supply Chain / Logistique / Production,0.5,"['Other', 'Supply Chain / Logistique / Production']",coin_flip_reject
1020232,SYSADM.PS_CE_PWHT_BSE_T,PS_CE_PWHT_BSE_T,BUSINESS_UNIT | CE_LOOP_NBR | CE_WGHT_BASE | CM_BOOK | PROCESS_INSTANCE | PRODUCTION_ID,Supply Chain / Logistique / Production,0.5,"['IT & Sécurité', 'Supply Chain / Logistique / Production']",coin_flip_reject
1020419,SYSADM.PS_CE_SCRAP_T,PS_CE_SCRAP_T,BUSINESS_UNIT | CE_EXTENDED_COST | CE_RESOURCE | CM_BOOK | COST_ELEMENT | CURRENCY_CD | DT_TIMESTAMP | OP_SEQUENCE | ORIG_UOM | PRDN_AREA_CODE | PROCESS_INSTANCE | PRODUCTION_ID | PRODUCTION_TYPE | SCRAP_QTY,Supply Chain / Logistique / Production,0.5,"['Finance & Contrôle', 'Supply Chain / Logistique / Production']",coin_flip_reject
1020442,SYSADM.PS_CE_SFRZOUT_T,PS_CE_SFRZOUT_T,BUSINESS_UNIT | CE_GRP_PID_ID | CE_LOOP_NBR | CE_TEST | CM_BOOK | CM_METHOD | MG_OUTPUT_COST_PCT | MG_OUTPUT_ITEM | MG_OUTPUT_TYPE | PROCESS_INSTANCE,Finance & Contrôle,0.5,"['Finance & Contrôle', 'IT & Sécurité']",coin_flip_reject
1020766,SYSADM.PS_CF_VAL_MAPPING,PS_CF_VAL_MAPPING,CHARTFIELD | CHARTFIELD_VALUE | RANGE_FROM | RANGE_TO | SETID | SETID_FROM | SETID_TO,Finance & Contrôle,0.5,"['Finance & Contrôle', 'Other']",coin_flip_reject
1020984,SYSADM.PS_CHNG_RQST_ADDR,PS_CHNG_RQST_ADDR,ADDRESS1 | ADDRESS2 | ADDRESS3 | ADDRESS4 | ADDR_FIELD1 | ADDR_FIELD2 | ADDR_FIELD3 | BUSINESS_UNIT | CHNG_DTTM | CHNG_SOURCE | CHNG_TYPE | CITY | COUNTRY | COUNTRY_CODE | COUNTY | DISTRIB_LINE_NUM | EXTENSION | FAX | FIELDNAME | GEO_CODE | HOUSE_TYPE | IN_CITY_LIMIT | LAST_DTTM_UPDATE | LINE_NBR | NUM1 | NUM2 | OPRID_MODIFIED_BY | PHONE | PO_ID | POSTAL | PROCESS_INSTANCE | SCHED_NBR | STATE,Achats & Fournisseurs,0.5,"['Achats & Fournisseurs', 'IT & Sécurité']",coin_flip_reject
1020986,SYSADM.PS_CHNG_RQST_DTL,PS_CHNG_RQST_DTL,APPROVED_FLG | BUSINESS_UNIT | CHG_PROCESS_STATUS | CHNG_ADJ_TYPE | CHNG_CHAR_VALUE | CHNG_DATE_VALUE | CHNG_DTTM | CHNG_DTTM_VALUE | CHNG_NBR_VALUE | CHNG_SOURCE | CHNG_TIME_VALUE | CHNG_TYPE | DOC_ID | DOC_LINE | DOC_SCHED_NBR | DTTM_FROM | FIELDNAME | FIELDNAME_SOURCE | LAST_DTTM_UPDATE | LINE_NBR | OPRID_MODIFIED_BY | PO_ID | PROCESS_INSTANCE | SCHED_NBR,IT & Sécurité,0.5,"['IT & Sécurité', 'Achats & Fournisseurs']",coin_flip_reject
1021059,SYSADM.PS_CIP_E_ER,PS_CIP_E_ER,BUSINESS_UNIT | BUSINESS_UNIT_IN | CIP_MSG_ACTN | CIP_MSG_NUM | CIP_MSG_SEQ_NUM | COMMENT_ID | DISTRIB_LINE_NUM | DT_TIMESTAMP | INTERUNIT_ID | INTERUNIT_LINE | LINE_NBR | OPRID | PO_ID | RANDOM_CMMT_NBR | SCHED_NBR | TRANSACTION_CODE | TRANS_PROGRAM,IT & Sécurité,0.5,"['IT & Sécurité', 'Achats & Fournisseurs']",coin_flip_reject
1021082,SYSADM.PS_CLASS_CF_EDR,PS_CLASS_CF_EDR,CLASS_FLD | DTTM_STAMP | EFFDT | INEFFDT | OPRID_LAST_UPDT | SETID,IT & Sécurité,0.5,"['IT & Sécurité', 'Other']",coin_flip_reject
1021295,SYSADM.PS_CLOSE_DFLT_TBL,PS_CLOSE_DFLT_TBL,CF_VALUE_OPTION | CHARTFIELD | CHARTFIELD_VALUE | CLOSING_SET | EFFDT | SETID | VERSION_NUM,Finance & Contrôle,0.5,"['Other', 'Finance & Contrôle']",coin_flip_reject
1021559,SYSADM.PS_CM_APRECN_TMP1,PS_CM_APRECN_TMP1,BUSINESS_UNIT_RECV | CM_AP_ERROR_OK | INV_ITEM_ID | OPRID | PROCESS_INSTANCE | RECEIVER_ID | RECV_LN_NBR | RECV_SHIP_SEQ_NBR | REQUEST_ID | RUN_CNTL_ID,Achats & Fournisseurs,0.5,"['Achats & Fournisseurs', 'IT & Sécurité']",coin_flip_reject
1021638,SYSADM.PS_CM_COST_BU_LOCK,PS_CM_COST_BU_LOCK,BUSINESS_UNIT | PROCESS_FLAG | PROCESS_INSTANCE,Finance & Contrôle,0.5,"['IT & Sécurité', 'Finance & Contrôle']",coin_flip_reject
1021642,SYSADM.PS_CM_COSTING_LOCK,PS_CM_COSTING_LOCK,BUSINESS_UNIT | CM_BOOK | PROCESS_FLAG | PROCESS_INSTANCE,Finance & Contrôle,0.5,"['IT & Sécurité', 'Finance & Contrôle']",coin_flip_reject
1022468,SYSADM.PS_CM_ITEM_MTH_T,PS_CM_ITEM_MTH_T,BUSINESS_UNIT | CFG_COST_OPT | CM_BOOK | CM_BOOK_STATUS | CM_COST_ELEMNT_OPT | CM_COST_NEG | CM_FLOW | CM_LABOR_METHOD | CM_MACHINE_METHOD | CM_MATERIAL_METHOD | CM_METHOD | CM_MFG_ITEM_FLG | CM_NONCOST_FLAG | CM_PERPAVG_FLAG | CM_PERRAVG_FLAG | CM_PROFILE_ID | CM_STDCOST_FLAG | CM_STOR_AREA_CNTRL | CM_TYPE | CM_WAIT_FINAL_COST | CM_WIP_RCPT_OPT | CM_WRITEOFF_VAR | INV_ITEM_ID | POSTED_FLAG | PROCESS_INSTANCE,Finance & Contrôle,0.5,"['Finance & Contrôle', 'Supply Chain / Logistique / Production']",coin_flip_reject
1022594,SYSADM.PS_CM_MAT_R_TMP,PS_CM_MAT_R_TMP,BUSINESS_UNIT | CM_AP_MATCHED_FLG | CM_BOOK | CM_DT_TIMESTAMP_A | CM_PO_RECEIPT_FLG | CM_SEQ_NBR_A | COST_ELEMENT | DT_TIMESTAMP | INV_ITEM_ID | SEQ_NBR,Finance & Contrôle,0.5,"['Finance & Contrôle', 'Supply Chain / Logistique / Production']",coin_flip_reject
1022607,SYSADM.PS_CM_OH_SNP2_TBL,PS_CM_OH_SNP2_TBL,ACCOUNT | ALTACCT | BUSINESS_UNIT | CM_BOOK | CM_DEPLETE_QTY | CM_DT_TIMESTAMP_A | CM_GROUP | CM_ONHAND_QTY | CM_RECEIPT_QTY | CM_SEQ_NBR_A | CM_UNIT_COST | CONFIG_CODE | CONSIGNED_FLAG | COST_ELEMENT | DESCR60 | DT_TIMESTAMP | INTRANSIT_FLAG | INV_ITEM_ID | INV_LOT_ID | MONETARY_AMOUNT | PROCESS_INSTANCE | RECEIVER_ID | RECV_LN_NBR | SEQ_NBR | SERIAL_ID | SOURCE_BUS_UNIT | STORAGE_AREA | TRANSACTION_DATE | TRANSACTION_GROUP | UNIT_MEASURE_STD,Supply Chain / Logistique / Production,0.5,"['Supply Chain / Logistique / Production', 'Finance & Contrôle']",coin_flip_reject
1022735,SYSADM.PS_CM_PURGE_IU_TMP,PS_CM_PURGE_IU_TMP,BUSINESS_UNIT | CM_BOOK | CM_DT_TIMESTAMP_A | CM_SEQ_NBR_A | INV_ITEM_ID | MESSAGE_NBR | MESSAGE_SET_NBR,Achats & Fournisseurs,0.5,"['Achats & Fournisseurs', 'Supply Chain / Logistique / Production']",coin_flip_reject
1022960,SYSADM.PS_CM_TV,PS_CM_TV,BUSINESS_UNIT | CM_BOOK | CM_DT_TIMESTAMP | CM_DT_TIMESTAMP_A | CM_SEQ_NBR | CM_SEQ_NBR_A | CM_SEQ_VARIANCE | CONSIGNED_FLAG | DT_TIMESTAMP | INV_ITEM_ID | POSTED_FLAG | PROCESS_INSTANCE | QTY_BASE | SEQ_NBR | TRANSACTION_GROUP | UNIT_MEASURE_STD,Supply Chain / Logistique / Production,0.5,"['Supply Chain / Logistique / Production', 'IT & Sécurité']",coin_flip_reject
1023007,SYSADM.PS_CM_UNDEPL_HST,PS_CM_UNDEPL_HST,BUSINESS_UNIT | CM_BOOK | CM_COST_PROC_GROUP | CM_DTTM_IN_EFFECT | CM_DTTM_STAMP | CM_SEQ_COST | CONSIGNED_FLAG | DT_TIMESTAMP | INV_ITEM_ID | INV_LOT_ID | MESSAGE_NBR | MESSAGE_SET_NBR | OP_SEQUENCE | POSTED_FLAG | PROCESS_INSTANCE | PRODUCTION_ID | QTY_BASE | SEQ_NBR | SERIAL_ID | STORAGE_AREA | TO_CONSIGNED_FLG | TRANSACTION_DATE | TRANSACTION_GROUP | UNIT_MEASURE_STD,Finance & Contrôle,0.5,"['Finance & Contrôle', 'Supply Chain / Logistique / Production']",coin_flip_reject
1023377,SYSADM.PS_CNAO_BMOD_TAO,PS_CNAO_BMOD_TAO,ASSET_ID | BOOK | BUSINESS_UNIT | DEPR_IN_SERVICE_SW | DTTM_STAMP | IN_SERVICE_DT | LIFE | METHOD | PRE_MOD_FLAG | PROCESS_INSTANCE | UOP_ID,Finance & Contrôle,0.5,"['Finance & Contrôle', 'IT & Sécurité']",coin_flip_reject
1023771,SYSADM.PS_CNAO_SUBSI_ITM,PS_CNAO_SUBSI_ITM,DESCR254 | RECNAME | SUBSDRY_ITM_ID | SUBSDRY_ITM_NM | SUBSDRY_ITM_TP | TABLENAME,Supply Chain / Logistique / Production,0.5,"['Supply Chain / Logistique / Production', 'Other']",coin_flip_reject
1023829,SYSADM.PS_CNAO_XMLSHR_AET,PS_CNAO_XMLSHR_AET,BUSINESS_UNIT | CUST_SETID | FILE_PATH_NAME | FISCAL_YEAR | FS_MAP_ID | FS_MAP_RET | FS_RET_DESRC | HCM_FILE | LANGUAGE_CD | LEDGER | OPRID | PERIOD_FROM | PERIOD_TO | PROCESS_INSTANCE | PROCESS_INSTANCE2 | RUN_CNTL_ID | SETID | VENDOR_SETID,Finance & Contrôle,0.5,"['Finance & Contrôle', 'IT & Sécurité']",coin_flip_reject
1023831,SYSADM.PS_CNAO_XML_SUBPRC,PS_CNAO_XML_SUBPRC,ACCOUNTING_PERIOD | BUSINESS_UNIT | FISCAL_YEAR | HCM_FILE | LANGUAGE_CD | LAST_UPDATE_DTTM | LEDGER | MODULE_PRCS_STATUS | OPRID | PERIOD_FROM | PERIOD_TO | PROCESS_INSTANCE | PROCESS_INSTANCE2 | PROCESS_MODULE | PROCESS_NAME | RUN_CNTL_ID,Finance & Contrôle,0.5,"['Finance & Contrôle', 'IT & Sécurité']",coin_flip_reject
1024005,SYSADM.PS_CNTRCT_RLS_HDR,PS_CNTRCT_RLS_HDR,ACCOUNTING_DT | BILL_LOCATION | BUSINESS_UNIT | BUYER_ID | CNTCT_SEQ_NUM | CNTRCT_ID | COMMENTS_2000 | CURRENCY_CD | CUSTOM_C100_A1 | CUSTOM_C100_A2 | CUSTOM_C100_A3 | CUSTOM_C100_A4 | CUSTOM_C1_A | CUSTOM_DATE_A | DESCR | DST_CNTRL_ID | EIN_FEDERAL | EIN_STATE_LOCAL | FREIGHT_AMT | GROSS_AMT | IN_PROCESS_FLG | INVOICE_ID | MISC_AMT | OPRID | ORIGIN | PAY_TRM_BSE_DT_OPT | PO_ID | PREPAID_REF | PROCESS_INSTANCE | PYMNT_TERMS_CD | RATE_DATE | RELEASE_STATUS | RELEASE_TYPE | RT_TYPE | SALETX_AMT | SEQ_NUM | SETID | TAX_CD_VAT | TAX_EXEMPT | TAX_EXEMPT_ID | TERMS_BASIS_DT | TRANS_DATE | USER_HDR_CHAR1 | VAT_CALC_FRGHT_FLG | VAT_CALC_GROSS_NET | VAT_CALC_MISC_FLG | VAT_CALC_TYPE | VAT_DCLRTN_POINT | VAT_ENTRD_AMT | VAT_RCRD_INPT_FLG | VAT_RCRD_OUTPT_FLG | VAT_RECALC_FLG | VAT_RECOVERY_PCT | VAT_ROUND_RULE | VAT_TXN_TYPE_CD | VCHR_SRC | VENDOR_ID | VENDOR_SETID | VERSION_NBR | VNDR_LOC | VOUCHER_ID,Finance & Contrôle,0.5,"['Achats & Fournisseurs', 'Finance & Contrôle']",coin_flip_reject
1024019,SYSADM.PS_CNTR_EVTREQ_T,PS_CNTR_EVTREQ_T,BUSINESS_UNIT | CAT_LINE_NBR | CNTRCT_ID | CNTRCT_LINE_NBR | EVENT_DT | EVENT_STATUS | LINE_NBR | PROCESS_INSTANCE | REQ_ID | SETID | VERSION_NBR,Achats & Fournisseurs,0.5,"['Achats & Fournisseurs', 'IT & Sécurité']",coin_flip_reject
1024118,SYSADM.PS_COMBO_RULE_TBL,PS_COMBO_RULE_TBL,COMBINATION | COMBO_DEFN_NAME | DESCR | DESCRLONG | EFFDT_FROM | EFFDT_OPEN | EFFDT_TO | SETID | VALID_CODE,Other,0.5,"['Other', 'IT & Sécurité']",coin_flip_reject
1024120,SYSADM.PS_COMBO_SEL_02,PS_COMBO_SEL_02,CHARTFIELD | COMBINATION | EFFDT_FROM | EFFDT_TO | PROCESS_GROUP | RANGE_FROM_02 | RANGE_TO_02 | SEQUENCE_NBR_6 | SETID | TREE_EFFDT,IT & Sécurité,0.5,"['Other', 'IT & Sécurité']",coin_flip_reject
1024122,SYSADM.PS_COMBO_SEL_04,PS_COMBO_SEL_04,CHARTFIELD | COMBINATION | EFFDT_FROM | EFFDT_TO | PROCESS_GROUP | RANGE_FROM_04 | RANGE_TO_04 | SEQUENCE_NBR_6 | SETID | TREE_EFFDT,IT & Sécurité,0.5,"['Other', 'IT & Sécurité']",coin_flip_reject
1024145,SYSADM.PS_COMBO_SEL_27,PS_COMBO_SEL_27,CHARTFIELD | COMBINATION | EFFDT_FROM | EFFDT_TO | PROCESS_GROUP | RANGE_FROM_27 | RANGE_TO_27 | SEQUENCE_NBR_6 | SETID | TREE_EFFDT,IT & Sécurité,0.5,"['Other', 'IT & Sécurité']",coin_flip_reject
1024577,SYSADM.PS_CONSUMER_TMP,PS_CONSUMER_TMP,CONSUMER_ID | CONSUMER_NAME | SAVE_PB | SETID,Ventes & Clients,0.5,"['Other', 'Ventes & Clients']",coin_flip_reject
1024727,SYSADM.PS_CP_OPT_HDR_TEO2,PS_CP_OPT_HDR_TEO2,BUSINESS_UNIT | BUSINESS_UNIT_IN | BUSINESS_UNIT_PO | COMP_OCCUR | CONFIG_CODE | CP_COMP_SEQ | CP_MODE | CP_TEMPLATE_ID | EO_FROM_CURRENCY | EO_PROCESS_INST | INV_ITEM_ID | LASTUPDDTTM | MFG_PROCESS_FLG | MFG_PURCH_FLG | OPTIONAL_SHIP | ORDER_INT_LINE_NO | ORDER_NO | PARENT_ITEM_ID | PO_DISTRIB_STATUS | PRDN_AREA_CODE | PRICE_REQ | PROCESS_INSTANCE | PRODUCT_ID | PRODUCTION_ID | QTY_CODE | QTY_PER | QTY_REQ | REQ_ID | REQ_LINE_NBR | REQ_SCHED_NBR | SCHED_ARRV_DTTM | UNIT_OF_MEASURE,Supply Chain / Logistique / Production,0.5,"['Achats & Fournisseurs', 'Supply Chain / Logistique / Production']",coin_flip_reject
1024728,SYSADM.PS_CP_OPT_HDR_TEO3,PS_CP_OPT_HDR_TEO3,BUSINESS_UNIT | BUSINESS_UNIT_IN | BUSINESS_UNIT_PO | COMP_OCCUR | CONFIG_CODE | CP_COMP_SEQ | CP_MODE | CP_TEMPLATE_ID | EO_FROM_CURRENCY | EO_PROCESS_INST | INV_ITEM_ID | LASTUPDDTTM | MFG_PROCESS_FLG | MFG_PURCH_FLG | OPTIONAL_SHIP | ORDER_INT_LINE_NO | ORDER_NO | PARENT_ITEM_ID | PO_DISTRIB_STATUS | PRDN_AREA_CODE | PRICE_REQ | PROCESS_INSTANCE | PRODUCT_ID | PRODUCTION_ID | QTY_CODE | QTY_PER | QTY_REQ | REQ_ID | REQ_LINE_NBR | REQ_SCHED_NBR | SCHED_ARRV_DTTM | UNIT_OF_MEASURE,Supply Chain / Logistique / Production,0.5,"['Achats & Fournisseurs', 'Supply Chain / Logistique / Production']",coin_flip_reject
1024734,SYSADM.PS_CP_ORD_LIN_TEO2,PS_CP_ORD_LIN_TEO2,ACTIVITY_ID | BUSINESS_UNIT | BUSINESS_UNIT_PC | CONFIG_CODE | CP_MODE | CP_ORD_STATUS | CP_PRDN_DUE_DTTM | CP_TEMPLATE_ID | EO_FROM_CURRENCY | EO_PROCESS_INST | INV_ITEM_ID | LASTUPDDTTM | ORDER_INT_LINE_NO | ORDER_NO | PROJECT_ID | QTY_ORDERED | UNIT_COST | UNIT_OF_MEASURE,Achats & Fournisseurs,0.5,"['Achats & Fournisseurs', 'Ventes & Clients']",coin_flip_reject
1024759,SYSADM.PS_CP_RULE_COMMENT,PS_CP_RULE_COMMENT,CP_AREA | CP_COMMENT | RULE_NUMBER | SETID,IT & Sécurité,0.5,"['Other', 'IT & Sécurité']",coin_flip_reject
1024766,SYSADM.PS_CP_RULE_H_LANG,PS_CP_RULE_H_LANG,CP_AREA | LANGUAGE_CD | RULE_DESCRIPTION | RULE_NUMBER | RULE_PANEL_TITLE | SETID,IT & Sécurité,0.5,"['IT & Sécurité', 'Other']",coin_flip_reject
1024831,SYSADM.PS_CS_AGREE_VERIFY,PS_CS_AGREE_VERIFY,CS_AGREE_CD | CS_COMMENTS254 | CS_VERIFY_METHOD | CS_VERIFY_SEQ | DESCR60 | EFFDT | LAST_UPDATE_DTTM | OPRDEFNDESC | OPRID_LAST_UPDT | SETID,RH,0.5,"['RH', 'IT & Sécurité']",coin_flip_reject
1024832,SYSADM.PS_CS_AGREE_VY_LNG,PS_CS_AGREE_VY_LNG,CS_AGREE_CD | CS_COMMENTS254 | CS_VERIFY_SEQ | DESCR60 | EFFDT | LANGUAGE_CD | OPRID_LAST_UPDT | SETID,IT & Sécurité,0.5,"['IT & Sécurité', 'Other']",coin_flip_reject
1024836,SYSADM.PS_CS_ATTFILE_TEMP,PS_CS_ATTFILE_TEMP,ATT_VERSION | CS_DOC_ID | CS_DOC_TYPE | FILENAME | SCM_ATTACH_ID | SETID,Supply Chain / Logistique / Production,0.5,"['Other', 'Achats & Fournisseurs']",coin_flip_reject
1024854,SYSADM.PS_CS_CNT_AG,PS_CS_CNT_AG,CAT_LINE_NBR | CNTRCT_ID | CNTRCT_LINE_NBR | CS_ACT_RESULT_DATE | CS_ACT_RESULT_NUM | CS_ACT_RESULT_YN | CS_AGREE_CD | CS_AGREE_SEQ5 | CS_COMMENTS | CS_COMMENTS254 | CS_COMPLIANCE_STAT | CS_INCL_IN_CNTRCT | CS_METRIC_ID | CS_RESULT_DATE | CS_RESULT_NUMERIC | CS_RESULT_TYPE | CS_RESULT_YN | CS_SETID | CS_TARGET_DATE | CS_TOLRNCE_PERCENT | CURRENCY_CD | DESCR60 | LAST_UPDATE_DTTM | OPRID_LAST_UPDT | SETID | UNIT_OF_MEASURE | VERSION_NBR,Finance & Contrôle,0.5,"['Finance & Contrôle', 'Achats & Fournisseurs']",coin_flip_reject
1024908,SYSADM.PS_CS_CONTACT_PHN,PS_CS_CONTACT_PHN,CNTCT_SEQ_NUM | COUNTRY_CODE | CS_DOC_ID | CS_EXT_CNTCT_FLG | EXTENSION | PHONE | PHONE_TYPE,Ventes & Clients,0.5,"['Ventes & Clients', 'Other']",coin_flip_reject
1024914,SYSADM.PS_CS_CT_ADJ_IB,PS_CS_CT_ADJ_IB,ADJ_ITEM_TYPE | ADJ_SET_TYPE | CNTRCT_ID | CNTRCT_LINE_NBR | EFFDT | EFF_STATUS | EIP_CTL_ID | SETID | SUBNODE | VERSION_NBR,Achats & Fournisseurs,0.5,"['Achats & Fournisseurs', 'Finance & Contrôle']",coin_flip_reject
1024915,SYSADM.PS_CS_CT_ADJ_OB,PS_CS_CT_ADJ_OB,ADJ_ITEM_TYPE | ADJ_SET_TYPE | CNTRCT_ID | CNTRCT_LINE_NBR | EFFDT | EFF_STATUS | PROCESS_INSTANCE | SETID | SUBNODE | VERSION_NBR,Finance & Contrôle,0.5,"['Finance & Contrôle', 'IT & Sécurité']",coin_flip_reject
1024941,SYSADM.PS_CS_CT_MSTN_OB,PS_CS_CT_MSTN_OB,AMOUNT | CNTRCT_ID | CNTRCT_LINE_NBR | CURRENCY_CD | DESCR254_MIXED | INCLUDE_FOR_RELS | MILESTONE_NBR | MILESTONE_STATUS | PERCENT_COMPLETE | PROCESS_INSTANCE | RECV_REQ | SETID | SUBNODE | TARGET_DT | VERSION_NBR,Finance & Contrôle,0.5,"['Finance & Contrôle', 'Achats & Fournisseurs']",coin_flip_reject
1024984,SYSADM.PS_CS_DOC_EXC_HIST,PS_CS_DOC_EXC_HIST,ATT_VERSION | CS_DOC_EXEC_VER | CS_DOC_ID | SCM_ATTACH_ID,Supply Chain / Logistique / Production,0.5,"['Achats & Fournisseurs', 'Supply Chain / Logistique / Production']",coin_flip_reject
1025078,SYSADM.PS_CS_OBJECT_CHILD,PS_CS_OBJECT_CHILD,CS_BODY_TYPE | CS_CHILD_OBJID | CS_NUMBERING_FLG | CS_OBJECT_ID | CS_OBJECT_TYPE | CS_OBJ_TYPE_CHILD | EFFDT | SEQ_NUMBER | SETID | SORT_SEQ_NBR,IT & Sécurité,0.5,"['Other', 'IT & Sécurité']",coin_flip_reject
1025105,SYSADM.PS_CS_RPT_DSTAT2,PS_CS_RPT_DSTAT2,ASOFDATE | AUC_ID_FROM | AUC_ID_TO | BUSINESS_UNIT | CNTRCT_ID | CNTRCT_ID_TO | CNTRCT_SETID | CREATED_DT_FROM | CREATED_DT_TO | CS_ADHOC_ID_FROM | CS_ADHOC_ID_TO | CS_DOC_OWNER | CS_DOC_STATUS | CS_DOCUMENT_TYPE | CS_SETID | CS_SOURCE_TRANS | CS_SPONSOR | CS_TMP_TABLE_PROC | DEPTID | DRAFT_DUE_DATE | DRAFT_DUE_DATE2 | LANGUAGE_CD | LANGUAGE_OPTION | LAST_MOD_DT_FROM | LAST_MOD_DT_TO | OPRID | PAGE_NAME | PO_ID_FROM | PO_ID_TO | PROC_INSTANCE_TO | RENEWAL_DT_FR | RENEWAL_DT_TO | REPORT_DEFN_ID | RUN_CNTL_ID | SELECT_PARM | SELECT_PARM1 | SELECT_PARM2 | SELECT_PARM3 | SELECT_PARM4 | SETID | TMPLDEFN_ID | VENDOR_ID | VENDOR_SETID,IT & Sécurité,0.5,"['IT & Sécurité', 'Achats & Fournisseurs']",coin_flip_reject
1025204,SYSADM.PS_CTI_TEST,PS_CTI_TEST,CTI_TRANSACTION | CUST_ID,Ventes & Clients,0.5,"['Other', 'Ventes & Clients']",coin_flip_reject
1025247,SYSADM.PS_CURR_DENOM_TBL,PS_CURR_DENOM_TBL,CURRENCY_CD | DENOM_CD | DENOM_TYPE | DESCR | DESCRSHORT | VALUE_NUM,Finance & Contrôle,0.5,"['Other', 'Finance & Contrôle']",coin_flip_reject
1025248,SYSADM.PS_CURRENCY_CD_TBL,PS_CURRENCY_CD_TBL,COUNTRY | CURRENCY_CD | CUR_SYMBOL | DECIMAL_POSITIONS | DESCR | DESCRSHORT | EFFDT | EFF_STATUS | LASTUPDDTTM | SCALE_POSITIONS | SYNCID,Finance & Contrôle,0.5,"['Finance & Contrôle', 'Other']",coin_flip_reject
1025260,SYSADM.PS_CURR_REQBU_TBL,PS_CURR_REQBU_TBL,BUSINESS_UNIT | OPRID | REQUEST_NBR | RUN_CNTL_ID,Achats & Fournisseurs,0.5,"['Achats & Fournisseurs', 'IT & Sécurité']",coin_flip_reject
1025270,SYSADM.PS_CURR_STEP_RVALV,PS_CURR_STEP_RVALV,CURR_STEP | EFFDT | FIELDNAME | SELECT_VALUE | SETID | VERSION_NUM,IT & Sécurité,0.5,"['IT & Sécurité', 'Other']",coin_flip_reject
1025407,SYSADM.PS_CUST_HIST_TEOA,PS_CUST_HIST_TEOA,ASOF_DT | DTTM_STAMP | EO_AUDIT_FLG | EXCEPTION_INFO | FIELDNAME | FIELD_VALUE | FROM_CURRENCY | KEY10_FLDNAME | KEY10_FLD_VAL | KEY11_FLDNAME | KEY11_FLD_VAL | KEY12_FLDNAME | KEY12_FLD_VAL | KEY13_FLDNAME | KEY13_FLD_VAL | KEY14_FLDNAME | KEY14_FLD_VAL | KEY15_FLDNAME | KEY15_FLD_VAL | KEY16_FLDNAME | KEY16_FLD_VAL | KEY1_FLDNAME | KEY1_FLD_VAL | KEY2_FLDNAME | KEY2_FLD_VAL | KEY3_FLDNAME | KEY3_FLD_VAL | KEY4_FLDNAME | KEY4_FLD_VAL | KEY5_FLDNAME | KEY5_FLD_VAL | KEY6_FLDNAME | KEY6_FLD_VAL | KEY7_FLDNAME | KEY7_FLD_VAL | KEY8_FLDNAME | KEY8_FLD_VAL | KEY9_FLDNAME | KEY9_FLD_VAL | OPRID | PROCESS_INSTANCE | PROC_GRP_ID | RATE_DIV | RATE_MULT | RECNAME | RT_DIV_FLDNAME | RT_MULT_FLDNAME | RULE_INSTNC_NBR | RUN_CNTL_ID | TO_CURRENCY,Ventes & Clients,0.5,"['Ventes & Clients', 'IT & Sécurité']",coin_flip_reject
1025435,SYSADM.PS_CUST_OPT_TMP,PS_CUST_OPT_TMP,CUST_ID | DRAFT_APPROVAL | DRAFT_DOC | EFFDT | EFF_STATUS | GRACE_DISC_DAYS | GRACE_DUE_DAYS | LAST_MAINT_OPRID | PAYMENT_METHOD | PP_HOLD | PP_METHOD | PYMNT_TERMS_CD | REF_QUALIFIER_CODE | RETENTION_DAYS | SETID,Ventes & Clients,0.5,"['Ventes & Clients', 'Finance & Contrôle']",coin_flip_reject
1025452,SYSADM.PS_CUST_TEO2,PS_CUST_TEO2,ADD_DT | ADDRESS_SEQ_BRK | ADDRESS_SEQ_IND | ADDRESS_SEQ_NUM | ADDRESS_SEQ_SHIP | ADDRESS_SEQ_SOLD | ALLOW_COPI | BILL_TO_FLG | BROKER_FLG | CFDA_NBR | CNTCT_SEQ_IPAC | CNTCT_SEQ_NUM | CNTCT_SEQ_SHIP | CNTCT_SEQ_SOLD | CONSOL_BUS_UNIT | CONT_ALLOW_PCT | CONT_NO_ALLW_PCT | CORPORATE_CUST_ID | CORPORATE_SETID | COST_LIV_INCR_PCT | CRSPD_CUST_ID | CRSPD_SETID | CURRENCY_CD | CUR_RT_TYPE | CUST_FIELD_C10_A | CUST_FIELD_C10_B | CUST_FIELD_C10_C | CUST_FIELD_C10_D | CUST_FIELD_C1_A | CUST_FIELD_C1_B | CUST_FIELD_C1_C | CUST_FIELD_C1_D | CUST_FIELD_C2 | CUST_FIELD_C30_A | CUST_FIELD_C30_B | CUST_FIELD_C30_C | CUST_FIELD_C30_D | CUST_FIELD_C4 | CUST_FIELD_C6 | CUST_FIELD_C8 | CUST_FIELD_N12_A | CUST_FIELD_N12_B | CUST_FIELD_N12_C | CUST_FIELD_N12_D | CUST_FIELD_N15_A | CUST_FIELD_N15_B | CUST_FIELD_N15_C | CUST_FIELD_N15_D | CUST_ID | CUST_LEVEL | CUSTOMER_ALC | CUSTOMER_DO | CUSTOMER_TYPE | CUST_STATUS | CUST_STATUS_DT | CUST_USF_STATUS | DATE_LAST_MAINT | EMPLID | EO_FROM_CURRENCY | EO_PROCESS_INST | EXPIRATION_DATE | EXP_PENDING | FA_SPNSR_BASE_ID | FEDERAL_INDICATOR | FED_SHARE_PCT | FED_SP_TYPE | FOREIGN_FLAG | FORMER_NAME_1 | FORMER_NAME_2 | FSS_OFFSET_DAYS | GGOV_FLG | GM_DEL_LOC_REFS_SW | GM_FEDERAL_FLAG | GM_LOC_SPONSOR_ID | GRANTS_SPONSOR_FLG | HOLD_UPDATE_SW | INDIRECT_CUST_FLG | IPAC_INTERFACE | LAST_MAINT_OPRID | LASTUPDDTTM | LOC_INDICATOR | MULTI_PI | NAME1 | NAME1_AC | NAME2 | NAME2_AC | NAME3 | NAME3_AC | NAMESHORT | OFAC_STATUS | PARENT_CUST_ID | PARENT_SETID | REASON_CD | REFER_TO_CUST_ID | REFER_TO_SETID | REMIT_FROM_CUST_ID | REMIT_FROM_SETID | REPORTS_TO_SPONSOR | REVIEW_DAYS | ROLEUSER | SETID | SHIP_TO_FLG | SINCE_DT | SOLD_TO_FLG | SOURCE_SYSTEM | SPNSR_LEVEL | SPNSR_PROGRAM | SPNSR_SALARY_CAP | SPNSR_TYPE | STCUST_DAYS | STOCK_SYMBOL | SUBCUST_QUAL1 | SUBCUST_QUAL2 | SUBCUST_USE | SYMBOL_REQ | TAXPAYER_ID | TEMPLATE_ADDR | TRADING_PARTNER | US_FLAG_CARRIER | VENDOR_ID | VENDOR_SETID | WEB_URL,RH,0.5,"['RH', 'Ventes & Clients']",coin_flip_reject
1025454,SYSADM.PS_CUST_TEOA,PS_CUST_TEOA,ASOF_DT | DTTM_STAMP | EO_AUDIT_FLG | EXCEPTION_INFO | FIELDNAME | FIELD_VALUE | FROM_CURRENCY | KEY10_FLDNAME | KEY10_FLD_VAL | KEY11_FLDNAME | KEY11_FLD_VAL | KEY12_FLDNAME | KEY12_FLD_VAL | KEY13_FLDNAME | KEY13_FLD_VAL | KEY14_FLDNAME | KEY14_FLD_VAL | KEY15_FLDNAME | KEY15_FLD_VAL | KEY16_FLDNAME | KEY16_FLD_VAL | KEY1_FLDNAME | KEY1_FLD_VAL | KEY2_FLDNAME | KEY2_FLD_VAL | KEY3_FLDNAME | KEY3_FLD_VAL | KEY4_FLDNAME | KEY4_FLD_VAL | KEY5_FLDNAME | KEY5_FLD_VAL | KEY6_FLDNAME | KEY6_FLD_VAL | KEY7_FLDNAME | KEY7_FLD_VAL | KEY8_FLDNAME | KEY8_FLD_VAL | KEY9_FLDNAME | KEY9_FLD_VAL | OPRID | PROCESS_INSTANCE | PROC_GRP_ID | RATE_DIV | RATE_MULT | RECNAME | RT_DIV_FLDNAME | RT_MULT_FLDNAME | RULE_INSTNC_NBR | RUN_CNTL_ID | TO_CURRENCY,Ventes & Clients,0.5,"['Ventes & Clients', 'IT & Sécurité']",coin_flip_reject
1025607,SYSADM.PS_DCSQ_AET,PS_DCSQ_AET,BEGIN_DT | BU_FOUND | BY_LEDGER | BY_LEDGRP | CHANGED_ACCT_DATE | CHANGED_BEGIN_DT | CHANGED_BU | CHANGED_DOC_TYPE | CHANGED_DT_SETID | CHANGED_LEDGRP | COUNTER | DEFAULT_LEDGER_GRP | DOC_SEQ_BU | DOC_SEQ_DATE | DOC_SEQ_NBR | DOC_TYPE | DOC_TYPE_FOUND | DOC_TYPE_SETID | DUP_DOC_SEQ_NBR | DUP_NBR_FOUND | END_DT | ERROR_FLAG | EXIST_FLD_LEDGER | EXIST_FLD_LEDGRP | FIELDNAME_BU | FIELDNAME_LEDGER | FIELDNAME_LEDGRP | FLAG | IN_USE_FLAG | IN_USE_FLAG_C | IN_USE_FLAG_D | IN_USE_FLAG_S | IN_USE_FLAG_T | JRNL_CODE | LAST_NBR_FOUND | LEDGER_FOUND | LEDGER_GROUP | LED_GROUP_BY | LEDGRP_CLAUSE | LEDGRP_CLAUSE1 | LED_GRP_DEFAULT | LEDGRP_FOUND | MSGNUM | MSGPARM1 | MSGPARM2 | ORDER_BY_LEDGER | PREV_ACCT_DATE | PREV_BEGIN_DT | PREV_BUSINESS_UNIT | PREV_DOC_TYPE | PREV_DOCTYPE_SETID | PREV_LEDGER | PREV_LEDGER_GROUP | PROCESS_INSTANCE | RANGE_FOUND | RETURNCODE | ROWCOUNT1 | ROWCOUNT2 | ROWCOUNT3 | SELECT_FLAG | SEQ_BY | SEQ_NBR_CRRNT | SEQ_NBR_END | SEQ_NBR_LAST | SEQ_NBR_PREFIX | SEQ_NBR_START | SEQ_RANGE_ID | SEQ_RANGE_ID1 | SEQ_TYPE | SEQ_TYPE1 | WHERE_CLAUSE_LONG,Finance & Contrôle,0.5,"['Finance & Contrôle', 'IT & Sécurité']",coin_flip_reject
1025702,SYSADM.PS_DEMAND_CF_TMP,PS_DEMAND_CF_TMP,ACCOUNT | ACTIVITY_ID | AFFILIATE | AFFILIATE_INTRA1 | AFFILIATE_INTRA2 | ALTACCT | ANALYSIS_TYPE | BUDGET_REF | BUSINESS_UNIT | BUSINESS_UNIT_PC | CHARTFIELD1 | CHARTFIELD2 | CHARTFIELD3 | CLASS_FLD | COMBO_VALID_FLG | DEMAND_LINE_NO | DEMAND_SOURCE | DEPTID | FUND_CODE | INV_ITEM_ID | OPERATING_UNIT | ORDER_INT_LINE_NO | ORDER_NO | PRODUCT | PROGRAM_CODE | PROJECT_ID | RESOURCE_CATEGORY | RESOURCE_SUB_CAT | RESOURCE_TYPE | SCHED_LINE_NBR | SOURCE_BUS_UNIT,Supply Chain / Logistique / Production,0.5,"['Supply Chain / Logistique / Production', 'Finance & Contrôle']",coin_flip_reject
1026025,SYSADM.PS_DIRAUTO2_INV,PS_DIRAUTO2_INV,OPRID | RUN_CNTL_PREFIX,IT & Sécurité,0.5,"['IT & Sécurité', 'Other']",coin_flip_reject
1026027,SYSADM.PS_DIRAUTO_INV_SEQ,PS_DIRAUTO_INV_SEQ,OPRID | RUN_CNTL_PREFIX | RUN_CNTL_SEQ_NBR,IT & Sécurité,0.5,"['Other', 'IT & Sécurité']",coin_flip_reject
1026130,SYSADM.PS_DIST_LN4_TAO,PS_DIST_LN4_TAO,ASSET_ID | GL_DISTRIB_STATUS | PROCESS_INSTANCE,Finance & Contrôle,0.5,"['Finance & Contrôle', 'IT & Sécurité']",coin_flip_reject
1026230,SYSADM.PS_DL_TFLT_CF2,PS_DL_TFLT_CF2,CHARTFIELD2 | EFFDT | FIELD_DESC | INEFFDT | OTBI_SRC_INSTANCE | SETCNTRLVALUE | SETID | SETID_TREE | TLVL1 | TLVL1_DESC | TNODE1 | TNODE1_DESC | TREE_EFFDT | TREE_NAME,Finance & Contrôle,0.5,"['Finance & Contrôle', 'Other']",coin_flip_reject
1026688,SYSADM.PS_DLV_SCEXC_TAO,PS_DLV_SCEXC_TAO,BUSINESS_UNIT | FREIGHT_CHARGE | FREIGHT_CHARGE_BSE | FREIGHT_CHG_DO | FREIGHT_CHG_DO_BSE | FREIGHT_CHG_SC | FREIGHT_CHG_SC_BSE | FREIGHT_TAX_AMT | FREIGHT_TAX_BASE | FREIGHT_TAX_DO_AMT | FREIGHT_TAX_DO_BSE | FREIGHT_TAX_SC_AMT | FREIGHT_TAX_SC_BSE | ORDER_NO | PROCESS_INSTANCE | UPDATE_FLAG,Supply Chain / Logistique / Production,0.5,"['Supply Chain / Logistique / Production', 'Finance & Contrôle']",coin_flip_reject
1026972,SYSADM.PS_DNP_PAYEE_DTL,PS_DNP_PAYEE_DTL,COUNTRY_2CHAR | DNP_ACTIVE_DT | DNP_ADDR1 | DNP_ADDR2 | DNP_ADDR3 | DNP_ADDR4 | DNP_AG_LOC_CD | DNP_BIRTH_DT | DNP_CITY_NAME | DNP_EMAIL | DNP_EXP_DT | DNP_FAX_NUM | DNP_FRST_NAME | DNP_MID_NAME | DNP_OTH_AG_DATA | DNP_PARTY_NAME | DNP_PARTY_STATUS | DNP_PARTY_TYPE | DNP_PAYEE_ID | DNP_PHONE_NUM | DNP_PHONE_TYPE | DNP_PORSON_SEX | DNP_POSTAL_CD | DNP_PRTY_ALIAS_NM | DNP_REC_GRP1 | DNP_REC_GRP2 | DNP_RECORD_CD | DNP_REGION | DNP_STATE_CD | DNP_SUFFIX | DNP_SUR_NAME | DNP_TIN_CD | DNP_TIN_ID | DUNS_NUMBER | PROCESS_INSTANCE | SETID | STD_ID_NUM | STD_ID_NUM_QUAL | VENDOR_ID | VNDR_LOC,RH,0.5,"['RH', 'Achats & Fournisseurs']",coin_flip_reject
1027090,SYSADM.PS_DOC_TOL_AET,PS_DOC_TOL_AET,ACTIVITYNAME | BUSINESS_UNIT | BUSINESS_UNIT_AP | BUSINESS_UNIT_PO | BUSINESS_UNIT_REQ | BUSINESS_UNIT_WRK | BUSPROCNAME | COUNTER1 | DECIMALPOS | DECIMALPOS1 | DECIMALPOS2 | DECIMALPOS3 | DISTRIB_LINE_NUM | DOC_APPRV_REQ_FLG | DOC_TOL_OPT | DOC_TOL_RUN_PO | DOC_TOL_RUN_TYPE | DOC_TOL_RUN_VCH | DOC_TOL_TYPE | DST_ACCT_TYPE | ERROR_COUNT | EVENTNAME | FIELDNAME | INSTANCEID | LINE_NBR | MATCH_FLG | OPRID | PO_DIST_LINE_NUM | PO_ID | PO_ID_TMP | PROCESS_INSTANCE | REQ_DISTRIB_NBR | REQ_ID | REQ_LINE_NBR | REQ_SCHED_NBR | REQUEST_ID | RUN_CNTL_ID | SCHED_NBR | TEMP_FLD | TRANSACTIONID | VCHR_COUNT | VOUCHER_ID | VOUCHER_ID_TMP | VOUCHER_LINE_NUM | WORKLISTNAME,Achats & Fournisseurs,0.5,"['Achats & Fournisseurs', 'IT & Sécurité']",coin_flip_reject
1027251,SYSADM.PS_DPA_CONFIGFIELD,PS_DPA_CONFIGFIELD,DP_CAPTION | DP_CONFIGTYPE | DP_CONFIGVALIDTO | DP_CONFIGVIEW | DP_FIELDID | DP_FIELDLENGTH | DP_KEYFIELD_LVL | PSARCH_ID,IT & Sécurité,0.5,"['IT & Sécurité', 'Other']",coin_flip_reject
1027255,SYSADM.PS_DPA_CONTROLGRPS,PS_DPA_CONTROLGRPS,DP_BF_ACCURACY | DP_BF_SEAS_TYPE | DP_CAPTION | DP_CENSUS_TD_ADJ | DP_CENSUS_TRNDCYCL | DP_CONFIGVIEW | DP_CONTROLGROUP | DP_DEPROMOTE | DP_DESCRIPTION | DP_ERRCOEFF_LIMIT | DP_ERRORRATIOTYPE | DP_EVAL_RESETADJ | DP_EVAL_RESETPRO | DP_EVAL_RESETSTAT | DP_HISTRESETADJ | DP_HISTRESETPROR | DP_HISTRESETSTAT | DP_LIFECHGTHRESHLD | DP_LIFE_TRACKTEST | DP_MA_SIM_PDS1 | DP_MA_SIM_PDS2 | DP_MA_SIM_PDS3 | DP_MA_SIM_PDS4 | DP_MA_SIM_PDS5 | DP_MODELCHGFREQ | DP_OUTLIERS_METHOD | DP_OUTLIERS_RATIO | DP_OUTLIERS_SD | DP_REASGROWTHHIGH | DP_REASGROWTHLOW | DP_REPL_OUTLIERS | DP_ROLLBACK_PARAM | DP_SIM_AES | DP_SIM_BOX | DP_SIM_CENSUSX11 | DP_SIM_CROSTON | DP_SIM_DESB | DP_SIM_DESH | DP_SIM_HW | DP_SIM_HW_MULT | DP_SIM_LR | DP_SIM_MA | DP_SIM_SES | DP_SIM_TESB | DP_SIM_WMA | DP_SUSP_FCPERIODS | DP_TRACKINGTEST | DP_TRACKSIGLMT | DP_TS_SMOOTHINGWT | DP_TS_TYPE | PSARCH_ID,Finance & Contrôle,0.5,"['Other', 'Finance & Contrôle']",coin_flip_reject
1027261,SYSADM.PS_DP_ADJHISTUSAGE,PS_DP_ADJHISTUSAGE,DP_AUDITINUSE | DP_CONFIGVIEW | DP_FIELDID,IT & Sécurité,0.5,"['IT & Sécurité', 'Other']",coin_flip_reject
1027280,SYSADM.PS_DPA_FCITEMS,PS_DPA_FCITEMS,DP_ACCURACY_STAT | DP_ADJFOREDEV | DP_ADJ_RSQUARE | DP_AES_BETA | DP_AIC | DP_ALPHA_DEFAULT | DP_AUDITREVIEWDONE | DP_AVGPRICE | DP_BASEUOM | DP_BETA_DEFAULT | DP_BIC | DP_BOX_ACF_BOUNDRY | DP_BOX_AR_PARAM | DP_BOX_AR_SEAS_PAR | DP_BOX_CONST_PARAM | DP_BOX_MA_PARAM | DP_BOX_MA_SEAS_PAR | DP_BOX_NONSEAS_D | DP_BOX_NONSEAS_P | DP_BOX_NONSEAS_PDE | DP_BOX_NONSEAS_PIN | DP_BOX_NONSEAS_Q | DP_BOX_NONSEAS_QDE | DP_BOX_NONSEAS_QIN | DP_BOX_NUM_LAGS | DP_BOX_SEAS_D | DP_BOX_SEAS_LEN | DP_BOX_SEAS_P | DP_BOX_SEAS_PDECAY | DP_BOX_SEAS_PINIT | DP_BOX_SEAS_Q | DP_BOX_SEAS_QDECAY | DP_BOX_SEAS_QINIT | DP_BOX_TRANS_METH | DP_CALCULATIONTYPE | DP_CHI_SQR | DP_COCHRANE | DP_COLLABREVDONE | DP_CONFIGLEVEL | DP_CONFIGVIEW | DP_CONTROLGROUP | DP_CROSTON_ALPHA | DP_CURRENTMODELPD | DP_CURRENTMODELYR | DP_DATESTAMP | DP_DEF_FINALLEVEL | DP_DEF_FINALTREND | DP_DEMANDAVERAGE | DP_DESB_ALPHA | DP_DESCRIPTION | DP_DESH_ALPHA | DP_DESH_FINALLEVEL | DP_DESH_FINALTREND | DP_DESH_GAMMA | DP_DETSEASPROFILE | DP_DW | DP_EFFDEMANDPDS | DP_ERRORRATIO | DP_EVALPERIODS | DP_FC_EFFPD | DP_FC_EFFYR | DP_FCITEMCAPTION | DP_FCMETHOD | DP_FORECASTANALYST | DP_FORECASTITEM | DP_GAMMA_DEFAULT | DP_HISTDEMANDPDS | DP_HW_ALPHA | DP_HW_BETA | DP_HW_FINALLEVEL | DP_HW_FINALTREND | DP_HW_GAMMA | DP_INHIBITED | DP_INTERCEPT_DEF | DP_ITEMCODE | DP_LASTCHANGEDATE | DP_LASTEVALPDS | DP_LASTRESETPD | DP_LASTRESETYR | DP_LIFEPROFILE | DP_LIFEPROFILEITEM | DP_LJUNG_BOX | DP_LOCATION | DP_LR_ELASTICITY | DP_LR_FTEST | DP_LR_INTERCEPT | DP_LR_SLOPE | DP_LR_TTEST1 | DP_LR_TTEST2 | DP_MA_ALPHA | DP_MAE | DP_MA_FINALLEVEL | DP_MAPE | DP_MA_PERIODS | DP_ME | DP_MEANABSERROR | DP_MEAN_ERROR | DP_MSE | DP_NEXTFCITEM | DP_NEXTLEVEL | DP_NEXTLEVELCONV | DP_NEXTLEVELUOM | DP_NORMALITY | DP_PERIODCREATED | DP_PRORATE | DP_PRORATEDFOREDEV | DP_RESTART_CONTROL | DP_RMSE | DP_ROLLBACKPERIODS | DP_ROUNDDECIMALS | DP_RSQUARE | DP_SDE | DP_SEASONALITYPROF | DP_SEASONALITYTYPE | DP_SES_ALPHA | DP_SES_FINALLEVEL | DP_SLOPE_DEFAULT | DP_SSE | DP_SSR | DP_STANDARDCOST | DP_STANDARDPRICE | DP_STATFOREDEV | DP_STDDEV | DP_SUMMGROUP | DP_SUSPENDEDITEM | DP_TEMPLATEITEM | DP_TESB_ALPHA | DP_THEIL | DP_TRACKSIGNAL00 | DP_TRACKSIGNAL01 | DP_TRACKSIGNAL02 | DP_TRACKSIGNAL03 | DP_TRACKSIGNAL04 | DP_TRACKSIGNAL05 | DP_UD01 | DP_UD02 | DP_UD03 | DP_UD04 | DP_UD05 | DP_UD06 | DP_UD07 | DP_UD08 | DP_UD09 | DP_UD10 | DP_UD11 | DP_UD12 | DP_UD13 | DP_UD14 | DP_UD15 | DP_UD16 | DP_UD17 | DP_UD18 | DP_UD19 | DP_UD20 | DP_UD21 | DP_UD22 | DP_UD23 | DP_UD24 | DP_UD25 | DP_UD26 | DP_UD27 | DP_UD28 | DP_UD29 | DP_UD30 | DP_UD31 | DP_UD32 | DP_UD33 | DP_UD34 | DP_UD35 | DP_UD36 | DP_UD37 | DP_UD38 | DP_UD39 | DP_UD40 | DP_UD41 | DP_UD42 | DP_UD43 | DP_UD44 | DP_UD45 | DP_UD46 | DP_UD47 | DP_UD48 | DP_UD49 | DP_UD50 | DP_UPDATETOINVPOL | DP_USESSEASONPROF | DP_VOLUME | DP_VOLUMEUOM | DP_WEIGHT | DP_WEIGHTPROFILE | DP_WEIGHTUOM | DP_WMA_ALPHA | DP_WMA_FINALLEVEL | DP_X11_IRREGAVSTAT | DP_X11_TTEST | DP_YEARCREATED | PRODUCT_KIT_FLAG | PSARCH_ID | UTILIZ_CD | UTILIZ_GROUP,Supply Chain / Logistique / Production,0.5,"['Other', 'Supply Chain / Logistique / Production']",coin_flip_reject
1027294,SYSADM.PS_DPA_MMSPEC_HDR,PS_DPA_MMSPEC_HDR,DP_CAPTION | DP_CONFIGVIEW | DP_MASSMAINTSPEC | DP_MOD_DATE | PSARCH_ID,IT & Sécurité,0.5,"['IT & Sécurité', 'Other']",coin_flip_reject
1027298,SYSADM.PS_DPA_PUBSPEC_HDR,PS_DPA_PUBSPEC_HDR,DP_CAPTION | DP_CONFIGLEVEL | DP_CONFIGVIEW | DP_DAILYFORECAST | DP_DAILYWEIGHTS | DP_DATEDELIMITER | DP_DATEFORMAT | DP_EXPORTSPEC | DP_FCCONVUNIT | DP_FCIP_OPTION | DP_FILE_MODE | DP_FROMPERIOD | DP_FROMYEAR | DP_HEADINGS_TYPE | DP_OFFSET_FROMPD | DP_OFFSET_TOPD | DP_OUTPUTFILENAME | DP_OUTPUT_FORMAT | DP_PUB_ALTUOM | DP_PUB_DW | DP_PUB_EXT | DP_PUB_FCITEM | DP_PUBFCST_CURRVER | DP_PUB_FCST_FIELD | DP_PUBFCST_PREVER | DP_PUBLISHNAME | DP_PUB_PDDATA | DP_PUB_SCM | DP_PUB_STATISTICS | DP_PUB_UDF | DP_ROWONELABELS | DP_STATISTICALATTR | DP_TIMEPERIODCODE | DP_TOPERIOD | DP_TOYEAR | DP_UOMGROUP | DP_USERFIELD | PSARCH_ID,Supply Chain / Logistique / Production,0.5,"['Other', 'Supply Chain / Logistique / Production']",coin_flip_reject
1027332,SYSADM.PS_DP_CFGLVLFLDDSP,PS_DP_CFGLVLFLDDSP,DP_CONFIGLEVEL | DP_CONFIGVIEW | DP_DISPLAYFIELDSEQ | DP_FIELDID,IT & Sécurité,0.5,"['IT & Sécurité', 'Other']",coin_flip_reject
1027569,SYSADM.PS_DP_EISPECF_LNS,PS_DP_EISPECF_LNS,DP_CONFIGVIEW | DP_DATATYPE | DP_FIELDID | DP_IMPORTSPEC,IT & Sécurité,0.5,"['Other', 'IT & Sécurité']",coin_flip_reject
1027571,SYSADM.PS_DP_EISPEC_MST,PS_DP_EISPEC_MST,DP_CAPTION | DP_DATEDELIMITER | DP_DATEFORMAT | DP_IMPORTSPEC,IT & Sécurité,0.5,"['Other', 'IT & Sécurité']",coin_flip_reject
1027606,SYSADM.PS_DP_FCDTA_INTFCE,PS_DP_FCDTA_INTFCE,DP_ADJ_COMMENT | DP_CONFIGLEVEL | DP_CONFIGVIEW | DP_FCADJINPUT | DP_FCADJREASINPUT | DP_FORECASTCOMMENT | DP_INPUTPERIOD | DP_INPUTYEAR | DP_ITEMCODE | DP_LOCATION | DP_SEQNUMBER | DP_TRANSFERRED | DP_TRANSFERREDBY | DP_UD01 | DP_UD02 | DP_UD03 | DP_UD04 | DP_UD05 | DP_UD06 | DP_UD07 | DP_UD08 | DP_UD09 | DP_UD10 | DP_UD11 | DP_UD12 | DP_UD13 | DP_UD14 | DP_UD15 | DP_UD16 | DP_UD17 | DP_UD18 | DP_UD19 | DP_UD20 | DP_UD21 | DP_UD22 | DP_UD23 | DP_UD24 | DP_UD25 | DP_UD26 | DP_UD27 | DP_UD28 | DP_UD29 | DP_UD30 | DP_UD31 | DP_UD32 | DP_UD33 | DP_UD34 | DP_UD35 | DP_UD36 | DP_UD37 | DP_UD38 | DP_UD39 | DP_UD40 | DP_UD41 | DP_UD42 | DP_UD43 | DP_UD44 | DP_UD45 | DP_UD46 | DP_UD47 | DP_UD48 | DP_UD49 | DP_UD50,Finance & Contrôle,0.5,"['Finance & Contrôle', 'Other']",coin_flip_reject
1027609,SYSADM.PS_DP_FCITEMS,PS_DP_FCITEMS,DP_ACCURACY_STAT | DP_ADJFOREDEV | DP_ADJ_RSQUARE | DP_AES_BETA | DP_AIC | DP_ALPHA_DEFAULT | DP_AUDITREVIEWDONE | DP_AVGPRICE | DP_BASEUOM | DP_BETA_DEFAULT | DP_BIC | DP_BOX_ACF_BOUNDRY | DP_BOX_AR_PARAM | DP_BOX_AR_SEAS_PAR | DP_BOX_CONST_PARAM | DP_BOX_MA_PARAM | DP_BOX_MA_SEAS_PAR | DP_BOX_NONSEAS_D | DP_BOX_NONSEAS_P | DP_BOX_NONSEAS_PDE | DP_BOX_NONSEAS_PIN | DP_BOX_NONSEAS_Q | DP_BOX_NONSEAS_QDE | DP_BOX_NONSEAS_QIN | DP_BOX_NUM_LAGS | DP_BOX_SEAS_D | DP_BOX_SEAS_LEN | DP_BOX_SEAS_P | DP_BOX_SEAS_PDECAY | DP_BOX_SEAS_PINIT | DP_BOX_SEAS_Q | DP_BOX_SEAS_QDECAY | DP_BOX_SEAS_QINIT | DP_BOX_TRANS_METH | DP_CALCULATIONTYPE | DP_CHI_SQR | DP_COCHRANE | DP_COLLABREVDONE | DP_CONFIGLEVEL | DP_CONFIGVIEW | DP_CONTROLGROUP | DP_CROSTON_ALPHA | DP_CURRENTMODELPD | DP_CURRENTMODELYR | DP_DATESTAMP | DP_DEF_FINALLEVEL | DP_DEF_FINALTREND | DP_DEMANDAVERAGE | DP_DESB_ALPHA | DP_DESCRIPTION | DP_DESH_ALPHA | DP_DESH_FINALLEVEL | DP_DESH_FINALTREND | DP_DESH_GAMMA | DP_DETSEASPROFILE | DP_DW | DP_EFFDEMANDPDS | DP_ERRORRATIO | DP_EVALPERIODS | DP_FC_EFFPD | DP_FC_EFFYR | DP_FCITEMCAPTION | DP_FCMETHOD | DP_FORECASTANALYST | DP_FORECASTITEM | DP_GAMMA_DEFAULT | DP_HISTDEMANDPDS | DP_HW_ALPHA | DP_HW_BETA | DP_HW_FINALLEVEL | DP_HW_FINALTREND | DP_HW_GAMMA | DP_INHIBITED | DP_INTERCEPT_DEF | DP_ITEMCODE | DP_LASTCHANGEDATE | DP_LASTEVALPDS | DP_LASTRESETPD | DP_LASTRESETYR | DP_LIFEPROFILE | DP_LIFEPROFILEITEM | DP_LJUNG_BOX | DP_LOCATION | DP_LR_ELASTICITY | DP_LR_FTEST | DP_LR_INTERCEPT | DP_LR_SLOPE | DP_LR_TTEST1 | DP_LR_TTEST2 | DP_MA_ALPHA | DP_MAE | DP_MA_FINALLEVEL | DP_MAPE | DP_MA_PERIODS | DP_ME | DP_MEANABSERROR | DP_MEAN_ERROR | DP_MSE | DP_NEXTFCITEM | DP_NEXTLEVEL | DP_NEXTLEVELCONV | DP_NEXTLEVELUOM | DP_NORMALITY | DP_PERIODCREATED | DP_PRORATE | DP_PRORATEDFOREDEV | DP_RESTART_CONTROL | DP_RMSE | DP_ROLLBACKPERIODS | DP_ROUNDDECIMALS | DP_RSQUARE | DP_SDE | DP_SEASONALITYPROF | DP_SEASONALITYTYPE | DP_SES_ALPHA | DP_SES_FINALLEVEL | DP_SLOPE_DEFAULT | DP_SSE | DP_SSR | DP_STANDARDCOST | DP_STANDARDPRICE | DP_STATFOREDEV | DP_STDDEV | DP_SUMMGROUP | DP_SUSPENDEDITEM | DP_TEMPLATEITEM | DP_TESB_ALPHA | DP_THEIL | DP_TRACKSIGNAL00 | DP_TRACKSIGNAL01 | DP_TRACKSIGNAL02 | DP_TRACKSIGNAL03 | DP_TRACKSIGNAL04 | DP_TRACKSIGNAL05 | DP_UD01 | DP_UD02 | DP_UD03 | DP_UD04 | DP_UD05 | DP_UD06 | DP_UD07 | DP_UD08 | DP_UD09 | DP_UD10 | DP_UD11 | DP_UD12 | DP_UD13 | DP_UD14 | DP_UD15 | DP_UD16 | DP_UD17 | DP_UD18 | DP_UD19 | DP_UD20 | DP_UD21 | DP_UD22 | DP_UD23 | DP_UD24 | DP_UD25 | DP_UD26 | DP_UD27 | DP_UD28 | DP_UD29 | DP_UD30 | DP_UD31 | DP_UD32 | DP_UD33 | DP_UD34 | DP_UD35 | DP_UD36 | DP_UD37 | DP_UD38 | DP_UD39 | DP_UD40 | DP_UD41 | DP_UD42 | DP_UD43 | DP_UD44 | DP_UD45 | DP_UD46 | DP_UD47 | DP_UD48 | DP_UD49 | DP_UD50 | DP_UPDATETOINVPOL | DP_USESSEASONPROF | DP_VOLUME | DP_VOLUMEUOM | DP_WEIGHT | DP_WEIGHTPROFILE | DP_WEIGHTUOM | DP_WMA_ALPHA | DP_WMA_FINALLEVEL | DP_X11_IRREGAVSTAT | DP_X11_TTEST | DP_YEARCREATED | PRODUCT_KIT_FLAG | UTILIZ_CD | UTILIZ_GROUP,Supply Chain / Logistique / Production,0.5,"['Other', 'Supply Chain / Logistique / Production']",coin_flip_reject
1027639,SYSADM.PS_DP_FCITMCAPTION,PS_DP_FCITMCAPTION,DP_CAPTIONUSE | DP_CONFIGLEVEL | DP_CONFIGVIEW,IT & Sécurité,0.5,"['Other', 'IT & Sécurité']",coin_flip_reject
1027657,SYSADM.PS_DP_FC_PDADJHIST,PS_DP_FC_PDADJHIST,DP_ACTUALDEMAND | DP_ADJDEMAND | DP_ADJFORECAST | DP_CONFIGLEVEL | DP_CONFIGVIEW | DP_DEMANDVALUE | DP_EVALADJFORE | DP_EVALPRORFORE | DP_EVALSTATFORE | DP_FCST_PERIOD | DP_FCST_YEAR | DP_FORECAST01 | DP_FORECAST02 | DP_FORECAST03 | DP_FORECAST04 | DP_FORECAST05 | DP_FORECAST06 | DP_FORECAST07 | DP_FORECAST08 | DP_FORECAST09 | DP_FORECAST10 | DP_FORECASTADJ | DP_FORECASTITEM | DP_PERIODAVGPRICE | DP_PERIODCOST | DP_PERIODPRICE | DP_PROFORECAST | DP_RESULTANTADJ | DP_STATFORECAST | DP_SUMMFORECAST | DP_USERDATA01 | DP_USERDATA02 | DP_USERDATA03 | DP_USERDATA04 | DP_USERDATA05 | DP_USERDATA06 | DP_USERDATA07,Supply Chain / Logistique / Production,0.5,"['Supply Chain / Logistique / Production', 'Finance & Contrôle']",coin_flip_reject
1027742,SYSADM.PS_DP_IPPMASS_HDR,PS_DP_IPPMASS_HDR,DP_CAPTION | DP_IPP_MASSSPEC | DP_MOD_DATE | DP_POLICYSET,IT & Sécurité,0.5,"['IT & Sécurité', 'Other']",coin_flip_reject
1027752,SYSADM.PS_DP_IPRDOUPD_RUN,PS_DP_IPRDOUPD_RUN,BUSINESS_UNIT | BUS_UNIT_OPTION | DP_FCIP_OPTION | DP_IP_SELECTION | DP_IPUPD_METHOD | DP_PLANATTRIB_UPD | DP_PUBLISHNAME | DP_REPLATTRIB_UPD | DP_STOCK_UPD | DP_UTILATTRIB_UPD | FORECAST_SET | MFG_ORDER_MOD | OPRID | PROCESS_INSTANCE | PUR_ORDER_MOD | RUN_CNTL_ID | TRANSFER_ORD_MOD,IT & Sécurité,0.5,"['IT & Sécurité', 'Supply Chain / Logistique / Production']",coin_flip_reject
1027757,SYSADM.PS_DP_ITEMMERGE_LN,PS_DP_ITEMMERGE_LN,DP_CONFIGLEVEL | DP_CONFIGVIEW | DP_CONVFACTOR | DP_CURRENTFCITEM | DP_DEFAULTFCITEM | DP_DELETE_BTN | DP_EVENTDURATION | DP_SEQNUMBER | OPRID | RUN_CNTL_ID,Supply Chain / Logistique / Production,0.5,"['Supply Chain / Logistique / Production', 'IT & Sécurité']",coin_flip_reject
1027780,SYSADM.PS_DP_POLSETITEMS,PS_DP_POLSETITEMS,DP_FIELDID | DP_POLICYSET | DP_SEQNUMBER,IT & Sécurité,0.5,"['IT & Sécurité', 'Other']",coin_flip_reject
1027790,SYSADM.PS_DP_PUB_FCASTKEY,PS_DP_PUB_FCASTKEY,DP_FIELDID | DP_PUBLISH_DATE | DP_PUBLISHNAME | DP_SEQNUMBER,Supply Chain / Logistique / Production,0.5,"['Other', 'Supply Chain / Logistique / Production']",coin_flip_reject
1027792,SYSADM.PS_DP_PUB_FCITEMS,PS_DP_PUB_FCITEMS,BILL_TO_CUST_ID | BUSINESS_UNIT_BI | BUSINESS_UNIT_IN | BUSINESS_UNIT_OM | CATEGORY_ID | CLASSIFICATION | CM_UNIT_COST | CONVERSION_RATE | CORP_CUST_ID | CURRENCY_CD | CUST_CHANNEL | CUST_FIELD_C10_A | CUST_FIELD_C10_B | CUST_FIELD_C10_C | CUST_FIELD_C10_D | CUST_FIELD_C1_A | CUST_FIELD_C1_B | CUST_FIELD_C1_C | CUST_FIELD_C1_D | CUST_FIELD_C2 | CUST_FIELD_C30_A | CUST_FIELD_C30_B | CUST_FIELD_C30_C | CUST_FIELD_C30_D | CUST_FIELD_C4 | CUST_FIELD_C6 | CUST_FIELD_C8 | CUSTOMER_GROUP | DP_ADJFOREDEV | DP_AUDITREVIEWDONE | DP_AVGPRICE | DP_BASEUOM | DP_CALCULATIONTYPE | DP_CONTROLGROUP | DP_CONVFACTOR | DP_CURRENTMODELPD | DP_CURRENTMODELYR | DP_DEMANDAVERAGE | DP_DESCRIPTION | DP_DETSEASPROFILE | DP_EFFDEMANDPDS | DP_EVALPERIODS | DP_FC_EFFPD | DP_FC_EFFYR | DP_FCITEMCAPTION | DP_FCMETHOD | DP_FORECASTANALYST | DP_FORECASTITEM | DP_HISTDEMANDPDS | DP_INHIBITED | DP_ITEMCODE | DP_KEYFLDNAMES | DP_LASTEVALPDS | DP_LASTRESETPD | DP_LASTRESETYR | DP_LIFEPROFILE | DP_LIFEPROFILEITEM | DP_LOCATION | DP_NEXTFCITEM | DP_NEXTLEVELCONV | DP_NEXTLEVELUOM | DP_PERIODCREATED | DP_PRORATE | DP_PRORATEDFOREDEV | DP_PUBLISH_DATE | DP_PUBLISHNAME | DP_PUBLISHUOM | DP_ROLLBACKPERIODS | DP_ROUNDDECIMALS | DP_SEASONALITYPROF | DP_SEASONALITYTYPE | DP_STANDARDCOST | DP_STANDARDPRICE | DP_STATFOREDEV | DP_STDUOMCONVFACT | DP_SUSPENDEDITEM | DP_TEMPLATEITEM | DP_UPDATETOINVPOL | DP_USESSEASONPROF | DP_VOLUME | DP_VOLUMEUOM | DP_WEIGHT | DP_WEIGHTPROFILE | DP_WEIGHTUOM | DP_YEARCREATED | INV_ITEM_COLOR | INV_ITEM_GROUP | INV_ITEM_ID | INV_ITEM_TYPE | INVOICE | INV_PROD_FAM_CD | ITEM_FIELD_C10_A | ITEM_FIELD_C10_B | ITEM_FIELD_C10_C | ITEM_FIELD_C10_D | ITEM_FIELD_C1_A | ITEM_FIELD_C1_B | ITEM_FIELD_C1_C | ITEM_FIELD_C1_D | ITEM_FIELD_C2 | ITEM_FIELD_C30_A | ITEM_FIELD_C30_B | ITEM_FIELD_C30_C | ITEM_FIELD_C30_D | ITEM_FIELD_C4 | ITEM_FIELD_C6 | ITEM_FIELD_C8 | MITBL_DESCR | PM_DIVISION | PM_REGION | PM_TERRITORY | PRDITM_DESCR | PRICE_PROGRAM | PROD_BRAND | PROD_CATEGORY | PROD_FIELD_C10_A | PROD_FIELD_C10_B | PROD_FIELD_C10_C | PROD_FIELD_C10_D | PROD_FIELD_C1_A | PROD_FIELD_C1_B | PROD_FIELD_C1_C | PROD_FIELD_C1_D | PROD_FIELD_C2 | PROD_FIELD_C30_A | PROD_FIELD_C30_B | PROD_FIELD_C30_C | PROD_FIELD_C30_D | PROD_FIELD_C4 | PROD_FIELD_C6 | PROD_FIELD_C8 | PRODUCT_GROUP | PRODUCT_ID | PRODUCT_KIT_FLAG | REGION_CD | SETID | SHIP_TO_CUST_ID | SOLD_TO_CUST_ID | SOURCE_CODE | SUBCUST_QUAL1 | SUBCUST_QUAL2 | UPC_ID | UTILIZ_CD | UTILIZ_GROUP,Finance & Contrôle,0.5,"['Finance & Contrôle', 'Supply Chain / Logistique / Production']",coin_flip_reject
1027803,SYSADM.PS_DP_PUBSPEC_HDR,PS_DP_PUBSPEC_HDR,DP_CAPTION | DP_CONFIGLEVEL | DP_CONFIGVIEW | DP_DAILYFORECAST | DP_DAILYWEIGHTS | DP_DATEDELIMITER | DP_DATEFORMAT | DP_EXPORTSPEC | DP_FCCONVUNIT | DP_FCIP_OPTION | DP_FILE_MODE | DP_FROMPERIOD | DP_FROMYEAR | DP_HEADINGS_TYPE | DP_OFFSET_FROMPD | DP_OFFSET_TOPD | DP_OUTPUTFILENAME | DP_OUTPUT_FORMAT | DP_PUB_ALTUOM | DP_PUB_DW | DP_PUB_EXT | DP_PUB_FCITEM | DP_PUBFCST_CURRVER | DP_PUB_FCST_FIELD | DP_PUBFCST_PREVER | DP_PUBLISHNAME | DP_PUB_PDDATA | DP_PUB_SCM | DP_PUB_STATISTICS | DP_PUB_UDF | DP_ROWONELABELS | DP_STATISTICALATTR | DP_TIMEPERIODCODE | DP_TOPERIOD | DP_TOYEAR | DP_UOMGROUP | DP_USERFIELD,Supply Chain / Logistique / Production,0.5,"['Other', 'Supply Chain / Logistique / Production']",coin_flip_reject
1027807,SYSADM.PS_DP_REFRESH_HDR,PS_DP_REFRESH_HDR,DESCR60 | DP_CONFIGVIEW | DP_CUSTOM_FLD_FROM | DP_LEVEL_SELECT | DP_REFRESH_PARENT | DP_ROLLPERIODS | DP_SPECS_ID | DP_USERDATACODE,IT & Sécurité,0.5,"['Other', 'IT & Sécurité']",coin_flip_reject
1027817,SYSADM.PS_DP_RUN_CNTL_DPS,PS_DP_RUN_CNTL_DPS,DP_AVAILON_POLSETS | DP_COST_DETAILS | DP_CTRLGROUPS | DP_EXPSPECS | DP_INVENTORY_ITEM | DP_POLICYSET | OPRID | RUN_CNTL_ID,Finance & Contrôle,0.5,"['Finance & Contrôle', 'IT & Sécurité']",coin_flip_reject
1027950,SYSADM.PS_DR_DRITM2_TAO,PS_DR_DRITM2_TAO,AR_SEQ_NUM | BUSINESS_UNIT | CUST_ID | DRAFT_BU | DRAFT_ID | ITEM | ITEM_LINE | PROCESS_INSTANCE | RATE_DIV_REAL | RATE_MULT_REAL,Finance & Contrôle,0.5,"['Finance & Contrôle', 'IT & Sécurité']",coin_flip_reject
1028052,SYSADM.PS_DR_TXN_TYPE_TBL,PS_DR_TXN_TYPE_TBL,DESCR | DESCRSHORT | DRAFT_TXN_TYPE | SETID,Finance & Contrôle,0.5,"['Finance & Contrôle', 'Other']",coin_flip_reject
1028053,SYSADM.PS_DR_TYPE_ACT_WS1,PS_DR_TYPE_ACT_WS1,DRAFT_BUSN_EVENT | DR_DST_USE_CR | DR_DST_USE_DR | SEQ_NUM,IT & Sécurité,0.5,"['IT & Sécurité', 'Other']",coin_flip_reject
1028083,SYSADM.PS_DST_CNTRL_HDR_L,PS_DST_CNTRL_HDR_L,DESCR | DESCRSHORT | DST_CNTRL_ID | LANGUAGE_CD | SETID,IT & Sécurité,0.5,"['IT & Sécurité', 'Other']",coin_flip_reject
1028175,SYSADM.PS_DST_SET_OM,PS_DST_SET_OM,BUSINESS_UNIT | BUSINESS_UNIT_IN | CUST_ID | CUSTOMER_GROUP | DISTRIB_SET_ID | DISTRIB_TYPE | DOC_TYPE_OM | DST_ID_DIS | DST_ID_REV | DST_ID_SUR | DST_RL_COMBO_CD | DTTIME_ADDED | DTTIME_LAST_MAINT | EFFDT | EFF_STATUS | LAST_MAINT_OPRID | ORDER_GRP | PRODUCT_GROUP | PRODUCT_ID | REGION_CD,Ventes & Clients,0.5,"['Other', 'Ventes & Clients']",coin_flip_reject
1028199,SYSADM.PS_DUN_CUST1_TAO,PS_DUN_CUST1_TAO,ADDR_SEQ_CNTCT | ADDR_SEQ_NUM | BANK_ACCT_KEY | BANK_CD | BANK_SETID | CLCT_NAME | CNTCT_NAME1 | CNTCT_SEQ_NUM | COLLECTOR | CONTACT_ID | CRSPD_CUST_ID | CRSPD_CUST_NAME | CRSPD_SETID | DELIVERY_METHOD | EMAILID | FAX | ITEM | ITEM_LINE | LANGUAGE_CD | LOCATION | PHONE | PRINTER | PROCESS_INSTANCE,Ventes & Clients,0.5,"['Finance & Contrôle', 'Ventes & Clients']",coin_flip_reject
1028348,SYSADM.PS_EBK_BANK_BRANCH,PS_EBK_BANK_BRANCH,ADDITIONAL | ADDRESS_CC | BENEF_BRANCH | BENEF_BRANCH_AC | BNK_ID_NBR | BRANCH_ID | BRANCH_STATUS | CLEARING_NUMBER | PHONE | POSTAL,Finance & Contrôle,0.5,"['Finance & Contrôle', 'Other']",coin_flip_reject
1028433,SYSADM.PS_ECTPCVT_HDR,PS_ECTPCVT_HDR,CVT_PROFILE_ID | ECCVTPASSTHRU | ECTPCVTDEFAULT | ECTPCVTID | SETID | SETID_BASED,IT & Sécurité,0.5,"['IT & Sécurité', 'Other']",coin_flip_reject
1028835,SYSADM.PS_EG_ECO_DC,PS_EG_ECO_DC,BUSINESS_UNIT | DC_FIXED | DC_OBJECT_ID | DC_OBJECT_NAME | DC_TITLE | ECO_ID | ECO_STATE,IT & Sécurité,0.5,"['Other', 'IT & Sécurité']",coin_flip_reject
1028857,SYSADM.PS_EG_RTG_OPDC_CMP,PS_EG_RTG_OPDC_CMP,BUSINESS_UNIT | DC_FIXED | DC_OBJECT_ID | DC_OBJECT_NAME | DC_TITLE | EG_RTG_DIFF | INV_ITEM_ID | OP_SEQUENCE | RTG_CODE | RTG_STATE | RTG_TYPE,Supply Chain / Logistique / Production,0.5,"['Supply Chain / Logistique / Production', 'Other']",coin_flip_reject
1028885,SYSADM.PS_EM_AGREEMENT,PS_EM_AGREEMENT,ACCOUNT | ACCOUNT_CODE | ACTIVITY_ID | AFFILIATE | AFFILIATE_INTRA1 | AFFILIATE_INTRA2 | ALTACCT | ANALYSIS_TYPE | BANK_ACCT_KEY | BANK_CD | BANK_SETID | BUDGET_REF | BUSINESS_UNIT_PC | CHARTFIELD1 | CHARTFIELD2 | CHARTFIELD3 | CLASS_FLD | DEPTID | EM_AGREE_BUYER | EM_AGREEMENT_ID | EM_AGREE_SELLER | EM_ALLOW_PTRMS_OVR | EM_BUYER_COMMENTS | EM_CASH_COL_NOT | EM_CC_LATEDAYS | EM_CC_REMINDER | EM_CPY_ONE_PO_ONLY | EM_CUSTOMER_REF | EM_EXPOSE_CFS_FLG | EM_FACTOR_FLAG | EM_FACTOR_ID | EM_INV_VERIFY_OPT | EM_MG_CF_COMBO | EM_PYMNT_TERMS_OPT | EM_READY_FOR_REV | EM_SELLER_COMMENTS | EM_STD_VCH_FLG | EM_SUPPLIER_REF | EM_USE_PTRMS_FROM | EM_WORKFLOW_OPT | FUND_CODE | MATCH_CNTRL_ID | MATCH_OPT | OPERATING_UNIT | PRODUCT | PROGRAM_CODE | PROJECT_ID | PYMNT_METHOD | REMIT_LOC | RESOURCE_CATEGORY | RESOURCE_SUB_CAT | RESOURCE_TYPE | SETID | SPEEDCHART_KEY | VENDOR_ID | VENDOR_SETID | VNDR_LOC | WORKFLOW_OPT,Finance & Contrôle,0.5,"['Finance & Contrôle', 'Achats & Fournisseurs']",coin_flip_reject
1028902,SYSADM.PS_EM_APPR_HOPT,PS_EM_APPR_HOPT,ACTIVE_FLG | BUSINESS_UNIT | EOAWPRCS_ID | NAME2 | RECORDNAME | RECORDNAME2,IT & Sécurité,0.5,"['IT & Sécurité', 'Other']",coin_flip_reject
1028934,SYSADM.PS_EMBUYAPPR_TEO1,PS_EMBUYAPPR_TEO1,APPROVAL_SEQ | BUSINESS_UNIT | CURRENCY_CD | EM_ROLENAME | EO_FROM_CURRENCY | EO_PROCESS_INST | GROSS_AMT_MAX | GROSS_AMT_MIN,Finance & Contrôle,0.5,"['Achats & Fournisseurs', 'Finance & Contrôle']",coin_flip_reject
1028979,SYSADM.PS_EM_INVLN_TMP,PS_EM_INVLN_TMP,APPR_STATUS | BUSINESS_UNIT | DISTRIB_LINE_NUM | DTTM_STAMP | OPRID | PROCESS_INSTANCE | VOUCHER_ID | VOUCHER_LINE_NUM,Finance & Contrôle,0.5,"['IT & Sécurité', 'Finance & Contrôle']",coin_flip_reject
1029219,SYSADM.PS_EM_VO_APR_TAO,PS_EM_VO_APR_TAO,BUSINESS_UNIT | PROCESS_INSTANCE | VCHR_APPRVL_FLG | VOUCHER_ID,Finance & Contrôle,0.5,"['IT & Sécurité', 'Finance & Contrôle']",coin_flip_reject
1029269,SYSADM.PS_EN_BOM_MMC_SUB2,PS_EN_BOM_MMC_SUB2,BUSINESS_UNIT | EFFDT_FROM | EFFDT_TO | EN_BOM_MMC_REF_FLG | EN_NEW_CONV_RATE | EN_NEW_EFFDT_FROM | EN_NEW_EFFDT_TO | EN_NEW_SUB_ITEM_ID | EN_NEW_SUB_PRI_NBR | EN_SRCH_CONV_RATE | EN_SRCH_SUB_PRINBR | MASS_MAINT_CODE | MASS_MAINT_SEQ | SUB_ITM_ID,Supply Chain / Logistique / Production,0.5,"['Supply Chain / Logistique / Production', 'Other']",coin_flip_reject
1029270,SYSADM.PS_EN_BOM_MSG_AET,PS_EN_BOM_MSG_AET,AE_APPLID | AE_SECTION | ALL_BU | ALL_EIP_CTL_ID | BOM_TRANSFER_STAT | BUSINESS_UNIT | BUSINESS_UNIT_TO | EIP_CTL_ID_FROM | EIP_CTL_ID_FROM_NR | EIP_CTL_ID_TO | EIP_CTL_ID_TO_NR | EIP_SOURCE | OPRID | PROCESS_ERROR | PROCESS_INSTANCE | PROCESS_INST_STG | PURGE_OPTN | RUN_CNTL_ID | STATUS_STRING | TRANSFER_OPT,IT & Sécurité,0.5,"['IT & Sécurité', 'Supply Chain / Logistique / Production']",coin_flip_reject
1029278,SYSADM.PS_EN_CREW,PS_EN_CREW,AGGREGATE_OPT_PL | AGGREGATE_REPAIR | AGGREGATE_STRATEGY | AVAIL_PERCENTAGE | BUSINESS_UNIT | CALENDAR_CODE | CREW_CODE | CREWSIZE | CREW_STATUS | DESCR | DESCRSHORT | IGNORE_VIOLATIONS | PLAN_BUCKET | TASK_WRAP | TEXT254,RH,0.5,"['Other', 'RH']",coin_flip_reject
1029310,SYSADM.PS_EN_RTG_HDR_ATT,PS_EN_RTG_HDR_ATT,BUSINESS_UNIT | DESCR | DOCUMENT_NAME | FILE_EXTENSION | INV_ITEM_ID | RTG_CODE | RTG_STATE | RTG_TYPE,Supply Chain / Logistique / Production,0.5,"['Supply Chain / Logistique / Production', 'Other']",coin_flip_reject
1029318,SYSADM.PS_EN_RTG_OPAT_TMP,PS_EN_RTG_OPAT_TMP,BUSINESS_UNIT | DESCR | DOCUMENT_NAME | FILE_EXTENSION | INV_ITEM_ID | OP_SEQUENCE | RTG_CODE | RTG_STATE | RTG_TYPE,Supply Chain / Logistique / Production,0.5,"['Supply Chain / Logistique / Production', 'Other']",coin_flip_reject
1029335,SYSADM.PS_EN_TASK_RESRC,PS_EN_TASK_RESRC,BUSINESS_UNIT | CREW_CODE | MACHINE_CODE | PRIORITY | RESRC_TYPE | TASK_CODE | TOOL_CODE | TOOL_QTY,Supply Chain / Logistique / Production,0.5,"['Supply Chain / Logistique / Production', 'IT & Sécurité']",coin_flip_reject
1029468,SYSADM.PS_EOAW_TXN_LVL,PS_EOAW_TXN_LVL,DESCR | EOAWLEVEL | EOAWPRCS_ID | RECNAME | WL_TEMPLATE_ID,IT & Sécurité,0.5,"['IT & Sécurité', 'Other']",coin_flip_reject
1029509,SYSADM.PS_EOCC_CONFIG_FLD,PS_EOCC_CONFIG_FLD,EOCC_CONFIG_TYPE | EOCC_DFLT_VALUE | EOCC_DISABLED | EOCC_FIELD_ORIGIN | EOCC_FIELD_TYPE | EOCC_IS_REQUIRED | EOCC_LBL_OVERRIDE | EOCC_MASK_CHAR | EOCC_MASK_DAY | EOCC_MASK_FLAG | EOCC_MASK_ID | EOCC_MASK_MONTH | EOCC_MASK_SEP | EOCC_MASK_TRAILNUM | EOCC_MASK_YEAR | EOCC_PROF_STATUS | EOCC_SBP_LEVEL | EOCC_VISIBLE_FLAG | FIELDNAME | FIELDNAME1 | FIELDTYPE | FIELDUSE | LBLTEXT | MARKET | OCCURSLEVEL | PNLGRPNAME | PNLNAME | PTAI_SYSTEM_DATA | PTCS_PNLFLDNAME | RECNAME | RECNAME1 | RECNAME_BASE | SECOCCURSLEVEL | SEQUENCE_NBR | STDPNLNAME,IT & Sécurité,0.5,"['IT & Sécurité', 'Other']",coin_flip_reject
1029514,SYSADM.PS_EOCC_CONFIG_SEQ,PS_EOCC_CONFIG_SEQ,DESCR | EOCC_APPLY_TO | EOCC_CONFIG_TYPE | EOCC_LARGE_FF | EOCC_MANDATORY_FLG | EOCC_MEDIUM_FF | EOCC_SMALL_FF | EOCC_XLARGE_FF | MARKET | PNLGRPNAME | PTAI_SYSTEM_DATA | ROLENAME | SEQUENCE_NBR | STATUS,IT & Sécurité,0.5,"['Other', 'IT & Sécurité']",coin_flip_reject
1029524,SYSADM.PS_EOCC_MASK_PROF,PS_EOCC_MASK_PROF,DEFAULT_FLG | EOCC_MASK_CHAR | EOCC_MASK_DAY | EOCC_MASK_DESCR | EOCC_MASK_FMT_FLD | EOCC_MASK_ID | EOCC_MASK_MONTH | EOCC_MASK_SEP | EOCC_MASK_TRAILNUM | EOCC_MASK_TYPE | EOCC_MASK_YEAR | EOCC_MSK_SHRTDESCR | RECNAME,IT & Sécurité,0.5,"['IT & Sécurité', 'Other']",coin_flip_reject
1029543,SYSADM.PS_EOCF_ACTION_SET,PS_EOCF_ACTION_SET,EOCF_ACTION_ID | EOCF_ACTION_SET_ID | EOCF_ORDERNUM | STATUS,IT & Sécurité,0.5,"['IT & Sécurité', 'Other']",coin_flip_reject
1029549,SYSADM.PS_EOCF_AL_DTL_TRM,PS_EOCF_AL_DTL_TRM,DESCR254 | EOCF_ACTION_ID | EOCF_CONFIG_ID | EOCF_CREATEDTTM | EOCF_CREATEOPRID | EOCF_IS_CFG_FLAG | EOCF_LASTUPDDTTM | EOCF_LASTUPDOPRID | EOCF_LIB_TERM_ID | EOCF_TERM_ALIAS,IT & Sécurité,0.5,"['Other', 'IT & Sécurité']",coin_flip_reject
1029559,SYSADM.PS_EOCF_CONTEXT,PS_EOCF_CONTEXT,BCNAME | DESCR50 | DESCRLONG | EOCF_CONTEXT_ID | EOCF_CREATEDTTM | EOCF_CREATEOPRID | EOCF_CTX_NAME | EOCF_CTX_TYPE | EOCF_GEN_CTX_ID | EOCF_IS_NAMED_FLAG | EOCF_IS_PRIMARY | EOCF_IS_SYSTEM | EOCF_LASTUPDDTTM | EOCF_LASTUPDOPRID | EOCF_MAINT_OWNER | EOCF_OPERSET_ID | MARKET | PNLGRPNAME,IT & Sécurité,0.5,"['Other', 'IT & Sécurité']",coin_flip_reject
1029569,SYSADM.PS_EOCF_DE_LOG_DTL,PS_EOCF_DE_LOG_DTL,EOCF_DE_LOG_DTL_ID | EOCF_DE_LOGSEQ | EOCF_DE_LOGTYPE | EOCF_LOGGED_VALUE | EOCF_LOG_ID | EOCF_SEQNUM2,IT & Sécurité,0.5,"['IT & Sécurité', 'Other']",coin_flip_reject
1029596,SYSADM.PS_EOCF_IMPL_PARMS,PS_EOCF_IMPL_PARMS,EOCF_IMPL_ID | EOCF_RE_PARM_VALUE | EOCF_RES_PARM_NAME | EOCF_SEQNUM,IT & Sécurité,0.5,"['Other', 'IT & Sécurité']",coin_flip_reject
1029766,SYSADM.PS_EOCM_DSPSMT_FLD,PS_EOCM_DSPSMT_FLD,DECIMALPOS | EOCM_DATA_QLFR | EOCM_DATA_SRC_ID | EOCM_DATA_STRIP | EOCM_FIELD_NAME | EOCM_FIELD_TYPE | EOCM_PS_FLD_NAME | FLDLENGTH | SEQNUM,IT & Sécurité,0.5,"['Other', 'IT & Sécurité']",coin_flip_reject
1029844,SYSADM.PS_EOCM_ERR_TMP,PS_EOCM_ERR_TMP,CURRENCY_CD | EFFDT | EFF_STATUS | EOCM_ACCESS_ID | EOCM_CATALOG_ID | EOCM_CONVERSION_RT | EOCM_CRM_CAT_NBR | EOCM_CRM_ORDERABLE | EOCM_CRM_SERVICE | EOCM_DISCONTINU_DT | EOCM_ELM_CEU | EOCM_ELM_KEYWORDS | EOCM_ELM_NOTES | EOCM_EPRO_DESCR | EOCM_EPRO_FILENAME | EOCM_FILEEXTENSION | EOCM_FILEPATH | EOCM_ITMVPRIORITY | EOCM_LEAD_TIME | EOCM_LEARN_OBJ_ID | EOCM_MFG_ID | EOCM_MFG_PART_NUM | EOCM_MIN_QTY | EOCM_MODEL_NBR | EOCM_OFFER_ID | EOCM_OFFER_NM | EOCM_OFFER_STATE | EOCM_OFFER_STATUS | EOCM_PROD_BRAND | EOCM_PROD_KIT_FLAG | EOCM_PROP_NAME_1 | EOCM_PROP_NAME_2 | EOCM_PROP_NAME_3 | EOCM_PROP_NAME_4 | EOCM_PROP_NAME_5 | EOCM_PROP_VAL_1 | EOCM_PROP_VAL_2 | EOCM_PROP_VAL_3 | EOCM_PROP_VAL_4 | EOCM_PROP_VAL_5 | EOCM_REQUISITE_ID | EOCM_ROW_ID | EOCM_SUP_CAT_CD | EOCM_SUP_CAT_NM | EOCM_SUP_OFFER_D | EOCM_SUP_OFFER_NM | EOCM_SUP_OFFER_PR | EOCM_SUP_OFFER_SKU | EOCM_SUP_OFFER_UOM | EOCM_TP_VER_ID | EOCM_VNDR_PART_EXT | EOCM_VNDR_PART_NUM | LASTUPDDTTM | LASTUPDOPRID | MESSAGE_NBR | PROCESS_INSTANCE | SETID | URL,Achats & Fournisseurs,0.5,"['Achats & Fournisseurs', 'IT & Sécurité']",coin_flip_reject
1029929,SYSADM.PS_EOCM_GENTBL_HST,PS_EOCM_GENTBL_HST,CURRENCY_CD | EFFDT | EFF_STATUS | EOCM_ACCESS_ID | EOCM_CATALOG_ID | EOCM_CONVERSION_RT | EOCM_CRM_CAT_NBR | EOCM_CRM_ORDERABLE | EOCM_CRM_SERVICE | EOCM_DISCONTINU_DT | EOCM_ELM_CEU | EOCM_ELM_KEYWORDS | EOCM_ELM_NOTES | EOCM_EPRO_DESCR | EOCM_EPRO_FILENAME | EOCM_FILEEXTENSION | EOCM_FILEPATH | EOCM_ITMVPRIORITY | EOCM_LEAD_TIME | EOCM_LEARN_OBJ_ID | EOCM_MFG_ID | EOCM_MFG_PART_NUM | EOCM_MIN_QTY | EOCM_MODEL_NBR | EOCM_OFFER_ID | EOCM_OFFER_NM | EOCM_OFFER_STATE | EOCM_OFFER_STATUS | EOCM_PROD_BRAND | EOCM_PROD_KIT_FLAG | EOCM_PROP_NAME_1 | EOCM_PROP_NAME_2 | EOCM_PROP_NAME_3 | EOCM_PROP_NAME_4 | EOCM_PROP_NAME_5 | EOCM_PROP_VAL_1 | EOCM_PROP_VAL_2 | EOCM_PROP_VAL_3 | EOCM_PROP_VAL_4 | EOCM_PROP_VAL_5 | EOCM_REQUISITE_ID | EOCM_ROW_ID | EOCM_SUP_CAT_CD | EOCM_SUP_CAT_NM | EOCM_SUP_OFFER_D | EOCM_SUP_OFFER_NM | EOCM_SUP_OFFER_PR | EOCM_SUP_OFFER_SKU | EOCM_SUP_OFFER_UOM | EOCM_TP_VER_ID | EOCM_VNDR_PART_EXT | EOCM_VNDR_PART_NUM | LASTUPDDTTM | LASTUPDOPRID | MESSAGE_NBR | PSARCH_ID | SETID | URL,Achats & Fournisseurs,0.5,"['Achats & Fournisseurs', 'Other']",coin_flip_reject
1029930,SYSADM.PS_EOCM_GEN_TMP,PS_EOCM_GEN_TMP,CURRENCY_CD | EFFDT | EFF_STATUS | EOCM_CONVERSION_RT | EOCM_CRM_CAT_NBR | EOCM_CRM_ORDERABLE | EOCM_CRM_SERVICE | EOCM_DISCONTINU_DT | EOCM_ELM_CEU | EOCM_ELM_KEYWORDS | EOCM_ELM_NOTES | EOCM_EPRO_DESCR | EOCM_EPRO_FILENAME | EOCM_FILEEXTENSION | EOCM_FILEPATH | EOCM_ITMVPRIORITY | EOCM_LEAD_TIME | EOCM_LEARN_OBJ_ID | EOCM_MFG_ID | EOCM_MFG_PART_NUM | EOCM_MIN_QTY | EOCM_MODEL_NBR | EOCM_OFFER_ID | EOCM_OFFER_NM | EOCM_OFFER_STATE | EOCM_OFFER_STATUS | EOCM_PROD_BRAND | EOCM_PROD_KIT_FLAG | EOCM_PROP_NAME_1 | EOCM_PROP_NAME_2 | EOCM_PROP_NAME_3 | EOCM_PROP_NAME_4 | EOCM_PROP_NAME_5 | EOCM_PROP_VAL_1 | EOCM_PROP_VAL_2 | EOCM_PROP_VAL_3 | EOCM_PROP_VAL_4 | EOCM_PROP_VAL_5 | EOCM_REQUISITE_ID | EOCM_ROW_ID | EOCM_SUP_CAT_CD | EOCM_SUP_CAT_NM | EOCM_SUP_OFFER_D | EOCM_SUP_OFFER_NM | EOCM_SUP_OFFER_PR | EOCM_SUP_OFFER_SKU | EOCM_SUP_OFFER_UOM | EOCM_VNDR_PART_EXT | EOCM_VNDR_PART_NUM | LASTUPDDTTM | LASTUPDOPRID | MESSAGE_NBR | PROCESS_INSTANCE | URL,Achats & Fournisseurs,0.5,"['Achats & Fournisseurs', 'IT & Sécurité']",coin_flip_reject
1029969,SYSADM.PS_EOCM_LEGEND,PS_EOCM_LEGEND,DESCR | EOCM_ID_SEQ_ITEM | IMAGE_NAME | MESSAGE_NBR | MESSAGE_SET_NBR | PAGE_NAME,IT & Sécurité,0.5,"['Other', 'IT & Sécurité']",coin_flip_reject
1030039,SYSADM.PS_EOCM_S_OFF_TBL,PS_EOCM_S_OFF_TBL,EFFDT | EFF_STATUS | EOCM_ACCESS_ID | EOCM_CATALOG_ID | EOCM_CONVERSION_RT | EOCM_CRM_CAT_NBR | EOCM_CRM_ORDERABLE | EOCM_CRM_SERVICE | EOCM_DISCONTINU_DT | EOCM_ELM_CEU | EOCM_ELM_KEYWORDS | EOCM_ELM_NOTES | EOCM_EPRO_DESCR | EOCM_EPRO_FILENAME | EOCM_FILEEXTENSION | EOCM_FILEPATH | EOCM_ITMVPRIORITY | EOCM_LEAD_TIME | EOCM_LEARN_OBJ_ID | EOCM_MFG_ID | EOCM_MFG_PART_NUM | EOCM_MIN_QTY | EOCM_MODEL_NBR | EOCM_OFFER_ID | EOCM_OFFER_STATE | EOCM_PROD_BRAND | EOCM_PROD_KIT_FLAG | EOCM_PROP_NAME_1 | EOCM_PROP_NAME_2 | EOCM_PROP_NAME_3 | EOCM_PROP_NAME_4 | EOCM_PROP_NAME_5 | EOCM_PROP_VAL_1 | EOCM_PROP_VAL_2 | EOCM_PROP_VAL_3 | EOCM_PROP_VAL_4 | EOCM_PROP_VAL_5 | EOCM_REQUISITE_ID | EOCM_SUP_CAT_CD | EOCM_SUP_CAT_NM | EOCM_SUP_OFFER_D | EOCM_SUP_OFFER_NM | EOCM_SUP_OFFER_SKU | EOCM_VNDR_PART_EXT | EOCM_VNDR_PART_NUM | LASTUPDDTTM | LASTUPDOPRID | SETID | URL,Achats & Fournisseurs,0.5,"['Achats & Fournisseurs', 'Other']",coin_flip_reject
1030040,SYSADM.PS_EOCM_S_OFF_TMP,PS_EOCM_S_OFF_TMP,EFFDT | EFF_STATUS | EOCM_ACCESS_ID | EOCM_CATALOG_ID | EOCM_CONVERSION_RT | EOCM_CRM_CAT_NBR | EOCM_CRM_ORDERABLE | EOCM_CRM_SERVICE | EOCM_DISCONTINU_DT | EOCM_ELM_CEU | EOCM_ELM_KEYWORDS | EOCM_ELM_NOTES | EOCM_EPRO_DESCR | EOCM_EPRO_FILENAME | EOCM_FILEEXTENSION | EOCM_FILEPATH | EOCM_ITMVPRIORITY | EOCM_LEAD_TIME | EOCM_LEARN_OBJ_ID | EOCM_MFG_ID | EOCM_MFG_PART_NUM | EOCM_MIN_QTY | EOCM_MODEL_NBR | EOCM_OFFER_ID | EOCM_OFFER_STATE | EOCM_PROD_BRAND | EOCM_PROD_KIT_FLAG | EOCM_PROP_NAME_1 | EOCM_PROP_NAME_2 | EOCM_PROP_NAME_3 | EOCM_PROP_NAME_4 | EOCM_PROP_NAME_5 | EOCM_PROP_VAL_1 | EOCM_PROP_VAL_2 | EOCM_PROP_VAL_3 | EOCM_PROP_VAL_4 | EOCM_PROP_VAL_5 | EOCM_REQUISITE_ID | EOCM_SUP_CAT_CD | EOCM_SUP_CAT_NM | EOCM_SUP_OFFER_D | EOCM_SUP_OFFER_NM | EOCM_SUP_OFFER_SKU | EOCM_VNDR_PART_EXT | EOCM_VNDR_PART_NUM | LASTUPDDTTM | LASTUPDOPRID | SETID | URL,Achats & Fournisseurs,0.5,"['Achats & Fournisseurs', 'RH']",coin_flip_reject
1030067,SYSADM.PS_EOCM_SUBS_TMP,PS_EOCM_SUBS_TMP,CURRENCY_CD | EFFDT | EFF_STATUS | EOCM_ACCESS_ID | EOCM_CATALOG_ID | EOCM_CONVERSION_RT | EOCM_CRM_CAT_NBR | EOCM_CRM_ORDERABLE | EOCM_CRM_SERVICE | EOCM_DISCONTINU_DT | EOCM_ELM_CEU | EOCM_ELM_KEYWORDS | EOCM_ELM_NOTES | EOCM_EPRO_DESCR | EOCM_EPRO_FILENAME | EOCM_FILEEXTENSION | EOCM_FILEPATH | EOCM_ITMVPRIORITY | EOCM_LEAD_TIME | EOCM_LEARN_OBJ_ID | EOCM_MFG_ID | EOCM_MFG_PART_NUM | EOCM_MIN_QTY | EOCM_MODEL_NBR | EOCM_OFFER_ID | EOCM_OFFER_NM | EOCM_OFFER_NM_UP | EOCM_OFFER_STATE | EOCM_OFFER_STATUS | EOCM_PROD_BRAND | EOCM_PROD_KIT_FLAG | EOCM_PROP_NAME_1 | EOCM_PROP_NAME_2 | EOCM_PROP_NAME_3 | EOCM_PROP_NAME_4 | EOCM_PROP_NAME_5 | EOCM_PROP_VAL_1 | EOCM_PROP_VAL_2 | EOCM_PROP_VAL_3 | EOCM_PROP_VAL_4 | EOCM_PROP_VAL_5 | EOCM_REQUISITE_ID | EOCM_ROW_ID | EOCM_SUP_CAT_CD | EOCM_SUP_CAT_NM | EOCM_SUP_CAT_NM_UP | EOCM_SUP_OFFER_D | EOCM_SUP_OFFER_NM | EOCM_SUPOFFERNM_UP | EOCM_SUP_OFFER_PR | EOCM_SUP_OFFER_SKU | EOCM_SUP_OFFER_UOM | EOCM_TP_VER_ID | EOCM_VNDR_PART_EXT | EOCM_VNDR_PART_NUM | LASTUPDDTTM | LASTUPDOPRID | MESSAGE_NBR | PROCESS_INSTANCE | SETID | URL,Achats & Fournisseurs,0.5,"['Achats & Fournisseurs', 'IT & Sécurité']",coin_flip_reject
1030116,SYSADM.PS_EOCM_TMP0000202,PS_EOCM_TMP0000202,EOCM_ACCESS_ID | EOCM_FLD_CH1_2 | EOCM_FLD_CH1_25 | EOCM_FLD_CH1_5 | EOCM_FLD_CH1_9 | EOCM_FLD_CH2_5 | EOCM_FLD_DA1_10_D0 | EOCM_FLD_NU1_1_D0 | EOCM_FLD_NU1_7_D2 | EOCM_FLD_NU1_8_D0 | EOCM_IMPORT_FLAG | SEQNUM | SETID,IT & Sécurité,0.5,"['IT & Sécurité', 'Other']",coin_flip_reject
1030186,SYSADM.PS_EODI_DYN_FIELDS,PS_EODI_DYN_FIELDS,CONTNAME | DECIMALPOS | EDITTABLE | EODI_BACKGROUND | EODI_COLLAPSED | EODI_DATE | EODI_DATETIME | EODI_DISPLAY_ONLY | EODI_DYN_BTN_ACTN | EODI_DYN_EVENT_FC | EODI_DYN_HEIGHT | EODI_DYN_ID | EODI_DYN_LBLTEXT | EODI_DYN_LBLTYPE | EODI_DYN_LBL_WIDTH | EODI_DYN_POS_COL | EODI_DYN_POS_ROW | EODI_DYN_POSX | EODI_DYN_POSY | EODI_DYN_PRMPTEDIT | EODI_DYN_WIDTH | EODI_FIELD_MASK | EODI_FIELD_TYPE | EODI_FOREGROUND | EODI_LBLBACKGROUND | EODI_LBLFOREGROUND | EODI_PAD_LEFT | EODI_PAD_RIGHT | EODI_TAG | EODI_TEXT | EODI_TIME | EODI_VISIBLE | EODI_XFR_PROC_ID | FIELDNAME | LABEL_ID | LENGTH | MESSAGE_NBR | MESSAGE_SET_NBR | SEQNBR,IT & Sécurité,0.5,"['Other', 'IT & Sécurité']",coin_flip_reject
1030198,SYSADM.PS_EODI_REQUEST,PS_EODI_REQUEST,EMAILID | EODI_LAST_REP_DTTM | EODI_PROCESS_ID | EODI_TRANS_ID,IT & Sécurité,0.5,"['Other', 'IT & Sécurité']",coin_flip_reject
1030262,SYSADM.PS_EODP_PIVOT_DTL,PS_EODP_PIVOT_DTL,EODP_QUERYNAME | FIELDNAME | PTPG_DSVALUE | PTPG_PGRIDNAME | RECNAME,IT & Sécurité,0.5,"['Other', 'IT & Sécurité']",coin_flip_reject
1030282,SYSADM.PS_EODP_RECFIELD,PS_EODP_RECFIELD,CREATEDTTM | CREATEOPRID | DATA_TYPE_CD | EODP_CLFNCD | EODP_COMMENT | EODP_CTGRY_CD | EODP_PERS_IDFR | EODP_SNSTV | EODP_SYS_FLG | FIELDNAME | LASTUPDDTTM | LASTUPDOPRID | RECNAME,IT & Sécurité,0.5,"['IT & Sécurité', 'Other']",coin_flip_reject
1030293,SYSADM.PS_EODP_SQR_STG,PS_EODP_SQR_STG,EODP_SQR_NAME | FIELDNAME | RECNAME,IT & Sécurité,0.5,"['Other', 'IT & Sécurité']",coin_flip_reject
1030301,SYSADM.PS_EODP_SRCH_STG,PS_EODP_SRCH_STG,EODP_ISCOMSRCH | FIELDNAME | LASTUPDDTTM | LASTUPDOPRID | PTSF_ISGBLSRCH | PTSF_SBO_NAME | PTSF_SOURCE_NAME | PTSF_SOURCE_TYPE | PTSF_SRCCAT_NAME | RECNAME,IT & Sécurité,0.5,"['Other', 'IT & Sécurité']",coin_flip_reject
1030304,SYSADM.PS_EO_DSATTMAP_LNG,PS_EO_DSATTMAP_LNG,CONSTVAL | DSATTRIBUTE | DSMAPNAME | FIELDNAME | LANGUAGE_CD | RECNAME | SEQNO,IT & Sécurité,0.5,"['IT & Sécurité', 'Other']",coin_flip_reject
1030333,SYSADM.PS_EO_DSRQATTMPLNG,PS_EO_DSRQATTMPLNG,CONSTVAL | DSATTRIBUTE | DSATTRSEQNO | DSMAPNAME | LANGUAGE_CD | SEQNO,IT & Sécurité,0.5,"['IT & Sécurité', 'Other']",coin_flip_reject
1030399,SYSADM.PS_EOEC_MOD_COMP,PS_EOEC_MOD_COMP,EOEC_PSFT_MODULE | MARKET | PNLGRPNAME,Finance & Contrôle,0.5,"['Finance & Contrôle', 'Other']",coin_flip_reject
1030430,SYSADM.PS_EO_EIP_STG_TAO2,PS_EO_EIP_STG_TAO2,EIP_CTL_ID | EIP_DTA_STATUS | EIP_PROGRAM | LASTUPDDTTM,IT & Sécurité,0.5,"['Other', 'IT & Sécurité']",coin_flip_reject
1030500,SYSADM.PS_EOEP_ARB_SEQ,PS_EOEP_ARB_SEQ,EFF_STATUS | END_DT | EOEP_ADJST_CNT | EOEP_APP_CD | EOEP_ARB_ID | EOEP_ARB_TYPE | EOEP_ARB_VALUE | EOEP_STOP_FLG | SEQ_NUM | SETID | START_DT | TREE_LEVEL_NUM,IT & Sécurité,0.5,"['IT & Sécurité', 'Other']",coin_flip_reject
1030625,SYSADM.PS_EOEP_LMAX_TAO,PS_EOEP_LMAX_TAO,BREAK_QTY_HIGH | BREAK_QTY_LOW | CURRENCY_CD | EFFDT | PRICE_LIST_ID | PROCESS_INSTANCE | PRODUCT_ID | SETID | UNIT_OF_MEASURE,Finance & Contrôle,0.5,"['Finance & Contrôle', 'Supply Chain / Logistique / Production']",coin_flip_reject
1030646,SYSADM.PS_EOEP_PLDK_TAO,PS_EOEP_PLDK_TAO,AUDIT_ACTN | BREAK_QTY_HIGH | BREAK_QTY_LOW | CURRENCY_CD | EIP_CTL_ID | EIP_DTA_STATUS | FULL_SYNC_FLG | LASTUPDDTTM | PRICE_LIST_ID | PROCESS_FLAG | PROCESS_INSTANCE | PROCESS_INSTANCE2 | PRODUCT_ID | PW_FREQUENCY | RECURRING_FLG | REPLACE_FLG | SETID | SOURCE | START_DT | TEMPORARY_FLG | UNIT_OF_MEASURE,Finance & Contrôle,0.5,"['Finance & Contrôle', 'IT & Sécurité']",coin_flip_reject
1030659,SYSADM.PS_EOEP_PLHDR_INT,PS_EOEP_PLHDR_INT,AUDIT_ACTN | CURRENCY_CD | DESCR | EFF_STATUS | EOEP_SOURCE | IN_PROCESS_FLG | LANGUAGE_CD | LASTUPDDTTM | PRICE_LIST_ID | PROCESS_INSTANCE | PROCESS_OPTION | REPLACE_FLG | SETID,Finance & Contrôle,0.5,"['IT & Sécurité', 'Finance & Contrôle']",coin_flip_reject
1030699,SYSADM.PS_EOEP_RDST_EC,PS_EOEP_RDST_EC,AUDIT_ACTN | BUSINESS_UNIT | DST_ID_DIS | DST_ID_REV | DST_ID_SUR | DST_PCT_DIS | DST_PCT_REV | DST_PCT_SUR | EIP_CTL_ID | EIP_DTA_STATUS | EOEP_ADJUST_TYPE | EOEP_RULE_ID | LASTUPDDTTM | PROCESS_INSTANCE | SETID,Finance & Contrôle,0.5,"['Finance & Contrôle', 'IT & Sécurité']",coin_flip_reject
1030874,SYSADM.PS_EOIU_UPGRD_FLDS,PS_EOIU_UPGRD_FLDS,EOIU_FIELD_NAME | EOIU_FLD_ALIAS | EOIU_PUBRULE_ID | EOIU_RECNAME,IT & Sécurité,0.5,"['Other', 'IT & Sécurité']",coin_flip_reject
1030885,SYSADM.PS_EO_OMKCP2_TAO,PS_EO_OMKCP2_TAO,BUSINESS_UNIT_IN | CURRENCY_CD | DATE_IN_EFFECT | EFFDT | PROCESS_INSTANCE | PROD_COMPONENT_ID | PRODUCT_ID | SETID | TO_CURRENCY_CD | TOT_QTY | UNIT_OF_MEASURE,Supply Chain / Logistique / Production,0.5,"['IT & Sécurité', 'Supply Chain / Logistique / Production']",coin_flip_reject
1030917,SYSADM.PS_EOPCFIELD_STYLE,PS_EOPCFIELD_STYLE,EOPCDTTM_ADDED | EOPCFIELD_ID | EOPCFIELD_STL_ID | EOPCFORMAT_ID | EOPCLASTOPRID | EOPCLASTUPDDTTM | EOPCMAIN_ID | EOPCOPRID_ADDED | EOPCSTYLECLASS | EOPCSTYLECLASS_LBL | EOPCSTYLEHTML,IT & Sécurité,0.5,"['Other', 'IT & Sécurité']",coin_flip_reject
1030920,SYSADM.PS_EOPC_FORMAT,PS_EOPC_FORMAT,EOPCALT_LABEL | EOPCBIND_IDX | EOPCDTTM_ADDED | EOPCFORMAT_ID | EOPC_ISROWHEADER | EOPCLASTOPRID | EOPCLASTUPDDTTM | EOPCMAIN_ID | EOPCOBJECT_ID | EOPCOPRID_ADDED | HTMLDISPLAY | P_EOPCFORMAT_ID,IT & Sécurité,0.5,"['Other', 'IT & Sécurité']",coin_flip_reject
1030991,SYSADM.PS_EOQF_ANS_TBL,PS_EOQF_ANS_TBL,EOQF_ANS_ID | EOQF_ANSWER_TXT | EOQF_CATEGORY | EOQF_INPOOL | EOQF_ROW_ADD_DTTM | EOQF_ROW_ADD_OPRID | EOQF_ROW_UPD_DTTM | EOQF_ROW_UPD_OPRID | EOQF_STATUS | EOQF_SYSTEM_DATA,IT & Sécurité,0.5,"['Other', 'IT & Sécurité']",coin_flip_reject
1031073,SYSADM.PS_EOTL_TB_DEFN,PS_EOTL_TB_DEFN,DESCR | DESCRLONG | EOCF_CREATEDTTM | EOCF_CREATEOPRID | EOCF_LASTUPDDTTM | EOCF_LASTUPDOPRID | EOTL_BTN_DISPLAY | EOTL_COL1_WIDTH | EOTL_COL2_WIDTH | EOTL_DATE_TIME_FLG | EOTL_MARQ_SCRL_FLG | EOTL_MARQUEE_FLG | EOTL_PG_TITLE_FLG | EOTL_PRSNLZ_FLG | EOTL_PT_BTN_FLG | EOTL_PT_LINK_FLG | EOTL_SMRY_COLUMNS | EOTL_SMRY_LYT_TYP | EOTL_SMRY_WDTH_TYP | EOTL_SYSD_FLG | EOTL_TB_FTR_FLG | EOTL_TB_PG_TITLE | EOTL_TB_WIDTH | EOTL_TB_WIDTH_CP | EOTL_TIME_ZONE_FLG | EOTL_TOOLBAR_ID | EOTL_TRAIL_SPACE | EOTL_UID20,IT & Sécurité,0.5,"['IT & Sécurité', 'Other']",coin_flip_reject
1031074,SYSADM.PS_EOTL_TB_DEFNLNG,PS_EOTL_TB_DEFNLNG,DESCR | DESCRLONG | EOTL_TB_PG_TITLE | EOTL_TOOLBAR_ID | LANGUAGE_CD,Other,0.5,"['Other', 'IT & Sécurité']",coin_flip_reject
1031077,SYSADM.PS_EOTL_TB_FFLD,PS_EOTL_TB_FFLD,EOCF_CREATEDTTM | EOCF_CREATEOPRID | EOCF_LASTUPDDTTM | EOCF_LASTUPDOPRID | EOTL_SYSD_FLG | EOTL_TOOLBAR_ID | FIELDNAME | MARKET | PNLGRPNAME | PNLNAME | RECNAME,IT & Sécurité,0.5,"['Other', 'IT & Sécurité']",coin_flip_reject
1031127,SYSADM.PS_EOTR_OWN_RECUR,PS_EOTR_OWN_RECUR,OBJECTOWNERID | RECURNAME,IT & Sécurité,0.5,"['IT & Sécurité', 'Other']",coin_flip_reject
1031158,SYSADM.PS_EP_GROUP_IN,PS_EP_GROUP_IN,BUSINESS_UNIT_IN | EP_GROUP_CODE | MASTER_IN_EP | PL_SUB_OPTIONS,Other,0.5,"['Other', 'IT & Sécurité']",coin_flip_reject
1031167,SYSADM.PS_EQTZ_OFF_DR_TBL,PS_EQTZ_OFF_DR_TBL,CF_SETID | CF_VALUE_OPTION | CHARTFIELD_VALUE | DR_RT_TYPE | EFFDT | EQUITIZATION_RULE | FIELDNAME | SETID,Finance & Contrôle,0.5,"['Other', 'Finance & Contrôle']",coin_flip_reject
1031223,SYSADM.PS_ESTAB_TBL,PS_ESTAB_TBL,ACCOUNT_EC_ID | ADDRESS1 | ADDRESS1_AC | ADDRESS2 | ADDRESS2_AC | ADDRESS3 | ADDRESS3_AC | ADDRESS4 | ADDR_FIELD1 | ADDR_FIELD2 | ADDR_FIELD3 | ANNUAL_REPORT_FRA | APE_INDSTRY_CD_FRA | ASSEDIC_NM_FRA | BANK_CD | BASE_SCHEME_FRA | BRANCH_EC_CD | BUILDING_MEX | BUS_ACTIVITY_LINE1 | BUS_ACTIVITY_LINE2 | BUS_ACTIVITY_LINE3 | BUS_ACTIVITY_LINE4 | CHECK_DIGIT | CITY | CITY_AC | CLOSE_DT_FRA | COMPANY | COUNTRY | COUNTY | CRAM_ID | CTL_ESTABID | DESCR | DESCR_AC | DESCRSHORT | DUN_BRADSTREET_NBR | EEO_CO_AFFILIATED | EEO_GOV_CONTRACTOR | EEO_MIN_100 | EEO_RPT_PREV_YR | EEO_UNIT_NBR | EFFDT | EFF_STATUS | EMPLOY_APPR | ESTAB_ACTIVITY_FRA | ESTAB_CONTACT_ID | ESTABID | FONGECIF_CD_FRA | GEO_CODE | GPFR_DA_CLS_DT | GUIDE_NBR_MEX | HOUSE_TYPE | HQUNIT | IMS_RISK_FCT_MEX | IMS_SECTOR_MEX | IMS_SUBZONE_MEX | IMS_ZONE_MEX | IN_CITY_LIMIT | INSUR_COMP_CD_ESP | LABOR_AGREEMENT | LIABILITY_TAX_FRA | MEDICAL_ORG_FRA_CD | NAICS | NIC_CODE_FRA | NUM1 | NUM2 | POSTAL | REG_REGION | SAME_BUSINESS | SAME_LOCATION | SIC | SIREN_CD_FRA | STATE | TDS_DECLARED | TDS_ESTABID | TRANSPORT_RT | URSSAF_CD_FRA | URSSAF_NM_FRA | VETS_100_UNIT_NBR | WAGE_ZONE_MEX,RH,0.5,"['RH', 'Other']",coin_flip_reject
1031473,SYSADM.PS_EX_ADV_SRC_TBL,PS_EX_ADV_SRC_TBL,ACCOUNT | ADDRESS_SEQ_NUM | ADVANCE_SOURCE | AFFILIATE | AFFILIATE_INTRA1 | AFFILIATE_INTRA2 | ALTACCT | BUDGET_REF | CHARTFIELD1 | CHARTFIELD2 | CHARTFIELD3 | CLASS_FLD | DEFAULT_CC | DEFAULT_FLAG | DEPTID | DESCR | DESCRSHORT | EFFDT | EFF_STATUS | EXPEND_MTHD_EDIT | FUND_CODE | GENERATE_PYMNT | GROSSUP | OPERATING_UNIT | PRODUCT | PROGRAM_CODE | PROJECT_ID | SETID | VENDOR_ID | VENDOR_SETID | VNDR_LOC,Finance & Contrôle,0.5,"['Finance & Contrôle', 'Achats & Fournisseurs']",coin_flip_reject
1031685,SYSADM.PS_EX_AMX_GE_TA0,PS_EX_AMX_GE_TA0,BUSINESS_UNIT_GL | CRDMEM_ACCT_NBR | EMPLID | PROCESS_INSTANCE | SETID,Finance & Contrôle,0.5,"['IT & Sécurité', 'Finance & Contrôle']",coin_flip_reject
1031758,SYSADM.PS_EX_APPRVR_TYPE,PS_EX_APPRVR_TYPE,APPROVER_CATEGORY | APPRVR_TYPE | DESCR | DESCR254 | ROUTING_CHARTFIELD | SETID,IT & Sécurité,0.5,"['IT & Sécurité', 'Achats & Fournisseurs']",coin_flip_reject
1031830,SYSADM.PS_EX_BNCHMRK4_AET,PS_EX_BNCHMRK4_AET,CURRENCY_CD | EFFDT | EFF_STATUS | EXPENSE_TYPE | PROCESS_INSTANCE | SETID,Finance & Contrôle,0.5,"['Finance & Contrôle', 'IT & Sécurité']",coin_flip_reject
1032582,SYSADM.PS_EX_ENHC_SUMM,PS_EX_ENHC_SUMM,AIRFARE_RCPT_NBR | AIR_TAX_EX | AUDIO_TOTAL_EX | AUTO_TOWING_EX | BANQUET_ROOM_EX | BAR_EX | BUSCENTER_TOTAL_EX | CAR_DAILY_RATE_EX | CAR_PHONE_TOT_EX | CAR_TAX_EX | CAR_WEEKLY_RATE_EX | CASH_DISPURSE_EX | CLASS_CODE_EX | CONFR_ROOM_EX | CURRENCY_CD | DATA_SOURCE_EX | DEPART_DATE_EX | DRY_CLEAN_EX | EARLY_DEPART_EX | EMPLID | ENHC_NAME_EX | ETICKET_IND_EX | EXCHG_FARE_EX | EXCHG_TCKT_NBR_EX | EX_ENHC_DATE | EX_ENHC_DAYS | EX_ENHC_TYPE_NBR | EX_ENHNC_DATA | EXTRA_MILE_EX | FOLIOADV_TOTAL_EX | FOOD_TOTAL_EX | FUEL_TOTAL_EX | GIFTSHOP_TOTAL_EX | GRATUITY_TOTAL_EX | HLTHCLUB_TOTAL_EX | INSURANCE_TOTAL_EX | INTERNET_IND_EX | INTERNET_TOTAL_EX | LATE_RETURN_EX | LAUNDRY_TOTAL_EX | LOUNGE_TOTAL_EX | MINIBAR_TOTAL_EX | MOVIE_TOTAL_EX | NONRM_TOTAL_EX | ONEWAY_DROPOFF_EX | OTHER_SRV2_EX | OTHER_SRV3_EX | OTHER_SRV4_EX | OTHER_SRV5_EX | OTHER_SRV6_EX | OTHER_TOTAL_EX | PHONE_TOTAL_EX | PREPD_TOTAL_EX | REG_MILE_EX | RESTRT_TOTAL_EX | RETURN_LOC_EX | ROOM_RATE_EX | ROOM_SRVC_EX | ROOM_TAX_EX | SEQ_NBR | TICKET_IND_EX | TOTAL_FARE_EX | TOTAL_FEE_EX | TRANS_NBR | TRANSPORTATION_EX | TRAY_CHARGE_EX | VALET_TOTAL_EX,Finance & Contrôle,0.5,"['Finance & Contrôle', 'RH']",coin_flip_reject
1032583,SYSADM.PS_EX_ENHC_SUMM_H,PS_EX_ENHC_SUMM_H,AIRFARE_RCPT_NBR | AIR_TAX_EX | AUDIO_TOTAL_EX | AUTO_TOWING_EX | BANQUET_ROOM_EX | BAR_EX | BUSCENTER_TOTAL_EX | CAR_DAILY_RATE_EX | CAR_PHONE_TOT_EX | CAR_TAX_EX | CAR_WEEKLY_RATE_EX | CASH_DISPURSE_EX | CLASS_CODE_EX | CONFR_ROOM_EX | CURRENCY_CD | DATA_SOURCE_EX | DEPART_DATE_EX | DRY_CLEAN_EX | EARLY_DEPART_EX | EMPLID | ENHC_NAME_EX | ETICKET_IND_EX | EXCHG_FARE_EX | EXCHG_TCKT_NBR_EX | EX_ENHC_DATE | EX_ENHC_DAYS | EX_ENHC_TYPE_NBR | EX_ENHNC_DATA | EXTRA_MILE_EX | FOLIOADV_TOTAL_EX | FOOD_TOTAL_EX | FUEL_TOTAL_EX | GIFTSHOP_TOTAL_EX | GRATUITY_TOTAL_EX | HLTHCLUB_TOTAL_EX | INSURANCE_TOTAL_EX | INTERNET_IND_EX | INTERNET_TOTAL_EX | LATE_RETURN_EX | LAUNDRY_TOTAL_EX | LOUNGE_TOTAL_EX | MINIBAR_TOTAL_EX | MOVIE_TOTAL_EX | NONRM_TOTAL_EX | ONEWAY_DROPOFF_EX | OTHER_SRV2_EX | OTHER_SRV3_EX | OTHER_SRV4_EX | OTHER_SRV5_EX | OTHER_SRV6_EX | OTHER_TOTAL_EX | PHONE_TOTAL_EX | PREPD_TOTAL_EX | PSARCH_BATCHNUM | PSARCH_ID | REG_MILE_EX | RESTRT_TOTAL_EX | RETURN_LOC_EX | ROOM_RATE_EX | ROOM_SRVC_EX | ROOM_TAX_EX | SEQ_NBR | TICKET_IND_EX | TOTAL_FARE_EX | TOTAL_FEE_EX | TRANS_NBR | TRANSPORTATION_EX | TRAY_CHARGE_EX | VALET_TOTAL_EX,Finance & Contrôle,0.5,"['Finance & Contrôle', 'RH']",coin_flip_reject
1032587,SYSADM.PS_EX_ERNSYNC_AET,PS_EX_ERNSYNC_AET,AUDIT_ACTN | DESCR | DESCRSHORT | EFFDT | EFF_STATUS | ERNCD | PROCESS_INSTANCE,RH,0.5,"['RH', 'IT & Sécurité']",coin_flip_reject
1032799,SYSADM.PS_EX_LIBRARY_AET,PS_EX_LIBRARY_AET,BANK_ACCT_KEY | BANK_CD | BANK_SETID | CF_INHERIT_GRP | EX_CF_INH_OBJ | GROSSUP | INSERT_BU_EQ | INSERT_BU_NEQ | IU_ANCHOR_FLG | IU_SYS_TRAN_CD | IU_TRAN_CD | PROCESS_INSTANCE | RECNAME | RECORDNAME | SETID | SETID_SELECT_SQL | SKIP_VAT_PROC_FLG,Finance & Contrôle,0.5,"['Finance & Contrôle', 'IT & Sécurité']",coin_flip_reject
1032806,SYSADM.PS_EX_LOC_AMT_TAO,PS_EX_LOC_AMT_TAO,CURRENCY_CD | EFFDT | EFF_STATUS | EXPENSE_TYPE | PROCESS_INSTANCE | SETID,Finance & Contrôle,0.5,"['IT & Sécurité', 'Finance & Contrôle']",coin_flip_reject
1032949,SYSADM.PS_EX_MC3_54_TA1,PS_EX_MC3_54_TA1,AUTO_TOWING_EX | CAR_DAILY_RATE_EX | CAR_PHONE_TOT_EX | CAR_WEEKLY_RATE_EX | CHECKOUT_DT | CLASS_CODE_EX | CRDMEM_ACCT_NBR | CURR_CD_CAR | ENHC_NAME_EX | EX_ENHC_DAYS | EXTRA_MILE_EX | FUEL_TOTAL_EX | INSURANCE_TOTAL_EX | LATE_RETURN_EX | MC_ACCT_NUM | MC_PROCESS_TRANSID | MC_RENTALAGREEMENT | MC_TRANS_DT | ONEWAY_DROPOFF_EX | PROCESS_INSTANCE | REG_MILE_EX | RETURN_LOC_EX | SEQ_NBR | TRANS_NBR,Finance & Contrôle,0.5,"['Other', 'Finance & Contrôle']",coin_flip_reject
1033075,SYSADM.PS_EX_MC3_MN_TA3,PS_EX_MC3_MN_TA3,CRDMEM_ACCT_NBR | CURRENCY_CD | EMPLID | EX_COMP_FLAG | INV_BUS_UNIT | INV_CUR_CD | INV_EXP_DT | MC_ACCT_NUM | MC_ACCT_OPEN_DT | MC_CRDHLD_NAME | MC_CREDIT_LIMIT | MC_EFF_DT | MC_EMPLID | MC_EXPIRE_DT | MC_PROCESS_DT | MC_TRANS_LIMIT | PROCESS_INSTANCE | PROFILE_EXISTS,Finance & Contrôle,0.5,"['Finance & Contrôle', 'RH']",coin_flip_reject
1033199,SYSADM.PS_EX_MERCHANT_TBL,PS_EX_MERCHANT_TBL,DESCR | DESCRSHORT | EFFDT | EFF_STATUS | MERCHANT_CD | MERCHANT_REG_NUM | SETID,Other,0.5,"['Other', 'Ventes & Clients']",coin_flip_reject
1033324,SYSADM.PS_EXPLODE_PRJ_RES,PS_EXPLODE_PRJ_RES,NEW_VAL_TO_SEQ | OLD_VAL_TO_SEQ | RESOURCE_ID,IT & Sécurité,0.5,"['IT & Sécurité', 'Other']",coin_flip_reject
1033432,SYSADM.PS_EX_RESADJ_TAO,PS_EX_RESADJ_TAO,ACTIVITY_ID | AFFILIATE | AFFILIATE_INTRA1 | AFFILIATE_INTRA2 | ANALYSIS_TYPE | BI_DISTRIB_STATUS | BUDGET_REF | BUSINESS_UNIT_GL | BUSINESS_UNIT_PC | CHARTFIELD1 | CHARTFIELD2 | CHARTFIELD3 | CLASS_FLD | DATE_UNDER_RPT | DEPTID | DESCR60 | EMPLID | EMPL_RCD | FUND_CODE | JOBCODE | OPERATING_UNIT | PC_DISTRIB_STATUS | PROCESS_INSTANCE | PRODUCT | PROGRAM_CODE | PROJECT_ID | RESOURCE_CATEGORY | RESOURCE_SUB_CAT | RESOURCE_TYPE | TIME_QUANTITY | TIME_SHEET_ID | TRC | UNIT_OF_MEASURE,RH,0.5,"['RH', 'Finance & Contrôle']",coin_flip_reject
1033479,SYSADM.PS_EXS_GST2_AET,PS_EXS_GST2_AET,EXD_TAX_ITEM_TYPE | EXS_ITM_PROD_ID | EXS_ITM_PROD_SETID | HSN_CODE | PROCESS_INSTANCE | SAC_CODE,Finance & Contrôle,0.5,"['Finance & Contrôle', 'IT & Sécurité']",coin_flip_reject
1033494,SYSADM.PS_EXS_GST3_TAO,PS_EXS_GST3_TAO,BUSINESS_UNIT | COUNTRY_SHIP_FROM | EXS_ITM_PROD_ID | EXS_ITM_PROD_SETID | EXS_TPRTNR_ID | EXS_TPRTNR_SETID | INVOICE | LINE_SEQ_NUM | PROCESS_INSTANCE | REVERSE_CHARGE_GST,Supply Chain / Logistique / Production,0.5,"['Supply Chain / Logistique / Production', 'IT & Sécurité']",coin_flip_reject
1033556,SYSADM.PS_EX_SHEET_ATT,PS_EX_SHEET_ATT,ATTENDEE_COMPANY | LINE_NBR | NAME | SEQ_NUM | SHEET_ID | TITLE,RH,0.5,"['Other', 'RH']",coin_flip_reject
1033557,SYSADM.PS_EX_SHEET_ATT_H,PS_EX_SHEET_ATT_H,ATTENDEE_COMPANY | LINE_NBR | NAME | PSARCH_BATCHNUM | PSARCH_ID | SEQ_NUM | SHEET_ID | TITLE,RH,0.5,"['Other', 'RH']",coin_flip_reject
1033563,SYSADM.PS_EX_SHEET_DOCSEQ,PS_EX_SHEET_DOCSEQ,APPL_JRNL_ID | DOC_SEQ_DATE | DOC_SEQ_NBR | DOC_TYPE | SHEET_ID | UNPOST_SEQ,Finance & Contrôle,0.5,"['Other', 'Finance & Contrôle']",coin_flip_reject
1033565,SYSADM.PS_EX_SHEET_HDR,PS_EX_SHEET_HDR,ACCOUNTING_DT | ACTION_NAME | ADVANCE_AMT | ADVANCE_ID | APPL_JRNL_ID | APPROVAL_DT | APPROVAL_LEVEL | APPR_PROCESS_FLAG | ASSOC_FLG | AUDIT_DT | AUDIT_OPRID | BUDGET_HDR_STATUS | BUSINESS_PURPOSE | BUSINESS_UNIT_GL | BU_VAT_ENABLED | CC_FEED_FLG | COMMENTS | COPY_EXPENSE_SHEET | COUNTRY | CREATION_DT | CREDIT_ADV | CURRENCY_CD | DATE_TIME_HM | DEPTID | DOC_SEQ_DATE | DOC_SEQ_NBR | DOC_TYPE | DST_CNTRL_ID | DUPLICATES_EXIST | EMPLID | EMPL_RCD | EX_ORIGIN | KK_AMOUNT_TYPE | KK_TRAN_OVER_DTTM | KK_TRAN_OVER_FLAG | KK_TRAN_OVER_OPRID | LASTUPDDTTM | MULT_PER_DIEM | NO_RECEIPT_FLG | OLDER_TRANSACTION | OPRID_ENTERED_BY | OPRID_LAST_ACTION | OPRID_LAST_UPDT | OUT_OF_POLICY | POST_MAX_LIMIT_FLG | POST_STATUS_EX | PP_DENIAL_ADV | PREF_MRCH_NOT_USED | PRE_MAX_LIMIT_FLG | PROCESS_FLAG | PROCESS_INSTANCE | PROJ_MGR_FLAG | RCPT_RECEIVED_DT | RCPT_VERIF_LEVEL | RCPT_VERIFY_DT | RCPT_VERIFY_OPRID | RECEIPT_ID | RECEIPTS_RECEIVED | RECEIPT_VERIFIED | REFERENCE_ID | RESUBMISSION_DT | REVERSAL_DATE | RISK_EXISTS_FLG | SETID | SHEET_ID | SHEET_ID_RELATED | SHEET_NAME | SHEET_STATUS | SHEET_TYPE | SUBMISSION_DATE | SUBMIT_OPRID | TAX_IMPLICATIONS | TEMPLATE | TOTAL_AMT | TOTAL_CMPNY_PD_AMT | TOTAL_CREDITS_VND | TOTAL_REIMB_AMT | TRANS_ID | TRAVEL_AUTH_ID | TXN_LOCATION | UNPOST_SEQ | VAT_ENTITY | VAT_ENTRIES | VAT_RECEIPT,Finance & Contrôle,0.5,"['RH', 'Finance & Contrôle']",coin_flip_reject
1033617,SYSADM.PS_EX_SH_RST_TAO,PS_EX_SH_RST_TAO,EX_PYMNT_TYPE | LINE_NBR | PROCESS_INSTANCE | PYMNT_HOLD | SEQ_NBR | SHEET_ID,Finance & Contrôle,0.5,"['Finance & Contrôle', 'IT & Sécurité']",coin_flip_reject
1034042,SYSADM.PS_EX_TAUTH_HDR,PS_EX_TAUTH_HDR,ACCOUNTING_DT | ACTION_NAME | ADVANCE_ID | APPROVAL_DT | APPROVAL_LEVEL | APPR_PROCESS_FLAG | BILL_CODE_EX | BUDGET_HDR_STATUS | BUSINESS_PURPOSE | BUSINESS_UNIT | BUSINESS_UNIT_GL | COMMENTS | COPY_TRAVEL_AUTH | COUNTRY | CREATION_DT | CURRENCY_CD | DATE_FROM | DATE_TIME_HM | DATE_TO | DST_CNTRL_ID | EMPLID | EMPL_RCD | EX_ORIGIN | KK_AMOUNT_TYPE | KK_TRAN_OVER_DTTM | KK_TRAN_OVER_FLAG | KK_TRAN_OVER_OPRID | LASTUPDDTTM | MULT_PER_DIEM | OPRID_ENTERED_BY | OPRID_LAST_ACTION | OPRID_LAST_UPDT | ORIG_ACCT_DT | OUT_OF_POLICY | PREF_MRCH_NOT_USED | PROCESS_FLAG | PROCESS_INSTANCE | PROJ_MGR_FLAG | REFERENCE_ID | RESUBMISSION_DT | RISK_EXISTS_FLG | ROLLOVER_STATUS | SETID | SUBMISSION_DATE | SUBMIT_OPRID | TEMPLATE | TOTAL_AMT | TRAVEL_AUTH_ID | TRAVEL_AUTH_NAME | TRAVEL_AUTH_STATUS | TRAVEL_FROM | TXN_LOCATION | USER_CANCEL_PB,Finance & Contrôle,0.5,"['Finance & Contrôle', 'RH']",coin_flip_reject
1034119,SYSADM.PS_EX_TIME_AW,PS_EX_TIME_AW,COMMENTS | EOAWDEFN_ID | EOAWDTTM_MODIFIED | EOAWPARENT_THREAD | EOAWPRCS_ID | EOAWREQUESTOR_ID | EOAWTHREAD_ID | EOAWTHREAD_STATUS | LINE_NBR | ORIGINATORID | RECNAME | TIME_SHEET_ID | VERSION_NUM,IT & Sécurité,0.5,"['Other', 'IT & Sécurité']",coin_flip_reject
1034121,SYSADM.PS_EX_TIME_DTL,PS_EX_TIME_DTL,ACTIVITY_ID | AFFILIATE | AFFILIATE_INTRA1 | AFFILIATE_INTRA2 | ANALYSIS_TYPE | APPROVER_ACTN_DT | APPROVER_ADD_FLAG | APPROVER_OPRID | BI_DISTRIB_STATUS | BILLING_ACTION | BUDGET_REF | BUSINESS_UNIT_GL | BUSINESS_UNIT_PC | BUSINESS_UNIT_WO | CHANGE_REQ_FLAG | CHARTFIELD1 | CHARTFIELD2 | CHARTFIELD3 | CLASS_FLD | COMMENTS | COUNTRY | DEPTID | DESCR60 | EX_LINE_STATUS | FUND_CODE | ISCHANGED_FLAG | LASTUPDDTTM | LINE_NBR | LOCALITY | OPERATING_UNIT | PC_DISTRIB_STATUS | POST_STATUS_EX | PROCESS_FLAG | PROCESS_INSTANCE | PRODUCT | PROGRAM_CODE | PROJECT_ID | RES_LN_NBR | RESOURCE_CATEGORY | RESOURCE_ETC | RESOURCE_SUB_CAT | RESOURCE_TYPE | RSRC_TYPE | STATE | TIME_SHEET_ID | TRC | VERSION_NUM | WO_ID | WO_TASK_ID,Finance & Contrôle,0.5,"['Finance & Contrôle', 'IT & Sécurité']",coin_flip_reject
1034212,SYSADM.PS_EX_TWILIO_ERR,PS_EX_TWILIO_ERR,CREATED_DTTM | EMPLID | EMPLID_FROM | EMP_PHONE_NBR | MSG_BODY | NUM_MEDIA | PROCESS_INSTANCE | RELOAD_PROC | SID_MSG | STATUS | TW_ERR_CODE | TW_PHONE_NBR,IT & Sécurité,0.5,"['IT & Sécurité', 'RH']",coin_flip_reject
1034642,SYSADM.PS_EX_VSUMM_TA1,PS_EX_VSUMM_TA1,AIRFARE_RCPT_NBR | AIR_TAX_EX | AUTO_TOWING_EX | BUSCENTER_TOTAL_EX | CAR_DAILY_RATE_EX | CAR_PHONE_TOT_EX | CAR_TAX_EX | CAR_WEEKLY_RATE_EX | CLASS_CODE_EX | CRDMEM_ACCT_NBR | CURRENCY_CD | DATA_SOURCE_EX | DEPART_DATE_EX | EMPLID | ENHC_NAME_EX | ETICKET_IND_EX | EXCHG_FARE_EX | EXCHG_TCKT_NBR_EX | EX_ENHC_DATE | EX_ENHC_DAYS | EX_ENHC_TYPE_NBR | EX_ENHNC_DATA | EXTRA_MILE_EX | FOLIOADV_TOTAL_EX | FOOD_TOTAL_EX | FUEL_TOTAL_EX | GIFTSHOP_TOTAL_EX | HLTHCLUB_TOTAL_EX | INSURANCE_TOTAL_EX | INTERNET_IND_EX | LATE_RETURN_EX | LAUNDRY_TOTAL_EX | MINIBAR_TOTAL_EX | MOVIE_TOTAL_EX | NONRM_TOTAL_EX | ONEWAY_DROPOFF_EX | OTHER_TOTAL_EX | PHONE_TOTAL_EX | PREPD_TOTAL_EX | PROCESS_INSTANCE | REG_MILE_EX | RETURN_LOC_EX | ROOM_RATE_EX | ROOM_TAX_EX | SEQ_NBR | SEQ_NBR2 | TICKET_IND_EX | TOTAL_FARE_EX | TOTAL_FEE_EX | TRANS_NBR | VALET_TOTAL_EX,Finance & Contrôle,0.5,"['Finance & Contrôle', 'RH']",coin_flip_reject
1034742,SYSADM.PS_FAI_EXT_SRC_TBL,PS_FAI_EXT_SRC_TBL,APPL_JRNL_ID | DESCR | EXT_SYSTEM_ID | SETID_APPL_ID | SOURCE,Finance & Contrôle,0.5,"['Finance & Contrôle', 'IT & Sécurité']",coin_flip_reject
1034788,SYSADM.PS_FAI_IU_H_TMP,PS_FAI_IU_H_TMP,ACCOUNTING_DT | BUSINESS_UNIT | EDIT_HDR_STATUS | EXT_SYSTEM_ID | FAI_TRANSACTION_ID | LEDGER_GROUP | POST_STATUS_FAI | PROCESS_INSTANCE,Finance & Contrôle,0.5,"['Finance & Contrôle', 'IT & Sécurité']",coin_flip_reject
1035436,SYSADM.PS_FINT_FTOT_TAO,PS_FINT_FTOT_TAO,BUSINESS_UNIT_IN | DP_FORECAST01 | DP_STARTDATETIME | INV_ITEM_ID | PROCESS_INSTANCE | SETID,Supply Chain / Logistique / Production,0.5,"['Supply Chain / Logistique / Production', 'IT & Sécurité']",coin_flip_reject
1035462,SYSADM.PS_FINT_ITLO_TAO,PS_FINT_ITLO_TAO,BILL_TO_CUST_ID | BUSINESS_UNIT_BI | BUSINESS_UNIT_IN | BUSINESS_UNIT_OM | CATEGORY_ID | CLASSIFICATION | CM_UNIT_COST | CONVERSION_RATE | CORP_CUST_ID | CORPORATE_CUST_ID | CURRENCY_CD | CUST_CHANNEL | CUST_FIELD_C10_A | CUST_FIELD_C10_B | CUST_FIELD_C10_C | CUST_FIELD_C10_D | CUST_FIELD_C1_A | CUST_FIELD_C1_B | CUST_FIELD_C1_C | CUST_FIELD_C1_D | CUST_FIELD_C2 | CUST_FIELD_C30_A | CUST_FIELD_C30_B | CUST_FIELD_C30_C | CUST_FIELD_C30_D | CUST_FIELD_C4 | CUST_FIELD_C6 | CUST_FIELD_C8 | CUST_FIELD_N12_A | CUST_FIELD_N12_B | CUST_FIELD_N12_C | CUST_FIELD_N12_D | CUST_FIELD_N15_A | CUST_FIELD_N15_B | CUST_FIELD_N15_C | CUST_FIELD_N15_D | CUSTOMER_GROUP | DP_FORECASTITEM | DP_UOMGROUP | FORECASTER | FORECAST_ITEM_FLAG | INV_ITEM_COLOR | INV_ITEM_GROUP | INV_ITEM_ID | INV_ITEM_TYPE | INVOICE | INV_PROD_FAM_CD | ITEM_FIELD_C10_A | ITEM_FIELD_C10_B | ITEM_FIELD_C10_C | ITEM_FIELD_C10_D | ITEM_FIELD_C1_A | ITEM_FIELD_C1_B | ITEM_FIELD_C1_C | ITEM_FIELD_C1_D | ITEM_FIELD_C2 | ITEM_FIELD_C30_A | ITEM_FIELD_C30_B | ITEM_FIELD_C30_C | ITEM_FIELD_C30_D | ITEM_FIELD_C4 | ITEM_FIELD_C6 | ITEM_FIELD_C8 | ITEM_FIELD_N12_A | ITEM_FIELD_N12_B | ITEM_FIELD_N12_C | ITEM_FIELD_N12_D | ITEM_FIELD_N15_A | ITEM_FIELD_N15_B | ITEM_FIELD_N15_C | ITEM_FIELD_N15_D | LIST_PRICE | MITBL_DESCR | PM_DIVISION | PM_REGION | PM_TERRITORY | PRDITM_DESCR | PROCESS_INSTANCE | PROD_BRAND | PROD_CATEGORY | PROD_FIELD_C10_A | PROD_FIELD_C10_B | PROD_FIELD_C10_C | PROD_FIELD_C10_D | PROD_FIELD_C1_A | PROD_FIELD_C1_B | PROD_FIELD_C1_C | PROD_FIELD_C1_D | PROD_FIELD_C2 | PROD_FIELD_C30_A | PROD_FIELD_C30_B | PROD_FIELD_C30_C | PROD_FIELD_C30_D | PROD_FIELD_C4 | PROD_FIELD_C6 | PROD_FIELD_C8 | PROD_FIELD_N12_A | PROD_FIELD_N12_B | PROD_FIELD_N12_C | PROD_FIELD_N12_D | PROD_FIELD_N15_A | PROD_FIELD_N15_B | PROD_FIELD_N15_C | PROD_FIELD_N15_D | PRODUCT_GROUP | PRODUCT_ID | PRODUCT_KIT_FLAG | REGION_CD | SETID | SHIP_TO_CUST_ID | SOLD_TO_CUST_ID | SOURCE_CODE | SUBCUST_QUAL1 | SUBCUST_QUAL2 | UNIT_OF_MEASURE | UPC_ID | UTILIZ_CD | UTILIZ_GROUP,Finance & Contrôle,0.5,"['Finance & Contrôle', 'Supply Chain / Logistique / Production']",coin_flip_reject
1035544,SYSADM.PS_FO_AGE_PGLT_WS,PS_FO_AGE_PGLT_WS,CUSTOM_LABEL | FETCH_COUNT | FROM_DATE | SEQNO | TO_DATE,IT & Sécurité,0.5,"['Other', 'IT & Sécurité']",coin_flip_reject
1035564,SYSADM.PS_FO_APP_EMAIL_AD,PS_FO_APP_EMAIL_AD,APPLID | E_ADDR_TYPE | EMAIL_ADDR | PREF_EMAIL_FLAG,Ventes & Clients,0.5,"['Ventes & Clients', 'IT & Sécurité']",coin_flip_reject
1035574,SYSADM.PS_FO_APP_PHONE,PS_FO_APP_PHONE,APPLID | COUNTRY_CODE | EXTENSION | PHONE | PHONE_TYPE | PREF_PHONE_FLAG,RH,0.5,"['RH', 'Other']",coin_flip_reject
1035611,SYSADM.PS_FO_ASGN_TMT_DTL,PS_FO_ASGN_TMT_DTL,ASSIGNMENT_ID | DESCR254 | FO_TEMPLATE_TYPE | SEQ_NUM | TEMPLATE_CODE | TEMPLATE_ITEM_CD,Other,0.5,"['Other', 'IT & Sécurité']",coin_flip_reject
1035612,SYSADM.PS_FOASGNTMTDT_UPG,PS_FOASGNTMTDT_UPG,BUSINESS_UNIT | DESCR254 | FO_ASSIGNMENT_ID | FO_TEMPLATE_TYPE | ORDER_ID | ORDER_TYPE | TEMPLATE_CODE | TEMPLATE_ITEM_CD,Other,0.5,"['Other', 'Achats & Fournisseurs']",coin_flip_reject
1035613,SYSADM.PS_FO_ASGN_TMT_SEQ,PS_FO_ASGN_TMT_SEQ,ASSIGNMENT_ID | FO_DATE | FO_TEMPLATE_TYPE | SEQ_NUM | TEMPLATE_CODE,IT & Sécurité,0.5,"['Other', 'IT & Sécurité']",coin_flip_reject
1035650,SYSADM.PS_FOCNTCTPTDT_UPG,PS_FOCNTCTPTDT_UPG,CONTACT_ID | DESCR254 | EFFDT | FO_TEMPLATE_TYPE | SETID | TEMPLATE_CODE | TEMPLATE_ITEM_CD,Other,0.5,"['Other', 'IT & Sécurité']",coin_flip_reject
1035655,SYSADM.PS_FO_CON_FORM_SEQ,PS_FO_CON_FORM_SEQ,CONTACT_ID | FO_DATE | FO_TEMPLATE_TYPE | SEQ_NUM | SETID | TEMPLATE_CODE,IT & Sécurité,0.5,"['Other', 'IT & Sécurité']",coin_flip_reject
1035902,SYSADM.PS_FOORDREVENT_UPG,PS_FOORDREVENT_UPG,DEFAULT_FLAG | DESCR254 | ORDER_EVENT_GROUP | SETID,Supply Chain / Logistique / Production,0.5,"['Achats & Fournisseurs', 'Ventes & Clients']",coin_flip_reject
1035910,SYSADM.PS_FO_PC_RATE_DTL,PS_FO_PC_RATE_DTL,ACTIVITY_ID | BUSINESS_UNIT | CURRENCY_CD | DETAIL_NO | EFFDT | FO_AVE_CURRENCY_CD | FO_AVE_PAY_RATE | FO_DFLT_RATE_FLG | FO_HR_PAY_RATE | FO_PAY_RATE | FO_PAY_RATE_FACTOR | FO_RATE_ACTION | LINE_NO | PAY_CURRENCY_CD | PROJECT_ID | RATE_DIV | RATE_MULT | RATE_PROFILE_TYPE | TEMPLATE_TYPE,Finance & Contrôle,0.5,"['Finance & Contrôle', 'RH']",coin_flip_reject
1035973,SYSADM.PS_FO_RATE_PRFL_WS,PS_FO_RATE_PRFL_WS,ACCOUNT | AFFILIATE | AFFILIATE_INTRA1 | AFFILIATE_INTRA2 | ALTACCT | ANALYSIS_TYPE | BUDGET_REF | BUSINESS_UNIT_GL | CHARTFIELD1 | CHARTFIELD2 | CHARTFIELD3 | CLASS_FLD | COST_PER_USE | CURRENCY_CD | DEPTID | DESCR | DESCR254_MIXED | DESCRSHORT | DETAIL_NO | EMPLID | FO_DFLT_RATE_FLG | FO_PAY_RATE_FACTOR | FO_RATE_ACTION | FUND_CODE | JOBCODE | OPERATING_UNIT | OVERTIME_RATE | PC_MSP_RES_ID | PRODUCT | PROGRAM_CODE | PROJ_ROLE | RATE_PROFILE_TYPE | RESOURCE_CATEGORY | RESOURCE_SUB_CAT | RESOURCE_TYPE | SCH_LABOR_IND | SEQ_NBR | SEQ_NUM | SETID | STANDARD_RATE | TIME_RPTG_CD | UNIT_OF_MEASURE | WHERE_CLAUSE_LONG,Finance & Contrôle,0.5,"['Finance & Contrôle', 'RH']",coin_flip_reject
1035994,SYSADM.PS_FORECST_SET_LNG,PS_FORECST_SET_LNG,DESCR | DESCRLONG | FORECAST_SET | LANGUAGE_CD,Other,0.5,"['Other', 'Ventes & Clients']",coin_flip_reject
1036043,SYSADM.PS_FO_SC_CFG_DTL,PS_FO_SC_CFG_DTL,BASE_RECORD | DECIMAL_POS | EDITTABLE | FIELDNAME | FO_SC_BLD_IN_LIST | FO_SC_CRIT_NAME | FO_SC_EDIT_TYPE | FO_SC_OPERATOR | FO_SRCH_CRIT_ID | ORDERNO | PARENTFIELDNAME | RECNAME | REQUIRED_FLG | SELECTED_FLAG,IT & Sécurité,0.5,"['Other', 'IT & Sécurité']",coin_flip_reject
1036072,SYSADM.PS_FO_SRC_CNTSR_WS,PS_FO_SRC_CNTSR_WS,BUSINESS_UNIT | COMBINED_SRCH_FLD | COMBINED_SRCH_REF | COMP_OPERATOR | FIELDNAME | FIELDTYPE | FO_SRCH_FLD_VAL | MTCH_COL_ID | ORDERNO | PROMPTED_SELECT | SELECT_DT | SO_ID | SO_LINE | SRCH_CATEGORY | SRCH_PREF_REQ | SRCH_RESUME | VERITY_FIELD,IT & Sécurité,0.5,"['IT & Sécurité', 'Achats & Fournisseurs']",coin_flip_reject
1036095,SYSADM.PS_FO_TEMPLATE_ITM,PS_FO_TEMPLATE_ITM,FIELD_NAME100 | TEMPLATE_ITEM_CD,IT & Sécurité,0.5,"['IT & Sécurité', 'Other']",coin_flip_reject
1036098,SYSADM.PS_FO_TEMPLATE_TBL,PS_FO_TEMPLATE_TBL,DESCR | EFFDT | EFF_STATUS | FO_TEMPLATE_TYPE | SEQUENCE_NBR | SETID | TEMPLATE_CODE | TEMPLATE_ITEM_CD,IT & Sécurité,0.5,"['IT & Sécurité', 'Other']",coin_flip_reject
1036136,SYSADM.PS_FO_XML_STRING,PS_FO_XML_STRING,FO_SEQ_NBR | FO_XML_ID | FO_XML_STRING,IT & Sécurité,0.5,"['Other', 'IT & Sécurité']",coin_flip_reject
1036137,SYSADM.PS_FO_XSLT,PS_FO_XSLT,FO_XSLT_ID | FO_XSLT_PATH,IT & Sécurité,0.5,"['Other', 'IT & Sécurité']",coin_flip_reject
1036263,SYSADM.PS_FS_BP_ABP_AET,PS_FS_BP_ABP_AET,BUDGET_STATUS | PROCESS_INSTANCE,Finance & Contrôle,0.5,"['IT & Sécurité', 'Finance & Contrôle']",coin_flip_reject
1036554,SYSADM.PS_FS_DOC_RLTS_FLD,PS_FS_DOC_RLTS_FLD,FS_MAP_FLD_DISP | FS_MAP_FLD_NAME | FS_MAP_LEVEL | FS_MAP_NODE | FS_MAP_NODE_PRE | FS_MAP_SEQ | IB_PACKAGEID | IB_SCHEMANAME | IB_VARIANTNAME,IT & Sécurité,0.5,"['Other', 'IT & Sécurité']",coin_flip_reject
1036555,SYSADM.PS_FS_DOC_RLTS_GRP,PS_FS_DOC_RLTS_GRP,FS_MAP_ANCHOR | FS_MAP_LEVEL | FS_MAP_NODE | FS_MAP_NODE_PRE | FS_MAP_SEQ | FS_NODE_INDEX | IB_PACKAGEID | IB_SCHEMANAME | IB_VARIANTNAME | QRYADDCRITERIA,IT & Sécurité,0.5,"['Other', 'IT & Sécurité']",coin_flip_reject
1036647,SYSADM.PS_FS_MAP_CX_TRAN,PS_FS_MAP_CX_TRAN,FS_MAP_EXTR_CHECK | FS_MAP_EXTR_FROM | FS_MAP_EXTR_REPL | FS_MAP_EXTR_TO | FS_MAP_GROUP_SEQ | FS_MAP_ID | FS_MAP_TRG_FLD | QRYCOLUMN,Finance & Contrôle,0.5,"['Finance & Contrôle', 'Other']",coin_flip_reject
1036653,SYSADM.PS_FS_MAP_EVLH_TBL,PS_FS_MAP_EVLH_TBL,FS_MAP_ID | FS_MAP_SEQ | FS_MAP_SRC_FLD | FS_MAP_TRG_FLD,IT & Sécurité,0.5,"['IT & Sécurité', 'Other']",coin_flip_reject
1036655,SYSADM.PS_FS_MAP_FILT_TBL,PS_FS_MAP_FILT_TBL,FS_MAP_COND_TYPE | FS_MAP_EXP1 | FS_MAP_EXP2 | FS_MAP_EXP_DISP1 | FS_MAP_EXP_DISP2 | FS_MAP_ID | FS_MAP_LOGICAL_OP | FS_MAP_LPAREN | FS_MAP_NODE | FS_MAP_REAL_VAL | FS_MAP_RPAREN | FS_MAP_SEQ | FS_MAP_SRC_FLD | FS_MAP_TRG_FLD | QRYADDCRITERIA | QRYCANCEL | QRYCOLUMN | QRYCRIT1TYPE | QRYCRIT2CONSTANT1 | QRYCRIT2PROMPT | QRYCRIT2TYPE | QRYEDITCRITERIA | QRYOK | QRYPROMPTNUMBER | QRYPROMPTTABLE | QRYPROMPTTBLSELECT,IT & Sécurité,0.5,"['IT & Sécurité', 'Other']",coin_flip_reject
1036673,SYSADM.PS_FS_MAP_TC_DTL,PS_FS_MAP_TC_DTL,FS_MAP_CC_DLMT | FS_MAP_ID | FS_MAP_TRG_FLD,Finance & Contrôle,0.5,"['Other', 'Finance & Contrôle']",coin_flip_reject
1036679,SYSADM.PS_FS_MAP_TRAN_DTL,PS_FS_MAP_TRAN_DTL,FS_MAP_ACT_OUTPUT | FS_MAP_ACT_PRM1 | FS_MAP_ACT_PRM2 | FS_MAP_ACT_PRM3 | FS_MAP_ACT_PRM4 | FS_MAP_ACT_TYPE | FS_MAP_CANCEL_PB | FS_MAP_EDIT_PB | FS_MAP_GROUP_SEQ | FS_MAP_ID | FS_MAP_OK_PB | FS_MAP_SEQ | FS_MAP_SRC_FLD | FS_MAP_TRG_FLD | QRYCOLUMN,IT & Sécurité,0.5,"['IT & Sécurité', 'Other']",coin_flip_reject
1036681,SYSADM.PS_FS_MAP_TRAN_FIL,PS_FS_MAP_TRAN_FIL,FS_MAP_COND_TYPE | FS_MAP_EXP1 | FS_MAP_EXP2 | FS_MAP_EXP_DISP1 | FS_MAP_EXP_DISP2 | FS_MAP_GROUP_SEQ | FS_MAP_ID | FS_MAP_LOGICAL_OP | FS_MAP_LPAREN | FS_MAP_REAL_VAL | FS_MAP_RPAREN | FS_MAP_SEQ | FS_MAP_SRC_FLD | FS_MAP_SRC_FLD2 | FS_MAP_TRG_FLD | QRYADDCRITERIA | QRYCANCEL | QRYCOLUMN | QRYCRIT1TYPE | QRYCRIT2CONSTANT1 | QRYCRIT2PROMPT | QRYCRIT2TYPE | QRYEDITCRITERIA | QRYOK | QRYPROMPTNUMBER | QRYPROMPTTABLE | QRYPROMPTTBLSELECT,IT & Sécurité,0.5,"['IT & Sécurité', 'Finance & Contrôle']",coin_flip_reject
1036733,SYSADM.PS_FSPC_MST_LNKLST,PS_FSPC_MST_LNKLST,DISPLAY_ORDER | FSPC_DATA_SOURCE | FSPC_DESCR | FSPC_GROUP_ID | FSPC_LINK_ID | FSPC_LINK_TYPE | FSPC_OVERRIDE_FLAG | FSPC_PUBLIC_FLG | NEW_WINDOW | PAGELET_CONFIG_ID | PORTAL_NAME | PORTAL_OBJNAME | SHOW_LINK | URL,IT & Sécurité,0.5,"['IT & Sécurité', 'Other']",coin_flip_reject
1036736,SYSADM.PS_FSPC_MST_QLST_L,PS_FSPC_MST_QLST_L,FSPC_DESCR | FSPC_GROUP_ID | FSPC_LINK_ID | FSPC_PGRIDTITLE | LANGUAGE_CD | PAGELET_CONFIG_ID,IT & Sécurité,0.5,"['Other', 'IT & Sécurité']",coin_flip_reject
1036800,SYSADM.PS_FS_SD_FLDPC,PS_FS_SD_FLDPC,FIELDNAME | RECORDNAME | SD_FLDNAME | SD_RECNAME,IT & Sécurité,0.5,"['Other', 'IT & Sécurité']",coin_flip_reject
1036806,SYSADM.PS_FS_SD_PGGRP,PS_FS_SD_PGGRP,EOCF_PHRASE_ID | MARKET | PNLGRPNAME | PNLNAME | SD_GRP_NAME | SD_GRP_USAGE | SEQ_NUM,Finance & Contrôle,0.5,"['Finance & Contrôle', 'Other']",coin_flip_reject
1036809,SYSADM.PS_FS_SD_RECFLD,PS_FS_SD_RECFLD,BUS_UNIT_FIELD | DESCR100 | EOSD_INSTR | EOSD_UPPER_CASE | FIELDNAME | FORM_LONG_LABEL | LABEL18 | PROMPT_RECNAME | SD_FLDLEN | SD_FLDNAME | SD_FLD_REQUIRED | SD_FLD_STATUS | SD_FLDTYPE | SD_RECNAME | SETID,IT & Sécurité,0.5,"['IT & Sécurité', 'Other']",coin_flip_reject
1036867,SYSADM.PS_FT_BUGRP_G,PS_FT_BUGRP_G,ALTACCT_OPTN | AS_OF_DATE | BUSINESS_UNIT | CALENDAR_ID | DOC_SEQ | FIELDNAME1 | FIELDNAME2 | FIELDNAME3 | FIELDNAME4 | FIELDNAME5 | FIELDNAME6 | FIELDNAME7 | FIELDNAME8 | FIELDNAME9 | INCR_MODE | PRCSNAME | PROCESS_INSTANCE | SCE_ID | SEPARATE_DRCR | SEQUENCE_NBR_9 | SETID1 | SETID2 | SETID3 | SETID4 | SETID5 | SETID6 | SETID7 | SETID8 | SETID9 | SETID_CALENDAR | SETID_CFV_SET | SETID_LEDGER | SETID_RULE | SETID_TIMESPANS | SETID_TREE1 | SETID_TREE2 | SETID_TREE3 | SETID_TREE4 | SETID_TREE5 | SETID_TREE6 | SETID_TREE7 | SETID_TREE8 | SETID_TREE9 | TREE_NAME1 | TREE_NAME2 | TREE_NAME3 | TREE_NAME4 | TREE_NAME5 | TREE_NAME6 | TREE_NAME7 | TREE_NAME8 | TREE_NAME9,Finance & Contrôle,0.5,"['Finance & Contrôle', 'IT & Sécurité']",coin_flip_reject
1037000,SYSADM.PS_FUS_CF_SEGMAP,PS_FUS_CF_SEGMAP,AFF_RELATED_CF | CF_ORDER | CHARTFIELD | EDITTABLE | EFFDTENABLED | LEFFDTENABLED | LSETIDENABLED | RELLANGRECNAME | SEGMENT | SETIDENABLED,Finance & Contrôle,0.5,"['Finance & Contrôle', 'Other']",coin_flip_reject
1037210,SYSADM.PS_GC_BISET_TAO,PS_GC_BISET_TAO,ACTIVITY_ID | ANALYSIS_TYPE | BUSINESS_UNIT_CA | BUSINESS_UNIT_PC | CONTRACT_AMT | CONTRACT_LINE_NUM | CONTRACT_NUM | PROCESS_INSTANCE | PROJECT_ID | RESOURCE_CATEGORY | RESOURCE_SUB_CAT | RESOURCE_TYPE | TXN_LMT_TRANS_ID,Finance & Contrôle,0.5,"['Finance & Contrôle', 'Achats & Fournisseurs']",coin_flip_reject
1037331,SYSADM.PS_GC_LMT_TAO,PS_GC_LMT_TAO,BUSINESS_UNIT_CA | CA_FEE_TYPE | CA_RQST_SRC | CONTRACT_LINE_NUM | CONTRACT_NUM | CONTRACT_TYPE | CURRENCY_CD | CUST_ID | PROCESS_INSTANCE | RT_TYPE_2 | SEPARATE_BIL_REV,Finance & Contrôle,0.5,"['Finance & Contrôle', 'IT & Sécurité']",coin_flip_reject
1037362,SYSADM.PS_GC_RVXS1_TAO,PS_GC_RVXS1_TAO,ACTIVITY_ID | BUSINESS_UNIT_CA | BUSINESS_UNIT_PC | CONTRACT_AMT | CONTRACT_LINE_NUM | CONTRACT_NUM | PROCESS_INSTANCE | PROJECT_ID,Finance & Contrôle,0.5,"['Achats & Fournisseurs', 'Finance & Contrôle']",coin_flip_reject
1037827,SYSADM.PS_GLRCN_SRC_TEOA,PS_GLRCN_SRC_TEOA,ASOF_DT | DTTM_STAMP | EO_AUDIT_FLG | EXCEPTION_INFO | FIELDNAME | FIELD_VALUE | FROM_CURRENCY | KEY10_FLDNAME | KEY10_FLD_VAL | KEY11_FLDNAME | KEY11_FLD_VAL | KEY12_FLDNAME | KEY12_FLD_VAL | KEY13_FLDNAME | KEY13_FLD_VAL | KEY14_FLDNAME | KEY14_FLD_VAL | KEY15_FLDNAME | KEY15_FLD_VAL | KEY16_FLDNAME | KEY16_FLD_VAL | KEY1_FLDNAME | KEY1_FLD_VAL | KEY2_FLDNAME | KEY2_FLD_VAL | KEY3_FLDNAME | KEY3_FLD_VAL | KEY4_FLDNAME | KEY4_FLD_VAL | KEY5_FLDNAME | KEY5_FLD_VAL | KEY6_FLDNAME | KEY6_FLD_VAL | KEY7_FLDNAME | KEY7_FLD_VAL | KEY8_FLDNAME | KEY8_FLD_VAL | KEY9_FLDNAME | KEY9_FLD_VAL | OPRID | PROCESS_INSTANCE | PROC_GRP_ID | RATE_DIV | RATE_MULT | RECNAME | RT_DIV_FLDNAME | RT_MULT_FLDNAME | RULE_INSTNC_NBR | RUN_CNTL_ID | TO_CURRENCY,Finance & Contrôle,0.5,"['Finance & Contrôle', 'IT & Sécurité']",coin_flip_reject
1038043,SYSADM.PS_GM_AWD_CON_SUB,PS_GM_AWD_CON_SUB,BUSINESS_UNIT | BUSINESS_UNIT_PROP | CONCUR_SUB_SPONSOR | CONTRACT_NUM | VERSION_ID_TO,Achats & Fournisseurs,0.5,"['Other', 'Achats & Fournisseurs']",coin_flip_reject
1038105,SYSADM.PS_GM_BUD_HDR_TEOA,PS_GM_BUD_HDR_TEOA,ASOF_DT | DTTM_STAMP | EO_AUDIT_FLG | EXCEPTION_INFO | FIELDNAME | FIELD_VALUE | FROM_CURRENCY | KEY10_FLDNAME | KEY10_FLD_VAL | KEY11_FLDNAME | KEY11_FLD_VAL | KEY12_FLDNAME | KEY12_FLD_VAL | KEY13_FLDNAME | KEY13_FLD_VAL | KEY14_FLDNAME | KEY14_FLD_VAL | KEY15_FLDNAME | KEY15_FLD_VAL | KEY16_FLDNAME | KEY16_FLD_VAL | KEY1_FLDNAME | KEY1_FLD_VAL | KEY2_FLDNAME | KEY2_FLD_VAL | KEY3_FLDNAME | KEY3_FLD_VAL | KEY4_FLDNAME | KEY4_FLD_VAL | KEY5_FLDNAME | KEY5_FLD_VAL | KEY6_FLDNAME | KEY6_FLD_VAL | KEY7_FLDNAME | KEY7_FLD_VAL | KEY8_FLDNAME | KEY8_FLD_VAL | KEY9_FLDNAME | KEY9_FLD_VAL | OPRID | PROCESS_INSTANCE | PROC_GRP_ID | RATE_DIV | RATE_MULT | RECNAME | RT_DIV_FLDNAME | RT_MULT_FLDNAME | RULE_INSTNC_NBR | RUN_CNTL_ID | TO_CURRENCY,Finance & Contrôle,0.5,"['Finance & Contrôle', 'IT & Sécurité']",coin_flip_reject
1038162,SYSADM.PS_GM_CONT_ETHNIC,PS_GM_CONT_ETHNIC,BUSINESS_UNIT | ETHNIC_TYPE | NBR_OF_SUBJECTS | NEW_DATA | PROPOSAL_ID | SEQ_NUM | SEX | SUB_PROP_NBR | VERSION_ID,RH,0.5,"['RH', 'Other']",coin_flip_reject
1038243,SYSADM.PS_GM_FA_OPTIONS3,PS_GM_FA_OPTIONS3,BUSINESS_UNIT | FA_CS_FROM_VALUE | FA_CS_TO_VALUE | FIELDNAME,Finance & Contrôle,0.5,"['Finance & Contrôle', 'Other']",coin_flip_reject
1038297,SYSADM.PS_GM_IN_CONTAC_DT,PS_GM_IN_CONTAC_DT,EFFDT | EFF_STATUS | INSTID | SETID,RH,0.5,"['Other', 'RH']",coin_flip_reject
1038302,SYSADM.PS_GM_IN_FRINGE_RT,PS_GM_IN_FRINGE_RT,ANNUAL_FRINGE_AMT | CURRENCY_CD | EFFDT | FRINGE_RATE | FRINGE_RATE_TYPE | GM_FEDERAL_FLAG | INSTID | SETID,Finance & Contrôle,0.5,"['Finance & Contrôle', 'RH']",coin_flip_reject
1038317,SYSADM.PS_GM_MILE_HIS_LNG,PS_GM_MILE_HIS_LNG,BUSINESS_UNIT | CONTRACT_NUM | LANGUAGE_CD | LAST_SEQ_NBR | MILESTONE_ID | NOTE | NOTIFED_DTTM,Other,0.5,"['Other', 'Achats & Fournisseurs']",coin_flip_reject
1038376,SYSADM.PS_GM_PCL_MEET_ATN,PS_GM_PCL_MEET_ATN,ABSENT_FLG | BUSINESS_UNIT | COM_ID | COM_MEMBER_ID | ELIG_FOR_VOTE | MEET_ID | NAME | PCL_ID | PCL_VRSN_ID | PROF_ROLE_TYPE | SEQ_NUM,RH,0.5,"['RH', 'IT & Sécurité']",coin_flip_reject
1038518,SYSADM.PS_GM_PROP_J_R_LNG,PS_GM_PROP_J_R_LNG,BUSINESS_UNIT | DESCRLONG | GRANTS_RES_TYPE | LANGUAGE_CD | PROPOSAL_ID | RESOURCE_SEQ_NBR | SUB_PROP_NBR | VERSION_ID,IT & Sécurité,0.5,"['IT & Sécurité', 'Other']",coin_flip_reject
1038928,SYSADM.PS_GM_SCHEMA_LNG,PS_GM_SCHEMA_LNG,DESCR | DESCR_LONG | LANGUAGE_CD | SCHEMA_NAME | SETID,IT & Sécurité,0.5,"['Other', 'IT & Sécurité']",coin_flip_reject
1038930,SYSADM.PS_GM_SCHM_ATT_LNG,PS_GM_SCHM_ATT_LNG,ATTACH_TYPE | DESCR50 | LANGUAGE_CD | SCHEMA_NAME | SETID,IT & Sécurité,0.5,"['IT & Sécurité', 'Other']",coin_flip_reject
1038954,SYSADM.PS_GM_SPN_URL,PS_GM_SPN_URL,BLOCK_NUMBER | DESCR | URL | URL_1 | URL_GROUP_ID | URL_ID_AUTO | USE_ALIAS,IT & Sécurité,0.5,"['IT & Sécurité', 'Other']",coin_flip_reject
1038966,SYSADM.PS_GM_US_GOV_CD,PS_GM_US_GOV_CD,EFFDT | EFF_STATUS | SETID | USA_AGY_NAME | USA_GOV_CD,RH,0.5,"['Other', 'RH']",coin_flip_reject
1039006,SYSADM.PS_GROUP_MAP,PS_GROUP_MAP,DIRMAPNAME,IT & Sécurité,0.5,"['IT & Sécurité', 'Other']",coin_flip_reject
1039250,SYSADM.PS_GTAS_EDITS,PS_GTAS_EDITS,BUSINESS_UNIT | DESCR254 | EDIT_CATEGORY | ERROR_MESSAGE | QRYNAME | STATUS,IT & Sécurité,0.5,"['Other', 'IT & Sécurité']",coin_flip_reject
1039450,SYSADM.PS_HDG_SRC_MTM_TBL,PS_HDG_SRC_MTM_TBL,HDGD_ITM_FINANCIAL | HEDGED_ITEM_SRC | HEDGE_TYPE_133 | MTM_MODEL | MTM_PROGRAM_NM | MTM_VENDOR_NM | SETID,Finance & Contrôle,0.5,"['Finance & Contrôle', 'Other']",coin_flip_reject
1039547,SYSADM.PS_IB_APCL_TMP,PS_IB_APCL_TMP,MSGNAME | PACKAGEID,IT & Sécurité,0.5,"['Other', 'IT & Sécurité']",coin_flip_reject
1039806,SYSADM.PS_IN_BAL_LN_TMP,PS_IN_BAL_LN_TMP,AUDIT_ACTN | BUSINESS_UNIT | DESCR60 | IN_PROCESS_FLG | INV_ITEM_ID | LOCATION | PROCESS_INSTANCE | QTY_AVAILABLE | QTY_ONHAND | QTY_OWNED | SETID | UNIT_MEASURE_STD | VENDOR_ID | VNDR_LOC,Supply Chain / Logistique / Production,0.5,"['Achats & Fournisseurs', 'Supply Chain / Logistique / Production']",coin_flip_reject
1039808,SYSADM.PS_IN_BLD_CAL_AET,PS_IN_BLD_CAL_AET,BUSINESS_UNIT | DATE_FROM | DATE_TO | DTTM_FROM | DTTM_TO | DUMMY_FIELD | END_DATE | END_DTTM | FRI | MON | PROCESS_INSTANCE | SAT | SHIP_DAY | START_DATE | START_DTTM | SUN | THURS | TUES | USE_FOR_RECV_FLG | USE_FOR_SHIP_FLAG | WED,Supply Chain / Logistique / Production,0.5,"['Supply Chain / Logistique / Production', 'IT & Sécurité']",coin_flip_reject
1039850,SYSADM.PS_IN_BU_PAR_EOC,PS_IN_BU_PAR_EOC,BUSINESS_UNIT | CHUNK_RULE_ID | EFFDT | INV_CART_ID | MSGNODENAME,Supply Chain / Logistique / Production,0.5,"['Supply Chain / Logistique / Production', 'IT & Sécurité']",coin_flip_reject
1040048,SYSADM.PS_IN_DEMAND_TEO3,PS_IN_DEMAND_TEO3,ACCOUNT | ACTIVITY_ID | ADDRESS_SEQ_NUM | ADDR_OVRD_LEVEL | AFFILIATE | AFFILIATE_INTRA1 | AFFILIATE_INTRA2 | ALLOW_OVERPICK_FLG | ALLOW_SUB_ITEM_FLG | ALTACCT | ANALYSIS_TYPE | APPROVED_FLAG | AUTO_TYPE | BACKORDER_CREATED | BCKORDER_FLAG | BCKORDR_CNCL_FLAG | BILL_OF_LADING | BUDGET_DT | BUDGET_REF | BUSINESS_UNIT | BUSINESS_UNIT_BI | BUSINESS_UNIT_PC | BUSINESS_UNIT_PO | CANCEL_DTTM | CARRIER_ID | CARTON_PRINTED | CHARGE_CODE | CHARGE_FLAG | CHARTFIELD1 | CHARTFIELD2 | CHARTFIELD3 | CLAIM_ID | CLASS_FLD | CNTCT_SEQ_SHIP | CNTRCT_ID | COMBO_VALID_FLG | CONFIG_CODE | CONFIRMED_FLAG | COSTED_FLAG | CURRENCY_CD | CURRENCY_CD_DEST | CUST_ID | CUST_NAME | CUSTODIAN | DATE_LAST_MAINT | DELIVERY_ID | DELIV_UNIT_VOL | DELIV_UNIT_VOL_CNV | DELIV_UNIT_WT | DELIV_UNIT_WT_CNV | DELIV_UOM_SHIP_VOL | DELIV_UOM_SHIP_WT | DELIV_UOM_VOL | DELIV_UOM_WT | DELIV_USE_UOM_SHIP | DEMAND_DATE | DEMAND_LINE_NO | DEMAND_SOURCE | DEPLETED_DTTM | DEPLETE_INV_FLG | DEPTID | DESTIN_BU | DESTIN_GL_BU | DIRECT_INVOICING | DISTRIB_FLAG | DISTRIB_TYPE | DP_KIT_PARENT_QTY | DP_KIT_PARENT_UOM | DT_TIMESTAMP | EDI_DT_TIME | EO_FROM_CURRENCY | EO_PROCESS_INST | EXPORT | EXP_RETURN_DATE | EXT_REF_LN_NBR | EXT_REF_NBR | FERC_CD | FORM_DISTRIB_STAT | FREIGHT_TERMS | FROZEN_FLG | FRT_CHRG_METHOD | FRT_CHRG_OVERRIDE | FRT_RULE_CD | FSS_ACTIVITY_DT | FULFILL_FLAG | FULFILLMENT_DTTM | FUND_CODE | HARD_ALLOC_FLAG | HOLD_CD | HOLD_FLAG | IN_ADDL_FEE | IN_ADDL_FEE_DEST | IN_DEFER_DEPLETION | IN_FULFILL_STATE | IN_KIT_PROTECTED | IN_LINE_BO_RULE | IN_LINE_RESV_RULE | IN_LN_RESV_BO_RULE | IN_ORDER_RESV_RULE | IN_PRIOR_STATE | IN_PROCESS_DATE | INTERUNIT_FLG | INTERUNIT_ID | INTERUNIT_INSERT | INTERUNIT_LINE | INTERUNIT_STAT | IN_TPRC_OVRD_FLAG | INV_ITEM_ALIAS | INV_ITEM_ID | IN_ZERO_PICKED_FLG | IST_DISTRIB_STATUS | IST_RETURN_FLG_IUT | IST_TXN_FLG | KIT_LINE_NBR | LAST_MAINT_OPRID | LAST_PROCESS_INST | LAST_QTY_SHIP | LAST_QTY_SHIP_BASE | LINE_FIELD_C10_A | LINE_FIELD_C10_B | LINE_FIELD_C10_C | LINE_FIELD_C10_D | LINE_FIELD_C1_A | LINE_FIELD_C1_B | LINE_FIELD_C1_C | LINE_FIELD_C1_D | LINE_FIELD_C2 | LINE_FIELD_C30_A | LINE_FIELD_C30_B | LINE_FIELD_C30_C | LINE_FIELD_C30_D | LINE_FIELD_C4 | LINE_FIELD_C6 | LINE_FIELD_C8 | LINE_FIELD_DTTM_A | LINE_FIELD_DTTM_B | LINE_FIELD_DTTM_C | LINE_FIELD_DTTM_D | LINE_FIELD_N11_A | LINE_FIELD_N11_B | LINE_FIELD_N11_C | LINE_FIELD_N11_D | LINE_FIELD_N15_A | LINE_FIELD_N15_B | LINE_FIELD_N15_C | LINE_FIELD_N15_D | LOAD_ID | LOCATION | LOT_ALLOC_FLG | MAX_PICK_TOLERANCE | NET_UNIT_PRICE | OMB_PROCESS_DATE | OM_FLG | OPERATING_UNIT | OPTIONAL_SHIP | ORDER_INT_LINE_NO | ORDER_NO | ORIG_BU | ORIG_INV_ITEM_ID | ORIG_OPRID | ORIG_SCHED_DTTM | ORIG_UOM | PACKAGING_CD | PARENT_PROD_ID | PARTIAL_ORDER_FLAG | PARTIAL_QTY_FLAG | PEG_STATUS | PICK_BATCH_ID | PICK_CONFIRM_DTTM | PICK_DTTM | PICKLIST_LINE_NO | PICKLIST_PRINTED | PICK_RELEASE_ID | POST_SHIP_INSTANCE | PREF_CARRIER_FLAG | PRICE_MARKUP_PCT | PRICE_PO | PRIORITY_NBR | PRIORITY_SHIP_FROM | PRODUCT | PRODUCT_ID | PROGRAM_CODE | PROJECT_ID | PRO_NUMBER | PSSH_NONOWN_FLAG | PUB_PROCESS_INST | QTY_ALLOCATED | QTY_ALLOC_BASE | QTY_BACKORDER | QTY_BACKORDER_BASE | QTY_CODE | QTY_PACK_BASE | QTY_PER | QTY_PICK_BASE | QTY_PICKED | QTY_PICK_OVR_BASE | QTY_PICK_OVRIDE | QTY_PROMISED_BASE | QTY_REQUESTED | QTY_REQUESTED_BASE | QTY_SHIP_BASE | QTY_SHIPPED | QTY_SHIPPED_CONV | QTY_VERIFY_MSG | REASON_CD | RECV_SHIP_SEQ_NBR | RELEASE_INSTANCE | REPLACEMENT_FLG | REQ_DISTRIB_NBR | REQ_ID | REQ_LINE_NBR | REQ_SCHED_NBR | REQUEST_DATE | RESERVED_DTTM | RESERVE_STATUS | RESOURCE_CATEGORY | RESOURCE_SUB_CAT | RESOURCE_TYPE | ROUTE_CD | ROUTE_STOP_NBR | RTV_DISTRIB_NUM | RTV_ID | RTV_LN_NBR | SCHED_ARRV_DTTM | SCHED_DTTM | SCHED_LINE_NBR | SDN_PUBLISH_DATE | SHIP_CUST_NAME1 | SHIP_CUST_NAME2 | SHIP_DTTM | SHIP_EARLY_DTTM | SHIP_ID | SHIP_ID_EST | SHIP_LATE_DTTM | SHIP_LINE_NO | SHIPPED_MESSAGE | SHIPPING_PRINTED | SHIP_PRIOR_FLG | SHIP_PROCESS_TYP | SHIP_SHORT_WF_DONE | SHIP_TO_CUST_ID | SHIP_TYPE_ID | SHIP_UOM_CONV_FLAG | SINGLE_SHIP_FLAG | SOURCE_BUS_UNIT | SPEEDTYPE_KEY | STOCK_DTTM | STORAGE_AREA | STOR_LEVEL_1 | STOR_LEVEL_2 | STOR_LEVEL_3 | STOR_LEVEL_4 | SUP_PEG_STATUS | TARGET_INVOICE | TAX_CD_VAT | TAX_EXEMPT_FLG | TMS_EXT_REF_ID | TMS_EXT_REF_LN_NBR | TMS_LOAD_STP_NBR | TMS_PROCESS_FLG | TRANSFER_CALC_TYPE | TRANSFER_COST | TRANSFER_COST_DEST | TRANSFER_YIELD | UNIT_MEASURE_SHIP | UNIT_MEASURE_VOL | UNIT_MEASURE_WT | UNIT_OF_MEASURE | UPDATE_RESTRCT_LVL | VAT_APPLICABILITY | VAT_TXN_TYPE_CD | VMI_DESTIN_SHIPTO | VMI_OM_BU | VMI_ORDER_LINK,Supply Chain / Logistique / Production,0.5,"['Supply Chain / Logistique / Production', 'Finance & Contrôle']",coin_flip_reject
1040214,SYSADM.PS_IN_DP_TR2_TM2,PS_IN_DP_TR2_TM2,ADJUST_TYPE | BCT_SOURCE | BUDGET_DT | BUSINESS_UNIT | BUSINESS_UNIT_PO | CONSIGNED_FLAG | CONTAINER_ID | CONVERSION_RATE | COSTED_FLAG | COUNTING_EVENT_ID | CURRENCY_CD | CURRENCY_CD_DEST | DEMAND_LINE_NO | DEMAND_SOURCE | DESTIN_BU | DESTIN_GL_BU | DISTRIB_LINE_NUM | DISTRIB_SEQ_NUM | DISTRIB_TYPE | DOCUMENT_ID | DT_TIMESTAMP | EIP_CTL_ID | EIP_TRANS_SRC | EXPORT | FROM_PRDN_AREA | FROM_PRDN_ID | FROM_PRDN_TYPE | INSPECTION_ID | INTERUNIT_ID | INTERUNIT_LINE | INV_ITEM_ID | INV_LOT_ID | INV_STOCK_TYPE | IST_RETURN_FLG_IUT | IST_TXN_FLG | JOB_INSTANCE | LAST_PURCH_DATE | MA_PRDN_ID_FLG | NON_COST_FLAG | NON_OWN_FLAG | OPRID | OP_SEQUENCE | ORDER_INT_LINE_NO | ORDER_NO | PO_DT | PO_ID | PRDN_AREA_CODE | PRICE_PO | PROCESS_FLAG | PROCESS_INSTANCE | PROCESS_STATUS | PRODUCTION_ID | PRODUCTION_TYPE | PURCH_LOT_ID | QTY | QTY_BASE | QTY_FLG | QTY_SHIP_BASE | QTY_SHIPPED | REASON_CD | RECEIPT_TYPE | RECEIVER_ID | RECV_LN_NBR | RECV_SHIP_SEQ_NBR | REPLACEMENT_FLG | REQ_DISTRIB_NBR | REQ_ID | REQ_LINE_NBR | REQ_SCHED_NBR | RMA_ID | RMA_LINE_NBR | RTV_DISTRIB_NUM | RTV_ID | RTV_LN_NBR | SCHED_LINE_NBR | SEQ_NBR | SEQ_NBR_6 | SERIAL_ID | SF_KANBAN_ID | SHIP_ID | SOURCE_BUS_UNIT | STAGED_DATE | STAGED_TYPE | STATISTICS_CODE | STORAGE_AREA | STORAGE_CODE | STOR_LEVEL_1 | STOR_LEVEL_2 | STOR_LEVEL_3 | STOR_LEVEL_4 | TO_CONSIGNED_FLG | TO_CONTAINER_ID | TO_NON_OWN_FLG | TO_PRDN_AREA | TO_PRDN_ID | TO_PRDN_TYPE | TO_STORAGE_AREA | TO_STOR_LEVEL_1 | TO_STOR_LEVEL_2 | TO_STOR_LEVEL_3 | TO_STOR_LEVEL_4 | TO_UOM | TRANSACTION_CODE | TRANSACTION_DATE | TRANSACTION_GROUP | TRANSACTION_SOURCE | TRANSFER_CALC_TYPE | TRANSFER_COST | TRANSFER_COST_DEST | UNIT_MEASURE_SHIP | UNIT_MEASURE_STD | UNIT_OF_MEASURE | VENDOR_ID | WT_AVE_COST,Supply Chain / Logistique / Production,0.5,"['Supply Chain / Logistique / Production', 'Finance & Contrôle']",coin_flip_reject
1041125,SYSADM.PS_IN_FL_GBU_TAO,PS_IN_FL_GBU_TAO,BUSINESS_UNIT | PROCESS_INSTANCE | SETID_BUD_REF | SETID_CF1 | SETID_CF2 | SETID_CF3 | SETID_CLASS | SETID_DEPT | SETID_FUND | SETID_OPER_UNIT | SETID_PRODUCT | SETID_PROGRAM,Finance & Contrôle,0.5,"['Finance & Contrôle', 'IT & Sécurité']",coin_flip_reject
1041770,SYSADM.PS_IN_FL_MSI_TAO,PS_IN_FL_MSI_TAO,ALLOW_SUB_ITEM_FLG | BCKORDR_CNCL_FLAG | BUSINESS_UNIT | IN_LINE_BO_RULE | IN_LINE_RESV_RULE | IN_LN_RESV_BO_RULE | INV_ITEM_ID | PARTIAL_QTY_FLAG | PROCESS_INSTANCE | SOFT_ALLOC_FLG,Supply Chain / Logistique / Production,0.5,"['IT & Sécurité', 'Supply Chain / Logistique / Production']",coin_flip_reject
1041780,SYSADM.PS_IN_FL_MSR_TAO,PS_IN_FL_MSR_TAO,ACCOUNT | ACTIVITY_ID | ADDRESS_SEQ_NUM | ADDR_OVRD_LEVEL | AFFILIATE | AFFILIATE_INTRA1 | AFFILIATE_INTRA2 | ALLOW_OVERPICK_FLG | ALLOW_SUB_ITEM_FLG | ALTACCT | ANALYSIS_TYPE | APPROVED_FLAG | BACKORDER_CREATED | BCKORDER_FLAG | BCKORDR_CNCL_FLAG | BUDGET_DT | BUDGET_REF | BUSINESS_UNIT | BUSINESS_UNIT_PC | BUSINESS_UNIT_PO | CARRIER_ID | CARTON_PRINTED | CHARGE_FLAG | CHARTFIELD1 | CHARTFIELD2 | CHARTFIELD3 | CLASS_FLD | COMBO_VALID_FLG | CONFIG_CODE | CONFIRMED_FLAG | CONVERSION_RATE | COSTED_FLAG | CURRENCY_CD | CURRENCY_CD_DEST | CUST_ID | CUST_NAME | DATE_LAST_MAINT | DEMAND_DATE | DEMAND_LINE_NO | DEMAND_SOURCE | DEPLETE_INV_FLG | DEPTID | DESTIN_BU | DESTIN_GL_BU | DIRECT_INVOICING | DISTRIB_FLAG | DISTRIB_TYPE | DTL_SEQ_NBR | DT_TIMESTAMP | EDI_DT_TIME | EIP_CTL_ID | EXPORT | FERC_CD | FORM_DISTRIB_STAT | FREIGHT_TERMS | FROZEN_FLG | FRT_CHRG_OVERRIDE | FULFILL_FLAG | FUND_CODE | GRP_SEQ_NBR | HARD_ALLOC_FLAG | HOLD_CD | HOLD_FLAG | IN_DEFER_DEPLETION | IN_FULFILL_STATE | IN_LINE_BO_RULE | IN_LINE_RESV_RULE | IN_LN_RESV_BO_RULE | IN_ORDER_RESV_RULE | INTERCOMPANY_FLG | INTERUNIT_FLG | INTERUNIT_ID | INTERUNIT_INSERT | INTERUNIT_STAT | INTERUNIT_VAL_FLAG | IN_TPRC_OVRD_FLAG | INV_ITEM_ID | IN_ZERO_PICKED_FLG | IST_DISTRIB_STATUS | IST_RETURN_FLG_IUT | IST_TXN_FLG | LAST_MAINT_OPRID | LAST_PROCESS_INST | LINE_FIELD_C10_A | LINE_FIELD_C10_B | LINE_FIELD_C10_C | LINE_FIELD_C10_D | LINE_FIELD_C1_A | LINE_FIELD_C1_B | LINE_FIELD_C1_C | LINE_FIELD_C1_D | LINE_FIELD_C2 | LINE_FIELD_C30_A | LINE_FIELD_C30_B | LINE_FIELD_C30_C | LINE_FIELD_C30_D | LINE_FIELD_C4 | LINE_FIELD_C6 | LINE_FIELD_C8 | LINE_FIELD_DTTM_A | LINE_FIELD_DTTM_B | LINE_FIELD_DTTM_C | LINE_FIELD_DTTM_D | LINE_FIELD_N11_A | LINE_FIELD_N11_B | LINE_FIELD_N11_C | LINE_FIELD_N11_D | LINE_FIELD_N15_A | LINE_FIELD_N15_B | LINE_FIELD_N15_C | LINE_FIELD_N15_D | LOAD_ID | LOCATION | LOT_ALLOC_FLG | MAX_PICK_TOLERANCE | OM_FLG | OPERATING_UNIT | ORDER_INT_LINE_NO | ORDER_NO | ORIG_BU | ORIG_INV_ITEM_ID | ORIG_OPRID | ORIG_SCHED_DTTM | ORIG_UOM | PACKAGING_CD | PARTIAL_ORDER_FLAG | PARTIAL_QTY_FLAG | PASS_THROUGH_LEVEL | PEG_STATUS | PHYSICAL_NATURE | PICK_CONFIRM_DTTM | PICK_DTTM | PICKLIST_PRINTED | PRICE_MARKUP_FLG | PRICE_MARKUP_PCT | PRICE_PO | PRIORITY_NBR | PROCESS_INSTANCE | PRODUCT | PROGRAM_CODE | PROJECT_ID | PROMISE_OPTION | PSSH_NONOWN_FLAG | QTY_REQUESTED | QTY_REQUESTED_BASE | QTY_VERIFY_MSG | REASON_CD | RECV_SHIP_SEQ_NBR | REPLACEMENT_FLG | REQUEST_DATE | REQUEST_TYPE | RESERVED_DTTM | RESERVE_STATUS | RESOURCE_CATEGORY | RESOURCE_SUB_CAT | RESOURCE_TYPE | ROUTE_CD | ROUTE_STOP_NBR | RTV_DISTRIB_NUM | RTV_ID | RTV_LN_NBR | SCHED_ARRV_DTTM | SCHED_DTTM | SCHED_LINE_NBR | SHIP_CUST_NAME1 | SHIP_CUST_NAME2 | SHIP_DTTM | SHIP_EARLY_DTTM | SHIP_ID | SHIP_LATE_DTTM | SHIPPED_MESSAGE | SHIPPING_PRINTED | SHIP_PRIOR_FLG | SHIP_SHORT_WF_DONE | SHIP_TO_CUST_ID | SHIP_TYPE_ID | SHIP_UOM_CONV_FLAG | SINGLE_SHIP_FLAG | SOFT_ALLOC_FLG | SOURCE_BUS_UNIT | SPEEDTYPE_KEY | STORAGE_AREA | STOR_LEVEL_1 | STOR_LEVEL_2 | STOR_LEVEL_3 | STOR_LEVEL_4 | SUP_PEG_STATUS | TAX_EXEMPT_FLG | TRANSACTION_CODE | TRANSFER_CALC_TYPE | TRANSFER_COST | TRANSFER_YIELD | UNIT_MEASURE_STD | UNIT_OF_MEASURE | VMI_DESTIN_SHIPTO | VMI_OM_BU,Achats & Fournisseurs,0.5,"['Achats & Fournisseurs', 'Finance & Contrôle']",coin_flip_reject
1042726,SYSADM.PS_IN_ITM_SRCH_LST,PS_IN_ITM_SRCH_LST,ITM_CHG_REC_LIST | OPRID | RECNAME | RUN_CNTL_ID,IT & Sécurité,0.5,"['Other', 'IT & Sécurité']",coin_flip_reject
1042772,SYSADM.PS_IN_IT_PURGE_TMP,PS_IN_IT_PURGE_TMP,BUSINESS_UNIT | INV_ITEM_ID | MESSAGE_NBR | MESSAGE_SET_NBR | SETID,IT & Sécurité,0.5,"['IT & Sécurité', 'Supply Chain / Logistique / Production']",coin_flip_reject
1042780,SYSADM.PS_IN_KIT_EXPL_MSG,PS_IN_KIT_EXPL_MSG,BUSINESS_UNIT | DEMAND_LINE_NO | DEMAND_SOURCE | INV_ITEM_ID | MESSAGE_NBR | MESSAGE_PARM1 | MESSAGE_PARM2 | MESSAGE_PARM3 | MESSAGE_PARM4 | MESSAGE_PARM5 | MESSAGE_PARM6 | MESSAGE_SET_NBR | ORDER_INT_LINE_NO | ORDER_NO | PROCESS_INSTANCE | SCHED_LINE_NBR | SOURCE_BUS_UNIT,Supply Chain / Logistique / Production,0.5,"['IT & Sécurité', 'Supply Chain / Logistique / Production']",coin_flip_reject
1042905,SYSADM.PS_IN_PEGINS_TAO,PS_IN_PEGINS_TAO,BUSINESS_UNIT | BUSINESS_UNIT_SUP | DEMAND_LINE_NO | DEMAND_LINE_SUP | DEMAND_SOURCE | DISTRIB_LINE_NUM | DMD_DTTM | DMD_OPEN_QTY | DMD_ORDER_TYPE | HARD_PEG | INV_ITEM_ID | LINE_NBR | OP_SEQUENCE | ORDER_INT_LINE_NO | ORDER_INT_LINE_SUP | ORDER_NO | ORDER_NO_SUP | PEG_CREATED | PO_ID | PROCESS_INSTANCE | PRODUCTION_ID | QTY_PEGGED | REQ_ID | SCHED_LINE_NBR | SCHED_LINE_SUP | SCHED_NBR | SEQ_NUM | SOURCE_BUS_UNIT | SOURCE_BU_SUP | SUP_DTTM | SUP_OPEN_QTY | SUP_ORDER_TYPE,Supply Chain / Logistique / Production,0.5,"['Achats & Fournisseurs', 'Supply Chain / Logistique / Production']",coin_flip_reject
1042915,SYSADM.PS_IN_PEG_PTWY_TMP,PS_IN_PEG_PTWY_TMP,DEMAND_HASH | DMD_ORDER_TYPE | IN_PEG_ACTION | JOBINSTANCE | MESSAGE_NBR | PEG_STATUS | PROCESS_INSTANCE | QTY_COMPLETE | QTY_RECEIVED | QTY_RESERVED | SUP_ORDER_TYPE | SUPPLY_HASH,Supply Chain / Logistique / Production,0.5,"['Supply Chain / Logistique / Production', 'IT & Sécurité']",coin_flip_reject
1042918,SYSADM.PS_IN_PEGUPD_AET,PS_IN_PEGUPD_AET,BUSINESS_UNIT | BUSINESS_UNIT2 | COUNTER | DEMAND_HASH | DEMAND_LINE_NO | DEMAND_SOURCE | DISTRIB_LINE_NUM | DISTRIB_LINE_NUM2 | DMD_DTTM | DMD_OPEN_QTY | DMD_ORDER_TYPE | DUE_DTTM | EOEN_CATEGORY | EOEN_PRCS_NAME | EWN_CATEGORY | EWN_PRCS_NAME | HARD_PEG | IN_PEG_ACTION | IN_PEG_CALL_FROM | IN_PEG_EMAIL_GROUP | INVENTORY_ITEM | INV_ITEM_ID | JOB_INSTANCE | JOBINSTANCE | LINE_NBR | LINE_NBR2 | MESSAGE_NBR | MG_NEW_OUTPUT_QTY | MG_OUTPUT_ITEM | MG_OUTPUT_QTY_CODE | MG_OUTPUT_TYPE | MG_PEGNOTIFY_FLG | MY_ORDER_TYPE | OP_SEQUENCE | ORDER_INT_LINE_NO | ORDER_NO | ORIG_DUE_DTTM | ORIG_SCHED_DTTM | PEG_ORDER_TYPE | PEG_ORDER_TYPE1 | PEG_ORDER_TYPE2 | PEG_STATUS | PO_ID | PROCESS_FLAG | PROCESS_INSTANCE | PRODUCTION_ID | QTY_2 | QTY_COMPLETE | QTY_PEGGED | QTY_PO | QTY_RECEIVED | QTY_REQ | QTY_REQUESTED_BASE | QTY_RESERVED | REQ_ID | RES_LN_NBR | RSRC_TYPE | SCHED_DTTM | SCHED_LINE_NBR | SCHED_NBR | SCHED_NBR2 | SOURCE_BUS_UNIT | SUP_DTTM | SUP_OPEN_QTY | SUP_ORDER_TYPE | SUPPLY_HASH | TRFT_DISPOSITION | UPDATE_MY_STATUS | WO_ID | WO_TASK_ID,Supply Chain / Logistique / Production,0.5,"['Supply Chain / Logistique / Production', 'IT & Sécurité']",coin_flip_reject
1042989,SYSADM.PS_IN_PRCSN_RECS,PS_IN_PRCSN_RECS,ITEM_FIELDNAME | OBJECTOWNERID | QTY_FIELDNAME | RECNAME | SETID_BU_DRIVEN | UOM_FIELDNAME,Supply Chain / Logistique / Production,0.5,"['IT & Sécurité', 'Supply Chain / Logistique / Production']",coin_flip_reject
1042998,SYSADM.PS_INPVVALD_STDT_T,PS_INPVVALD_STDT_T,BUSINESS_UNIT | PROCESS_INSTANCE | QTY_BASE | QTY_RESERVED_BASE | STAGED_DATE,Supply Chain / Logistique / Production,0.5,"['IT & Sécurité', 'Supply Chain / Logistique / Production']",coin_flip_reject
1043347,SYSADM.PS_IN_RULE_DTL,PS_IN_RULE_DTL,BACKORDER_ACTION | BACKORDER_ACTION2 | BACKORDER_ACTION3 | DTL_SEQ_NBR | HOLD_FLAG | MESSAGE_TEXT | NOTIFY | RESERVED_FLAG | RULE_CD | RULE_TYPE | SHIP_BCKORDR_ACTN | SHIP_BCKORDR_ACTN2,Supply Chain / Logistique / Production,0.5,"['Supply Chain / Logistique / Production', 'IT & Sécurité']",coin_flip_reject
1043409,SYSADM.PS_IN_SDWC_HLD_CTX,PS_IN_SDWC_HLD_CTX,BUSINESS_UNIT | CURRENCY_CD | DEMAND_LINE_NO | DEMAND_SOURCE | EMAIL_ADDRESS | EOEC_UL_ID | EOEN_CATEGORY | EOEN_EMAIL_GROUP | EOEN_EMAIL_SUBJECT | EOEN_LAST_DTTIME | EOEN_NOTIFY_TO | EOEN_PRCS_NAME | EXTENDED_NET_PRICE | HOLD_CD | IN_PROCESS_DATE | IN_SDWC_HASH_KEY | INV_ITEM_ID | ORDER_INT_LINE_NO | ORDER_NO | PROD_COMPONENT_ID | QRYNAME | QTY_SHIPPED | SCHED_LINE_NBR | SCHED_SHIP_DATE | SEQ_NBR_EOEN | SEQ_NUM | SOURCE_BUS_UNIT | TOTAL_QTY,Supply Chain / Logistique / Production,0.5,"['Ventes & Clients', 'Supply Chain / Logistique / Production']",coin_flip_reject
1043413,SYSADM.PS_IN_SDWC_NIV_CTX,PS_IN_SDWC_NIV_CTX,BUSINESS_UNIT | CURRENCY_CD | DEMAND_LINE_NO | DEMAND_SOURCE | EMAIL_ADDRESS | EOEC_UL_ID | EOEN_CATEGORY | EOEN_EMAIL_GROUP | EOEN_EMAIL_SUBJECT | EOEN_LAST_DTTIME | EOEN_NOTIFY_TO | EOEN_PRCS_NAME | EXTENDED_NET_PRICE | IN_PROCESS_DATE | IN_SDWC_HASH_KEY | INV_ITEM_ID | ORDER_INT_LINE_NO | ORDER_NO | QRYNAME | QTY_SHIPPED | SCHED_LINE_NBR | SEQ_NBR_EOEN | SOURCE_BUS_UNIT | TOTAL_QTY,Supply Chain / Logistique / Production,0.5,"['Finance & Contrôle', 'Supply Chain / Logistique / Production']",coin_flip_reject
1043484,SYSADM.PS_INSTALLATION_TE,PS_INSTALLATION_TE,COUNTRY | TE_CNTRL_DAYS | TE_CURR_OVRD | TE_EXP_DAYS | TE_FILTER_SYNC | TE_LOCATION_MAX | TE_PROJECT_MAX | TE_TIME_DAYS,IT & Sécurité,0.5,"['IT & Sécurité', 'Other']",coin_flip_reject
1043493,SYSADM.PS_INSTALL_RES_WM,PS_INSTALL_RES_WM,EMPL_ORG_RECNAME | ORG_FIELDNAME | ORG_RECNAME | TREE_NAME,IT & Sécurité,0.5,"['IT & Sécurité', 'RH']",coin_flip_reject
1043522,SYSADM.PS_INTFC_APAM_RQST,PS_INTFC_APAM_RQST,BUSINESS_UNIT | BUSINESS_UNIT_LAST | CNTRCT_ID | CNTRCT_SETID | COMMIT_STEP | COMMIT_STEP_FLG | COMMIT_TEST | DTTM_STAMP_SEC | DUP_INVOICE_EDIT | EDIT_LOG_FLG | EDIT_STEP | GOTO_RUN_STATS | GRP_AP_ID | LAST_PRCS_INSTANCE | OPRID | ORIGIN | ORIGIN_SETID | PARALLEL_SW | PROCESS_INSTANCE | PROCESS_ORIGIN | PROCESS_STATUS | REASONABLE_DT_EDIT | REQUEST_ID | RUN_CNTL_ID | VENDOR_ID | VENDOR_SETID | VOUCHER_ID,Finance & Contrôle,0.5,"['Finance & Contrôle', 'Achats & Fournisseurs']",coin_flip_reject
1043687,SYSADM.PS_INTFC_PROJ_ACT,PS_INTFC_PROJ_ACT,ACCOUNT | ACCT_CD | ACTIVITY_ID | ACTUAL_PUB_DATE | AFFILIATE | AFFILIATE_INTRA1 | AFFILIATE_INTRA2 | ALTACCT | APPRV_PRCS_DTTM | BILLABLE_IND | BUDGET_REF | BUSINESS_UNIT | BUSINESS_UNIT_GL | BUSINESS_UNIT_PC | BUSINESS_UNIT_PF | CHARTFIELD1 | CHARTFIELD2 | CHARTFIELD3 | CLASS_FLD | COMPANY | COMP_RATECD | COUNTRY | CURRENCY_CD | CURRENCY_CD2 | CUSTOMER | DEPTID | DEPTID_CA | DILUTED_GROSS | DUR | EMPLID | EMPL_RCD | EST_GROSS | FROZEN_DATE | FROZEN_SW | FUND_CODE | JOBCODE | LBR_DIST_AMT | LOCALITY | LOCATION | MSGNODENAME | OPERATING_UNIT | OPRID | ORIG_SEQ_NBR | OVERRIDE_RATE | PAYABLE_STATUS | PAYROLL_REQ_NUM | PAY_SYSTEM | PC_DISTRIB_STATUS | POSITION_NBR | PROCESS_INSTANCE | PRODUCT | PROGRAM_CODE | PROJECT_ID | PUBLISH_SW | RECORD_ONLY_ADJ | RESOURCE_CATEGORY | RESOURCE_SUB_CAT | RESOURCE_TYPE | SEQ_NBR | SETID_ACTIVITY | SETID_DEPT | SETID_JOBCODE | SETID_LOCATION | SETID_RESOURCE | SHIFT_ID | SOURCE_IND | STATE | TASK | TASK_PRFL_TMPLT_ID | TL_QUANTITY | TL_TIME_TO_PAY | TRC | TRC_TYPE | UNIT_OF_MEASURE | USER_FIELD_1 | USER_FIELD_2 | USER_FIELD_3 | USER_FIELD_4 | USER_FIELD_5,Finance & Contrôle,0.5,"['Finance & Contrôle', 'RH']",coin_flip_reject
1043702,SYSADM.PS_INTFC_TEAM_TAO,PS_INTFC_TEAM_TAO,ACTIVITY_ID | ACTIVITY_OBJECTID | ASSET_SUBTYPE | ASSET_TYPE | ASSGND_WORK | AVAIL_UNITS | BASELINE_WORK | BILL_CURRENCY_CD | BILL_RATE | BILL_RATE_TYPE_1 | BUSINESS_UNIT | BUSINESS_UNIT_AM | COST_RATE | CURRENCY_CD | INTFC_STATUS | LOAD_STATUS | MFG_ID | MODEL | P6_MERGED_ASSIGNMT | P6_TSKRS_GUID | PC_BUDGET_ITEM | PGM_RATE_TYPE | PLAN_ENDDT | PLAN_STARTDT | PROCESS_INSTANCE | PROJECT_ID | PROJECT_OBJECTID | PROJ_ROLE | RESASSIGN_OBJECTID | SOURCE_FLAG | TEAM_MEMBER | TEAM_MEMBER_CLASS | TEAM_MEMBER_IND | UNIT_OF_MEASURE,RH,0.5,"['RH', 'IT & Sécurité']",coin_flip_reject
1043708,SYSADM.PS_IN_TM_DEFN_FLD,PS_IN_TM_DEFN_FLD,DESCR254 | EDITTABLE | FIELDNAME | FIELDTYPE | IN_TM_APPEND_ROW | IN_TM_CATEGORY | IN_TM_CODE | IN_TM_FLD_DISPLAY | IN_TM_LST_FFLDNAME | IN_TM_LST_TFLDNAME | IN_TM_PRMT_FLDNAME | IN_TM_SHOW_TOFLG | IN_TM_SUB_CATEGORY | IN_TM_WHER_FLDNAME | IN_TM_XLATLONGNAME | LABEL_ID | LENGTH | REQUIRED_FIELD | SORT_SEQ_NBR | VALUE_REQUIRED,IT & Sécurité,0.5,"['Other', 'IT & Sécurité']",coin_flip_reject
1043714,SYSADM.PS_IN_TM_OPR_FLD_X,PS_IN_TM_OPR_FLD_X,FIELDNAME | FIELDVALUE | IN_TM_CATEGORY | IN_TM_CODE | IN_TM_SUB_CATEGORY | LINE_NO | TEMPLATE_ID,IT & Sécurité,0.5,"['IT & Sécurité', 'Other']",coin_flip_reject
1043901,SYSADM.PS_IN_USG1_TAO,PS_IN_USG1_TAO,BUSINESS_UNIT | CATEGORY_ID | INV_ITEM_ID | LAST_UPDATE_DTTM | PROCESS_INSTANCE | QTY_ORDERED | SOURCE_ID,Supply Chain / Logistique / Production,0.5,"['Supply Chain / Logistique / Production', 'IT & Sécurité']",coin_flip_reject
1043973,SYSADM.PS_INV_BC_ERR_WL,PS_INV_BC_ERR_WL,ACTIVITYNAME | BCT_SOURCE | BCT_STATUS | BUSINESS_UNIT | BUSPROCNAME | DT_TIMESTAMP | EIP_CTL_ID | EVENTNAME | INSTANCEID | OPRID | TRANSACTION_CODE | TRANSACTIONID | TRANS_PROGRAM | WORKLISTNAME,IT & Sécurité,0.5,"['IT & Sécurité', 'Finance & Contrôle']",coin_flip_reject
1043998,SYSADM.PS_INV_CHG_TMP,PS_INV_CHG_TMP,ACCOUNT | ACTIVITY_ID | ADDRESS1 | ADDRESS2 | ADDRESS3 | ADDRESS4 | ADDRESS_SEQ_NUM | ADDR_FIELD1 | ADDR_FIELD2 | ADDR_FIELD3 | ADDR_OVRD_LEVEL | AFFILIATE | AFFILIATE_INTRA1 | AFFILIATE_INTRA2 | ALLOW_OVERPICK_FLG | ALLOW_SUB_ITEM_FLG | ALTACCT | ANALYSIS_TYPE | APPROVED_FLAG | AUTO_TYPE | BCKORDER_FLAG | BCKORDR_CNCL_FLAG | BUDGET_REF | BUSINESS_UNIT | BUSINESS_UNIT_PC | CANCEL_FLAG | CARRIER_ID | CARTON_PRINTED | CHANGE_DEMAND_LINE | CHARGE_CODE | CHARGE_FLAG | CHARTFIELD1 | CHARTFIELD2 | CHARTFIELD3 | CITY | CLASS_FLD | CNTCT_SEQ_SHIP | CNTRCT_ID | COMBO_VALID_FLG | CONFIG_CODE | CONFIRMED_FLAG | COUNTRY | COUNTRY_CODE | COUNTY | CURRENCY_CD | CUST_CONTACT | CUST_ID | CUST_NAME | CUSTODIAN | DATE_LAST_MAINT | DEMAND_DATE | DEMAND_LINE_NO | DEMAND_SOURCE | DEPLETE_INV_FLG | DEPTID | DESCR254 | DESTIN_BU | DESTIN_GL_BU | DETAILS_PB | DIRECT_INVOICING | DISTRIB_TYPE | DP_KIT_PARENT_QTY | DP_KIT_PARENT_UOM | DT_TIMESTAMP | EMAILID | EXPORT | EXP_RETURN_DATE | EXTENSION | EXT_REF_LN_NBR | EXT_REF_NBR | FAX | FERC_CD | FREIGHT_TERMS | FROZEN_FLG | FULFILL_FLAG | FUND_CODE | GEO_CODE | HARD_ALLOC_FLAG | HOLD_CD | HOLD_FLAG | HOUSE_TYPE | IN_CITY_LIMIT | IN_FULFILL_STATE | IN_KIT_PROTECTED | IN_LINE_BO_RULE | IN_LINE_RESV_RULE | IN_LN_RESV_BO_RULE | IN_ORDER_RESV_RULE | IN_PROCESS_DATE | INTERUNIT_FLG | INTERUNIT_ID | INTERUNIT_LINE | INTERUNIT_STAT | IN_TPRC_OVRD_FLAG | INV_ITEM_ALIAS | INV_ITEM_ID | IST_TXN_FLG | KIT_LINE_NBR | LAST_MAINT_OPRID | LINE_FIELD_C10_A | LINE_FIELD_C10_B | LINE_FIELD_C10_C | LINE_FIELD_C10_D | LINE_FIELD_C1_A | LINE_FIELD_C1_B | LINE_FIELD_C1_C | LINE_FIELD_C1_D | LINE_FIELD_C2 | LINE_FIELD_C30_A | LINE_FIELD_C30_B | LINE_FIELD_C30_C | LINE_FIELD_C30_D | LINE_FIELD_C4 | LINE_FIELD_C6 | LINE_FIELD_C8 | LINE_FIELD_DTTM_A | LINE_FIELD_DTTM_B | LINE_FIELD_DTTM_C | LINE_FIELD_DTTM_D | LINE_FIELD_N11_A | LINE_FIELD_N11_B | LINE_FIELD_N11_C | LINE_FIELD_N11_D | LINE_FIELD_N15_A | LINE_FIELD_N15_B | LINE_FIELD_N15_C | LINE_FIELD_N15_D | LOAD_ID | LOCATION | LOT_ALLOC_FLG | MAX_PICK_TOLERANCE | NUM1 | NUM2 | OMB_PROCESS_DATE | OPERATING_UNIT | OPTIONAL_SHIP | ORDER_INT_LINE_NO | ORDER_NO | ORIG_BU | ORIG_INV_ITEM_ID | ORIG_OPRID | ORIG_SCHED_DATE | ORIG_SCHED_TIME | PACKAGING_CD | PARENT_PROD_ID | PARTIAL_ORDER_FLAG | PARTIAL_QTY_FLAG | PEG_STATUS | PHONE | PICK_BATCH_ID | PICK_DATE | PICKLIST_LINE_NO | POSTAL | PRICE_MARKUP_PCT | PRIORITY_NBR | PRODUCT | PRODUCT_ID | PROGRAM_CODE | PROJECT_FLG | PROJECT_ID | PUB_PROCESS_INST | QTY_ALLOCATED | QTY_ALLOC_BASE | QTY_BACKORDER | QTY_BACKORDER_BASE | QTY_CODE | QTY_COUNT | QTY_DELTA_BASE | QTY_NEW | QTY_NEW_BASE | QTY_PACK_BASE | QTY_PARENT_ORD | QTY_PER | QTY_PICKED | QTY_PICK_OVRIDE | QTY_REQUESTED | QTY_REQUESTED_BASE | QTY_SHIPPED | QTY_SHIPPED_CONV | REASON_CD | RECORD_COUNT | RECORD_IDENTIFIER | RECV_SHIP_SEQ_NBR | REQ_DISTRIB_NBR | REQ_ID | REQ_LINE_NBR | REQ_SCHED_NBR | REQUEST_DATE | RESERVED_DATE | RESERVED_FLAG | RESERVE_STATUS | RESOURCE_CATEGORY | RESOURCE_SUB_CAT | RESOURCE_TYPE | ROUTE_CD | ROUTE_STOP_NBR | SCHED_ARRV_DATE | SCHED_ARRV_DTTM | SCHED_ARRV_TIME | SCHED_DATE | SCHED_DTTM | SCHED_LINE_NBR | SCHED_TIME | SELECT_CB | SHIP_CUST_NAME1 | SHIP_CUST_NAME2 | SHIP_EARLY_DATE | SHIP_EARLY_DTTM | SHIP_EARLY_TIME | SHIP_ID | SHIP_LATE_DATE | SHIP_LATE_DTTM | SHIP_LATE_TIME | SHIPPED_FLAG | SHIPPING_PRINTED | SHIP_PRIOR_FLG | SHIP_TO_CUST_ID | SHIP_TYPE_ID | SINGLE_SHIP_FLAG | SOURCE_BUS_UNIT | STATE | SUP_PEG_STATUS | TAX_EXEMPT_FLG | TRANSFER_CALC_TYPE | TRANSFER_COST | TRANSFER_YIELD | UNIT_OF_MEASURE | USE_ROUTE_FLAG,Supply Chain / Logistique / Production,0.5,"['Supply Chain / Logistique / Production', 'Finance & Contrôle']",coin_flip_reject
1044010,SYSADM.PS_INV_FUL_AET,PS_INV_FUL_AET,ACTIONNAME | AE_APPLID | AE_SECTION | ALL_BU | ALLOC_LEAD_DAYS | AMOUNT_ACTION | ASC_DESC_FLAG | ASC_DESC_FLG2 | ASC_DESC_FLG3 | AUTO_BCK_APPROVE | AUTO_DIRINV_SEL | AUTO_PICK_FLAG | AUTO_PUTWY_SEL | AUTO_RELEASE_OPT | AUTO_SCHED_FLAG | BACKORDER_FLAG | BILL_OF_LADING | BILL_OF_LADING_FLG | BOL_BUILD_OPTION | BU_BAL_RPT | BUSINESS_UNIT | BUSINESS_UNIT_GL | CARRIER_ID | CARRIER_ID_FLG | CARTON_LABELS | CLEAR_OVERRIDES | COMMIT_COUNT | COMMIT_GROUP | COMMIT_LEVEL | COMPLETE_FLG | CONTAINER_OVERRIDE | COUNT_1 | COUNT_2 | COUNT_3 | COUNT_DTL_FL | COUNT_GRP_FL | COUNT_HDR_FL | COUNT_LINES | COUNT_LLS_FL | CRT_LBL_FILE_DIR | CRT_LBL_FILE_NAME | CRT_LBL_OVER_FILE | DELETE_CONTROL | DELETE_FLAG | DELIVERY_ID | DELIVERY_OPT | DEL_VALIDATE_OPT | DEMAND_LINE_NO | DEMAND_SOURCE | DEPL_DELIV_FLG | DESCR | DFLT_INV_LOT_ID | DFLT_SERIAL_ID | DFLT_STAGED_DATE | DISTRIB_TYPE | DOWNTIME_FLAG | DTL_SEQ_NBR | DTTM_FROM | DTTM_STAMP_SEC | DTTM_TO | DUMMY_FIELD | EIP_CTL_ID | EIP_CTL_ID_FROM | EIP_CTL_ID_TO | EIP_TRANS_SRC | EIP_TRANS_SRC_REF | ERROR_FLAG | ERROR_STATUS_BI | EXPORT | EXTRACT_FILE | EXTRACT_FILE_DIR | EXTRACT_FILE_NAME | EXTRACT_OVER_FILE | FERC_CD | FINAL_TRANS_CODE | FPB_ROLENAME | FPB_RTE_CNTL_TYPE | FPB_RTE_FROM_VALUE | FPB_RTE_TO_VALUE | FPB_WORKFLOW_FLG | FREIGHT_AMT | FREIGHT_AMT_FLG | FREIGHT_CALC_FLAG | FREIGHT_TERMS | FREIGHT_TERMS_FLG | FRT_ROLLUP_IND_RUN | FRT_TYPE_CODE | FULFILLMENT_LOC | FUL_LN_COUNT | GRP_SEQ_NBR | IN_ALLOC_RESERV | IN_ALLOW_SPLIT | IN_BEST_WAY_BTN | IN_EXCLUDE_RTV | IN_FL_TEMP_TBL_IND | IN_FRT_OPTION | IN_FRT_P_BILFRT | IN_FRT_P_CMPFRT | IN_FRT_P_MANFRT | INIT_AUTO_REL_OPT | INIT_FULFILL_LOC | INITIAL_TRANS_CODE | IN_KEEP_ALLOCATION | IN_KEEP_LOT_ALLOC | IN_KEEP_PRE_ALLOC | IN_KEEP_RESERV | IN_LOC_SELECT_BY | IN_MRK_CONFIRM_FLG | IN_ORD_REL_ACTION | IN_ORDREL_SELECT | IN_PICKPLAN | IN_PICK_QTY_OPTION | IN_PRINT_KIT_HDR | IN_PRINT_PICK_QTY | IN_RMV_SHP_ID | IN_RMV_SHP_SER | IN_SHRTG_RLS_FLG | IN_SINGLE_LOC | INV_CART_ID | INV_ITEM_ID | JOBNAME | LABEL_FORMAT_ID | LABEL_UOM | LANGUAGE_CD | LAST_BU | LAST_COMMIT_GROUP | LAST_INV_ITEM_ID | LAST_KIT_PROC_GRP | LAST_PRCS_GROUP | LAST_ROW | LAST_TRANS_CODE | LEAD_DAYS | LOAD_ID | MAX_GRP_ID_NBR | MAX_PULL_LINES | MAX_RETRIES | MAX_SEQ_NBR | MESSAGE_NBR | MESSAGE_PARM | MESSAGE_PARM2 | MESSAGE_PARM3 | MESSAGE_SET_NBR | MG | NUMBER_OF_LABELS | ONLINE_RES_FLAG | OPRID | OPRID2 | ORDER_INT_LINE_NO | ORDER_NO | ORDER_REL_OPTION | ORDER_REQUEST | OUTDEST | OUTDESTFORMAT | OUTDESTTYPE | PAGE_BREAK | PAGE_BREAK2 | PAGE_BREAK3 | PASS_THROUGH_LEVEL | PICK_ALL_OPTION | PICK_BATCH_BRK | PICK_BATCH_BRK2 | PICK_BATCH_BRK3 | PICKING_DT_FROM | PICKING_DT_OPTION | PICKING_DT_TO | PICKING_DT_TYPE | PICKING_LEAD_DAYS | PICKING_LEAD_TIME | PICKING_NOTES | PICKING_PLAN | PICKING_SORT | PICKING_SORT2 | PICKING_SORT3 | PICKING_TIEBREAKER | PICK_NOLOAD_FLG | PICK_PLAN_BY_UOM | PICK_PLAN_COMMIT | PICK_RELEASE_ID | PICK_SINGLE_OPTION | PICK_TIME_FROM | PICK_TIME_TO | PICK_TIME_UNTIL | PO | PRCSNAME | PRINT_BARCD | PRINT_BARCD_CTLFLG | PRINT_ITEM_SUBS | PRINT_LABEL_OPTION | PRINT_SUB_ITM_OPT | PROCESS_ERROR | PROCESS_FREQUENCY | PROCESSING_COUNT | PROCESSING_GROUP | PROCESSING_LEVEL | PROCESS_INSTANCE | PROCESS_INST_STG | PROCESS_MODE | PROCESS_ORIG | PROCESS_STATUS | PRO_NUMBER | PRO_NUMBER_FLG | PUBID | PUBLISH | PURGE_RESULTS | RECNAME | REGEN_ORD_TRANS | RELEASE_INSTANCE | REPORT_FLAG | REPRINT_PICK_BATCH | REQUEST_ID | RESEND_FRT_RECV | RESEND_FRT_RQST | RLS_RUN_CNTL_ID | ROW_COUNT | ROWCOUNT1 | ROWCOUNTER1 | RUN_CNTL_ID | RUN_FREIGHT | SCHED_LINE_NBR | SELECT_ALL_RELEASE | SELECT_CONFIRMED | SELECT_DEPLETED | SELECT_RELEASABLE | SELECT_RELEASED | SELECT_SHIPPED | SELECT_UNFULFILLED | SEL_ORD_REL_OPT | SEQ_NBR | SETDEFAULT | SETID | SHIP_CNTR_ID | SHIP_DATE | SHIP_DATE_FLG | SHIP_ID | SHIP_ID_FLG | SHIP_TIME | SHIP_TIME_FLG | SHIP_TYPE_ID | SHIP_TYPE_ID_FLG | SHORT_SHIP_OPT | SHP_OVERRIDE_FLG | SHP_VALIDATE_FLG | SKIP_LOAD | SL_ADDRESS_SEQ_NUM | SL_BUSINESS_UNIT | SL_CARRIER_ID | SL_CNTRCT_ID | SL_CUST_ID | SL_CUSTOMER_PO | SL_DELIVERY_ID | SL_DEMAND_DATE | SL_DEMAND_LINE_NO | SL_DEMAND_SOURCE | SL_EXT_REF_LN_NBR | SL_EXT_REF_NBR | SL_INV_ITEM_ID | SL_LOAD_ID | SL_LOCATION | SL_ORDER_INT_LINE | SL_ORDER_NO | SL_PICK_BATCH_ID | SL_PICKLIST_LINE | SL_PRODUCT_ID | SL_ROUTE_CD | SL_SCHED_LINE_NBR | SL_SCHED_SHIP_DATE | SL_SCHED_SHIP_TIME | SL_SHIP_CNTR_ID | SL_SHIP_EARLY_DATE | SL_SHIP_EARLY_TIME | SL_SHIP_ID | SL_SHIP_TO_CUST_ID | SL_SHIP_TYPE_ID | SL_SOURCE_BUS_UNIT | SL_TMS_EXT_REF_ID | SL_TMS_EXT_REF_LN | SL_WAVE_CD | SOFT_ALLOC_FLG | SORTCODE | SOURCE_BUS_UNIT | STATUS | STORAGE_AREA | STOR_LEVEL_1 | STOR_LEVEL_2 | STOR_LEVEL_3 | STOR_LEVEL_4 | SYNCH_FLAG | TEMP_FLD | TO_BUSINESS_UNIT | TO_CARRIER_ID | TODAY_DATE | TO_DELIVERY_ID | TO_DEMAND_DATE | TO_ORDER_INT_LINE | TO_ORDER_NO | TO_PICK_BATCH_ID | TO_PICKLIST_LINE | TO_SCHED_LINE_NBR | TO_SCHED_SHIP_DATE | TO_SCHED_SHIP_TIME | TO_SHIP_EARLY_DATE | TO_SHIP_EARLY_TIME | TO_SHIP_ID | TO_SHIP_TYPE_ID | TO_WAVE_CD | TRACKING_NBR | TRACKING_NBR_FLG | TRANSACTION_CODE | TRANS_PROGRAM | TSE_JOBID | USE_CLOSE_CAL_FLG | USE_LEAD_DAYS | USE_PRIORITY | USG_LABEL_FLG | USG_LBL_FILE_DIR | USG_LBL_FILE_NAME | USG_LBL_OVER_FILE | WAVE_ASC_FLG | WAVE_ASC_FLG2 | WAVE_ASC_FLG3 | WAVE_ASC_FLGB | WAVE_ASC_FLGC | WAVE_BREAK | WAVE_BREAKB | WAVE_BREAKC | WAVE_OPTION | WAVE_SORT | WAVE_SORT2 | WAVE_SORT3 | WAVE_SORTB | WAVE_SORTC | WHERE_UOM | WO,Supply Chain / Logistique / Production,0.5,"['Supply Chain / Logistique / Production', 'Finance & Contrôle']",coin_flip_reject
1044026,SYSADM.PS_INV_ITEMS_ECL,PS_INV_ITEMS_ECL,DESCR254 | EFFDT | EIP_CTL_ID | INV_ITEM_ID | LANGUAGE_CD | SETID,Finance & Contrôle,0.5,"['Finance & Contrôle', 'Achats & Fournisseurs']",coin_flip_reject
1044047,SYSADM.PS_IN_VMIBILL_AET,PS_IN_VMIBILL_AET,AE_APPLID | AE_SECTION | ALL_BU | ALL_BU_SW | BUSINESS_UNIT | CURRENT_ROW | CUSTOMER_PO | DESCR | DT_TIMESTAMP | DTTM_STAMP_SEC | DUMMY_FIELD | EIP_CTL_ID | FR_ITEM_ID | FROM_BUSINESS_UNIT | INV_ITEM_ID | LONGNAME1 | LONGNAME2 | OPRID | ORDER_INT_LINE_NO | ORDER_NO | PROCESS_FREQUENCY | PROCESS_INSTANCE | PROCESS_INSTANCE2 | REQUEST_ID | RUN_CNTL_ID | SELECT_CUST | SEQ_NBR | SETID1 | SETID_CUST_ID | SHIP_TO_CUST_ID | SL_SHIP_TO_CUST_ID | SOLD_TO_CUST_ID | TO_BUSINESS_UNIT | TO_ITEM_ID | TO_SHIP_TO_CUST_ID | TO_SOLD_TO_CUST_ID | TRANSACTION_DATE | VMI_OM_BU | VMI_ORDER_CONSOL | WHERE_CLAUSE | WHERE_CLAUSE1 | WHERE_CLAUSE2 | WHERE_CLAUSE3 | WHERE_CLAUSE_LONG | WHERE_OPER,IT & Sécurité,0.5,"['IT & Sécurité', 'Supply Chain / Logistique / Production']",coin_flip_reject
1044068,SYSADM.PS_IN_VMI_QOH_AET,PS_IN_VMI_QOH_AET,ACTIVITY_ID | ADJUST_TYPE | AE_APPLID | AE_SECTION | AFFILIATE | AFFILIATE_INTRA1 | AFFILIATE_INTRA2 | ALL_BU | ALLOW_NEG_INV_FLG | ANALYSIS_TYPE | AVERAGE_COST | BASE_CURRENCY | BCT_DET_STATUS | BCT_STATUS | BUDGET_REF | BUSINESS_UNIT | BUSINESS_UNIT_PC | CFG_COST_OPT | CHARTFIELD1 | CHARTFIELD2 | CHARTFIELD3 | CLASS_FLD | CONSIGNED_FLAG | CONTAINER_CONTROL | CONTAINER_ID | COSTED_FLAG | COST_ELEMENT | COUNTER | COUNTER1 | DEMAND_LINE_NO | DFLT_ACTUAL_COST | DISTRIB_TYPE | DT_TIMESTAMP | EIP_CTL_ID | EIP_TRANS_SRC | FIFO_FLAG | FLAG | FUND_CODE | INV_ITEM_ID | INV_LOT_ID | LAST_TRANSACT_TYPE | LOT_CONTROL | LOT_CONTROL_FIELD | MESSAGE_NBR | MESSAGE_SET_NBR | NON_COST_FLAG | NON_OWN_FLAG | OPERATING_UNIT | OPRID | ORDER_INT_LINE_NO | ORDER_NO | PROCESS_INSTANCE | PRODUCT | PRODUCT_ID | PROGRAM_CODE | PROJECT_ID | QTY | QTY_ALLOCATED | QTY_ALLOC_BASE | QTY_AVAIL | QTY_AVAIL_BASE | QTY_BASE | REASON_CD | REQUEST_ID | RESOURCE_CATEGORY | RESOURCE_SUB_CAT | RESOURCE_TYPE | RUN_CNTL_ID | SCHED_LINE_NBR | SEQ_NBR | SERIAL_CONTROL | SERIAL_ID | SHIP_TO_CUST_ID | SOLD_TO_CUST_ID | SOURCE_BUS_UNIT | STAGED_DATE | STAGED_DATE_FLAG | STATUS | STORAGE_AREA | STOR_LEVEL_1 | STOR_LEVEL_2 | STOR_LEVEL_3 | STOR_LEVEL_4 | TRANSACTION_CODE | TRANSACTION_GROUP | TRANS_PROGRAM | TSE_FIELDNAME | UNIT_MEASURE_STD | UNIT_OF_MEASURE | VMI_INVOICE_FLG | VMI_OM_BU | WHERE_CLAUSE,Supply Chain / Logistique / Production,0.5,"['Supply Chain / Logistique / Production', 'Finance & Contrôle']",coin_flip_reject
1044119,SYSADM.PS_INV_PAR_CT_AET,PS_INV_PAR_CT_AET,BUSINESS_UNIT | OPRID | PROCESS_FREQUENCY | PROCESS_INSTANCE | REQUEST_ID | REQUEST_NBR | RUN_CNTL_ID,Finance & Contrôle,0.5,"['Other', 'Finance & Contrôle']",coin_flip_reject
1044123,SYSADM.PS_INV_PRIO_RULE,PS_INV_PRIO_RULE,BUSINESS_UNIT | CUSTOMER_GROUP | DESTIN_BU | PRIO_DEMAND_SOURCE | PRIO_ORDER_TYPE_CD | PRIORITY_NBR | PRIORITY_RANK,Finance & Contrôle,0.5,"['Finance & Contrôle', 'Supply Chain / Logistique / Production']",coin_flip_reject
1044126,SYSADM.PS_INV_RECV_HDR,PS_INV_RECV_HDR,ACCOUNT | ACTIVITY_ID | AFFILIATE | AFFILIATE_INTRA1 | AFFILIATE_INTRA2 | ALTACCT | ANALYSIS_TYPE | BILL_OF_LADING | BUDGET_REF | BUSINESS_UNIT | BUSINESS_UNIT_PC | CHARTFIELD1 | CHARTFIELD2 | CHARTFIELD3 | CLASS_FLD | DATETIME_ADDED | DEPTID | FUND_CODE | INV_RECV_STATUS | LAST_MAINT_OPRID | LASTUPDDTTM | OPERATING_UNIT | PORT_OF_UNLOADING | PRODUCT | PROGRAM_CODE | PROJECT_ID | RECEIPT_TYPE | RECEIVER_ID | RESOURCE_CATEGORY | RESOURCE_SUB_CAT | RESOURCE_TYPE,Achats & Fournisseurs,0.5,"['Achats & Fournisseurs', 'Supply Chain / Logistique / Production']",coin_flip_reject
1044136,SYSADM.PS_INV_SHPFLD_DTL,PS_INV_SHPFLD_DTL,ADD_FLG | BUSINESS_UNIT | DEL_ORD_RESTRICTED | FIELDNAME | UPDATE_FLAG,Supply Chain / Logistique / Production,0.5,"['Supply Chain / Logistique / Production', 'Finance & Contrôle']",coin_flip_reject
1044231,SYSADM.PS_ISSUE_HDR_INV,PS_ISSUE_HDR_INV,BUSINESS_UNIT | DEMAND_SOURCE | FULFILL_FLAG | INTERNAL_FLG | ORDER_NO | REQUEST_TYPE | SOURCE_BUS_UNIT,Supply Chain / Logistique / Production,0.5,"['Achats & Fournisseurs', 'Supply Chain / Logistique / Production']",coin_flip_reject
1044245,SYSADM.PS_IST_CNTRY_EXCPN,PS_IST_CNTRY_EXCPN,COUNTRY | IST_CNTRY_REQD | IST_COMMCODE_REQD | IST_DLVYTRM1_REQD | IST_DLVYTRM2_REQD | IST_EXCPN_CD | IST_EXCPN_TYPE | IST_FLOW | IST_INVAMT_REQD | IST_NETMASS_REQD | IST_NOTC1_REQD | IST_NOTC2_REQD | IST_ORIGIN_REQD | IST_PORT_REQD | IST_REGION_REQD | IST_STATVAL_REQD | IST_SUNIT_REQD | IST_TMODE_REQD | IST_TPRTNR_REQD,Supply Chain / Logistique / Production,0.5,"['Supply Chain / Logistique / Production', 'Other']",coin_flip_reject
1044345,SYSADM.PS_ITA_VAT_TXN_AET,PS_ITA_VAT_TXN_AET,AE_SECTION | CUR_RT_TYPE | OPRID | PROCESS_INSTANCE | PROCESSINSTANCE | REQUEST_NBR | RUN_CNTL_ID | VAT_ENTITY,Finance & Contrôle,0.5,"['Finance & Contrôle', 'IT & Sécurité']",coin_flip_reject
1044408,SYSADM.PS_ITEM_CAT_TBL_EC,PS_ITEM_CAT_TBL_EC,ACCOUNT | ALTACCT | CATALOG_ID | CATEGORY_ID | CUM_SRC_RUN_LEVEL | CURRENCY_CD | DESCR | DESCRSHORT | EFF_STATUS | EXT_PRC_TOL | EXT_PRC_TOL_L | HIST_END_DT | HIST_NBR_MTHS | HIST_START_DT | HIST_START_MTH | INSPECT_CD | INSPECT_UOM_TYPE | ITEM_LOAD_STATUS | LEAD_TIME | LEAD_TIME_IMP | MERCH_AMT_CAT_TOT | NBR_OF_ITMS | PARENT_NODE | PCT_EXT_PRC_TOL | PCT_EXT_PRC_TOL_L | PCT_UNDER_QTY | PCT_UNIT_PRC_TOL | PCT_UNIT_PRC_TOL_L | PRICE_IMP | PRIMARY_BUYER | PROCESS_INSTANCE | PROFILE_ID | QTY_RECV_TOL_PCT | RECV_PARTIAL_FLG | RECV_REQ | REJECT_DAYS | RJCT_OVER_TOL_FLAG | ROUTING_ID | SETID | SHIP_LATE_DAYS | SHIPTO_PR_IMP | SRC_METHOD | UNIT_PRC_TOL | UNIT_PRC_TOL_L | VNDR_PR_IMP,Achats & Fournisseurs,0.5,"['Achats & Fournisseurs', 'Supply Chain / Logistique / Production']",coin_flip_reject
1044411,SYSADM.PS_ITEM_DELINQ_STS,PS_ITEM_DELINQ_STS,BUSINESS_UNIT | DELINQ_CODE | EFFDT | EFF_STATUS | ITEM,Supply Chain / Logistique / Production,0.5,"['Other', 'Supply Chain / Logistique / Production']",coin_flip_reject
1044587,SYSADM.PS_IT_EXCPTSEL_TMP,PS_IT_EXCPTSEL_TMP,ASSET_ID | BUSINESS_UNIT | COST | DTTM_STAMP | FINANCIAL_ASSET_SW | FMV | ISCHANGED_FLAG | NET_BK_VALUE | OPRID | RULE_ID | SERIAL_ID | SERIAL_ID_NEW,Finance & Contrôle,0.5,"['Finance & Contrôle', 'IT & Sécurité']",coin_flip_reject
1044724,SYSADM.PS_ITM_CAT_TBL,PS_ITM_CAT_TBL,ACCOUNT | ALTACCT | CATEGORY_CD | CATEGORY_ID | CATEGORY_TYPE | COMMENTS_LONG | CUM_SRC_RUN_LEVEL | CURRENCY_CD | DESCR60 | DESCRSHORT | EFFDT | EFF_STATUS | EXT_PRC_TOL | EXT_PRC_TOL_L | HIST_END_DT | HIST_NBR_MTHS | HIST_START_DT | HIST_START_MTH | INSPECT_CD | INSPECT_UOM_TYPE | LEAD_TIME | LEAD_TIME_IMP | MARKETCODE | MERCH_AMT_CAT_TOT | NBR_OF_ITMS | PCT_EXT_PRC_TOL | PCT_EXT_PRC_TOL_L | PCT_UNDER_QTY | PCT_UNIT_PRC_TOL | PCT_UNIT_PRC_TOL_L | PHYSICAL_NATURE | PRICE_IMP | PRIMARY_BUYER | PROFILE_ID | QTY_RECV_TOL_PCT | RECV_PARTIAL_FLG | RECV_REQ | REJECT_DAYS | RFQ_REQ_FLAG | RJCT_OVER_TOL_FLAG | ROUTING_ID | SETID | SHIP_LATE_DAYS | SHIPTO_PR_IMP | SRC_METHOD | ULTIMATE_USE_CD | UNIT_PRC_TOL | UNIT_PRC_TOL_L | VAT_SVC_PERFRM_FLG | VNDR_PR_IMP | WF_PCT_PRC_TOL_OVR | WF_PCT_PRC_TOL_UND | WF_PRC_TOL_OVR | WF_PRC_TOL_UND,Achats & Fournisseurs,0.5,"['Achats & Fournisseurs', 'Supply Chain / Logistique / Production']",coin_flip_reject
1044751,SYSADM.PS_ITM_SCH_GRP_LNG,PS_ITM_SCH_GRP_LNG,DESCR | LANGUAGE_CD | SCHED_GROUP_CD | SETID,Other,0.5,"['Other', 'Supply Chain / Logistique / Production']",coin_flip_reject
1044757,SYSADM.PS_ITM_SPEX_PUR_EC,PS_ITM_SPEX_PUR_EC,AUDIT_ACTN | COMMENT_ID | COPY_TO_TRANS | EIP_CTL_ID | IN_PROCESS_FLG | INV_ITEM_ID | OPRID | PUBLIC_FLG | RANDOM_CMMT_NBR | SETID,Supply Chain / Logistique / Production,0.5,"['Supply Chain / Logistique / Production', 'Achats & Fournisseurs']",coin_flip_reject
1044803,SYSADM.PS_ITM_TMPLT_FLD,PS_ITM_TMPLT_FLD,FIELDNAME | ITM_TMPLT_ID | LBLTEXT | LBL_TYPE | PNLNAME | RECNAME | SETID,Supply Chain / Logistique / Production,0.5,"['Other', 'Supply Chain / Logistique / Production']",coin_flip_reject
1044804,SYSADM.PS_ITM_TMPLT_LANG,PS_ITM_TMPLT_LANG,DESCR | DESCRSHORT | ITM_TMPLT_ID | LANGUAGE_CD | SETID,Supply Chain / Logistique / Production,0.5,"['Supply Chain / Logistique / Production', 'Other']",coin_flip_reject
1044821,SYSADM.PS_ITM_TREE_WS,PS_ITM_TREE_WS,DRILL_DOWN_BUTTON | DRILL_UP_BUTTON | PARENT_NODE_NUM | SETID | TREE_NAME | TREE_NODE | TREE_NODE_NUM,Other,0.5,"['Other', 'Supply Chain / Logistique / Production']",coin_flip_reject
1045200,SYSADM.PS_IU_DOC_STATUS,PS_IU_DOC_STATUS,ERROR_VALUE | FIELDNAME | IU_SYS_TRAN_CD | UNBALANCED_VALUE | VALID_VALUE,IT & Sécurité,0.5,"['IT & Sécurité', 'Other']",coin_flip_reject
1045205,SYSADM.PS_IU_HDR_STATUS,PS_IU_HDR_STATUS,ERROR_VALUE | FIELDNAME | IU_SYS_TRAN_CD | UNBALANCED_VALUE | VALID_VALUE,IT & Sécurité,0.5,"['IT & Sécurité', 'Other']",coin_flip_reject
1046866,SYSADM.PS_KK_CLOSE_FROM,PS_KK_CLOSE_FROM,CF_GROUP_NBR | CFV_SET | CLOSING_SET | EFFDT | SETID,Finance & Contrôle,0.5,"['Other', 'Finance & Contrôle']",coin_flip_reject
1046879,SYSADM.PS_KK_CLOSE_TO_ANC,PS_KK_CLOSE_TO_ANC,CF_VALUE_OPTION | CHARTFIELD_VALUE | CLOSING_SET | EFFDT | FIELDNAME | SETID,Finance & Contrôle,0.5,"['Other', 'Finance & Contrôle']",coin_flip_reject
1046907,SYSADM.PS_KK_FILTER,PS_KK_FILTER,EFFDT | KK_STATUS_LN | LEDGER_GROUP | MESSAGE_NBR | MESSAGE_SET_NBR | RANGE_FROM | RANGE_TO | SETID | SETID1 | SUBTYPE,Finance & Contrôle,0.5,"['Other', 'Finance & Contrôle']",coin_flip_reject
1046958,SYSADM.PS_KK_NTFY_EVENT,PS_KK_NTFY_EVENT,ACCOUNT | BUSINESS_UNIT | EVENT_SELECT_FLAG | LEDGER_GROUP | LINE_NBR | NTFYEVENT | OPRID,Finance & Contrôle,0.5,"['Finance & Contrôle', 'IT & Sécurité']",coin_flip_reject
1046967,SYSADM.PS_KK_PANEL_XFER,PS_KK_PANEL_XFER,BARNAME | ITEMNAME | ITEMPANELNAME | KK_SOURCE_TRAN | KK_SRCHKEY_01 | KK_SRCHKEY_02 | KK_SRCHKEY_03 | KK_SRCHKEY_04 | KK_SRCHKEY_05 | KK_SRCHKEY_06 | KK_SRCHKEY_07 | KK_SRCHKEY_08 | KK_SRCHKEY_09 | KK_SRCHKEY_10 | KK_SRCHKEY_11 | KK_SRCHKEY_12 | MENU_ACTION | MENUNAME | PNLXFERID,IT & Sécurité,0.5,"['IT & Sécurité', 'Other']",coin_flip_reject
1046995,SYSADM.PS_KK_SHDR_APACENC,PS_KK_SHDR_APACENC,APPL_JRNL_ID | BUSINESS_UNIT | DST_ACCT_TYPE | KK_DATETIME_STAMP | KK_PROCESS_STATUS | KK_PROC_INSTANCE | KK_ROLLED_SEQ | KK_SOURCE_TRAN | KK_TRAN_DT | KK_TRAN_ID | PROCESS_INSTANCE | PYMNT_CNT | SEQUENCE_NBR_9 | UNPOST_SEQ | VOUCHER_ID,Finance & Contrôle,0.5,"['Finance & Contrôle', 'IT & Sécurité']",coin_flip_reject
1046996,SYSADM.PS_KK_SHDR_APACTLN,PS_KK_SHDR_APACTLN,APPL_JRNL_ID | BUSINESS_UNIT | KK_DATETIME_STAMP | KK_PROCESS_STATUS | KK_PROC_INSTANCE | KK_ROLLED_SEQ | KK_SOURCE_TRAN | KK_TRAN_DT | KK_TRAN_ID | PROCESS_INSTANCE | PYMNT_CNT | SEQUENCE_NBR_9 | UNPOST_SEQ | VOUCHER_ID,Finance & Contrôle,0.5,"['Finance & Contrôle', 'IT & Sécurité']",coin_flip_reject
1047030,SYSADM.PS_KK_SHDR_POCARD,PS_KK_SHDR_POCARD,CRDMEM_ACCT_NBR | CREDIT_CARD_VENDOR | DTTM_STAMP | EMPLID | KK_DATETIME_STAMP | KK_PROCESS_STATUS | KK_PROC_INSTANCE | KK_ROLLED_SEQ | KK_SOURCE_TRAN | KK_TRAN_DT | KK_TRAN_ID | LINE_NBR | PROCESS_INSTANCE | SEQUENCE_NBR_9 | SEQUENCENO | TRANS_DT | TRANS_NBR,RH,0.5,"['RH', 'IT & Sécurité']",coin_flip_reject
1047035,SYSADM.PS_KK_SHDR_PORA_H,PS_KK_SHDR_PORA_H,ACCOUNTING_PERIOD | APPL_JRNL_ID | BUSINESS_UNIT | DISTRIB_LINE_NUM | DST_ACCT_TYPE | DT_TIMESTAMP | FISCAL_YEAR | KK_DATETIME_STAMP | KK_PROCESS_STATUS | KK_PROC_INSTANCE | KK_ROLLED_SEQ | KK_SOURCE_TRAN | KK_TRAN_DT | KK_TRAN_ID | ORIGINAL_TRANS | PROCESS_INSTANCE | PSARCH_BATCHNUM | PSARCH_ID | RECEIVER_ID | RECV_LN_NBR | RECV_SHIP_SEQ_NBR | SEQUENCE_NBR_9,Finance & Contrôle,0.5,"['Finance & Contrôle', 'IT & Sécurité']",coin_flip_reject
1047051,SYSADM.PS_KK_STATUS_FLDS,PS_KK_STATUS_FLDS,ERROR_VALUE | FIELDNAME | FIELDTYPE | KK_SOURCE_TRAN | VALID_VALUE,IT & Sécurité,0.5,"['IT & Sécurité', 'Other']",coin_flip_reject
1047197,SYSADM.PS_LC_CURR_OUT_T,PS_LC_CURR_OUT_T,EFFDT | FROM_CUR | PROCESS_INSTANCE | RATE_DIV | RATE_MULT | RT_TYPE | TO_CUR,Finance & Contrôle,0.5,"['Finance & Contrôle', 'IT & Sécurité']",coin_flip_reject
1047216,SYSADM.PS_LC_FNL5_T,PS_LC_FNL5_T,BUSINESS_UNIT | COUNTER1 | MATCH_STATUS_LC | PROCESS_INSTANCE | RECEIVER_ID | RECV_LN_NBR | RECV_SHIP_SEQ_NBR,Supply Chain / Logistique / Production,0.5,"['Supply Chain / Logistique / Production', 'IT & Sécurité']",coin_flip_reject
1047219,SYSADM.PS_LC_HDR_IMP_ATT,PS_LC_HDR_IMP_ATT,ATT_VERSION | BUSINESS_UNIT | FMS_DTTM_STAMP | FMS_LASTUPDDTTM | FMS_LASTUPDOPRID | FMS_OPRID | LC_ID | SCM_ATTACH_ID,Achats & Fournisseurs,0.5,"['Achats & Fournisseurs', 'IT & Sécurité']",coin_flip_reject
1047265,SYSADM.PS_LC_NEW_MSC_T,PS_LC_NEW_MSC_T,BUSINESS_UNIT | DST_ACCT_TYPE | LC_EXTRCT_STATUS | MISC_CHARGE_CODE | PROCESS_INSTANCE | RECEIVER_ID | RECV_LN_NBR | RECV_SHIP_SEQ_NBR,Supply Chain / Logistique / Production,0.5,"['Supply Chain / Logistique / Production', 'IT & Sécurité']",coin_flip_reject
1047297,SYSADM.PS_LC_RCV_RTV_T,PS_LC_RCV_RTV_T,BUSINESS_UNIT_AP | BUSINESS_UNIT_RTV | INVOICE_DT | MERCH_AMT_VCHR | PROCESS_INSTANCE | RT_TYPE | RTV_ID | RTV_LN_NBR | TXN_CURRENCY_CD | VOUCHER_ID | VOUCHER_LINE_NUM,Finance & Contrôle,0.5,"['Finance & Contrôle', 'Achats & Fournisseurs']",coin_flip_reject
1047545,SYSADM.PS_LEDGERADB2_TEOA,PS_LEDGERADB2_TEOA,ASOF_DT | DTTM_STAMP | EO_AUDIT_FLG | EXCEPTION_INFO | FIELDNAME | FIELD_VALUE | FROM_CURRENCY | KEY10_FLDNAME | KEY10_FLD_VAL | KEY11_FLDNAME | KEY11_FLD_VAL | KEY12_FLDNAME | KEY12_FLD_VAL | KEY13_FLDNAME | KEY13_FLD_VAL | KEY14_FLDNAME | KEY14_FLD_VAL | KEY15_FLDNAME | KEY15_FLD_VAL | KEY16_FLDNAME | KEY16_FLD_VAL | KEY1_FLDNAME | KEY1_FLD_VAL | KEY2_FLDNAME | KEY2_FLD_VAL | KEY3_FLDNAME | KEY3_FLD_VAL | KEY4_FLDNAME | KEY4_FLD_VAL | KEY5_FLDNAME | KEY5_FLD_VAL | KEY6_FLDNAME | KEY6_FLD_VAL | KEY7_FLDNAME | KEY7_FLD_VAL | KEY8_FLDNAME | KEY8_FLD_VAL | KEY9_FLDNAME | KEY9_FLD_VAL | OPRID | PROCESS_INSTANCE | PROC_GRP_ID | RATE_DIV | RATE_MULT | RECNAME | RT_DIV_FLDNAME | RT_MULT_FLDNAME | RULE_INSTNC_NBR | RUN_CNTL_ID | TO_CURRENCY,Finance & Contrôle,0.5,"['Finance & Contrôle', 'IT & Sécurité']",coin_flip_reject
1047694,SYSADM.PS_LED_PUB_REQ,PS_LED_PUB_REQ,DTTM_STAMP_SEC | FISCAL_YEAR | FROM_BUSINESS_UNIT | FROM_PERIOD | LEDGER | LEDGER_TYPE | OPRID | PROCESS_FREQUENCY | PROCESS_INSTANCE | PROCESS_ORIG | PROCESS_STATUS | REQUEST_NBR | RUN_CNTL_ID | SETID | TO_BUSINESS_UNIT | TO_PERIOD,Finance & Contrôle,0.5,"['Finance & Contrôle', 'Achats & Fournisseurs']",coin_flip_reject
1047860,SYSADM.PS_MARKUP_ITEM_INV,PS_MARKUP_ITEM_INV,BUSINESS_UNIT | EFFDT | EFF_STATUS | INV_ITEM_ID | PRICE_MARKUP_PCT,Finance & Contrôle,0.5,"['Finance & Contrôle', 'Supply Chain / Logistique / Production']",coin_flip_reject
1047869,SYSADM.PS_MASS_RPT_PT_LN,PS_MASS_RPT_PT_LN,BUSINESS_UNIT | DEPTID | MASS_REPORT_ID | MASS_REPORT_SEQ | PRCSNAME,IT & Sécurité,0.5,"['Other', 'IT & Sécurité']",coin_flip_reject
1047882,SYSADM.PS_MBRCOMQUO_TEO1,PS_MBRCOMQUO_TEO1,COMM_PCT | CURRENCY_CD | DATE_FROM | DATE_TO | EO_FROM_CURRENCY | EO_PROCESS_INST | QUOTAS_AMT_FR | QUOTAS_AMT_TO | SETID | SUPPORT_TEAM_MBR,Finance & Contrôle,0.5,"['Finance & Contrôle', 'Ventes & Clients']",coin_flip_reject
1047883,SYSADM.PS_MBRCOMQUO_TEO2,PS_MBRCOMQUO_TEO2,COMM_PCT | CURRENCY_CD | DATE_FROM | DATE_TO | EO_FROM_CURRENCY | EO_PROCESS_INST | QUOTAS_AMT_FR | QUOTAS_AMT_TO | SETID | SUPPORT_TEAM_MBR,Finance & Contrôle,0.5,"['Finance & Contrôle', 'Ventes & Clients']",coin_flip_reject
1047884,SYSADM.PS_MBRCOMQUO_TEO3,PS_MBRCOMQUO_TEO3,COMM_PCT | CURRENCY_CD | DATE_FROM | DATE_TO | EO_FROM_CURRENCY | EO_PROCESS_INST | QUOTAS_AMT_FR | QUOTAS_AMT_TO | SETID | SUPPORT_TEAM_MBR,Finance & Contrôle,0.5,"['Finance & Contrôle', 'Ventes & Clients']",coin_flip_reject
1047922,SYSADM.PS_MC_CUS_TAO,PS_MC_CUS_TAO,BROKER_ID | BUSINESS_UNIT | COLLECTOR | COLLECTOR_CHKBX | CONTACT_CHKBX | CR_ANALYST | CRDT_ANALYST_CHKBX | CUST_DATA_CHKBX | CUST_GROUP | CUST_ID | NEW_BROKER_ID | NEW_COLLECTOR | NEW_CR_ANALYST | PROCESS_INSTANCE | SETID,Ventes & Clients,0.5,"['IT & Sécurité', 'Ventes & Clients']",coin_flip_reject
1047948,SYSADM.PS_MCFAGNTMSG,PS_MCFAGNTMSG,DESCR100 | MCFMSGID | MCFUQAGENTID | MESSAGE_DESCR | MSGNAME,IT & Sécurité,0.5,"['Other', 'IT & Sécurité']",coin_flip_reject
1048026,SYSADM.PS_MC_GROUP,PS_MC_GROUP,MC_GROUP_ID | PS_OWNER,IT & Sécurité,0.5,"['IT & Sécurité', 'Other']",coin_flip_reject
1048059,SYSADM.PS_MC_RATE_TAO,PS_MC_RATE_TAO,FROM_CUR | PROCESS_INSTANCE | RATE_DIV | RATE_MULT | TO_CUR,Finance & Contrôle,0.5,"['Finance & Contrôle', 'IT & Sécurité']",coin_flip_reject
1048208,SYSADM.PS_MIN_TASK_OPTION,PS_MIN_TASK_OPTION,ADJUST_TYPE | DEMAND_SOURCE | DFLT_UOM_STOCK | DISPLAY_ROWS | GET_ALL_ALT | MIN_AII_OPT | MIN_AUTO_ADD_SRCH | MIN_CE_ALL_ITEM | MIN_CE_INITDISPLAY | MIN_CE_MAIN_GROUP | MIN_CE_MAIN_SORT | MIN_CE_PRELOAD_SER | MIN_CE_STS_1 | MIN_CE_STS_2 | MIN_CE_STS_3 | MIN_CE_STS_4 | MIN_CMPRT_SUPP | MIN_CNT_FLT_FCS | MIN_CNT_UOM_ENABLE | MIN_COLLAPSE_HDR | MIN_DC_ADD_ITMSORT | MIN_DC_CRT_ITMSORT | MIN_DC_DFLT_CART | MIN_DESCRPT | MIN_DISPLAY_QTY | MIN_DISP_WARN_MSG | MIN_DL_DFLT_CART | MIN_DL_DFLT_DEL_TO | MIN_DL_PRF_DELSORT | MIN_DL_SAV_DLV_DOC | MIN_DL_SEL_ITMSORT | MIN_EXPAND_CMNTS | MIN_EXPERT_MODE | MIN_INTERIM_SAVE | MIN_ITEM_DISPLAY | MIN_ITM_FDB_DISP | MIN_PRNT_DELRPT | MIN_PROMPTS | MIN_SCHED_DT_DAYS | MIN_SET_SELECT | MIN_SHIP_DT_DAYS | MIN_SHOW_FILTER | MIN_SHOW_HIDE_TBL | MIN_SHOW_LAST | MIN_STOR_LOC_DISP | MIN_TASK_FLOW | SCHED_DATE_OPTION | SHIP_DATE_OPTION,IT & Sécurité,0.5,"['IT & Sécurité', 'Supply Chain / Logistique / Production']",coin_flip_reject
1048271,SYSADM.PS_MTCH_KEYVR_T,PS_MTCH_KEYVR_T,BUSINESS_UNIT | BUSINESS_UNIT_PO | BUSINESS_UNIT_RECV | LINE_NBR | PO_ID | PROCESS_INSTANCE | RECEIVER_ID | RECV_LN_NBR | SCHED_NBR | VOUCHER_ID | VOUCHER_LINE_NUM,Achats & Fournisseurs,0.5,"['Achats & Fournisseurs', 'IT & Sécurité']",coin_flip_reject
1048272,SYSADM.PS_MTCH_RKEYS_T,PS_MTCH_RKEYS_T,BUSINESS_UNIT | BUSINESS_UNIT_PO | BUSINESS_UNIT_RECV | LINE_NBR | PO_ID | PROCESS_INSTANCE | RECEIVER_ID | RECV_LN_NBR | SCHED_NBR | VOUCHER_ID | VOUCHER_LINE_NUM,Achats & Fournisseurs,0.5,"['Achats & Fournisseurs', 'IT & Sécurité']",coin_flip_reject
1048493,SYSADM.PS_NET_MANRQST_LNG,PS_NET_MANRQST_LNG,DESCR | LANGUAGE_CD | NET_REF_ID,IT & Sécurité,0.5,"['IT & Sécurité', 'Other']",coin_flip_reject
1048505,SYSADM.PS_NET_RULE_SELECT,PS_NET_RULE_SELECT,COMMENT_AP | COMMENT_AR | DESCR | NETTING_RULE_ID | SQL_TEXT_AP | SQL_TEXT_AR,IT & Sécurité,0.5,"['Other', 'IT & Sécurité']",coin_flip_reject
1048506,SYSADM.PS_NET_RULE_SELLNG,PS_NET_RULE_SELLNG,COMMENT_AP | COMMENT_AR | DESCR | LANGUAGE_CD | NETTING_RULE_ID,Finance & Contrôle,0.5,"['Finance & Contrôle', 'Other']",coin_flip_reject
1048629,SYSADM.PS_OCH_ADD_TAO,PS_OCH_ADD_TAO,ADDRESS1 | ADDRESS2 | ADDRESS3 | ADDRESS4 | ADDRESS_SEQ_NUM | ADDR_FIELD1 | ADDR_FIELD2 | ADDR_FIELD3 | ALT_NAME1 | ALT_NAME2 | CITY | COUNTRY | COUNTRY_CODE | COUNTY | EFFDT | EFF_STATUS | EXTENSION | FAX | GEO_CODE | HOUSE_TYPE | IN_CITY_LIMIT | LAST_MAINT_OPRID | NUM1 | NUM2 | PHONE | POSTAL | PROCESS_INSTANCE | SETID | SHIP_TO_CUST_ID | STATE | TAX_CD,Ventes & Clients,0.5,"['Ventes & Clients', 'Other']",coin_flip_reject
1048700,SYSADM.PS_OCH_CSTEX_TAO,PS_OCH_CSTEX_TAO,DTTM_FROM | DTTM_TO | EXCPTN_TYPE | PROCESS_INSTANCE | SETID_CUSTOMER | SHIP_TO_CUST_ID,Supply Chain / Logistique / Production,0.5,"['Supply Chain / Logistique / Production', 'IT & Sécurité']",coin_flip_reject
1048785,SYSADM.PS_OCH_DMUPD_AET,PS_OCH_DMUPD_AET,ADDRESS_ERROR_FLAG | ADDRESS_UPD | ADDR_SEQ_ERR_FLAG | ADDR_SEQ_UPD | ADDR_SEQ_VALID_FLG | AERP_ERR_FLAG | AERP_UPD | AERP_VALID_FLAG | ALLOW_ITEM_SUB_ERR | ALLOW_ITEM_SUB_UPD | ARVL_DTTM_UPD | CANCEL_BO_ERR_FLG | CANCEL_BO_UPD | CAR_EXP_VALID_FLAG | CARRIER_ERR | CARRIER_EXP_ERR | CARRIER_EXP_UPD | CARRIER_UPD | CARRIER_VALID_FLAG | CCI_REQ_ERR | CCI_REQ_UPD | CCI_REQ_VALID_FLAG | CNCL_BO_SS_ERR_FLG | CNTCT_SHP_ERR_FLAG | CNTCT_SHP_UPD | CNTCT_SHP_VAL_FLAG | COO_REQ_ERR | COO_REQ_UPD | COO_REQ_VALID_FLAG | CUST_PICKUP_ERR | CUST_PICKUP_UPD | CUST_PICKUP_VALID | CUST_PO_ERR_FLAG | CUST_PO_UPD | CUST_PO_VALID_FLAG | DISTRIB_TYPE_ERR | DISTRIB_UPD | DIS_TYP_VALID_FLAG | EXP_APP_DT_VALID | EXP_LIC_APP_DT_ERR | EXP_LIC_APPL_ERR | EXP_LIC_APP_VALID | EXP_LIC_EXP_DT_ERR | EXP_LIC_EXP_VALID | EXP_LIC_NBR_ERR | EXP_LIC_NBR_VALID | EXP_LIC_REC_DT_ERR | EXP_LIC_REC_ERR | EXP_LIC_REC_VALID | EXP_LIC_REQ_ERR | EXP_LIC_REQ_VALID | EXP_LIC_TYPE_ERR | EXP_LIC_TYP_VALID | EXP_LIC_VAL_ERR | EXP_LIC_VAL_VALID | EXPORT_APPL_DT_UPD | EXPORT_APPL_UPD | EXPORT_ERR | EXPORT_EXPIRE_UPD | EXPORT_LIC_REQ_UPD | EXPORT_NBR_UPD | EXPORT_REC_DT_UPD | EXPORT_REC_UPD | EXPORT_TYPE_UPD | EXPORT_UPD | EXPORT_VALUE_UPD | EXP_REC_DT_VALID | FLAG | FRT_EXP_VALID_FLAG | FRT_TRM_ERR | FRT_TRM_EXP_ERR | FRT_TRM_EXP_UPD | FRT_TRM_UPD | FRT_TRM_VALID_FLAG | ILBR_ERR_FLAG | ILRBR_ERR_FLAG | ILRR_ERR_FLAG | IMP_APP_DT_VALID | IMP_CER_NBR_VALID | IMP_LIC_APP_DT_ERR | IMP_LIC_APPL_ERR | IMP_LIC_APP_VALID | IMP_LIC_EXP_DT_ERR | IMP_LIC_EXP_VALID | IMP_LIC_NBR_ERR | IMP_LIC_REC_DT_ERR | IMP_LIC_REC_ERR | IMP_LIC_REC_VALID | IMP_LIC_REQ_ERR | IMP_LIC_REQ_VALID | IMPORT_APPL_DT_UPD | IMPORT_APPL_UPD | IMPORT_CERT_UPD | IMPORT_EXP_UPD | IMPORT_REC_DT_UPD | IMPORT_REC_UPD | IMPORT_REQ_UPD | IMP_REC_DT_VALID | IN_LN_BO_RULE_UPD | IN_LN_RESV_BO_UPD | IN_LN_RESV_RUL_UPD | IN_ORD_RES_RUL_UPD | INTRASTAT_ERR | INTRASTAT_UPD | IORR_ERR_FLAG | KIT_VALID_FLAG | LOAD_ID_ERR | LOAD_RESET_UPD | LOAD_UPD | LOAD_VALID_FLAG | NAFTA_ERR_FLAG | NAFTA_UPD | NAFTA_VALID_FLAG | OCH_LOAD_CAR_VALID | OCH_LOAD_EXP_VALID | OCH_LOAD_SDT_VALID | OCH_LOAD_STY_VALID | OCH_RT_ASQ_VALID | OCH_RT_CAR_VALID | OCH_RT_EXP_VALID | OCH_RT_SDT_VALID | OCH_RT_STY_VALID | ORDER_STAT_ERR_FLG | ORDER_STATUS_UPD | PART_ORD_ERR_FLG | PART_ORD_UPD | PART_QTY_ERR_FLG | PART_QTY_ORD_ERR | PART_QTY_UPD | PRIOR_EXP_VAL_FLAG | PRIORITY_EXP_UPD | PRIORITY_UPD | PRIOR_VALID_FLAG | PROCESS_INSTANCE | PROJECT_ERR_FLAG | PROJECT_UPD | PROJECT_VALID_FLAG | QTY_UPD | REASON_CD_ERR | REASON_CD_UPD | ROUTE_DT_ERR_FLAG | ROUTE_ERROR_FLAG | ROUTE_SEARCH | ROUTE_STOP_UPD | ROUTE_UPD | ROUTE_VALID_FLAG | RSN_CD_VALID_FLAG | SCHED_ARRV_ERR | SED_REQ_ERR_FLAG | SED_REQ_UPD | SED_REQ_VALID_FLAG | SHIP_EARLY_ERR | SHIP_EARLY_UPD | SHIP_PRI_EXP_ERR | SHIP_PRIOR_ERR | SHIP_PRIORITY_ERR | SHIP_PRIOR_UPD | SHP_DTTM_ERR_FLG | SHP_DTTM_UPD | SHP_EXP_VALID_FLAG | SHP_MTH_VALID_FLAG | SHP_TYPE_ERR | SHP_TYP_EXP_ERR | SHP_TYP_EXP_UPD | SHP_TYP_UPD | SING_SHIP_UPD | SING_SHP_ERR_FLG | SING_SHP_VALID_FLG | STOP_ERROR_FLAG,Supply Chain / Logistique / Production,0.5,"['Supply Chain / Logistique / Production', 'IT & Sécurité']",coin_flip_reject
1049185,SYSADM.PS_OCHTRPTPRDTAO,PS_OCHTRPTPRDTAO,BUSINESS_UNIT | EFFDT | EFF_STATUS | GLOBAL_FLAG | ORDER_DATE | ORDER_INT_LINE_NO | ORDER_NO | PROCESS_INSTANCE | PRODUCT_GROUP | PRODUCT_ID | SETID,Achats & Fournisseurs,0.5,"['Achats & Fournisseurs', 'Ventes & Clients']",coin_flip_reject
1049199,SYSADM.PS_OCHTRPTREGTAO,PS_OCHTRPTREGTAO,BUSINESS_UNIT | EFFDT | EFF_STATUS | GLOBAL_FLAG | ORDER_NO | PROCESS_INSTANCE | REGION_CD | SETID | SHIP_TO_CUST_ID,Supply Chain / Logistique / Production,0.5,"['Supply Chain / Logistique / Production', 'IT & Sécurité']",coin_flip_reject
1049365,SYSADM.PS_OI_GEN_DATE_AET,PS_OI_GEN_DATE_AET,ADJUSTMENT_TYPE | BALANCE_FWD_SW | DETAIL_CALENDAR | FIELDNAME | FISCAL_YEAR_FROM | FISCAL_YEAR_TO | HIERARCHY_LABEL | LEVEL1 | OPRID | PROCESS_INSTANCE | RECNAME | RUN_CNTL_ID | SETID | SUMM_CALENDAR_ID,Finance & Contrôle,0.5,"['Finance & Contrôle', 'IT & Sécurité']",coin_flip_reject
1049400,SYSADM.PS_OI_TFLT_CF1,PS_OI_TFLT_CF1,CHARTFIELD1 | FIELD_DESC | OTBI_SRC_INSTANCE | SETCNTRLVALUE | SETID | SETID_TREE | TLVL1 | TLVL10 | TLVL10_DESC | TLVL11 | TLVL11_DESC | TLVL12 | TLVL12_DESC | TLVL13 | TLVL13_DESC | TLVL14 | TLVL14_DESC | TLVL15 | TLVL15_DESC | TLVL1_DESC | TLVL2 | TLVL2_DESC | TLVL3 | TLVL3_DESC | TLVL4 | TLVL4_DESC | TLVL5 | TLVL5_DESC | TLVL6 | TLVL6_DESC | TLVL7 | TLVL7_DESC | TLVL8 | TLVL8_DESC | TLVL9 | TLVL9_DESC | TNODE1 | TNODE10 | TNODE10_DESC | TNODE11 | TNODE11_DESC | TNODE12 | TNODE12_DESC | TNODE13 | TNODE13_DESC | TNODE14 | TNODE14_DESC | TNODE15 | TNODE15_DESC | TNODE1_DESC | TNODE2 | TNODE2_DESC | TNODE3 | TNODE3_DESC | TNODE4 | TNODE4_DESC | TNODE5 | TNODE5_DESC | TNODE6 | TNODE6_DESC | TNODE7 | TNODE7_DESC | TNODE8 | TNODE8_DESC | TNODE9 | TNODE9_DESC | TREE_EFFDT | TREE_NAME | TREE_NAME_OTBI,Other,0.5,"['Other', 'IT & Sécurité']",coin_flip_reject
1049402,SYSADM.PS_OI_TFLT_CF3,PS_OI_TFLT_CF3,CHARTFIELD3 | FIELD_DESC | OTBI_SRC_INSTANCE | SETCNTRLVALUE | SETID | SETID_TREE | TLVL1 | TLVL10 | TLVL10_DESC | TLVL11 | TLVL11_DESC | TLVL12 | TLVL12_DESC | TLVL13 | TLVL13_DESC | TLVL14 | TLVL14_DESC | TLVL15 | TLVL15_DESC | TLVL1_DESC | TLVL2 | TLVL2_DESC | TLVL3 | TLVL3_DESC | TLVL4 | TLVL4_DESC | TLVL5 | TLVL5_DESC | TLVL6 | TLVL6_DESC | TLVL7 | TLVL7_DESC | TLVL8 | TLVL8_DESC | TLVL9 | TLVL9_DESC | TNODE1 | TNODE10 | TNODE10_DESC | TNODE11 | TNODE11_DESC | TNODE12 | TNODE12_DESC | TNODE13 | TNODE13_DESC | TNODE14 | TNODE14_DESC | TNODE15 | TNODE15_DESC | TNODE1_DESC | TNODE2 | TNODE2_DESC | TNODE3 | TNODE3_DESC | TNODE4 | TNODE4_DESC | TNODE5 | TNODE5_DESC | TNODE6 | TNODE6_DESC | TNODE7 | TNODE7_DESC | TNODE8 | TNODE8_DESC | TNODE9 | TNODE9_DESC | TREE_EFFDT | TREE_NAME | TREE_NAME_OTBI,Other,0.5,"['Other', 'IT & Sécurité']",coin_flip_reject
1049735,SYSADM.PS_OMBCKPRDGPTAO,PS_OMBCKPRDGPTAO,ADJUST_ALTCOST_FLG | ADJUST_ALTCOST_PCT | BUSINESS_UNIT | EOEP_MRGBASE_FLG | ORDER_DATE | ORDER_INT_LINE_NO | ORDER_NO | PROCESS_INSTANCE | PROD_PRICE_FLG | PRODUCT_GROUP | PRODUCT_ID,Finance & Contrôle,0.5,"['Finance & Contrôle', 'Ventes & Clients']",coin_flip_reject
1049765,SYSADM.PS_OMBCK_RLS_TAO,PS_OMBCK_RLS_TAO,BUSINESS_UNIT | BUSINESS_UNIT_IN | CUST_GROUP_FLAG | CUST_ID | CUSTOMER_GROUP | DISTRIB_SET_ID | DISTRIB_TYPE | DOC_TYPE_OM | DST_RULE_CD | EFFDT | EFF_STATUS | ORDER_GRP | PROCESS_INSTANCE | PRODUCT_GROUP | PRODUCT_GROUP_FLAG | PRODUCT_ID | REGION_CD | REGION_FLAG | SEQ_NUM | SEQUENCE_NBR,Other,0.5,"['Other', 'IT & Sécurité']",coin_flip_reject
1049933,SYSADM.PS_OMBCK_VCS_TMP,PS_OMBCK_VCS_TMP,BUSINESS_UNIT | COUNTRY | CUST_ID | CUSTOMER_SETID | EFFDT | ORDER_INT_LINE_NO | ORDER_NO | PROCESS_INSTANCE | PROD_SETID | PRODUCT_ID | SCHED_LINE_NBR | SETID | STATE,Ventes & Clients,0.5,"['Ventes & Clients', 'IT & Sécurité']",coin_flip_reject
1049991,SYSADM.PS_OMB_CSTEX_TAO,PS_OMB_CSTEX_TAO,DTTM_FROM | DTTM_TO | EXCPTN_TYPE | PROCESS_INSTANCE | SETID_CUSTOMER | SHIP_TO_CUST_ID,Supply Chain / Logistique / Production,0.5,"['Supply Chain / Logistique / Production', 'IT & Sécurité']",coin_flip_reject
1050322,SYSADM.PS_OMBI_DSET_TAO,PS_OMBI_DSET_TAO,ACTION_FLG | BUSINESS_UNIT | BUSINESS_UNIT_IN | CUST_ID | CUSTOMER_GROUP | DISTRIB_SET_ID | DST_RULE_CD | EFFDT | EFF_STATUS | ORDER_GRP | PROCESS_INSTANCE | PRODUCT_GROUP | PRODUCT_ID | REGION_CD | SEQUENCE_NBR,Ventes & Clients,0.5,"['Ventes & Clients', 'IT & Sécurité']",coin_flip_reject
1050624,SYSADM.PS_OMBI_OMBU_AET,PS_OMBI_OMBU_AET,BILL_SOURCE_ID | BILL_TYPE_ID | BUSINESS_UNIT_BI | BUSINESS_UNIT_OM | DST_ID_DEPOSIT | DST_ID_DIS | DST_ID_REV | DST_ID_SUR | DST_ID_VOUCHER | DST_RULE_CD | FREIGHT_PROD_ID | MISC_CHRG_PROD_ID | OMBI_ADJ_DSPLY_OPT | OMBI_PRC_ADJ_OPT | ORD_ACCEPT_LOC | ORD_ORIGIN_LOC | PROCESS_INSTANCE | REFUND_FEE_PROD_ID | SETID_BI_SRC | SETID_BI_TYPE | SETID_BUS_UNIT | SETID_CONTRACT | SETID_CUST | SETID_CUST_ID | SETID_CUSTOMER | SETID_DST_RULE | SETID_EOEP_RULE | SETID_FREIGHT | SETID_FRT_TERMS | SETID_NOTE | SETID_ORD_GRP | SETID_PROD_GRP | SETID_PROD_ITEM | SETID_PRODKIT | SETID_PROD_PGRPLNK | SETID_PRODUCT | SETID_REGION_CD | SETID_THIRD_PARTY | TAX_DEPARTMENT | TAX_DIVISION,Finance & Contrôle,0.5,"['Finance & Contrôle', 'IT & Sécurité']",coin_flip_reject
1050682,SYSADM.PS_OMBI_PRC2_TAO,PS_OMBI_PRC2_TAO,BILLED_QTY | BUSINESS_UNIT | INVOICED_QTY | ORDER_INT_LINE_NO | ORDER_NO | PRC_SCHED_NBR | PROCESS_INSTANCE | SCHED_LINE_NBR,Supply Chain / Logistique / Production,0.5,"['IT & Sécurité', 'Achats & Fournisseurs']",coin_flip_reject
1050782,SYSADM.PS_OMBI_STO2_TAO,PS_OMBI_STO2_TAO,BUSINESS_UNIT_OM | DELETE_FLAG | DEPOSIT_BU | EIP_CTL_ID_SHIP | OPRID_OWNER | ORDER_NO | PROCESS_INSTANCE | RECEIPT_NBR | SHIP_FROM_BU | TARGET_INVOICE | VAT_FLAG,Supply Chain / Logistique / Production,0.5,"['IT & Sécurité', 'Supply Chain / Logistique / Production']",coin_flip_reject
1051652,SYSADM.PS_OMB_SSRC_TAO,PS_OMB_SSRC_TAO,ACTION_FLG | BUSINESS_UNIT | DATE_BEGIN | DATE_END | EFF_STATUS | ORDER_INT_LINE_NO | ORDER_NO | PRIORITY | PRIORITY_NBR | PROCESS_INSTANCE | PRODUCT_ID | PRODUCT_KIT_FLAG | QTY_AVAILABLE | SEQ_NUM | SHIP_FROM_BU | TRFT_DISPOSITION | TRFT_PRIORITY | TRFT_RULE_CD | TRFT_SET_ID | TRFT_SRC_TYPE | TRFT_SRC_VALUE | UNIT_OF_MEASURE,Supply Chain / Logistique / Production,0.5,"['Supply Chain / Logistique / Production', 'IT & Sécurité']",coin_flip_reject
1051681,SYSADM.PS_OMBTRPTBRKTAO,PS_OMBTRPTBRKTAO,EFFDT | EFF_STATUS | LEAD_TIME_MINUTES | PROCESS_INSTANCE | SETID | TRFT_SET_ID | TRNSPT_LEAD_DAYS | TRNSPT_LEAD_HOURS | TRNSPT_LEAD_MIN | UNIT_OF_MEASURE,Supply Chain / Logistique / Production,0.5,"['Supply Chain / Logistique / Production', 'IT & Sécurité']",coin_flip_reject
1051866,SYSADM.PS_OMC_AGE_TAO,PS_OMC_AGE_TAO,AGING_CATEGORY | AGING_ID | BILL_TO_CUST_ID | PROCESS_INSTANCE | SETID,Finance & Contrôle,0.5,"['Finance & Contrôle', 'IT & Sécurité']",coin_flip_reject
1052213,SYSADM.PS_OMC_OSCH_TAO,PS_OMC_OSCH_TAO,BUSINESS_UNIT | EXTENDED_NET_PRICE | EXT_NET_PRC_BASE | ORDER_INT_LINE_NO | ORDER_NO | PROCESS_INSTANCE | SCHED_LINE_NBR | SCHED_SHIP_DTTM,Ventes & Clients,0.5,"['Ventes & Clients', 'Finance & Contrôle']",coin_flip_reject
1053156,SYSADM.PS_OM_DST_ACCT_AET,PS_OM_DST_ACCT_AET,BUSINESS_UNIT | DISTRIB_SET_ID | DISTRIB_TYPE | DST_ID_DIS | DST_ID_REV | DST_ID_SUR | DST_PCT_DIS | DST_PCT_REV | DST_PCT_SUR | DST_RULE_CD | OM_DACCT2_TAO_NAME | OM_DACCT_TAO_NAME | OM_DSET_TAO_NAME | OM_FLAG | OM_HDR_TAO_NAME | OM_LINE_TAO_NAME | OM_RLSET_TAO_NAME | OM_SCH_TAO_NAME | OPRID | ORDER_INT_LINE_NO | ORDER_NO | ORDER_NO_TO | PROCESS_INSTANCE | SCHED_LINE_NBR | SEQ_NUM | SEQUENCE_NBR | SETID_CUST_GRP | SETID_CUSTOMER | SETID_DST_RULE | SETID_PRDGP_ACT | SETID_PROD_GRP | SETID_PRODUCT | SETID_REGION,Finance & Contrôle,0.5,"['Finance & Contrôle', 'IT & Sécurité']",coin_flip_reject
1053260,SYSADM.PS_OME_CSTEX_TAO,PS_OME_CSTEX_TAO,DTTM_FROM | DTTM_TO | EXCPTN_TYPE | PROCESS_INSTANCE | SETID_CUSTOMER | SHIP_TO_CUST_ID,Supply Chain / Logistique / Production,0.5,"['Supply Chain / Logistique / Production', 'IT & Sécurité']",coin_flip_reject
1053574,SYSADM.PS_OME_SCNH_TAO,PS_OME_SCNH_TAO,ADJUST_BAPRC_FLG | AMT_CNTRCT_MAX | BCKORDR_CNCL_FLAG | CARRIER_ID | CARRIER_ID_EXP | CCI_REQ_EXP | CNTCT_SEQ_NUM | CNTRCT_ID | CONTRACT_TYPE_ID | COO_REQ_EXP | CURRENCY_CD | CUR_RT_TYPE | CUSTOMER_GROUP | CUSTOMER_PO | CUSTOMER_PO_LINE | DATETIME_ADDED | DEFAULT_CNTRCT | DEL_ORD_RESTRICTED | DESCR | END_DT | FREIGHT_TERMS | FREIGHT_TERMS_EXP | FRT_CHRG_METHOD | GRACE_DAYS | GRACE_END_DT | IN_LINE_BO_RULE | LAST_MAINT_OPRID | LASTUPDDTTM | MIN_ORDER_AMT | NAFTA_REQ_EXP | PAYMENT_METHOD | PCT_OVER_AMT | PREF_CARRIER_FLAG | PRICE_CAN_CHANGE | PROCESS_INSTANCE | PROD_ID_SRC | PYMNT_TERMS_CD | SCON_STATUS | SED_REQ_EXP | SETID | SHIP_PARTIAL_FLAG | SHIP_PARTIAL_ORD | SHIP_PRIOR_FLAG | SHIP_PRIORITY_EXP | SHIP_PRIORITY_ID | SHIP_TYPE_ID | SHIP_TYPE_ID_EXP | SINGLE_SHIP_FLAG | SINGLE_SHIP_RES | SOLD_TO_CUST_ID | START_DT,Ventes & Clients,0.5,"['Ventes & Clients', 'Finance & Contrôle']",coin_flip_reject
1053616,SYSADM.PS_OME_SQTY2_TAO,PS_OME_SQTY2_TAO,EIP_CTL_ID | ORDER_INT_LINE_NO | PROCESS_INSTANCE | QTY_SCHEDULED,Supply Chain / Logistique / Production,0.5,"['IT & Sécurité', 'Supply Chain / Logistique / Production']",coin_flip_reject
1053770,SYSADM.PS_OMETRPTBRKTAO,PS_OMETRPTBRKTAO,EFFDT | EFF_STATUS | LEAD_TIME_MINUTES | PROCESS_INSTANCE | SETID | TRFT_SET_ID | TRNSPT_LEAD_DAYS | TRNSPT_LEAD_HOURS | TRNSPT_LEAD_MIN | UNIT_OF_MEASURE,Supply Chain / Logistique / Production,0.5,"['Supply Chain / Logistique / Production', 'IT & Sécurité']",coin_flip_reject
1053854,SYSADM.PS_OMETRPTREGTAO,PS_OMETRPTREGTAO,BUSINESS_UNIT | EFFDT | EFF_STATUS | GLOBAL_FLAG | ORDER_NO | PROCESS_INSTANCE | REGION_CD | SETID | SHIP_TO_CUST_ID,Supply Chain / Logistique / Production,0.5,"['Supply Chain / Logistique / Production', 'IT & Sécurité']",coin_flip_reject
1054055,SYSADM.PS_OM_HLDAUDIT_AET,PS_OM_HLDAUDIT_AET,ACTIVE_HOLD_DTTM | APPL_ID | BUSINESS_UNIT | DEMAND_LINE_NO | DEMAND_SOURCE | EFF_STATUS | FLAG | FROM_RECNAME | HOLD_ACTION | HOLD_CD | HOLD_LEVEL | INV_ITEM_ID | LAST_MAINT_OPRID | LASTUPDDTTM | MESSAGE_CD | ORDER_INT_LINE_NO | ORDER_NO | PASS_HOLD_CD | PASS_HOLD_LEVEL | PROCESS_INSTANCE | PROD_COMPONENT_ID | PROG_NAME | REASON_CD | RECNAME1 | SCHED_LINE_NBR | SEQ_NUM | SHIP_FROM_BU | SOURCE_BUS_UNIT | STATUS_DT | SYSTEM_MAINTAINED | TO_RECNAME | WHERE_CLAUSE1,Supply Chain / Logistique / Production,0.5,"['Finance & Contrôle', 'IT & Sécurité']",coin_flip_reject
1054516,SYSADM.PS_OM_MCPP_TAO,PS_OM_MCPP_TAO,BUSINESS_UNIT_FLAG | BUSINESS_UNIT_IN | COST_EFF_DTTM | CURRENCY_CD | DATE_SEL_DT | DESCR | EFFDT | INV_ITEM_ID | LIST_PRICE | MFG_SUG_RTL_PRC | PRIM_PRC_FLAG | PROCESS_INSTANCE | PRODUCT_GROUP | PRODUCT_GROUP_FLAG | PRODUCT_ID | SETID | SETID_PROFILE | UNIT_COST | UNIT_OF_MEASURE,Supply Chain / Logistique / Production,0.5,"['Supply Chain / Logistique / Production', 'Finance & Contrôle']",coin_flip_reject
1054594,SYSADM.PS_OMPB_BOOK_DEFN,PS_OMPB_BOOK_DEFN,BUSINESS_UNIT | DATETIME_ADDED | LAST_MAINT_OPRID | LASTUPDDTTM | OMPB_BOOK_DEFN_ID | OMPB_BOOK_FOR_FLG | OMPB_BOOK_FOR_OPR | OMPB_BOOK_FOR_TO | OMPB_BOOK_FOR_VAL | OMPB_BOOK_TYPE | OMPB_DEFN_DESCR | OPRID_ENTERED_BY | TMPLDEFN_ID,Other,0.5,"['Other', 'IT & Sécurité']",coin_flip_reject
1054635,SYSADM.PS_OMPB_DATE_TAO,PS_OMPB_DATE_TAO,END_DATE | PROCESS_INSTANCE | PRODUCT_ID | SOLD_TO_CUST_ID | START_DT | UNIT_OF_MEASURE,Ventes & Clients,0.5,"['Ventes & Clients', 'IT & Sécurité']",coin_flip_reject
1054793,SYSADM.PS_OMPPRC_PR_TMP,PS_OMPPRC_PR_TMP,BUSINESS_UNIT_IN | CURRENCY_CD | CUST_ID | END_DATE | LIST_PRICE | MFG_SUG_RTL_PRC | PROCESS_INSTANCE | PRODUCT_DESCR | PRODUCT_ID | SETID_CUSTOMER | SETID_PRODUCT | START_DT | UNIT_OF_MEASURE,Finance & Contrôle,0.5,"['Ventes & Clients', 'Finance & Contrôle']",coin_flip_reject
1054818,SYSADM.PS_OM_PROD_TAO,PS_OM_PROD_TAO,BUSINESS_UNIT_FLAG | BUSINESS_UNIT_IN | COST_EFF_DTTM | CURRENCY_CD | DATE_SEL_DT | DESCR | EFFDT | INV_ITEM_ID | LIST_PRICE | MFG_SUG_RTL_PRC | PRIM_PRC_FLAG | PROCESS_INSTANCE | PRODUCT_GROUP | PRODUCT_GROUP_FLAG | PRODUCT_ID | SETID | SETID_PROFILE | UNIT_COST | UNIT_OF_MEASURE,Supply Chain / Logistique / Production,0.5,"['Supply Chain / Logistique / Production', 'Finance & Contrôle']",coin_flip_reject
1054881,SYSADM.PS_OM_RUN_PPRC_OUT,PS_OM_RUN_PPRC_OUT,BUSINESS_UNIT | BUSINESS_UNIT_IN | CATALOG_NBR | CUST_ID | CUSTOMER_GROUP | DESCR | EFFDT | OM_PARM_SEL_OPT | OM_PARM_SEL_TYPE | OPRID | PRICE_LIST_ID | PRODUCT_GROUP | REQUEST_ID | RUN_CNTL_ID,Ventes & Clients,0.5,"['Ventes & Clients', 'Finance & Contrôle']",coin_flip_reject
1054890,SYSADM.PS_OM_TRFT_AET,PS_OM_TRFT_AET,BLANK | BUSINESS_UNIT | BUSINESS_UNIT_IN | BUSINESS_UNIT_OLD | BUSINESS_UNIT_OM | CARRIER_ID | CARRIER_ID_EXP | CATEGORY_CD | CNTRCT_ID | COMMODITY_CD | COUNTER | COUNTRY | CURRENCY_CD | CURRENCY_CD_BASE | CUST_GROUP_FLAG | CUSTOMER_GROUP | DELETE_FLG | EXT_NET_PRC_BASE | FLAG | FREIGHT_AMT | FREIGHT_AMT_BSE | FREIGHT_CHARGE | FREIGHT_CHARGE_BSE | FREIGHT_TAX_AMT | FREIGHT_TAX_BASE | FREIGHT_TAX_PCT | FREIGHT_TERMS | FREIGHT_TERMS_EXP | FRT_BREAK_ID | FRT_CHRG_METHOD | HARMONIZED_CD | INVENTORY_ITEM | INV_ITEM_GROUP | INV_ITEM_ID | LOAD_ID | LOCATION | OPRID | ORDER_DATE | ORDER_GRP | ORDER_INT_LINE_NO | ORDER_NO | PACKING_VOLUME | PACKING_WEIGHT | PO_ID | PROCESS_INSTANCE | PROC_FREIGHT | PRODUCT_GROUP | PRODUCT_GROUP_FLAG | PRODUCT_ID | PRODUCT_KIT_FLAG | QTY_AVAILABLE | QTY_ORDERED | RECNAME_1 | RECNAME_2 | REGION_CD | REGION_FLAG | ROUTE_CD | RUN_CNTL_ID | SCHED_SHIP_DTTM | SEQ_NUM | SETID_CUST_GRP | SETID_CUSTOMER | SETID_INV_ITEM | SETID_PROD_GRP | SETID_PRODUCT | SETID_REGION | SETID_TRFT | SHIP_FROM_BU | SHIP_ID_EST | SHIPPING_VOLUME | SHIPPING_WEIGHT | SHIP_PRIORITY_ID | SHIP_TO_CUST_ID | SHIPTO_ID | SHIP_TYPE_ID | SHIP_TYPE_ID_EXP | SKIP_EXTFRT_FLAG | SOLD_TO_CUST_ID | SOURCE_CD | SOURCE_CODE | SQL_WHERE_001 | STATE | TEMP_FLD | TOTAL_VOLUME | TOTAL_WEIGHT | TRFT_FEATURE_CD | TRFT_RULE_CD | TRFT_SET_ID | TRFT_SRC_SORT | TRFT_SRC_TYPE | UNIT_MEASURE_SHIP | UNIT_MEASURE_STD | UNIT_MEASURE_VOL | UNIT_MEASURE_WT | UNIT_OF_MEASURE | VENDOR_ID | VNDR_FRT_GROUP | VNDR_LOC | WHERE_CLAUSE_LONG | X_VENDOR_ID | X_VNDR_LOC,Supply Chain / Logistique / Production,0.5,"['Finance & Contrôle', 'Supply Chain / Logistique / Production']",coin_flip_reject
1055116,SYSADM.PS_ORD_CDATA_EC,PS_ORD_CDATA_EC,AUDIT_ACTN | BUSINESS_UNIT | EIP_CTL_ID | EIP_DTA_STATUS | EIP_PROGRAM | ORDER_INT_LINE_NO | ORDER_NO | PROCESS_INSTANCE | REFERENCE_ID | SCHED_LINE_NBR | SEQ_NUM | TEXT80,Ventes & Clients,0.5,"['Ventes & Clients', 'IT & Sécurité']",coin_flip_reject
1055164,SYSADM.PS_ORD_LINE_EC,PS_ORD_LINE_EC,ADDRESS_SEQ_NUM | ADDR_OVRD_LEVEL | AERP | ALLOW_OVERPICK_FLG | AUDIT_ACTN | BCKORDR_CNCL_FLAG | BUSINESS_UNIT | CANCEL_DATE | CARRIER_ID | CARRIER_ID_EXP | CB_CONTRACT_ID | CCI_REQ_EXP | CNTCT_SEQ_SHIP | CNTRCT_ID | CNTRCT_LINE_NBR | CNTRCT_SCHED_NBR | CONFIG_CODE | COO_REQ_EXP | COUNTRY_LOC_BUYER | COUNTRY_LOC_SELLER | COUNTRY_SHIP_FROM | COUNTRY_SHIP_TO | COUNTRY_VAT_BILLFR | COUNTRY_VAT_BILLTO | COUNTRY_VAT_PERFRM | COUNTRY_VAT_SUPPLY | CP_TEMPLATE_ID | CSD_BENEFIT_ID | CURRENCY_CD | CURRENCY_CD_BASE | CUST_BBACK_ALL_BSE | CUST_BILL_BACK_ALL | CUST_NET_PRC_BASE | CUST_NET_PRICE | CUST_OFF_INV_BASE | CUST_OFF_INV_DISC | CUSTOM_C10_A | CUSTOM_C10_B | CUSTOM_C20_A | CUSTOM_C20_B | CUSTOM_C30_A | CUSTOM_C30_B | CUSTOM_C40_A | CUSTOM_C40_B | CUSTOM_C80_A | CUSTOM_C80_B | CUSTOM_DTTM_A | CUSTOM_DTTM_B | CUSTOM_DTTM_C | CUSTOM_DTTM_D | CUSTOM_DTTM_E | CUSTOM_DTTM_F | CUSTOM_DTTM_G | CUSTOM_DTTM_H | CUSTOM_DTTM_I | CUSTOM_DTTM_J | CUSTOM_DTTM_K | CUSTOM_DTTM_L | CUSTOM_DTTM_M | CUSTOM_DTTM_N | CUSTOM_DTTM_O | CUSTOM_DTTM_P | CUSTOM_DTTM_Q | CUSTOM_DTTM_R | CUSTOM_DTTM_S | CUSTOM_DTTM_T | CUSTOMER_ITEM_NBR | CUSTOMER_PO | CUSTOMER_PO_LINE | CUSTOM_N12_A | CUSTOM_N12_B | CUSTOM_N12_C | CUSTOM_N12_D | CUSTOM_N12_E | CUSTOM_N15_A | CUSTOM_N15_B | CUSTOM_N15_C | CUSTOM_N15_D | CUSTOM_N15_E | CUST_PICKUP | CUST_PO_PRC_BASE | CUST_PO_PRICE | DATETIME_ADDED | DROP_SHIP_FLAG | EIP_CTL_ID | EIP_DTA_STATUS | EIP_PROGRAM | EXPORT | EXPORT_APPL_DT | EXPORT_LIC_APPL | EXPORT_LIC_EXPIRE | EXPORT_LIC_NBR | EXPORT_LIC_QTY | EXPORT_LIC_REC | EXPORT_LIC_REQ | EXPORT_LIC_TYPE | EXPORT_LIC_VALUE | EXPORT_REC_DT | EXS_TAX_TXN_TYPE | FREIGHT_TERMS | FREIGHT_TERMS_EXP | FRT_CHRG_METHOD | IMPORT_APPL_DT | IMPORT_CERT_NBR | IMPORT_LIC_APPL | IMPORT_LIC_EXP | IMPORT_LIC_REC | IMPORT_LIC_REQ | IMPORT_REC_DT | IN_LINE_BO_RULE | IN_LINE_RESV_RULE | IN_LN_RESV_BO_RULE | IN_ORDER_RESV_RULE | INVALID_ARRV_DT | INVENTORY_EDIT | IST_TXN_FLG | LAST_MAINT_OPRID | LASTUPDDTTM | LIST_PRICE | LIST_PRICE_BASE | LIST_PRICE_ORIG | LIST_PRICEORIG_BSE | LOAD_ID | MAX_PICK_TOLERANCE | NAFTA_REQ_EXP | NET_CHG_QTY_EP | NET_CHG_STATUS_EP | NET_CHG_TO_QTY | NET_CHG_TO_STATUS | ORDER_GRP | ORDER_INT_LINE_NO | ORDER_NO | ORD_LINE_STATUS | ORD_LINE_TAG | PAYMENT_METHOD | PHYSICAL_NATURE | PREF_CARRIER_FLAG | PRICE | PRICE_BASE | PRICE_ORIG | PRICE_ORIG_BASE | PRICE_PROGRAM | PRICE_PROTECTED | PRICING_UOM | PROCESS_INSTANCE | PROD_ID_ENTERED | PROD_ID_SRC | PRODUCT_ID | PRODUCT_ID_ORIG | PYMNT_TERMS_CD | QTY_ORDERED | QTY_ORDERED_ORIG | QTY_PICKUP | REASON_CD | REPLACEMENT_FLG | REQ_ARRIVAL_DTTM | REQ_SHIP_DTTM | ROUTE_CD | ROUTE_STOP_NBR | SCHED_ARRV_DTTM | SCHED_SHIP_DTTM | SECTION_ID | SED_REQ_EXP | SHIP_FROM_BU | SHIP_PARTIAL_FLAG | SHIP_PRIOR_FLAG | SHIP_PRIORITY_EXP | SHIP_PRIORITY_ID | SHIP_TO_CUST_ID | SHIP_TYPE_ID | SHIP_TYPE_ID_EXP | SKIP_ATP | SKIP_LOT_ALLOC | STATE_LOC_BUYER | STATE_LOC_SELLER | STATE_SHIP_FROM | STATE_SHIP_TO | STATE_VAT_DEFAULT | STATE_VAT_PERFRM | STD_DISCOUNT | STORE_NUMBER | TAX_CD | TAX_CD_VAT | TAX_CUST_GROUP | TRFT_DISPOSITION | TRFT_SRC_TYPE | TRNSPT_LEAD_DAYS | TRNSPT_LEAD_HOURS | TRNSPT_LEAD_MIN | UNIT_COST | UNIT_COST_ALT | UNIT_OF_MEASURE | UOM_ORIG | UPC_ID | UPN_ID | VAT_APPLICABILITY | VAT_CALC_GROSS_NET | VAT_DCLRTN_POINT | VAT_DFLT_DONE_FLG | VAT_DST_ACCT_TYPE | VAT_ENTITY | VAT_EXCPTN_CERTIF | VAT_EXCPTN_TYPE | VAT_RECALC_FLG | VAT_RGSTRN_BUYER | VAT_ROUND_RULE | VAT_SERVICE_TYPE | VAT_SVC_SUPPLY_FLG | VAT_TREATMENT | VAT_TREATMENT_GRP | VAT_TXN_TYPE_CD,Finance & Contrôle,0.5,"['Ventes & Clients', 'Finance & Contrôle']",coin_flip_reject
1055263,SYSADM.PS_ORD_STAT_AET,PS_ORD_STAT_AET,BILL_BACK_AMT | BILL_BACK_AMT_BASE | BUSINESS_UNIT | CR_CARD_NBR | CR_CARD_NBR_E | INB_RUN_DATE | LAST_DTTM_UPD_FROM | LAST_DTTM_UPD_TO | LAST_RUN_DTM | LAST_RUN_INDICATOR | OFF_INVOICE_AMT | OFF_INVOICE_AMT_BS | OM_FLAG | OPRID | ORDER_DATE | ORDER_DATE_TO | ORDER_INT_LINE_NO | ORDER_NO | ORDER_NO_TO | ORDER_TYPE_CD | ORD_STAT_CANCELED | ORD_STAT_CLOSED | ORD_STAT_OPEN | ORD_STAT_PENDING | PROCESS_INSTANCE | REQUEST_ID | RUN_CNTL_ID | SCHED_LINE_NBR | SOLD_TO_CUST_ID | SOURCE_CD | TOTAL_EXTRACT | WHERE_LONG,Finance & Contrôle,0.5,"['Ventes & Clients', 'Finance & Contrôle']",coin_flip_reject
1055285,SYSADM.PS_ORD_STAT_SRCH,PS_ORD_STAT_SRCH,BILL_TO_CUST_ID | BUSINESS_UNIT | BUSINESS_UNIT_PO | CARRIER_ID | CNTRCT_ID | CUSTOMER_PO | END_DATE | END_DT | INVOICE | ORDER_GRP | ORDER_NO | ORD_TRACK_STATUS | PO_ID | PRODUCT_ID | SETID | SHIP_FROM_BU | SHIP_TO_CUST_ID | SOLD_TO_CUST_ID | START_DATE | START_DT,Achats & Fournisseurs,0.5,"['Achats & Fournisseurs', 'Ventes & Clients']",coin_flip_reject
1055299,SYSADM.PS_ORG_REGISTER,PS_ORG_REGISTER,EFF_STATUS | EXD_REGISTER_CD | EXS_ITM_PROD_ID | EXS_PROD_KIT_FLG | ORG_CODE | ORG_LAST_SR_NBR | ORG_TAX_LOC_CD | SETID | START_DT,IT & Sécurité,0.5,"['Other', 'IT & Sécurité']",coin_flip_reject
1055542,SYSADM.PS_P6_INTF_TA3,PS_P6_INTF_TA3,ACTIVITY_ID | AFFILIATE | AFFILIATE_INTRA1 | AFFILIATE_INTRA2 | ANALYSIS_TYPE | APPROVER_ACTN_DT | APPROVER_ADD_FLAG | APPROVER_OPRID | BI_DISTRIB_STATUS | BILLING_ACTION | BUDGET_REF | BUSINESS_UNIT_GL | BUSINESS_UNIT_PC | BUSINESS_UNIT_WO | CHANGE_REQ_FLAG | CHARTFIELD1 | CHARTFIELD2 | CHARTFIELD3 | CLASS_FLD | COMMENTS | COUNTRY | DEPTID | DESCR60 | EX_LINE_STATUS | FUND_CODE | LINE_NBR | LOCALITY | OPERATING_UNIT | PC_DISTRIB_STATUS | PROCESS_INSTANCE | PRODUCT | PROGRAM_CODE | PROJECT_ID | RES_LN_NBR | RESOURCE_CATEGORY | RESOURCE_ETC | RESOURCE_SUB_CAT | RESOURCE_TYPE | RSRC_TYPE | STATE | TIME_SHEET_ID | TRC | VERSION_NUM | WO_ID | WO_TASK_ID,Finance & Contrôle,0.5,"['Finance & Contrôle', 'IT & Sécurité']",coin_flip_reject
1055760,SYSADM.PS_P6_PROJHDR,PS_P6_PROJHDR,BUSINESS_UNIT | P6_ALTERNATE_KEY | P6_ALTERNATE_REC | P6_BYPASS_FLAG | P6_ERROR_FLAG | P6_PC_CALC_METHOD | P6_PROC_MARKER | P6_PROJECT_GUID | PROJECT_ID,IT & Sécurité,0.5,"['IT & Sécurité', 'Other']",coin_flip_reject
1055826,SYSADM.PS_P6_RSRC_L_TAO,PS_P6_RSRC_L_TAO,BUSINESS_UNIT | BUSINESS_UNIT_HR | EOTF_IMPORT_FLG | IB_CHUNKCOUNT | IBTRANSACTIONID | MESSAGE_NBR | MESSAGE_PARM1 | MESSAGE_PARM2 | MESSAGE_PARM3 | MESSAGE_SET_NBR | P6_ACTION | P6_ACTION_EXECUTED | P6_ALTERNATE_KEY | P6_ALTERNATE_REC | P6_BYPASS_FLAG | P6_ERROR2_MSG | P6_ERROR_FLAG | P6_ERROR_MSG | P6_PREV_ERROR | P6_PROC_MARKER | P6_RSRC_GUID | P6_SYNC_STATUS | PROCESS_INSTANCE | PROC_INSTANCE_SYNC | PSFT_RSRC_ID | PSFT_RSRC_ID2 | PSFT_RSRC_NAME | PSFT_RSRC_STATUS | PSFT_RSRC_TYPE | RSRC_OBJECTID | SETID_INV_ITEM | UNIT_OF_MEASURE,RH,0.5,"['RH', 'IT & Sécurité']",coin_flip_reject
1056562,SYSADM.PS_PC_ATEAM_UPGTAO,PS_PC_ATEAM_UPGTAO,ACTIVITY_ID | ACTUAL_WORK | ACT_UID | ASSGND_WORK | AVAIL_UNITS | BASELINE_WORK | BUSINESS_UNIT | COST | COST_RATE | CURRENCY_CD | DESCRLONG | FMS_DTTM_STAMP | FMS_LASTUPDDTTM | FMS_LASTUPDOPRID | FMS_OPRID | LASTUPDSOURCE | PC_BUDGET_ITEM | PGM_RATE_TYPE | PROCESS_INSTANCE | PROJECT_ID | PROJ_ROLE | QTY | REMAINING_WORK | SCHED_NUM | SOURCE_FLAG | TEAM_MEMBER | TEAM_MEMBER_CLASS | TEAM_MEMBER_IND | UNIT_OF_MEASURE | USER_FIELD_1,Finance & Contrôle,0.5,"['IT & Sécurité', 'Finance & Contrôle']",coin_flip_reject
1056655,SYSADM.PS_PC_BU_TBL_TEO2,PS_PC_BU_TBL_TEO2,BUSINESS_UNIT | BUSINESS_UNIT_GL | CALENDAR_ID | CAT_EDIT_OPTION | CATEGORY_EDIT | CRIT_SEQ | CUR_EFFDT_TYPE | CURRENCY_CD | DAYS_UOM | EO_FROM_CURRENCY | EO_PROCESS_INST | FLEX_TEMPLATE_ID | IN_USE_SW | LAST_CONT_NUM_PC | LAST_INTFC_ID | PC_RT_TYPE_TRN_SRC | RT_TYPE | SUBCATEGORY_EDIT | SUB_EDIT_OPTION | UOM_HOURS,IT & Sécurité,0.5,"['IT & Sécurité', 'Finance & Contrôle']",coin_flip_reject
1056708,SYSADM.PS_PC_CPY_DEG_TAO,PS_PC_CPY_DEG_TAO,ACCOMPLISHMENT | BUSINESS_UNIT | MAJOR_CODE | PC_CPY_UNIQUEID | PROJECT_ID | TEAM_MEMBER | TEAM_MEMBER_CLASS | TEAM_MEMBER_IND | WEIGHT_POINTS,RH,0.5,"['RH', 'Other']",coin_flip_reject
1056710,SYSADM.PS_PC_CPY_DESC_TAO,PS_PC_CPY_DESC_TAO,BUSINESS_UNIT | DESCR254 | DESCRLONG | DTTM_STAMP | OPRID | PC_CPY_UNIQUEID | PROJECT_ID,IT & Sécurité,0.5,"['IT & Sécurité', 'Other']",coin_flip_reject
1056745,SYSADM.PS_PC_CPY_PRCP_TAO,PS_PC_CPY_PRCP_TAO,ACTIVITY_ID | BUSINESS_UNIT | EFFDT | EFF_STATUS | PC_CPY_UNIQUEID | PROJECT_ID | RATE_PLAN,Finance & Contrôle,0.5,"['Finance & Contrôle', 'Other']",coin_flip_reject
1056850,SYSADM.PS_PC_FND,PS_PC_FND,ACTIVITY_ID | ACTIVITY_OPTN | BUSINESS_UNIT | EFFDT | EFF_STATUS | ONE_TARGET_SW | PROJECT_ID,IT & Sécurité,0.5,"['IT & Sécurité', 'Other']",coin_flip_reject
1057002,SYSADM.PS_PC_GNT_SCHED,PS_PC_GNT_SCHED,APPROVAL_DATE | APPROVED_FLG | INCENTIVE_ID | MSTONE_SEQ | VERIFY_BTN,RH,0.5,"['Other', 'RH']",coin_flip_reject
1057205,SYSADM.PS_PC_PCBILOAD_AET,PS_PC_PCBILOAD_AET,ACCOUNTING_DT | ACTIVITY_ID | ANALYSIS_TYPE | BUSINESS_UNIT | CONTRACT_ID | CUST_ID | DATE_SEL_DT | FROM_DATE | INTFC_ID | INTFC_LINE_NUM | JOURNAL_ID | JOURNAL_LINE | LAST_AUTO_NBR | OPRID | PREV_TRANS_TYPE | PROCESS_INSTANCE | PROJECT_ID | RESOURCE_CATEGORY | RESOURCE_ID | RESOURCE_SUB_CAT | RESOURCE_TYPE | RUN_CNTL_ID | RUN_DT | SETID | SYSTEM_SOURCE | THRU_DATE | TRANS_TYPE_BI,Finance & Contrôle,0.5,"['Finance & Contrôle', 'IT & Sécurité']",coin_flip_reject
1057215,SYSADM.PS_PC_PE_GRMG_PRS,PS_PC_PE_GRMG_PRS,BUSINESS_UNIT | CALENDAR_ID | DEFAULT_FLAG | MY_PROJECTS | NUM_PER | OPRID | PC_BU_SOURCE | PROJECT_MANAGER | PROJECT_STATUS | PROJECT_TYPE | SHOW_ALERT_IND | TARGET_PER | WARNING_PERCENT,IT & Sécurité,0.5,"['IT & Sécurité', 'Other']",coin_flip_reject
1057229,SYSADM.PS_PC_PIC_ADD_TBL,PS_PC_PIC_ADD_TBL,BUSINESS_UNIT | DESCR | PC_PIC_EXPLANATION | PC_PIC_STEP_DESCR | PC_PIC_STEP_GRP_ID | PC_PIC_STEP_ID | PROJECT_ID | SEQ_NBR,Other,0.5,"['Other', 'IT & Sécurité']",coin_flip_reject
1057456,SYSADM.PS_PC_RES_PA_TA7,PS_PC_RES_PA_TA7,ACTIVITY_ID | BUSINESS_UNIT | BUSINESS_UNIT_PO | CURRENCY_CD | DISTRIB_LINE_NUM | DST_ACCT_TYPE | LINE_NBR | PO_ID | PROCESS_INSTANCE | PROJECT_ID | RESOURCE_AMOUNT2 | RESOURCE_QUANTITY2 | SCHED_NBR,Achats & Fournisseurs,0.5,"['Achats & Fournisseurs', 'IT & Sécurité']",coin_flip_reject
1057518,SYSADM.PS_PC_RT_D_L_TA1,PS_PC_RT_D_L_TA1,BUSINESS_UNIT | DESCR | DETAIL_NO | EFFDT | LINE_NO | OVERRIDE_SRC | PC_TEMPLATE_ID | PROCESS_INSTANCE | RATE_AMT | RATE_DEF_TYPE | RATE_NAME | RATE_OPTION | TEMPLATE_TYPE | TGT_AN_TYPE | TGT_RES_CATEGORY | TGT_RES_SUB_CAT | TGT_RES_TYPE | TGT_SEQ_NBR | TGT_VAR_ROW_ACT | TO_CUR,Finance & Contrôle,0.5,"['Finance & Contrôle', 'IT & Sécurité']",coin_flip_reject
1057535,SYSADM.PS_PC_RT_DTL_TA1,PS_PC_RT_DTL_TA1,ACCOUNT | AFFILIATE | AFFILIATE_INTRA1 | AFFILIATE_INTRA2 | ALTACCT | ANALYSIS_TYPE | BUDGET_REF | BUSINESS_UNIT | BUSINESS_UNIT_GL | CHARTFIELD1 | CHARTFIELD2 | CHARTFIELD3 | CLASS_FLD | COST_PER_USE | CURRENCY_CD | DEPTID | DESCR254_MIXED | DETAIL_NO | EFFDT | EMPLID | FUND_CODE | JOBCODE | OPERATING_UNIT | OVERTIME_RATE | PC_MSP_RES_ID | PC_TEMPLATE_ID | PROCESS_INSTANCE | PRODUCT | PROGRAM_CODE | PROJ_ROLE | RESOURCE_CATEGORY | RESOURCE_SUB_CAT | RESOURCE_TYPE | SCH_LABOR_IND | SEQ_NBR | STANDARD_RATE | TEMPLATE_TYPE | TIME_RPTG_CD | UNIT_OF_MEASURE,Finance & Contrôle,0.5,"['Finance & Contrôle', 'RH']",coin_flip_reject
1057583,SYSADM.PS_PC_SCH_3D_PRJ,PS_PC_SCH_3D_PRJ,BUSINESS_UNIT | DESCR | FIELD2 | FIELD3 | FIELD4 | FIELD_DESCR1 | FIELDVAL1 | FIELDVAL2 | FIELDVAL3 | FIELDVAL4 | FIELD_VALUE | FIELD_VALUE_DATE | FIELD_VALUE_STR | OPRID | PC_FIELD_GEN1 | PC_FIELD_GEN2 | PC_SCH_3D_PROJECT | PC_SCH_PRODUCT | PROJECT_ID_2,IT & Sécurité,0.5,"['IT & Sécurité', 'Other']",coin_flip_reject
1057602,SYSADM.PS_PC_SEL_CRIT_254,PS_PC_SEL_CRIT_254,BUSINESS_UNIT | CRITERIA_ID | PROJECT_ID | SEQ_NUM | WHERE_CLAUSE,Other,0.5,"['Other', 'IT & Sécurité']",coin_flip_reject
1057812,SYSADM.PS_PC_TP_DN_TAO,PS_PC_TP_DN_TAO,ACTIVITY_ID | ADJUSTED_FLAG | ADJUSTMENT_PCT | BUSINESS_UNIT | CHANGE_QUANTITY | CONTRACT_LINE_NUM | CONTRACT_NUM | PC_TRANS_ID | PROCESS_INSTANCE | PROCESS_STATUS | PROJECT_ID | RATE_DEF_BIL | RATE_DEF_COST | RATE_DEF_REV | RATE_PLAN_TYPE | RESOURCE_CATEGORY | RESOURCE_ID | RESOURCE_SUB_CAT | RESOURCE_TYPE | SEQ_NBR | TEMPLATE_TYPE | UOM_TIER,Finance & Contrôle,0.5,"['Finance & Contrôle', 'IT & Sécurité']",coin_flip_reject
1057941,SYSADM.PS_PD_BNSTMT_TAO,PS_PD_BNSTMT_TAO,BANK_ACCOUNT_NUM | BNK_ID_NBR | OPRID | PROCESS_INSTANCE | RECON_CYCLE_NBR | RUN_CNTL_ID,Finance & Contrôle,0.5,"['Finance & Contrôle', 'IT & Sécurité']",coin_flip_reject
1058095,SYSADM.PS_PE_ACCRL_OPTION,PS_PE_ACCRL_OPTION,ACCRL_DOC_TYPE | ACCRL_PROD_ID | EFFDT | EFF_STATUS | SETID,Finance & Contrôle,0.5,"['Finance & Contrôle', 'RH']",coin_flip_reject
1058291,SYSADM.PS_PG_CUSOPT_TAO,PS_PG_CUSOPT_TAO,BUSINESS_UNIT | CUST_ID | DST_ID_AR | EFFDT | EFFDT_TO | ENTRY_REASON | ENTRY_USE_ID | GROUP_BU | GROUP_ID | PROCESS_INSTANCE,Ventes & Clients,0.5,"['Ventes & Clients', 'IT & Sécurité']",coin_flip_reject
1058488,SYSADM.PS_PGM_ACT_DEP,PS_PGM_ACT_DEP,ACTIVITY_ID | BUSINESS_UNIT | DEPENDENCY_TYPE | FMS_DTTM_STAMP | FMS_LASTUPDDTTM | FMS_LASTUPDOPRID | FMS_OPRID | LAG_DAYS | PRDCSR_ACTIVITY_ID | PRDCSR_BUS_UNIT | PRDCSR_PROJECT_ID | PROJECT_ID,IT & Sécurité,0.5,"['IT & Sécurité', 'Other']",coin_flip_reject
1058491,SYSADM.PS_PGM_ACT_POOL,PS_PGM_ACT_POOL,ACTIVITY_ID | BUSINESS_UNIT | FMS_DTTM_STAMP | FMS_LASTUPDDTTM | FMS_LASTUPDOPRID | FMS_OPRID | POOL_ID | PROJECT_ID,IT & Sécurité,0.5,"['IT & Sécurité', 'Other']",coin_flip_reject
1058627,SYSADM.PS_PGM_CHC_HDR_LG,PS_PGM_CHC_HDR_LG,BUSINESS_IMPACT | BUSINESS_UNIT | CHANGE_EXPLANATION | CHANGE_REQ_ID | LANGUAGE_CD | PROJECT_ID,IT & Sécurité,0.5,"['Other', 'IT & Sécurité']",coin_flip_reject
1058828,SYSADM.PS_PGM_RATE_LKP_WS,PS_PGM_RATE_LKP_WS,BILL_RATE | BUSINESS_UNIT | COST_RATE | CURRENCY_CD | DAYS_UOM | JOBCODE | PROJ_ROLE | REGION_CD | RT_TYPE,RH,0.5,"['RH', 'Finance & Contrôle']",coin_flip_reject
1059150,SYSADM.PS_PGM_WSFNL_TAO,PS_PGM_WSFNL_TAO,ACTIVITY_COST | ASSGND_WORK | DESCR80 | OPRID | PC_DURATION | PC_NDURATION_DAYS | PROCESS_INSTANCE | PROJECT_ID | RESOURCE_COST | TEAM_MEMBER,Finance & Contrôle,0.5,"['IT & Sécurité', 'Finance & Contrôle']",coin_flip_reject
1059291,SYSADM.PS_PG_RTDFLT_TAO,PS_PG_RTDFLT_TAO,EFFDT | END_EFFDT | FROM_CUR | PROCESS_INSTANCE | RATE_DIV | RATE_MULT | RT_TYPE | TO_CUR,Finance & Contrôle,0.5,"['Finance & Contrôle', 'IT & Sécurité']",coin_flip_reject
1059405,SYSADM.PS_PI_RES_LOCATION,PS_PI_RES_LOCATION,LOCATION | OLD_LOCATION | PI_ID | PI_LINE_NUM,IT & Sécurité,0.5,"['IT & Sécurité', 'Other']",coin_flip_reject
1059429,SYSADM.PS_PIR_TB_TMP,PS_PIR_TB_TMP,BANK_ACCT_KEY | BANK_CD | BANK_SETID | FUND_CODE | PROCESS_INSTANCE | PYMNT_ID | PYMNT_STATUS | SPS_BETC | SPS_TAS,Finance & Contrôle,0.5,"['Finance & Contrôle', 'IT & Sécurité']",coin_flip_reject
1059441,SYSADM.PS_PI_SCAN_HIST,PS_PI_SCAN_HIST,AREA_ID | ASSET_ID | BUSINESS_UNIT | COMMENTS | HAND_HELD_OPERATOR | LAST_SCAN_DTTM | LOCATION | OLD_AREA_ID | OLD_LOCATION | OVERWRITE_AREA_ID | OVERWRITE_LOCATION | PI_ID | PI_LOC_CHG_ERR | PI_OVERWRITE_LOC | SCAN_BY_OPTION | SCAN_TYPE | SERIAL_ID | TAG_NUMBER,Supply Chain / Logistique / Production,0.5,"['Supply Chain / Logistique / Production', 'IT & Sécurité']",coin_flip_reject
1059500,SYSADM.PS_PL_CHG_RQST_DTL,PS_PL_CHG_RQST_DTL,BUSINESS_UNIT | BUSINESS_UNIT_IN | CHNG_CHAR_VALUE | CHNG_DATE_VALUE | CHNG_DTTM | CHNG_DTTM_VALUE | CHNG_NBR_VALUE | CHNG_SOURCE | CHNG_TIME_VALUE | CHNG_TYPE | FIELDNAME | LINE_NBR | PEG_STATUS | PLANNING_TIMESTAMP | PL_SEQ_NBR | PO_ID | PROBINST | PROCESSED_FLG | PROCESS_INSTANCE | SCHED_NBR | SEQ_NBR,Achats & Fournisseurs,0.5,"['Achats & Fournisseurs', 'IT & Sécurité']",coin_flip_reject
1059558,SYSADM.PS_PL_EXCP_VC_TMP,PS_PL_EXCP_VC_TMP,BUSINESS_UNIT | FROM_DT | INV_ITEM_ID | PL_RECORD_DTTM | PRCSINSTANCE | PROBINST | QTY_1 | QTY_2 | QTY_3 | QTY_4 | QTY_5 | QTY_MAX | SCHED_GROUP_CD | TO_DT | VENDOR_ID | VENDOR_SETID | VNDR_LOC,Supply Chain / Logistique / Production,0.5,"['Supply Chain / Logistique / Production', 'Achats & Fournisseurs']",coin_flip_reject
1059585,SYSADM.PS_PL_IN_EXCEPT,PS_PL_IN_EXCEPT,BUSINESS_UNIT | CONFIG_CODE | DEMAND_LINE_NO | DEMAND_SOURCE | DESTIN_BU | INTERUNIT_FLG | INV_ITEM_ID | MESSAGE_NBR | MESSAGE_SET_NBR | ORDER_INT_LINE_NO | ORDER_NO | ORIG_FROZEN_FLG | PEG_STATUS | PLAN_FROZEN_FLG | PLAN_NEW_FLG | PLANNING_TIMESTAMP | PL_SCHED_ARRV_DTTM | PL_SCHED_DTTM | PL_SEQ_NBR | PROBINST | PROCESS_INSTANCE | SCHED_ARRV_DTTM | SCHED_DTTM | SCHED_LINE_NO | SOURCE_BUS_UNIT,Supply Chain / Logistique / Production,0.5,"['Supply Chain / Logistique / Production', 'IT & Sécurité']",coin_flip_reject
1059608,SYSADM.PS_PL_MMDATE_TAO,PS_PL_MMDATE_TAO,BUSINESS_UNIT | MAX_DATE | MIN_DATE | PROCESS_INSTANCE | WORK_CENTER_CODE,Supply Chain / Logistique / Production,0.5,"['Supply Chain / Logistique / Production', 'IT & Sécurité']",coin_flip_reject
1059637,SYSADM.PS_PL_MM_PLPR_DEL,PS_PL_MM_PLPR_DEL,BOM_CODE | BUSINESS_UNIT | INV_ITEM_ID | PL_PLAN_STATUS | PRIORITY_RANK | PROBINST | PROCESS_INSTANCE | RTG_CODE | STATUS | TARGET_DATE | TOTAL_QTY | VERSION,Supply Chain / Logistique / Production,0.5,"['Supply Chain / Logistique / Production', 'IT & Sécurité']",coin_flip_reject
1059669,SYSADM.PS_PL_MM_RPT_STEPS,PS_PL_MM_RPT_STEPS,APPLIES_TO_BU | APPROVED_FLAG | BOM_CODE | BOM_OPRTN | BU_OPRTN | BU_OPRTN2 | BUSINESS_UNIT | BUSINESS_UNIT_OM | BUSINESS_UNIT_PO | BUYER_ID | BUYER_OPRTN | CANCEL_FLAG | CATEGORY_ID | CATEGORY_OPRTN | CFG_CODE_OPT | CNTRCT_ID | CONFIG_CODE | CONFIG_OPRTN | CONSUME_FCST | CUSTOMER | CUSTOMER_OPRTN | DATE_DAYS_SLCT_FLG | DESCR60 | END_DT_OPRTN | END_FROM_DAY | END_TO_DAY | FAMILY_OPRTN | FROZEN_FLG | FROZEN_SUBSTITUTES | GROUP_OPRTN | INCL_QTY_FLG | INTERUNIT_STAT | INV_ITEM_GROUP | INV_ITEM_ID | INV_PROD_FAM_CD | ITM_OPRTN | OPRID | ORDER_ID | ORDER_OPRTN | ORD_SCH_STATUS | PEG_STATUS | PLAN_END_DTTM | PLANNER_CD | PLANNER_OPRTN | PLAN_START_DTTM | PL_BUY_SOURCE | PL_DISTRIB_PLAN | PL_FAMILY_FORECAST | PL_MAINT_ACTIVITY | PL_MAKE_SOURCE | PL_MASTER_PLAN | PL_MATERIAL_PLAN | PLN_END_DT_TO | PLN_START_DT_TO | PL_PLANNING_SOURCE | PL_PLAN_STATUS | PL_XACTION_TYPE | PRDN_AREA_CODE | PRIORITY_OPRTN | PRIORITY_RANK | PROCESS_INSTANCE | PRODAREA_OPRTN | PROD_STATUS | PRODUCT_ID | PRODUCTION_TYPE | PRODUCT_OPRTN | RESERVED_FLAG | RTG_CODE | RTG_OPRTN | RUN_CNTL_ID | SETID | SETID_OPRTN | SHIP_ID_EST | SHIP_ID_OPRTN | SHIPPED_FLAG | SHIP_TYPE_ID | SHIP_TYPE_OPRTN | SOURCE_BU_OPRTN | SOURCE_BUS_UNIT | SOURCE_CODE | START_DT_OPRTN | START_FROM_DAY | START_TO_DAY | STEP | SUCCESS_OPRTN | SUCCESS_PCT | TARGET_DATE | TARGET_DAY | TO_BOM_CODE | TO_INTERUNIT_STAT | TO_ORDER_STATUS | TO_PRIORITY_RANK | TO_RTG_CODE | TO_SHIP_TYPE_ID | TO_SOURCE_BUS_UNIT | TO_VENDOR_ID | TO_VENDOR_SETID | TO_VNDR_LOC | UTILIZ_CD | UTILIZ_CD_OPRTN | VENDOR_ID | VENDOR_OPRTN | VENDOR_SETID | VNDR_LOC | VNDR_LOC_OPRTN | VNDR_SETID_OPRTN,Supply Chain / Logistique / Production,0.5,"['Supply Chain / Logistique / Production', 'IT & Sécurité']",coin_flip_reject
1059689,SYSADM.PS_PL_OCAL_AET,PS_PL_OCAL_AET,BUSINESS_UNIT | ENTIRE_DAY | PROCESS_INSTANCE | SHIP_DAY | TIME_FROM | TIME_TO | USE_FOR_RECV_FLG | USE_FOR_SHIP_FLAG,Supply Chain / Logistique / Production,0.5,"['Supply Chain / Logistique / Production', 'IT & Sécurité']",coin_flip_reject
1059692,SYSADM.PS_PL_OCAL_TAO,PS_PL_OCAL_TAO,BUSINESS_UNIT | ENTIRE_DAY | PROCESS_INSTANCE | SHIP_DAY | TIME_FROM | TIME_TO | USE_FOR_RECV_FLG | USE_FOR_SHIP_FLAG,Supply Chain / Logistique / Production,0.5,"['Supply Chain / Logistique / Production', 'IT & Sécurité']",coin_flip_reject
1059828,SYSADM.PS_PL_POST_SR_AET,PS_PL_POST_SR_AET,APPROVED_FLG | BUSINESS_UNIT | CONFIG_CODE | DEMAND_LINE_NO | DEMAND_SOURCE | DEM_CHG_MSG_TYPE | FROZEN_CD | INV_ITEM_ID | ORDER_INT_LINE_NO | ORDER_NO | PEG_STATUS | PLAN_FROZEN_FLG | PL_SCHED_DATE | PL_SCHED_DTTM | PL_SCHED_TIME | PL_SEQ_NBR | PRIORITY_RANK | PROBINST | PROCESS_INSTANCE | QTY_REQUESTED_BASE | SCHED_DATE | SCHED_DTTM | SCHED_LINE_NO | SCHED_TIME | SOURCE_BUS_UNIT | TOLERANCE_FLG,Supply Chain / Logistique / Production,0.5,"['Supply Chain / Logistique / Production', 'IT & Sécurité']",coin_flip_reject
1059879,SYSADM.PS_PL_PRIO_DMD_EP,PS_PL_PRIO_DMD_EP,CUSTOMER_GROUP | DESTIN_BU | EP_GROUP_CODE | PL_PRIO_DMD_SRC | PL_PRIO_FAMILY | PL_PRIO_RES | PRIORITY_NBR | PRIORITY_RANK,Ventes & Clients,0.5,"['Ventes & Clients', 'Other']",coin_flip_reject
1059893,SYSADM.PS_PL_PROD_OP_AET,PS_PL_PROD_OP_AET,BUSINESS_UNIT | OP_SEQUENCE | PROCESS_INSTANCE | PRODUCTION_ID | QTY_SCRAPPED,Supply Chain / Logistique / Production,0.5,"['IT & Sécurité', 'Supply Chain / Logistique / Production']",coin_flip_reject
1059930,SYSADM.PS_PL_RESCHED_REQ,PS_PL_RESCHED_REQ,BUSINESS_UNIT | CATEGORY_CD | CATEGORY_ID | CLEAR_ALL_PB | CONFIG_CODE | END_DATE | END_OPTION | INCLUDE_CFG | INV_ITEM_GROUP | INV_ITEM_ID | INV_PROD_FAM_CD | OPRID | PEGGED_FLG | PLANNER_CD | PL_BA | PL_BUY_SOURCE | PL_CANCELLATIONS | PL_DISTRIB_PLAN | PL_END_OFFSET | PL_EXTRA_DEMAND | PL_MAKE_SOURCE | PL_MASTER_PLAN | PL_MATERIAL_PLAN | PL_ORDERS_QUOTES | PL_PI_DATE_FLAG | PL_PRODUCTION | PL_PURCHASES | PL_RESCHEDULES | PL_START_OFFSET | PL_STOCK_REQUESTS | PL_TRANSFERS | PRIMARY_BUYER | PROBINST | RUN_CNTL_ID | SELECT_ALL_PB | SHIP_TO_CUST_ID | START_DATE | START_OPTION | TOLERANCE_FLG | UNPEGGED_FLG | UTILIZ_CD | VENDOR_ID | VNDR_LOC,Supply Chain / Logistique / Production,0.5,"['Supply Chain / Logistique / Production', 'Achats & Fournisseurs']",coin_flip_reject
1059940,SYSADM.PS_PL_RN_MRP_REQ,PS_PL_RN_MRP_REQ,CALC_LLC | CANCEL_ENTERED_PR | CANCEL_FIRMED_PR | CANCEL_FIRM_PLPO | CANCEL_FIRM_PLPR | CANCEL_FIRM_PLTR | CANCEL_INPRCS_PR | CANCEL_PID | CANCEL_PO | CANCEL_RELEASED_PR | CANCEL_TRANSFER | COLLECT_FINISH_CNT | COLLECT_START_CNT | DEFER_SUPPLIES | IGNORE_SAFETY | MRP_INCL_DISTRIB | MRP_INCL_MASTER | MRP_INCL_MAT | OPRID | PLANNING_MODE | PROBINST | REGEN_FORECAST | RUN_CNTL_ID | START_PLUGIN | URL,Supply Chain / Logistique / Production,0.5,"['Achats & Fournisseurs', 'Supply Chain / Logistique / Production']",coin_flip_reject
1059971,SYSADM.PS_PL_SLOW_REQ_TMP,PS_PL_SLOW_REQ_TMP,BUSINESS_UNIT | CONFIG_CODE | DEMAND_UNITS | DEMAND_VALUE | DESCR | INV_ITEM_ID | NUMBER_DMD_TRANS | NUMBER_SUP_TRANS | PROCESS_INSTANCE | QTY_ONHAND | SUPPLY_UNITS | SUPPLY_VALUE | UNIT_MEASURE_STD | VALUE_ONHAND,Supply Chain / Logistique / Production,0.5,"['Achats & Fournisseurs', 'Supply Chain / Logistique / Production']",coin_flip_reject
1060046,SYSADM.PS_PL_SRC_TMPL_DEL,PS_PL_SRC_TMPL_DEL,BOM_CODE | BUSINESS_UNIT | BUS_UNIT_SOURCE | BUYER_ID | INV_ITEM_ID | ITMV_PRIORITY_LOC | MG_ASSOCIATED_BOM | PL_OPTION_TYPE | PL_SRC_DEFAULT | PL_UNIT_COST | PRIORITY_NBR | PROBINST | QTY_MAXIMUM | QTY_MINIMUM | RTG_CODE | SHIP_TYPE_ID | VENDOR_ID | VENDOR_SETID | VERSION | VNDR_LOC,Supply Chain / Logistique / Production,0.5,"['Supply Chain / Logistique / Production', 'Achats & Fournisseurs']",coin_flip_reject
1060177,SYSADM.PS_PM_CLASSIFICATE,PS_PM_CLASSIFICATE,CLASSIFICATION | DESCR | DESCRSHORT | EFFDT | EFF_STATUS | SETID,RH,0.5,"['RH', 'Other']",coin_flip_reject
1060583,SYSADM.PS_PNDG_VAT_TEOA,PS_PNDG_VAT_TEOA,ASOF_DT | DTTM_STAMP | EO_AUDIT_FLG | EXCEPTION_INFO | FIELDNAME | FIELD_VALUE | FROM_CURRENCY | KEY10_FLDNAME | KEY10_FLD_VAL | KEY11_FLDNAME | KEY11_FLD_VAL | KEY12_FLDNAME | KEY12_FLD_VAL | KEY13_FLDNAME | KEY13_FLD_VAL | KEY14_FLDNAME | KEY14_FLD_VAL | KEY15_FLDNAME | KEY15_FLD_VAL | KEY16_FLDNAME | KEY16_FLD_VAL | KEY1_FLDNAME | KEY1_FLD_VAL | KEY2_FLDNAME | KEY2_FLD_VAL | KEY3_FLDNAME | KEY3_FLD_VAL | KEY4_FLDNAME | KEY4_FLD_VAL | KEY5_FLDNAME | KEY5_FLD_VAL | KEY6_FLDNAME | KEY6_FLD_VAL | KEY7_FLDNAME | KEY7_FLD_VAL | KEY8_FLDNAME | KEY8_FLD_VAL | KEY9_FLDNAME | KEY9_FLD_VAL | OPRID | PROCESS_INSTANCE | PROC_GRP_ID | RATE_DIV | RATE_MULT | RECNAME | RT_DIV_FLDNAME | RT_MULT_FLDNAME | RULE_INSTNC_NBR | RUN_CNTL_ID | TO_CURRENCY,Finance & Contrôle,0.5,"['Finance & Contrôle', 'IT & Sécurité']",coin_flip_reject
1061248,SYSADM.PS_PO_DF_GL_CUR,PS_PO_DF_GL_CUR,BUSINESS_UNIT_GL | CURRENCY_CD_BUGL | DECIMAL_POS_BUGL | PROCESS_INSTANCE | RT_TYPE_BUGL,Finance & Contrôle,0.5,"['Finance & Contrôle', 'Achats & Fournisseurs']",coin_flip_reject
1061500,SYSADM.PS_PODISPIN2_TAO,PS_PODISPIN2_TAO,BUSINESS_UNIT | COUNTRY_SHIP_FROM | COUNTRY_SHIP_TO | PO_ID | PROCESS_INSTANCE | STATE_SHIP_FROM | STATE_SHIP_TO,Supply Chain / Logistique / Production,0.5,"['Supply Chain / Logistique / Production', 'IT & Sécurité']",coin_flip_reject
1061753,SYSADM.PS_PO_EXS_DWK_T,PS_PO_EXS_DWK_T,BAL_STATUS | BASE_CURRENCY | BUSINESS_UNIT | CSD_NRCVRY_AMT | CSD_NRCVRY_AMT_BSE | CSD_RCVRY_AMT | CSD_RCVRY_AMT_BSE | CSD_TAX_AMT | CSD_TAX_AMT_BSE | DISTRIB_LINE_NUM | DISTRIB_PCT | DST_ACCT_TYPE | EXD_BASIS_AMT | EXD_BASIS_AMT_BSE | EXD_BASIS_AMT_RPT | EXD_NRCVRY_AMT | EXD_NRCVRY_AMT_BSE | EXD_NRCVRY_AMT_RPT | EXD_RCVRY_AMT | EXD_RCVRY_AMT_BSE | EXD_RCVRY_AMT_RPT | EXD_TAX_AMT | EXD_TAX_AMT_BSE | EXD_TAX_AMT_RPT | EXS_CURRENCY_RPTG | LINE_NBR | PO_ID | PROCESS_INSTANCE | RATE_DIV | RATE_MULT | SCHED_NBR | STX_BASIS_AMT | STX_BASIS_AMT_BSE | STX_BASIS_AMT_RPT | STX_NRCVRY_AMT | STX_NRCVRY_AMT_BSE | STX_NRCVRY_AMT_RPT | STX_RCVRY_AMT | STX_RCVRY_AMT_BSE | STX_RCVRY_AMT_RPT | STX_TAX_AMT | STX_TAX_AMT_BSE | STX_TAX_AMT_RPT | TXN_CURRENCY_CD,Finance & Contrôle,0.5,"['Achats & Fournisseurs', 'Finance & Contrôle']",coin_flip_reject
1062244,SYSADM.PS_PO_LINE_DIST_NP,PS_PO_LINE_DIST_NP,ACCOUNT | ACTIVITY_ID | AFFILIATE | AFFILIATE_INTRA1 | AFFILIATE_INTRA2 | ALTACCT | ANALYSIS_TYPE | BUDGET_DT | BUDGET_LINE_STATUS | BUDGET_REF | BUSINESS_UNIT | BUSINESS_UNIT_GL | BUSINESS_UNIT_PC | BUSINESS_UNIT_REQ | CHARTFIELD1 | CHARTFIELD2 | CHARTFIELD3 | CHARTFIELD_STATUS | CLASS_FLD | CURRENCY_CD | CURRENCY_CD_BASE | DEPTID | DIST_PROCESSED_FLG | DISTRIB_LINE_NUM | DISTRIB_LN_STATUS | DST_ACCT_TYPE | EE_SEQ_NUM | FUND_CODE | KK_CLOSE_FLAG | KK_PROCESS_PRIOR | LINE_NBR | LOCATION | MERCH_AMT_BSE | MERCHANDISE_AMT | MONETARY_AMOUNT | MONETARY_AMT_BSE | OPERATING_UNIT | PO_ID | PROCESS_INSTANCE | PROCESS_MAN_CLOSE | PRODUCT | PROGRAM_CODE | PROJECT_ID | QTY_PO | RESOURCE_CATEGORY | RESOURCE_SUB_CAT | RESOURCE_TYPE | SCHED_NBR | STATISTIC_AMOUNT | STATISTICS_CODE | SYSTEM_SOURCE,Finance & Contrôle,0.5,"['Finance & Contrôle', 'Achats & Fournisseurs']",coin_flip_reject
1062330,SYSADM.PS_POLNCOM_TAO,PS_POLNCOM_TAO,BUSINESS_UNIT | COMMENT_ID | COMMENTS_2000 | LINE_NBR | PO_ID | PROCESS_INSTANCE | RANDOM_CMMT_NBR,Achats & Fournisseurs,0.5,"['Achats & Fournisseurs', 'IT & Sécurité']",coin_flip_reject
1062353,SYSADM.PS_PO_LN_DIST_EXS,PS_PO_LN_DIST_EXS,BUSINESS_UNIT | CSD_NRCVRY_AMT | CSD_NRCVRY_AMT_BSE | CSD_RCVRY_AMT | CSD_RCVRY_AMT_BSE | CSD_TAX_AMT | CSD_TAX_AMT_BSE | CURRENCY_CD | CURRENCY_CD_BASE | DISTRIB_LINE_NUM | DST_ACCT_TYPE | EXD_BASIS_AMT | EXD_BASIS_AMT_BSE | EXD_BASIS_AMT_RPT | EXD_NRCVRY_AMT | EXD_NRCVRY_AMT_BSE | EXD_NRCVRY_AMT_RPT | EXD_RCVRY_AMT | EXD_RCVRY_AMT_BSE | EXD_RCVRY_AMT_RPT | EXD_TAX_AMT | EXD_TAX_AMT_BSE | EXD_TAX_AMT_RPT | EXS_CURRENCY_RPTG | LINE_NBR | PO_ID | PROCESS_INSTANCE | SCHED_NBR | STX_BASIS_AMT | STX_BASIS_AMT_BSE | STX_BASIS_AMT_RPT | STX_NRCVRY_AMT | STX_NRCVRY_AMT_BSE | STX_NRCVRY_AMT_RPT | STX_RCVRY_AMT | STX_RCVRY_AMT_BSE | STX_RCVRY_AMT_RPT | STX_TAX_AMT | STX_TAX_AMT_BSE | STX_TAX_AMT_RPT,Finance & Contrôle,0.5,"['Achats & Fournisseurs', 'Finance & Contrôle']",coin_flip_reject
1062354,SYSADM.PS_PO_LN_DIST_EXSA,PS_PO_LN_DIST_EXSA,BUSINESS_UNIT | CSD_NRCVRY_AMT | CSD_NRCVRY_AMT_BSE | CSD_RCVRY_AMT | CSD_RCVRY_AMT_BSE | CSD_TAX_AMT | CSD_TAX_AMT_BSE | CURRENCY_CD | CURRENCY_CD_BASE | DISTRIB_LINE_NUM | DST_ACCT_TYPE | EXD_BASIS_AMT | EXD_BASIS_AMT_BSE | EXD_BASIS_AMT_RPT | EXD_NRCVRY_AMT | EXD_NRCVRY_AMT_BSE | EXD_NRCVRY_AMT_RPT | EXD_RCVRY_AMT | EXD_RCVRY_AMT_BSE | EXD_RCVRY_AMT_RPT | EXD_TAX_AMT | EXD_TAX_AMT_BSE | EXD_TAX_AMT_RPT | EXS_CURRENCY_RPTG | EXS_TAX_AMT_TTL | LINE_NBR | PO_ID | PROCESS_INSTANCE | SCHED_NBR | STX_BASIS_AMT | STX_BASIS_AMT_BSE | STX_BASIS_AMT_RPT | STX_NRCVRY_AMT | STX_NRCVRY_AMT_BSE | STX_NRCVRY_AMT_RPT | STX_RCVRY_AMT | STX_RCVRY_AMT_BSE | STX_RCVRY_AMT_RPT | STX_TAX_AMT | STX_TAX_AMT_BSE | STX_TAX_AMT_RPT,Finance & Contrôle,0.5,"['Achats & Fournisseurs', 'Finance & Contrôle']",coin_flip_reject
1062357,SYSADM.PS_PO_LN_DIST_EXSD,PS_PO_LN_DIST_EXSD,BUSINESS_UNIT | CSD_NRCVRY_AMT | CSD_NRCVRY_AMT_BSE | CSD_RCVRY_AMT | CSD_RCVRY_AMT_BSE | CSD_TAX_AMT | CSD_TAX_AMT_BSE | CURRENCY_CD | CURRENCY_CD_BASE | DISTRIB_LINE_NUM | DST_ACCT_TYPE | EXD_BASIS_AMT | EXD_BASIS_AMT_BSE | EXD_BASIS_AMT_RPT | EXD_NRCVRY_AMT | EXD_NRCVRY_AMT_BSE | EXD_NRCVRY_AMT_RPT | EXD_RCVRY_AMT | EXD_RCVRY_AMT_BSE | EXD_RCVRY_AMT_RPT | EXD_TAX_AMT | EXD_TAX_AMT_BSE | EXD_TAX_AMT_RPT | EXS_CURRENCY_RPTG | EXS_TAX_AMT_TTL | LINE_NBR | PO_ID | PROCESS_INSTANCE | SCHED_NBR | STX_BASIS_AMT | STX_BASIS_AMT_BSE | STX_BASIS_AMT_RPT | STX_NRCVRY_AMT | STX_NRCVRY_AMT_BSE | STX_NRCVRY_AMT_RPT | STX_RCVRY_AMT | STX_RCVRY_AMT_BSE | STX_RCVRY_AMT_RPT | STX_TAX_AMT | STX_TAX_AMT_BSE | STX_TAX_AMT_RPT,Finance & Contrôle,0.5,"['Achats & Fournisseurs', 'Finance & Contrôle']",coin_flip_reject
1062944,SYSADM.PS_PO_PREPOST_WK5,PS_PO_PREPOST_WK5,ACCOUNT | ACTIVITY_ID | AFFILIATE | AFFILIATE_INTRA1 | AFFILIATE_INTRA2 | ALTACCT | ANALYSIS_TYPE | BUDGET_DT | BUDGET_LINE_STATUS | BUDGET_REF | BUSINESS_UNIT | BUSINESS_UNIT_AM | BUSINESS_UNIT_GL | BUSINESS_UNIT_IN | BUSINESS_UNIT_PC | BUSINESS_UNIT_REQ | CAP_NUM | CAP_SEQUENCE | CHARTFIELD1 | CHARTFIELD2 | CHARTFIELD3 | CHARTFIELD_STATUS | CLASS_FLD | CLOSE_AMOUNT | CLOSE_AMOUNT_BSE | CURRENCY_CD | CURRENCY_CD_BASE | DEPTID | DIST_PROCESSED_FLG | DISTRIB_LINE_NUM | DISTRIB_LN_STATUS | DISTRIB_PCT | DISTRIB_TYPE | DST_ACCT_TYPE | EMPLID | FINANCIAL_ASSET_SW | FUND_CODE | INVOICE_CLOSE_IND | LINE_NBR | LOCATION | MERCH_AMT_BSE | MERCHANDISE_AMT | MONETARY_AMOUNT | MONETARY_AMT_BSE | OPERATING_UNIT | PC_DISTRIB_AMT | PC_DISTRIB_AMT_BSE | PC_DISTRIB_STATUS | PO_FRT_ALLOC | PO_FRT_AMT | PO_FRT_RND | PO_ID | PO_POST_AMT | PO_POST_AMT_BSE | PO_POST_STATUS | PO_SCHED_AMT | PO_TAX_ALLOC | PO_TAX_AMT | PO_TAX_RND | PO_WRK_PI | PROCESS_INSTANCE | PROCESS_MAN_CLOSE | PRODUCT | PROFILE_ID | PROGRAM_CODE | PROJECT_ID | QTY_PO | QTY_REQ | RATE_DIV | RATE_MULT | REPLEN_OPT | REQ_DISTRIB_NBR | REQ_ID | REQ_LINE_NBR | REQ_SCHED_NBR | RESOURCE_CATEGORY | RESOURCE_SUB_CAT | RESOURCE_TYPE | RT_TYPE | SALETX_AMT | SALETX_AMT_BSE | SCHED_NBR | STATISTIC_AMOUNT | STATISTICS_CODE | SUT_APPLICABILITY | SYSTEM_SOURCE | TAX_CD_SUT | TAX_CD_SUT_PCT | TAX_CD_VAT | TAX_CD_VAT_PCT | USETAX_AMT | USETAX_AMT_BSE | VAT_AMT | VAT_AMT_BASE | VAT_APPLICABILITY | VAT_BASIS_AMT | VAT_BASIS_AMT_BSE | VAT_RCVRY_AMT | VAT_RCVRY_AMT_BSE | VAT_REBATE_AMT | VAT_REBATE_AMT_BSE | VAT_REBATE_PCT | VAT_RECOVERY_PCT | VAT_TXN_TYPE_CD | VAT_USE_ID,Finance & Contrôle,0.5,"['Achats & Fournisseurs', 'Finance & Contrôle']",coin_flip_reject
1063180,SYSADM.PS_POREQHDR_TEOA,PS_POREQHDR_TEOA,ASOF_DT | DTTM_STAMP | EO_AUDIT_FLG | EXCEPTION_INFO | FIELDNAME | FIELD_VALUE | FROM_CURRENCY | KEY10_FLDNAME | KEY10_FLD_VAL | KEY11_FLDNAME | KEY11_FLD_VAL | KEY12_FLDNAME | KEY12_FLD_VAL | KEY13_FLDNAME | KEY13_FLD_VAL | KEY14_FLDNAME | KEY14_FLD_VAL | KEY15_FLDNAME | KEY15_FLD_VAL | KEY16_FLDNAME | KEY16_FLD_VAL | KEY1_FLDNAME | KEY1_FLD_VAL | KEY2_FLDNAME | KEY2_FLD_VAL | KEY3_FLDNAME | KEY3_FLD_VAL | KEY4_FLDNAME | KEY4_FLD_VAL | KEY5_FLDNAME | KEY5_FLD_VAL | KEY6_FLDNAME | KEY6_FLD_VAL | KEY7_FLDNAME | KEY7_FLD_VAL | KEY8_FLDNAME | KEY8_FLD_VAL | KEY9_FLDNAME | KEY9_FLD_VAL | OPRID | PROCESS_INSTANCE | PROC_GRP_ID | RATE_DIV | RATE_MULT | RECNAME | RT_DIV_FLDNAME | RT_MULT_FLDNAME | RULE_INSTNC_NBR | RUN_CNTL_ID | TO_CURRENCY,Achats & Fournisseurs,0.5,"['Achats & Fournisseurs', 'IT & Sécurité']",coin_flip_reject
1063183,SYSADM.PS_POREQLNDIS_TEO1,PS_POREQLNDIS_TEO1,ACCOUNT | ACTIVITY_ID | AFFILIATE | AFFILIATE_INTRA1 | AFFILIATE_INTRA2 | ALTACCT | AMT_OPEN | AMT_OPEN_BSE | ANALYSIS_TYPE | BUDGET_DT | BUDGET_LINE_STATUS | BUDGET_REF | BUSINESS_UNIT | BUSINESS_UNIT_AM | BUSINESS_UNIT_GL | BUSINESS_UNIT_IN | BUSINESS_UNIT_PC | BUSINESS_UNIT_REQ | CAP_NUM | CAP_SEQUENCE | CHARTFIELD1 | CHARTFIELD2 | CHARTFIELD3 | CHARTFIELD_STATUS | CLASS_FLD | CLOSE_AMOUNT | CLOSE_AMT_BSE | COST_TYPE | CURRENCY_CD | CURRENCY_CD_BASE | CUSTOM_C100_D1 | CUSTOM_C100_D2 | CUSTOM_C100_D3 | CUSTOM_C100_D4 | CUSTOM_C1_D | CUSTOM_DATE_D | DEPTID | DIST_PROCESSED_FLG | DISTRIB_LINE_NUM | DISTRIB_LN_STATUS | DISTRIB_PCT | DISTRIB_TYPE | EMPLID | ENTRY_EVENT | EO_FROM_CURRENCY | EO_PROCESS_INST | FINANCIAL_ASSET_SW | FUND_CODE | KK_CLOSE_FLAG | LINE_NBR | LOCATION | MERCH_AMT_BSE | MERCHANDISE_AMT | MONETARY_AMOUNT | MONETARY_AMT_BSE | OPERATING_UNIT | PC_DISTRIB_AMT | PC_DISTRIB_AMT_BSE | PC_DISTRIB_STATUS | PEG_STATUS | PO_POST_AMT | PO_POST_AMT_BSE | PO_POST_STATUS | PROCESS_INSTANCE | PROCESS_MAN_CLOSE | PRODUCT | PROFILE_ID | PROGRAM_CODE | PROJECT_ID | QTY_OPEN | QTY_OPEN_STD | QTY_REQ | QTY_REQ_STD | RATE_DIV | RATE_MULT | REQ_ID | RESOURCE_CATEGORY | RESOURCE_SUB_CAT | RESOURCE_TYPE | RT_TYPE | SCHED_NBR | STATISTICS_CODE | TAG_NUMBER | UNIT_MEASURE_STD | USER_DIST_CHAR1,Finance & Contrôle,0.5,"['Finance & Contrôle', 'Achats & Fournisseurs']",coin_flip_reject
1063694,SYSADM.PS_POS_PERIOD_TBL,PS_POS_PERIOD_TBL,PERIOD_END_DT | PERIOD_START_DT | SEQ_NUM | SETID | TIME_SET | TODAY_DATE | VERSION_NUMBER,Finance & Contrôle,0.5,"['Finance & Contrôle', 'Other']",coin_flip_reject
1063967,SYSADM.PS_POS_SOURCE_SET,PS_POS_SOURCE_SET,POS_DEAL_SRC_SET | POS_DEF_SRC_SET | POS_IMPCT_ORIG | SEQ_NUM | SETID | SOURCE_SET | TREE_NAME,Ventes & Clients,0.5,"['Ventes & Clients', 'Other']",coin_flip_reject
1063994,SYSADM.PS_POS_T_DTL_LNG,PS_POS_T_DTL_LNG,DESCR50 | LANGUAGE_CD | SEQ_NUM | SETID | TIME_SET,Ventes & Clients,0.5,"['Other', 'Ventes & Clients']",coin_flip_reject
1064252,SYSADM.PS_POS_TREE_SQL,PS_POS_TREE_SQL,INCLUDE_DEAL_CHK | POS_DEAL_SRC_SET | POS_IS_DEAL_SRC | POS_SOURCE_ID | SETID | SOURCE_SET | SQLTEXT | TREE_NAME | TREE_NODE | VERSION_NUMBER,IT & Sécurité,0.5,"['IT & Sécurité', 'Other']",coin_flip_reject
1064255,SYSADM.PS_POST_REQ_TMP,PS_POST_REQ_TMP,BUSINESS_UNIT | CALC_DATE_OPT | CALC_EFFDT | CALC_PERIOD | CALC_YEAR | CALENDAR_ID | DSO90_PERIOD | DSO90_YEAR | NUMBER_OF_PERIODS | POST_FR_DT | POSTNOW_TYPE | POST_TO_DT | PROCESS_D_HIST | PROCESS_FREQUENCY | PROCESS_INSTANCE | PROCESS_P_HIST | PROCESS_U_HIST | SETID | SUBCUST_USE,IT & Sécurité,0.5,"['IT & Sécurité', 'Achats & Fournisseurs']",coin_flip_reject
1064715,SYSADM.PS_PO_XMLP_BOE_AET,PS_PO_XMLP_BOE_AET,AS_OF_DATE | LANGUAGE_CD | OPRID | PROCESS_INSTANCE | REPORT_DEFN_ID | RUN_CNTL_ID | TMPLDEFN_ID,Achats & Fournisseurs,0.5,"['IT & Sécurité', 'Achats & Fournisseurs']",coin_flip_reject
1064720,SYSADM.PS_PO_XMLP_DEL_AET,PS_PO_XMLP_DEL_AET,AS_OF_DATE | LANGUAGE_CD | OPRID | PROCESS_INSTANCE | REPORT_DEFN_ID | RUN_CNTL_ID | TMPLDEFN_ID,Achats & Fournisseurs,0.5,"['Achats & Fournisseurs', 'IT & Sécurité']",coin_flip_reject
1064940,SYSADM.PS_PPK_DISC_RT_TBL,PS_PPK_DISC_RT_TBL,DISCOUNT_PCT | FMS_DTTM_STAMP | FMS_LASTUPDDTTM | FMS_LASTUPDOPRID | FMS_OPRID | PPK_DISC_DATE,Ventes & Clients,0.5,"['Other', 'Ventes & Clients']",coin_flip_reject
1065064,SYSADM.PS_PP_REQ_TAO,PS_PP_REQ_TAO,BUSINESS_UNIT | DATE_OVERRIDE | LAST_RUN_DTM | OPRID | PP_DATE_OPTION | PROCESS_FREQUENCY | PROCESS_INSTANCE | PROCESS_ORIG | PROCESS_STATUS | RUN_CNTL_ID | SERVER,IT & Sécurité,0.5,"['Achats & Fournisseurs', 'IT & Sécurité']",coin_flip_reject
1065152,SYSADM.PS_PRCR_UPD_TMP1Q,PS_PRCR_UPD_TMP1Q,BANK_CD | BANK_SETID | BUSINESS_UNIT_AP | BUSINESS_UNIT_PO | CATEGORY_ID | CURRENCY_CD | CURRENCY_PYMNT | INV_ITEM_ID | ITM_SETID | PAID_AMT | PAID_AMT_GROSS | PRCR_PERIOD | PRCR_YEAR | PROCESS_INSTANCE | REPORT_ENTITY | SHIPTO_ID | SHIPTO_SETID | UNIT_MEASURE_STD | VENDOR_ID | VENDOR_SETID,Finance & Contrôle,0.5,"['Finance & Contrôle', 'Achats & Fournisseurs']",coin_flip_reject
1065164,SYSADM.PS_PRCSCUSTRECINF,PS_PRCSCUSTRECINF,OUTDESTTYPE | PRCSOUTPUTPARMTYPE | PRCSTYPE | PTNONUNPRCSNAME | RECFIELDNAME | RECNAME,IT & Sécurité,0.5,"['Other', 'IT & Sécurité']",coin_flip_reject
1065245,SYSADM.PS_PRD_GRP_UP_TAO,PS_PRD_GRP_UP_TAO,DATETIME_ADDED | EIP_CTL_ID | LAST_MAINT_OPRID | LASTUPDDTTM | PRIMARY_FLAG | PRIM_PRC_FLAG | PROCESS_INSTANCE | PROD_GRP_TYPE | PRODUCT_GROUP | PRODUCT_ID | SETID,Supply Chain / Logistique / Production,0.5,"['Other', 'IT & Sécurité']",coin_flip_reject
1065299,SYSADM.PS_PRD_SRCH_UPNTMP,PS_PRD_SRCH_UPNTMP,INV_ITEM_ID | LASTUPDDTTM | PROCESS_INSTANCE | PRODUCT_ID | SETID | UNIT_OF_MEASURE | UPN_ID | UPN_TYPE_CD,Supply Chain / Logistique / Production,0.5,"['Supply Chain / Logistique / Production', 'IT & Sécurité']",coin_flip_reject
1065361,SYSADM.PS_PRICE_ADJ_RULE,PS_PRICE_ADJ_RULE,ADJUST_ON_SHIPTO | ADJUST_ON_UOM | CURRENCY_CD | DFLT_UOM_ADJUST | EFFDT | FINAL_PRICE | HARD_PRICE | IGNORE_IF_OTHER | INV_ITEM_ID | PRICE_ADJUST_SEQ | SETID | SHIPTO_ID | SHIPTO_SETID | UNIT_OF_MEASURE | VENDOR_ID | VENDOR_SETID | VNDR_LOC,Achats & Fournisseurs,0.5,"['Achats & Fournisseurs', 'Finance & Contrôle']",coin_flip_reject
1065377,SYSADM.PS_PROC_PART_TBL,PS_PROC_PART_TBL,DESCR | PROC_PART_ID,Achats & Fournisseurs,0.5,"['Achats & Fournisseurs', 'IT & Sécurité']",coin_flip_reject
1065396,SYSADM.PS_PRODCTLG_CSTLST,PS_PRODCTLG_CSTLST,CATALOG_NBR | CUST_ID | DATETIME_ADDED | EFFDT | EFF_STATUS | LAST_MAINT_OPRID | LASTUPDDTTM | SETID | SETID_CUSTOMER,Ventes & Clients,0.5,"['Other', 'Ventes & Clients']",coin_flip_reject
1065430,SYSADM.PS_PRODKIT_HEADER,PS_PRODKIT_HEADER,PRODUCT_ID | SETID | TEXT254 | VAT_APPL_FLG,Supply Chain / Logistique / Production,0.5,"['Other', 'Supply Chain / Logistique / Production']",coin_flip_reject
1065461,SYSADM.PS_PRODNOTKEYWD_MD,PS_PRODNOTKEYWD_MD,AUDIT_ACTN | DATETIME_ADDED | EIP_CTL_ID | EIP_PROGRAM | KEY_WORD | LAST_MAINT_OPRID | LASTUPDDTTM | PRODUCT_ID | SEQ_NUM | SETID,Supply Chain / Logistique / Production,0.5,"['Other', 'Supply Chain / Logistique / Production']",coin_flip_reject
1065463,SYSADM.PS_PROD_PGRPLNK_MD,PS_PROD_PGRPLNK_MD,AUDIT_ACTN | DATETIME_ADDED | EIP_CTL_ID | EIP_PROGRAM | LAST_MAINT_OPRID | LASTUPDDTTM | PRIMARY_FLAG | PRIM_PRC_FLAG | PROD_GRP_TYPE | PRODUCT_GROUP | PRODUCT_ID | SETID,IT & Sécurité,0.5,"['IT & Sécurité', 'Other']",coin_flip_reject
1065465,SYSADM.PS_PRODPRCBU_TEO1,PS_PRODPRCBU_TEO1,BUSINESS_UNIT_IN | CURRENCY_CD | DATETIME_ADDED | EO_FROM_CURRENCY | EO_PROCESS_INST | LAST_MAINT_OPRID | LASTUPDDTTM | PRODUCT_ID | SETID | UNIT_OF_MEASURE,Achats & Fournisseurs,0.5,"['Achats & Fournisseurs', 'IT & Sécurité']",coin_flip_reject
1065481,SYSADM.PS_PROD_SPECS,PS_PROD_SPECS,DATETIME_ADDED | DESCRLONG | LAST_MAINT_OPRID | LASTUPDDTTM | PROD_SPEC_TYPE_SEQ | PRODUCT_ID | SEQUENCE_NBR | SETID | URL_ID | WS_CONCAT_SPEC | WS_USE_AS_URL,Supply Chain / Logistique / Production,0.5,"['Supply Chain / Logistique / Production', 'Other']",coin_flip_reject
1065491,SYSADM.PS_PROD_UOM_CUR_EC,PS_PROD_UOM_CUR_EC,AUDIT_ACTN | CURRENCY_CD | DATETIME_ADDED | EIP_CTL_ID | IN_PROCESS_FLG | MIN_PRICE | PRODUCT_ID | SETID | UNIT_OF_MEASURE,Supply Chain / Logistique / Production,0.5,"['Supply Chain / Logistique / Production', 'Finance & Contrôle']",coin_flip_reject
1065599,SYSADM.PS_PROJ_FUND_TEO2,PS_PROJ_FUND_TEO2,ANALYSIS_GROUP | ANALYSIS_TYPE | BUSINESS_UNIT | CURRENCY_CD | EFFSEQ | EFF_STATUS | EO_FROM_CURRENCY | EO_PROCESS_INST | FINALIZE_SW | PC_FUND_FINALIZED | PC_SEND_TO_KK | POST_OPTION | PROJECT_ID | PROJECT_ID_TO | PROJ_FUND | TRANS_DT,Finance & Contrôle,0.5,"['Finance & Contrôle', 'Other']",coin_flip_reject
1065686,SYSADM.PS_PROMISE_DT_OPT,PS_PROMISE_DT_OPT,CUST_ID | CUSTOMER_GROUP | PROMISE_ACTION | SETID | TOLERANCE_DAYS | TOLERANCE_PAY | USER_OPA | USER_OTD | USER_OTP,Ventes & Clients,0.5,"['Ventes & Clients', 'Finance & Contrôle']",coin_flip_reject
1065915,SYSADM.PS_PSA_PROJ_AET,PS_PSA_PROJ_AET,ACTIVITY_ID | ACTIVITY_ID_2 | AE_APPLID | AE_SECTION | BUSINESS_UNIT | EST_AMOUNT_TYPE | EST_CHARGE_TYPE | LAST_ACTIVITY_ID | LAST_SEQ_NBR | OPPORTUNITY_ID | OPRID | PROCESS_INSTANCE | PROJECT_ID | ROW_COUNT | RUN_CNTL_ID | SCENARIO_ID | SEQ_NBR | SEQ_NBR2,Finance & Contrôle,0.5,"['Ventes & Clients', 'IT & Sécurité']",coin_flip_reject
1065922,SYSADM.PS_PSA_RULES_LVL,PS_PSA_RULES_LVL,BUSINESS_UNIT | CRIT_SEQ | INTER_ORG_LEVEL,Other,0.5,"['Other', 'IT & Sécurité']",coin_flip_reject
1065983,SYSADM.PS_PSDMT_SRCHS_AUX,PS_PSDMT_SRCHS_AUX,BUSINESS_UNIT | CURRENCY_CD | DECIMALPOS | FIELDLABEL | FIELDNAME | FIELDNUM | FIELDTYPE | FIELDVALUE_AMT1 | FIELDVALUE_AMT2 | FIELDVALUE_CHAR1 | FIELDVALUE_CHAR2 | FIELDVALUE_DEC1 | FIELDVALUE_DEC2 | FIELDVALUE_DT1 | FIELDVALUE_DT2 | FIELDVALUE_NUM1 | FIELDVALUE_NUM2 | LENGTH | PSDMT_LOPER_CHAR | PSDMT_LOPER_DATE | PSDMT_LOPER_NUM | PSDMUNIT_FIELDSEQ | PSDMUNIT_ID | PS_OWNER | SETID | UPPER_SW | USER_DEFINED,Other,0.5,"['Other', 'IT & Sécurité']",coin_flip_reject
1066734,SYSADM.PS_PTAEAPLTMPTBL,PS_PTAEAPLTMPTBL,AE_APPLID | RECNAME,IT & Sécurité,0.5,"['IT & Sécurité', 'Other']",coin_flip_reject
1066797,SYSADM.PS_PTAI_EOAW,PS_PTAI_EOAW,PTAI_AWE_STATUS | PTAI_ITEM_ID | PTAIPRCS_ID | PTAITHREAD_ID,IT & Sécurité,0.5,"['IT & Sécurité', 'Other']",coin_flip_reject
1066876,SYSADM.PS_PTBR_THMUAAT,PS_PTBR_THMUAAT,EFFDT | PORTAL_NAME | PTBR_ATTR_ID | PTBR_ATTR_LVALUE | PTBR_ATTR_SVALUE | PTBR_ATTR_TXTVALUE | PTBR_ATTR_TYPEVAL | PTBR_UATA_ID,IT & Sécurité,0.5,"['Other', 'IT & Sécurité']",coin_flip_reject
1066930,SYSADM.PS_PTCSSRVDEFNLANG,PS_PTCSSRVDEFNLANG,DESCR254 | LANGUAGE_CD | PTCS_SERVICEID | PTCS_SERVICENAME | PTCS_SRVHELPTEXT,IT & Sécurité,0.5,"['Other', 'IT & Sécurité']",coin_flip_reject
1066992,SYSADM.PS_PTFP_DATATYPE,PS_PTFP_DATATYPE,ACTIVE_FLAG | APPCLASSID | CREATEDTTM | CREATEOPRID | DESCR | DESCRLONG | LASTUPDDTTM | LASTUPDOPRID | PACKAGEID | PTFP_DATATYPE_ID | QUALIFYPATH,IT & Sécurité,0.5,"['Other', 'IT & Sécurité']",coin_flip_reject
1066995,SYSADM.PS_PTFP_DTYPE_ATTR,PS_PTFP_DTYPE_ATTR,HTMLAREA | PTFP_DATATYPE_ID | PTFP_FIELD_NAME | PTFP_VALUE,IT & Sécurité,0.5,"['IT & Sécurité', 'Other']",coin_flip_reject
1067032,SYSADM.PS_PTGP_TXFRMTYPE,PS_PTGP_TXFRMTYPE,APPCLASSID | DESCR | DESCR254 | PACKAGEID | PTPPB_TRANSFRM_TYP | QUALIFYPATH,IT & Sécurité,0.5,"['IT & Sécurité', 'Other']",coin_flip_reject
1067046,SYSADM.PS_PTIACPPRPDFLT,PS_PTIACPPRPDFLT,DESCR254 | PTIACPCLASSNAME | PTIACPPRPNAME | PTIACPPRPVALUE,IT & Sécurité,0.5,"['IT & Sécurité', 'Other']",coin_flip_reject
1067048,SYSADM.PS_PTIACPSTEPPRP,PS_PTIACPSTEPPRP,PTIACPPRPNAME | PTIACPPRPVALUE | PTIACPSTEPID | PTIACPSTEPRANK | PTIACPSTEPSCRPT,IT & Sécurité,0.5,"['Other', 'IT & Sécurité']",coin_flip_reject
1067093,SYSADM.PS_PTIASPADSDEPINF,PS_PTIASPADSDEPINF,PTIASPADSCAT | PTIASPADSNAME | PTIASPDEPCONDID | PTIASPDEPTOOLSREL | PTIASPDEPTYPE | PTIASPKEYHASH | PTIASPRPTNO | PTIASPZIPFILENAME | RECNAME,IT & Sécurité,0.5,"['Other', 'IT & Sécurité']",coin_flip_reject
1067115,SYSADM.PS_PTIASPPKGCATPI,PS_PTIASPPKGCATPI,PTIASPPKGGUID | PTIASPSPVERS | PTIASPSPVERSPRE,IT & Sécurité,0.5,"['IT & Sécurité', 'Other']",coin_flip_reject
1067155,SYSADM.PS_PTIASPSRCHDEFN,PS_PTIASPSRCHDEFN,PTIASPSEARCHNAME | PTIASPSRCHCATSEQ | PTIASPSRCHCRITERIA | PTIASPSRCHCRITSEQ | PTIASPSRCHVALUE1 | PTIASPSRCHVALUE2 | PTIASPSRCHVALUE3 | PTIASPSRCHVALUE4 | PTIASPSRCHVALUE5 | PTIASPSRCHVALUE6 | PTIASPSRCHVALUE7 | PTIASPSRCHVALUE8,IT & Sécurité,0.5,"['IT & Sécurité', 'Other']",coin_flip_reject
1067160,SYSADM.PS_PTIASPTARGETLNG,PS_PTIASPTARGETLNG,DBNAME | LANGUAGE_CD,IT & Sécurité,0.5,"['IT & Sécurité', 'Other']",coin_flip_reject
1067263,SYSADM.PS_PTNVSQRYPROMPTS,PS_PTNVSQRYPROMPTS,BNDNAME | BNDNUM | BNDVALUE | BUSINESS_UNIT | FIELDNAME | QRYNAME | REPORT_ID,IT & Sécurité,0.5,"['IT & Sécurité', 'Other']",coin_flip_reject
1067320,SYSADM.PS_PTPPB_GPLT_HTML,PS_PTPPB_GPLT_HTML,CREATEDTTM | CREATEOPRID | DESCR | HTMLAREA | LASTUPDDTTM | LASTUPDOPRID | PTPPB_GROUPLET_ID,IT & Sécurité,0.5,"['IT & Sécurité', 'Other']",coin_flip_reject
1067463,SYSADM.PS_PTSF_NODE_ATR_L,PS_PTSF_NODE_ATR_L,DESCR254 | LANGUAGE_CD | MSGNODENAME | PTSF_SRCATTR_NAME,IT & Sécurité,0.5,"['IT & Sécurité', 'Other']",coin_flip_reject
1067491,SYSADM.PS_PTSF_SES_SD_ATR,PS_PTSF_SES_SD_ATR,PTSF_SBO_NAME | PTSF_SD_LOCAL_ATTR | PTSF_SRCATTR_NAME | PTSF_SRCH_ENG_INS,IT & Sécurité,0.5,"['IT & Sécurité', 'Other']",coin_flip_reject
1067569,SYSADM.PS_PTUN_IMPORTDATA,PS_PTUN_IMPORTDATA,PTUN_IMPORTPGLT | PTUN_LAST_UPDATED | PTUNODE | PTUNPORTAL,IT & Sécurité,0.5,"['IT & Sécurité', 'Other']",coin_flip_reject
1067735,SYSADM.PS_PV_CC_REQUEST,PS_PV_CC_REQUEST,ACCOUNT | CREDIT_CARD_VENDOR | CURRENCY_CD | EMPLID | LIMIT_CYCLE_AMT | LIMIT_PO_AMT | NAME | NBR_PO_PER_CYCLE | NBR_PO_PER_DAY | PROCESSED_FLG | PV_CC_REQUEST_NUM,Finance & Contrôle,0.5,"['Achats & Fournisseurs', 'Finance & Contrôle']",coin_flip_reject
1067755,SYSADM.PS_PV_CHNGSHIP_WRK,PS_PV_CHNGSHIP_WRK,BUSINESS_UNIT | CHNG_CHAR_VALUE | CHNG_DATE_VALUE | CHNG_DTTM_VALUE | CHNG_NBR_VALUE | CHNG_ORD_BATCH | CHNG_ORD_SEQ | CHNG_TIME_VALUE | CHNG_TYPE | DESCR60 | FIELDNAME | LAST_DTTM_UPDATE | LINE_NBR | ONE_TIME_ADDR_PB | OPRID_MODIFIED_BY | PV_LINE_COMMENTS | REASON_CD | REASON_SEQ | REQ_ID | SCHED_NBR | VALUE_CHAR,Supply Chain / Logistique / Production,0.5,"['Other', 'Supply Chain / Logistique / Production']",coin_flip_reject
1067824,SYSADM.PS_PV_EMAIL_TMP,PS_PV_EMAIL_TMP,BUSINESS_UNIT | CONCAT_FILE_PATH | CONCAT_POID | CONCAT_POLINENBR | EMAILID | PO_ID | PROCESS_INSTANCE | PVCONCATFILE | REQ_ID,Achats & Fournisseurs,0.5,"['Achats & Fournisseurs', 'IT & Sécurité']",coin_flip_reject
1067831,SYSADM.PS_PV_EXCPT_AET,PS_PV_EXCPT_AET,BUSINESS_UNIT_PO | BUSINESS_UNIT_REQ | LINE_NBR | MATCH_CNTRL_ID | MATCH_RULE_ID | PO_ID | PROCESS_INSTANCE | REQ_ID | REQUESTOR_ID | SCHED_NBR,Achats & Fournisseurs,0.5,"['Achats & Fournisseurs', 'IT & Sécurité']",coin_flip_reject
1067877,SYSADM.PS_PV_LINE_OUT_BIX,PS_PV_LINE_OUT_BIX,AUDIT_ACTN | BUSINESS_UNIT | CNTRCT_ID | CNTRCT_LINE_NBR | EIP_CTL_ID | IN_PROCESS_FLG | INV_ITEM_HEIGHT | INV_ITEM_ID | INV_ITEM_LENGTH | INV_ITEM_VOLUME | INV_ITEM_WEIGHT | INV_ITEM_WIDTH | ITM_ID_VNDR | LINE_NBR | MFG_ID | MFG_ITM_ID | PO_ID | PROCESS_INSTANCE | RELEASE_NBR | UNIT_OF_MEASURE | VNDR_CATALOG_ID,Supply Chain / Logistique / Production,0.5,"['Supply Chain / Logistique / Production', 'Achats & Fournisseurs']",coin_flip_reject
1067931,SYSADM.PS_PV_PODIS_HD_TMP,PS_PV_PODIS_HD_TMP,ADDRESS1_BUYER | ADDRESS1_VNDR | ADDRESS2_BUYER | ADDRESS2_VNDR | ADDRESS3_BUYER | ADDRESS3_VNDR | ADDRESS4_BUYER | ADDRESS4_VNDR | BILL_LOCATION | BILL_TO_CONTACT | BUSINESS_UNIT | BUSINESS_UNIT_AP | BUYER_ATTN_PHONE | BUYER_ATTN_TO | BUYER_DESCR | BUYER_FAX | BUYER_ID | BUYER_PHONE | CHNG_ORD_BATCH | CITY_BILLTO | CITY_BUYER | CITY_VNDR | CO_ISSUE_DATE | COMMENTS_2000 | COUNTRY_BILLTO | COUNTRY_BUYER | COUNTRY_VNDR | CRD_CARD_EXPDT_CHR | CRDIT_CARD_AUTH_CD | CREDIT_CARD_NUM | CREDIT_CARD_VNDR | CREDIT_CRD_REF_NBR | CREDIT_HOLDER_NAME | CURRENCY_CD | DATETIME_STAMP | FREIGHT_AMT | FROM_DOMAIN | FROM_IDENTITY | IBPASSWORD | IN_PROCESS | MISC_AMT | MS_BUY_ACCT_CD | NAME1_VNDR | ORD_BILLTO_ADDR1 | ORD_BILLTO_ADDR2 | ORD_BILLTO_ADDR3 | ORD_BILLTO_ADDR4 | ORD_BILL_TO_DESCR | ORD_DOC_NAME | ORD_DOC_TYPE | ORDER_CHNG_TYPE_CD | ORDER_TOTAL_PRICE | ORD_HDR_NOTE | ORD_LANG_CD | ORD_PYMT_MEAN | ORD_PYMT_TR_DESC | ORD_RQST_DLVDT_CHR | ORD_TAXABLE_AMT | ORD_TAX_AMT | ORD_TAX_PRCNT | ORD_TAX_TYPE_CD | PO_DT_CHAR | PO_ID | POSTAL_BILLTO | POSTAL_BUYER | POSTAL_VNDR | PURPOSE_TYPE_CD | PV_ALL_CHARGES | PV_MS_GATEWAY_URL | PV_MS_MPID | PV_MS_SUP_MPID | PV_ORD_MSGNODENAME | SENDER_DOMAIN | SENDER_IDENTITY | SHIPPING_AMT | SHIPPING_DESCR | STATE_BILLTO | STATE_BUYER | STATE_VNDR | TAX_DESCR | TO_DOMAIN | TO_IDENTITY | TOTAL_AMT | VENDOR_ID,Achats & Fournisseurs,0.5,"['Achats & Fournisseurs', 'Finance & Contrôle']",coin_flip_reject
1067934,SYSADM.PS_PV_PODIS_SC_TMP,PS_PV_PODIS_SC_TMP,BUSINESS_UNIT | CANCEL_STATUS | CONTACT_EMAIL | CONTACT_FAX | CONTACT_PHONE | CURRENCY_CD | CUST_SHP_CNTCT_NBR | FREIGHT_TERMS | IN_PROCESS | LINE_NBR | MERCHANDISE_AMT | ORD_RQST_DLVDT_CHR | PO_ID | PRICE_PO | QTY_PO | REVISION | SCHD_TRANS_MEAN_CD | SCHED_NBR | SCHED_TRANSPORT_ID | SHCD_TRANS_MODE_CD | SHIP_INSTRUCTIONS | SHIPTO_ADDRESS1 | SHIPTO_ADDRESS2 | SHIPTO_ADDRESS3 | SHIPTO_ADDRESS4 | SHIPTO_ATTN_TO | SHIPTO_CITY | SHIP_TO_CNT_NAME | SHIPTO_COUNTRY | SHIPTO_DESCR | SHIPTO_ID | SHIPTO_POSTAL | SHIPTO_STATE | TRANS_CARRIER_ID | UNIT_OF_MEASURE,Supply Chain / Logistique / Production,0.5,"['Supply Chain / Logistique / Production', 'Achats & Fournisseurs']",coin_flip_reject
1067938,SYSADM.PS_PV_PRCSS_TBL,PS_PV_PRCSS_TBL,BUSINESS_UNIT_PO | BUSINESS_UNIT_REQ | DUE_DT | OPRID | PO_ID | PROCESS_DATE | PROCESSED_FLG | REQ_ID,Achats & Fournisseurs,0.5,"['Achats & Fournisseurs', 'IT & Sécurité']",coin_flip_reject
1068001,SYSADM.PS_PV_RUN_CNTL_RPT,PS_PV_RUN_CNTL_RPT,ACCOUNT | APPR_INST_STATUS | APPROVAL_DT | AS_OF_DATE | BUSINESS_UNIT | BUSINESS_UNIT_GL | CATEGORY_ID | DEPTID | FROMDATE | OPRID | PV_RULEID | REQ_DT | REQ_STATUS | REQUESTOR_ID | RUN_CNTL_ID | SETID | THRU_DATE | TREE_NAME | TREE_NODE | VENDOR_ID | WORKLISTNAME,Achats & Fournisseurs,0.5,"['Achats & Fournisseurs', 'IT & Sécurité']",coin_flip_reject
1068077,SYSADM.PS_PV_USBANKTYPE1,PS_PV_USBANKTYPE1,SBTABANK | SBTBCYCL | SBTBTYPE | SBTCACCT | SBTCMPNY | SBTCTS | SBTDATE | SBTTYPE1 | SBTY1LL,Finance & Contrôle,0.5,"['Other', 'Finance & Contrôle']",coin_flip_reject
1068091,SYSADM.PS_PV_WF_CRTA_VAL,PS_PV_WF_CRTA_VAL,PV_AMT_FIELDNAME | PV_AMT_RECNAME | PV_APPR_FLD | PV_COMPARISON_OPER | PV_RULEID | PV_TOLERANCE | RECNAME | RTE_FROM_VALUE | RTE_TO_VALUE | STEP,Finance & Contrôle,0.5,"['IT & Sécurité', 'Finance & Contrôle']",coin_flip_reject
1068246,SYSADM.PS_PYCYCL_N04_DATA,PS_PYCYCL_N04_DATA,DEPOSIT_BU | DEPOSIT_ID | GROUP_BU | GROUP_ID | NET_REF_ID | NET_RESET_ACTION | PAY_CYCLE | PAY_CYCLE_SEQ_NUM,RH,0.5,"['RH', 'Finance & Contrôle']",coin_flip_reject
1068255,SYSADM.PS_PYCYCL_PRENOTE,PS_PYCYCL_PRENOTE,BANK_ACCT_KEY | BANK_CD | BANK_SETID | EFFDT | EFF_STATUS | EFT_CHECK_DRAW_CD | EFT_CHECK_FWRD_CD | EFT_CORR_COSTS_CD | EFT_CROSSED_CHECK | EFT_DOM_COSTS_CD | EFT_PAY_INST_CD1 | EFT_PAY_INST_CD2 | EFT_PAY_INST_CD3 | EFT_PAY_INST_CD4 | EFT_PAY_INST_REF1 | EFT_PAY_INST_REF2 | EFT_PYMNT_FMT_CD | EFT_RTNG_FLG | EFT_RTNG_STATUS | EFT_TRANS_HANDLING | EMPLID | NAME1 | NAME2 | PAY_CYCLE | PAY_CYCLE_SEQ_NUM | PRENOTE_DATE | PRENOTE_REQD | PRENOTE_WAIT_DAYS | PYMNT_METHOD | REMIT_BANK_CD | REMIT_BANK_SETID | REMIT_BNK_ACCT_KEY | REMIT_SETID | REMIT_VENDOR | SOURCE_TXN | VNDR_LOC,RH,0.5,"['RH', 'Finance & Contrôle']",coin_flip_reject
1068268,SYSADM.PS_PYCYCL_SCHEDULE,PS_PYCYCL_SCHEDULE,PAY_CYCLE | PYCYCL_RUN_DT | PYCYCL_STATUS,Finance & Contrôle,0.5,"['Finance & Contrôle', 'RH']",coin_flip_reject
1068294,SYSADM.PS_PYCYCL_WRK_OPT,PS_PYCYCL_WRK_OPT,AUTO_INC_FLG | BANK_RPL_RULE_ID | EMAIL_ADVICE | OFAC_ENABLE | OPRID_APPROVED_BY | OPRID_FROM | PAY_CYCLE | PRINT_EMAIL_ACH | PRINTER_TYPE | PROCESS_CYCLE | PYMNT_MESSAGE | REVIEW_OPRID | RULE_SETID | STEP_TBL_NAME | SUPPRESS_ZERO_CHK | TRIAL_REG_FLG | WRKFLW_CERTIFY,RH,0.5,"['RH', 'IT & Sécurité']",coin_flip_reject
1068314,SYSADM.PS_PYCY_NGB1_TMP,PS_PYCY_NGB1_TMP,BUSINESS_UNIT | PAY_CYCLE | PAY_CYCLE_SEQ_NUM | PROCESS_INSTANCE,RH,0.5,"['IT & Sécurité', 'RH']",coin_flip_reject
1068351,SYSADM.PS_PYFRCST_CYCLE,PS_PYFRCST_CYCLE,BANK_ACCT_KEY | BANK_CD | BANK_SETID | CREATION_DT | OPRID | PAY_FROM_DT | PAY_THRU_DT | PROCESS_CYCLE | PYFRCST_CYCLE_ID,RH,0.5,"['RH', 'Finance & Contrôle']",coin_flip_reject
1068589,SYSADM.PS_QS_QSRVPNL_DEF,PS_QS_QSRVPNL_DEF,CAT_RECNAME | CHART_ID | DESCR | GREF_ID | MFDS_DATA_TYPE_CD | MFDS_SGRP_SIZE | PANELNAME | PROC_ID | QS_DATASET_NAME | QS_QSRV_MODEL | QS_SUBSET_NAME,IT & Sécurité,0.5,"['IT & Sécurité', 'Other']",coin_flip_reject
1068612,SYSADM.PS_QS_SUBGROUP,PS_QS_SUBGROUP,BUSINESS_UNIT | CLIM_ID | CLIM_STS_CD | DISPATCH_FLAG | MFDS_DATA_TYPE_CD | OPERATOR | QS_ACTION_CNT | QS_ALARM_CNT | QS_ANALYZER_STATUS | QS_CALC_STATUS | QS_CAUSE_CNT | QS_CLIM_CALC_STS | QS_COMM_CNT | QS_NVALUES | QS_PURGE_FLAG | QS_SUBGROUP_STATUS | QS_UAID | QS_VALUEREADING_1 | QS_VALUEREADING_10 | QS_VALUEREADING_11 | QS_VALUEREADING_12 | QS_VALUEREADING_13 | QS_VALUEREADING_14 | QS_VALUEREADING_15 | QS_VALUEREADING_16 | QS_VALUEREADING_17 | QS_VALUEREADING_18 | QS_VALUEREADING_19 | QS_VALUEREADING_2 | QS_VALUEREADING_20 | QS_VALUEREADING_3 | QS_VALUEREADING_4 | QS_VALUEREADING_5 | QS_VALUEREADING_6 | QS_VALUEREADING_7 | QS_VALUEREADING_8 | QS_VALUEREADING_9 | SESSN_ANLZ_READY | SESSN_ID | SESSN_SGRP_SEQ | SESSN_SGRP_SIZE | SESSN_STREAM_SEQ | SESSN_STRM_STS | SESSN_SUBMIT_DTTM | SPEC_ID | SPEC_VIO_SW | SRSLT_CRE_DTTM | SRSLT_P1 | SRSLT_P1_IND | SRSLT_P2 | SRSLT_P2_IND | SRSLT_P3 | SRSLT_P3_IND | STREAM_ID,IT & Sécurité,0.5,"['IT & Sécurité', 'Other']",coin_flip_reject
1068625,SYSADM.PS_QS_UPG_QCMFD_KY,PS_QS_UPG_QCMFD_KY,BUSINESS_UNIT | CHART_ID | GREF_ID | INV_ITEM_ID | MFDS_ID | OLD_CHART_ID | OLD_GREF_ID | OLD_PROC_ID | PROC_ID | QC_STEP_ID | QS_MFDS_PLAN_ID | QS_MFDS_PLAN_NAME | SETID | TR_ID,Supply Chain / Logistique / Production,0.5,"['Supply Chain / Logistique / Production', 'Other']",coin_flip_reject
1068786,SYSADM.PS_RA_STATUS_TAO,PS_RA_STATUS_TAO,BUSINESS_UNIT | CUST_ID | ITEM | ITEM_LINE | PROCESS_INSTANCE | STATUS_AGE_TYPE,Other,0.5,"['Other', 'IT & Sécurité']",coin_flip_reject
1068796,SYSADM.PS_RATING_MDL_TBL,PS_RATING_MDL_TBL,DESCR | DESCRSHORT | EFFDT | EFF_STATUS | GVT_OPM_PATTERN | RATING_MODEL,Finance & Contrôle,0.5,"['Finance & Contrôle', 'Other']",coin_flip_reject
1068820,SYSADM.PS_RBT_SCON_TMP,PS_RBT_SCON_TMP,CNTRCT_ID | CURRENCY_CD | LINE_NBR | PROCESS_INSTANCE | REBATE_AMT | REBATE_FLAG | SETID | SOLD_TO_CUST_ID,Finance & Contrôle,0.5,"['Finance & Contrôle', 'Ventes & Clients']",coin_flip_reject
1068824,SYSADM.PS_RC_CASETYPE_TBL,PS_RC_CASETYPE_TBL,CASE_TYPE | CASE_VISIBILITY | LONG_DESC | RC_DESCR_SS | RC_SHORT_DESCR | RC_SS_IND | SETID | SHOW_ACCOUNT_FLG | SHOW_PRODUCTS_FLG | SOLUTION_ID,Other,0.5,"['Other', 'IT & Sécurité']",coin_flip_reject
1068874,SYSADM.PS_RE_AM_LRDEF_TBL,PS_RE_AM_LRDEF_TBL,LS_ADMIN | PRTFL_MGR,Other,0.5,"['Other', 'IT & Sécurité']",coin_flip_reject
1069013,SYSADM.PS_RECV_ACCR_DFL,PS_RECV_ACCR_DFL,APPL_JRNL_ID_RACC | BUSINESS_UNIT | BUSINESS_UNIT_GL | BUSINESS_UNIT_PO | CALENDAR_ID | CURRENCY_CD_BASE | DECIMAL_POS_BSE | DST_CNTRL_ID | PO_ID | PROCESS_INSTANCE | VENDOR_ID | VENDOR_SETID | VNDR_LOC,Finance & Contrôle,0.5,"['Finance & Contrôle', 'Achats & Fournisseurs']",coin_flip_reject
1069214,SYSADM.PS_RECV_LOAD_T2A,PS_RECV_LOAD_T2A,BILL_OF_LADING | BUSINESS_UNIT | BUSINESS_UNIT_AP | BUSINESS_UNIT_GL | BUSINESS_UNIT_IN | BUSINESS_UNIT_PO | CARRIER_ID | CATEGORY_ID | CONTAINER_ID | CONVERSION_RATE | CONVERT_TO_PO | CONVERT_TO_STK | CURRENCY_CD | CURRENCY_CD_BASE | DESCR254_MIXED | DEVICE_TRACKING | DISTRIB_MTHD_FLG | DUE_DT | DUE_TIME | EIP_CTL_ID | ERS_FLAG | ERS_INV_DT_OPT | EXPIRATION_DATE | FREIGHT_PERCENT | INSPECT_CD | INSPECT_STATUS | INVENTORY_ITEM | INV_ITEM_ID | INV_LOT_ID | ITM_ID_VNDR | ITM_SETID | LINE_NBR | LOT_CONTROL | LOT_ID | LOT_STATUS | MATCH_CNTRL_ID | MATCH_STATUS_RECV | MFG_ID | MFG_ITM_ID | MOVE_STAT_AM | MOVE_STAT_INV | MOVE_STAT_MFG | NON_OWN_FLAG | OP_SEQUENCE | PO_ID | PO_TYPE | PRICE_PO | PRICE_PO_BSE | PROCESS_INSTANCE | PRODUCTION_ID | QTY | QTY_PO | QTY_RECV_TOL_PCT | QTY_SH_ACCPT_VUOM | QTY_SH_NETRCV_VUOM | RECEIPT_DT | RECEIPT_UM | RECEIVER_ID | RECEIVE_UOM | RECV_LN_NBR | RECV_PARTIAL_FLG | RECV_SHIP_SEQ_NBR | RECV_STOCK_UOM | REJECT_DAYS | REVISION | RJCT_OVER_TOL_FLAG | SCHED_NBR | SEQ_NBR | SERIAL_CONTROL | SERIAL_ID | SERIAL_STATUS | SETID | SF_KANBAN_ID | SHELF_LIFE | SHELF_LIFE_DATE | SHIP_DATE_STATUS | SHIPMENT_NO | SHIP_QTY_STATUS | SHIPTO_ID | STORAGE_AREA | STOR_LEVEL_1 | STOR_LEVEL_2 | STOR_LEVEL_3 | STOR_LEVEL_4 | TAG_NUMBER | TRANSACTION_CODE | UNIT_MEASURE_STD | UNIT_OF_MEASURE | USE_CURR_UR | VENDOR_ID | VENDOR_LOT_ID | VENDOR_SETID | VNDR_LOC,Supply Chain / Logistique / Production,0.5,"['Supply Chain / Logistique / Production', 'Achats & Fournisseurs']",coin_flip_reject
1069232,SYSADM.PS_RECV_LOAD_T2C,PS_RECV_LOAD_T2C,BILL_OF_LADING | BUSINESS_UNIT | BUSINESS_UNIT_AP | BUSINESS_UNIT_GL | BUSINESS_UNIT_IN | BUSINESS_UNIT_PO | CARRIER_ID | CATEGORY_ID | CONTAINER_ID | CONVERSION_RATE | CONVERT_TO_PO | CONVERT_TO_STK | CURRENCY_CD | CURRENCY_CD_BASE | DESCR254_MIXED | DEVICE_TRACKING | DISTRIB_MTHD_FLG | DUE_DT | DUE_TIME | EIP_CTL_ID | ERS_FLAG | ERS_INV_DT_OPT | EXPIRATION_DATE | FREIGHT_PERCENT | INSPECT_CD | INSPECT_STATUS | INVENTORY_ITEM | INV_ITEM_ID | INV_LOT_ID | ITM_ID_VNDR | ITM_SETID | LINE_NBR | LOT_CONTROL | LOT_ID | LOT_STATUS | MATCH_CNTRL_ID | MATCH_STATUS_RECV | MFG_ID | MFG_ITM_ID | MOVE_STAT_AM | MOVE_STAT_INV | MOVE_STAT_MFG | NON_OWN_FLAG | OP_SEQUENCE | PO_ID | PO_TYPE | PRICE_PO | PRICE_PO_BSE | PROCESS_INSTANCE | PRODUCTION_ID | QTY | QTY_PO | QTY_RECV_TOL_PCT | QTY_SH_ACCPT_VUOM | QTY_SH_NETRCV_VUOM | RECEIPT_DT | RECEIPT_UM | RECEIVER_ID | RECEIVE_UOM | RECV_LN_NBR | RECV_PARTIAL_FLG | RECV_SHIP_SEQ_NBR | RECV_STOCK_UOM | REJECT_DAYS | REVISION | RJCT_OVER_TOL_FLAG | SCHED_NBR | SEQ_NBR | SERIAL_CONTROL | SERIAL_ID | SERIAL_STATUS | SETID | SF_KANBAN_ID | SHELF_LIFE | SHELF_LIFE_DATE | SHIP_DATE_STATUS | SHIPMENT_NO | SHIP_QTY_STATUS | SHIPTO_ID | STORAGE_AREA | STOR_LEVEL_1 | STOR_LEVEL_2 | STOR_LEVEL_3 | STOR_LEVEL_4 | TAG_NUMBER | TRANSACTION_CODE | UNIT_MEASURE_STD | UNIT_OF_MEASURE | USE_CURR_UR | VENDOR_ID | VENDOR_LOT_ID | VENDOR_SETID | VNDR_LOC,Supply Chain / Logistique / Production,0.5,"['Supply Chain / Logistique / Production', 'Achats & Fournisseurs']",coin_flip_reject
1069241,SYSADM.PS_RECV_LOAD_T2R,PS_RECV_LOAD_T2R,BILL_OF_LADING | BUSINESS_UNIT | BUSINESS_UNIT_PO | CARRIER_ID | CONTAINER_ID | EIP_CTL_ID | PO_ID | PROCESS_INSTANCE | RECEIVER_ID | TRANSACTION_CODE,Supply Chain / Logistique / Production,0.5,"['Supply Chain / Logistique / Production', 'Achats & Fournisseurs']",coin_flip_reject
1069533,SYSADM.PS_RE_FASB_TMP,PS_RE_FASB_TMP,DST_ALLOC_METHOD | LS_KEY | PROCESS_INSTANCE | REGENERATE | STLINE_KEY | TERM_RENT_TYPE | TXN_GRP,Finance & Contrôle,0.5,"['Finance & Contrôle', 'IT & Sécurité']",coin_flip_reject
1069746,SYSADM.PS_RE_LS_CNTCT,PS_RE_LS_CNTCT,CNTCT_ID | COMM_METHOD | FMS_DTTM_STAMP | FMS_LASTUPDDTTM | FMS_LASTUPDOPRID | FMS_OPRID | LS_KEY | PARTY_KEY | PARTY_TYPE | PARTY_TYPE_CD | PREFERRED_LANGUAGE | ROLE_TYP,RH,0.5,"['IT & Sécurité', 'RH']",coin_flip_reject
1069790,SYSADM.PS_RE_LS_SLS_BKP,PS_RE_LS_SLS_BKP,BKP_AMT | BKP_HDR_ID | BKP_OPERATOR | BKP_PERCENT | CURRENCY_CD | FMS_DTTM_STAMP | FMS_LASTUPDDTTM | FMS_LASTUPDOPRID | FMS_OPRID | FROM_BKP | LS_KEY | SLS_BKP_ID | SLS_CAT_ID | TO_BKP,Finance & Contrôle,0.5,"['Finance & Contrôle', 'Ventes & Clients']",coin_flip_reject
1069833,SYSADM.PS_RE_NEWPRP_INTFC,PS_RE_NEWPRP_INTFC,ACQUISITION_CD | ACQUISITION_DT | APPROVAL_SW | AREA_PROPERTY_ID | ASSET_ID | ASSET_STATUS | ASSET_TYPE | BLDG_PROPERTY_ID | BLOCK | BUSINESS_UNIT | CAPITALIZATION_SW | COMPONENT_OF_ID | CURRENT_OCCUPANCY | CUSTODIAN_DEPTID | CUSTODIAN_EFFDT | DEFAULT_PROFILE_SW | DESCR | DESCRSHORT | DOCUMENT_ID | DTTM_STAMP | EC1_PROP_ID | EFFSEQ | FINANCIAL_ASSET_SW | FLOOR_PROPERTY_ID | INTFC_ID | INTFC_LINE_NUM | INTFC_STATUS | INTFC_TYPE | LEGAL_DESCR | LOAD_STATUS | LOCATION | LOCATION_EFFDT | LOCATION_EFFSEQ | LOC_AUTH_DT | LOC_AUTH_NAME | LOC_AUTH_STATUS | LOT | MAX_OCCUPANCY | OCCUPANCY_STATUS | OWNERSHIP_STATUS | PARCEL_NUMBER | PARENT_ID | PARENT_PROPERTY_ID | PROPERTY_CLASS | PROPERTY_DESCR | PROPERTY_ID | PROPERTY_NM | PROPERTY_SUBCLASS | SITE_PROPERTY_ID | SPACE_PROPERTY_ID | SPACE_UOM | SYSTEM_SOURCE | TOTAL_AREA,Other,0.5,"['Other', 'IT & Sécurité']",coin_flip_reject
1070350,SYSADM.PS_RE_RUN_MASS_ACT,PS_RE_RUN_MASS_ACT,BUSINESS_UNIT | LEASE_OBLG | LS_NBR | OPRID | RUN_CNTL_ID,Finance & Contrôle,0.5,"['Finance & Contrôle', 'IT & Sécurité']",coin_flip_reject
1070372,SYSADM.PS_RE_SAR_FIN_XREF,PS_RE_SAR_FIN_XREF,COMMENTS | EOAWDEFN_ID | EOAWDTTM_MODIFIED | EOAWPARENT_THREAD | EOAWPRCS_ID | EOAWREQUESTOR_ID | EOAWTHREAD_ID | EOAWTHREAD_STATUS | ORIGINATORID | RECNAME | SAR_ID,IT & Sécurité,0.5,"['IT & Sécurité', 'Other']",coin_flip_reject
1070426,SYSADM.PS_RE_SPACEUTL_F,PS_RE_SPACEUTL_F,BUSINESS_UNIT | DEFAULTROW | OPRID | PROPERTY_CLASS | PROPERTY_SUBCLASS | SPACE_UOM,IT & Sécurité,0.5,"['IT & Sécurité', 'Other']",coin_flip_reject
1070448,SYSADM.PS_RESP_LN_FACTOR,PS_RESP_LN_FACTOR,AUC_BF_DISPLAY_FLG | AUC_BF_LIST_LINE | AUC_ID | AUC_ROUND | AUC_VERSION | BID_CNTR_LIST_LINE | BID_CNTR_RESP | BIDDER_ID | BIDDER_LOC | BIDDER_SETID | BIDDER_TYPE | BID_FACTOR_CD | BID_FACTOR_NBR | BID_FACTOR_TYPE | BID_FBF_CD | BID_FCTR_COST | BID_FCTR_QRY | BID_ISPCMPT_FLG | BID_LAST_LIST_LINE | BID_LAST_RESP | BID_LIST_ITEM | BIDNUM | BID_PRICE_PGKEYD | BID_RESP_DT | BID_RESP_QTY | BID_RESP_TXT | BID_RESP_YN | BID_SCORE | BPU_GRP_QTY | BPU_PRICE_PGKEYD | BPU_RESP_QTY | BUSINESS_UNIT | COMMENTS_254 | GRP_LINE_NBR | GRP_LN_BF_NBR | LINE_NBR | PRICE_FLG | PXY_ISPROXY_BID | SETID,Finance & Contrôle,0.5,"['Finance & Contrôle', 'Achats & Fournisseurs']",coin_flip_reject
1070453,SYSADM.PS_RESP_LN_PROXY,PS_RESP_LN_PROXY,AUC_ID | AUC_ROUND | AUC_VERSION | BIDDER_ID | BIDDER_LOC | BIDDER_SETID | BIDDER_TYPE | BID_FACTOR_CD | BID_FACTOR_NBR | BIDNUM | BUSINESS_UNIT | GRP_LINE_NBR | LINE_NBR | PXY_BEST_PRICE | PXY_NEW_PRICE | PXY_OLD_PRICE | PXY_STATUS | PXY_TRIGGER_PRICE | RESP_DTTM_LAST | RESP_DTTM_POST | SEQ_NBR,Achats & Fournisseurs,0.5,"['Achats & Fournisseurs', 'Finance & Contrôle']",coin_flip_reject
1070481,SYSADM.PS_RE_STGLE_TAO,PS_RE_STGLE_TAO,BUSINESS_UNIT | DESCR40 | DESCRIPTION | GL_BU | PROCESS_INSTANCE | SEQ_NBR | STLINE_KEY | STLINE_SCH_KEY | TXN_DEST | TXN_GRP | TXN_ROUTE_CD,Finance & Contrôle,0.5,"['Finance & Contrôle', 'IT & Sécurité']",coin_flip_reject
1070483,SYSADM.PS_RE_STGL_RUNCNTL,PS_RE_STGL_RUNCNTL,ACCOUNTING_DT | ACCOUNTING_PD_FROM | ACCOUNTING_PD_TO | BUSINESS_UNIT | CALENDAR_ID | FISCAL_YEAR | GL_BU | LS_KEY | LS_NBR | OPRID | PROCESS_INSTANCE | RUN_CNTL_ID | SEQNO,Finance & Contrôle,0.5,"['Finance & Contrôle', 'IT & Sécurité']",coin_flip_reject
1070597,SYSADM.PS_RE_UDF_LG,PS_RE_UDF_LG,LANGUAGE_CD | SETID | UDF_DESCR | UDF_FLDNM | USR_DEF_ID,IT & Sécurité,0.5,"['IT & Sécurité', 'Other']",coin_flip_reject
1070672,SYSADM.PS_RFQ_DISTRIB,PS_RFQ_DISTRIB,ACCOUNT | ACTIVITY_ID | AFFILIATE | AFFILIATE_INTRA1 | AFFILIATE_INTRA2 | ALTACCT | ANALYSIS_TYPE | BUDGET_DT | BUDGET_REF | BUSINESS_UNIT | BUSINESS_UNIT_AM | BUSINESS_UNIT_GL | BUSINESS_UNIT_IN | BUSINESS_UNIT_PC | CHARTFIELD1 | CHARTFIELD2 | CHARTFIELD3 | CLASS_FLD | COST_TYPE | CURRENCY_CD | DEPTID | DESCR | DISTRIB_LINE_NUM | DISTRIB_PCT | FINANCIAL_ASSET_SW | FUND_CODE | LINE_NBR | MERCHANDISE_AMT | OPERATING_UNIT | PERCENTAGE | PRODUCT | PROFILE_ID | PROGRAM_CODE | PROJECT_ID | QTY_PO | REQ_ID | RESOURCE_CATEGORY | RESOURCE_SUB_CAT | RESOURCE_TYPE | RFQ_ID | RT_TYPE | STATISTIC_AMOUNT | STATISTICS_CODE | TAG_NUMBER | VENDOR_ID | VENDOR_SETID | VNDR_LOC,Finance & Contrôle,0.5,"['Finance & Contrôle', 'Achats & Fournisseurs']",coin_flip_reject
1070733,SYSADM.PS_RMA_LNPRMO_TEO2,PS_RMA_LNPRMO_TEO2,BUSINESS_UNIT | EO_FROM_CURRENCY | EO_PROCESS_INST | MERCH_TYPE | OM_AMOUNT | OM_AMOUNT_BSE | PPRC_PROMO_CD | QTY_RETURNED | RMA_ID | RMA_LINE_NBR | SEQ_NUM,Finance & Contrôle,0.5,"['Finance & Contrôle', 'Achats & Fournisseurs']",coin_flip_reject
1070745,SYSADM.PS_RMA_NOTE_LANG,PS_RMA_NOTE_LANG,BUSINESS_UNIT | LANGUAGE_CD | RMA_ID | RMA_LINE_NBR | SEQ_NUM | TEXT254,Supply Chain / Logistique / Production,0.5,"['Ventes & Clients', 'Supply Chain / Logistique / Production']",coin_flip_reject
1071046,SYSADM.PS_RP_PNDDOC_TAO,PS_RP_PNDDOC_TAO,ACCOUNTING_DT | BUSINESS_UNIT | BUSINESS_UNIT_GL | CUST_ID | DOC_SEQ_DATE | DOC_SEQ_NBR | DOC_SEQ_STATUS | DOC_TYPE | GROUP_BU | GROUP_ID | GROUP_SEQ_NUM | ITEM | ITEM_LINE | PROCESS_INSTANCE,Finance & Contrôle,0.5,"['Finance & Contrôle', 'IT & Sécurité']",coin_flip_reject
1071396,SYSADM.PS_RS_AGG_RUN,PS_RS_AGG_RUN,BUSINESS_UNIT | DESCR | END_DT | FCST_ACT | OPRID | RANGE_FROM | RANGE_TO | REPORT_WEEKS | RUN_CNTL_ID | START_DT | TREE_NAME | TREE_NODE,IT & Sécurité,0.5,"['Other', 'IT & Sécurité']",coin_flip_reject
1071423,SYSADM.PS_RS_ASSGN_STS,PS_RS_ASSGN_STS,APPR_STATUS | ASSIGNMENT_ID | ASSIGN_STS | COMMENTS_254 | DATE_IN_EFFECT | LASTUPDDTTM | LASTUPDOPRID,RH,0.5,"['IT & Sécurité', 'RH']",coin_flip_reject
1071431,SYSADM.PS_RS_ATTRIBUTES,PS_RS_ATTRIBUTES,ATTR_MULTIVALU_FLG | DESCR | DESCR254 | FACTOR_FWA_FLG | FACTOR_FWP_FLG | FACTOR_ID_FWA | FACTOR_ID_FWP | FACTOR_ID_PRL | FACTOR_PRL_FLG | PRL_REQ_ATTR_FLG | RECNAME | RR_REQ_ATTR_FLG | RS_ATTRIBUTE_ID | SO_ATTRIBUTE_FLAG | WO_ATTRIBUTE_FLG | WORKER_PREF_FLAG,RH,0.5,"['Other', 'RH']",coin_flip_reject
1071592,SYSADM.PS_RS_FACTOR_SUB,PS_RS_FACTOR_SUB,CALC_ALL_RRS_FLG | CALC_ALL_WRKRS_FLG | FACTOR_ID | MSGNAME | SUBNAME,RH,0.5,"['Other', 'RH']",coin_flip_reject
1071604,SYSADM.PS_RS_FR_DMD_HDR,PS_RS_FR_DMD_HDR,DESCR | DESCRLONG | EFFORT | FMS_DTTM_STAMP | FMS_LASTUPDDTTM | FMS_LASTUPDOPRID | FMS_OPRID | FORECAST_ID_DMD | FROM_DATE | FROM_MONTH_SCP | FROM_YEAR | FULL_TIME_RES_DMD | OPRID | SCENARIO_STATUS | TO_DATE | TO_MONTH_SCP | TO_YEAR,Other,0.5,"['Other', 'IT & Sécurité']",coin_flip_reject
1071609,SYSADM.PS_RS_FR_SUP_CAC1,PS_RS_FR_SUP_CAC1,CAPACITY | DATE_ENTERED | FMS_DTTM_STAMP | FMS_LASTUPDDTTM | FMS_LASTUPDOPRID | FMS_OPRID | FORECAST_ID_SUP | FULL_TIME_RES_SUP | MONTH_SCP | PER_STATUS | POOL_ID | PROBINST | PROJ_ROLE | REGION_CD | SETID_REGION | SETID_ROLE | YEAR_NUM,RH,0.5,"['Other', 'RH']",coin_flip_reject
1071688,SYSADM.PS_RS_MEMBER_DATES,PS_RS_MEMBER_DATES,CAP_PERCENT | END_DATE | FMS_DTTM_STAMP | FMS_LASTUPDDTTM | FMS_LASTUPDOPRID | FMS_OPRID | MEMBER_ID | POOL_ID | POOL_ID_FROM | START_DATE,RH,0.5,"['IT & Sécurité', 'RH']",coin_flip_reject
1071780,SYSADM.PS_RS_RR_FFC_SCOPE,PS_RS_RR_FFC_SCOPE,BUSINESS_UNIT | FACTOR_ID | NODE_DETAIL | ORG_UNIT | SETID | SO_ID | SO_LINE,Finance & Contrôle,0.5,"['Other', 'Finance & Contrôle']",coin_flip_reject
1071817,SYSADM.PS_RS_SEARCH_POOLS,PS_RS_SEARCH_POOLS,DESCR | MANAGER_ID | POOL_ID | SELECT_CB | SELECTED_POOL,Other,0.5,"['Other', 'IT & Sécurité']",coin_flip_reject
1071822,SYSADM.PS_RS_SFT_DTL_LANG,PS_RS_SFT_DTL_LANG,DESCR | LANGUAGE_CD | SETID | SHIFT_ID,IT & Sécurité,0.5,"['Other', 'IT & Sécurité']",coin_flip_reject
1071844,SYSADM.PS_RS_SO_COMP_WS,PS_RS_SO_COMP_WS,COMPETENCY | DESCR | SELECT_CB,RH,0.5,"['Other', 'RH']",coin_flip_reject
1071872,SYSADM.PS_RS_SRCHPNL_LN,PS_RS_SRCHPNL_LN,ADD_TO_CART | AVA_DISPLAY | AVAILABILITY | EMPLID | FIT_DISPLAY | FIT_SCORE | LINE_NBR | NAME | SEARCH_ID | SELECT_FLAG,RH,0.5,"['Other', 'RH']",coin_flip_reject
1071887,SYSADM.PS_RS_SUPDMD_TMP1,PS_RS_SUPDMD_TMP1,CAPACITY | DATATYPEDESCR | EFFORT | FULL_TIME_RES_DMD | FULL_TIME_RES_SUP,Supply Chain / Logistique / Production,0.5,"['Other', 'IT & Sécurité']",coin_flip_reject
1071890,SYSADM.PS_RS_SUP_DTL_TAO,PS_RS_SUP_DTL_TAO,CAPACITY | COMMENTS | FMS_DTTM_STAMP | FMS_LASTUPDDTTM | FMS_LASTUPDOPRID | FMS_OPRID | FORECAST_ID_SUP | FROM_DATE | FROM_MONTH_SCP | FROM_YEAR | FULL_TIME_RES_SUP | PC_CPY_UNIQUEID | PER_STATUS | POOL_ID | PROJ_ROLE | REGION_CD | SETID_REGION | SETID_ROLE | TO_DATE | TO_MONTH_SCP | TO_YEAR | UOM_SCP,RH,0.5,"['RH', 'Achats & Fournisseurs']",coin_flip_reject
1071891,SYSADM.PS_RS_SUP_DTL_TMP,PS_RS_SUP_DTL_TMP,ALLOCATED_DEMAND | CAPACITY | DATE_ENTERED | FORECAST_ID_SUP | FULL_TIME_RES_SUP | OVERALLOCATED_SW | PROJ_ROLE | REGION_CD | SETID_REGION | SETID_ROLE | VARIANCE_SCP,Achats & Fournisseurs,0.5,"['Other', 'Achats & Fournisseurs']",coin_flip_reject
1071898,SYSADM.PS_RS_SUP_SM_TAO,PS_RS_SUP_SM_TAO,FORECAST_ID_SUP | FROM_DATE | POOL_ID | PROCESS_INSTANCE | TO_DATE,Achats & Fournisseurs,0.5,"['Achats & Fournisseurs', 'IT & Sécurité']",coin_flip_reject
1071923,SYSADM.PS_RS_TMP_SUP_TAO,PS_RS_TMP_SUP_TAO,CAPACITY | CAP_PERCENT | DATE_ENTERED | DURATION_SUP | END_DATE | END_DATE_TO | FMS_DTTM_STAMP | FMS_LASTUPDDTTM | FMS_LASTUPDOPRID | FMS_OPRID | FULL_TIME_RES_SUP | MEMBER_ID | MONTH_SCP | PER_STATUS | POOL_ID | PROJ_ROLE | REGION_CD | SEQ_NUM | SESSION_ID | SETID_REGION | SETID_ROLE | START_DATE | START_DATE_TO | UOM_SCP | UTIL_PCT | YEAR_NUM,Achats & Fournisseurs,0.5,"['Achats & Fournisseurs', 'Other']",coin_flip_reject
1071987,SYSADM.PS_RTBL_CAF_DFTADP,PS_RTBL_CAF_DFTADP,ACCOUNTING_PERIOD | CAF_SESSION_ID | OPRID | SCE_ID | SELECT_FLAG,Finance & Contrôle,0.5,"['Finance & Contrôle', 'IT & Sécurité']",coin_flip_reject
1072066,SYSADM.PS_RTBL_OPR_DEPH_H,PS_RTBL_OPR_DEPH_H,DESCRIPTION_RTB | EOAWREQUESTOR_ID | RTBL_SCENARIO | SCE_CREATE_DTTM | SCE_ID | STATUS_SCENARIO,IT & Sécurité,0.5,"['Other', 'IT & Sécurité']",coin_flip_reject
1072093,SYSADM.PS_RTBL_PURGE_LIST,PS_RTBL_PURGE_LIST,RECNAME | RECNAME1 | RTBL_DEF_ROWSIZE | RTBL_DYN_QUOTA,IT & Sécurité,0.5,"['IT & Sécurité', 'Achats & Fournisseurs']",coin_flip_reject
1072130,SYSADM.PS_RTBL_STEP_CHKPT,PS_RTBL_STEP_CHKPT,BUSINESS_UNIT_IU | CLOSING_TYPE | JOURNAL_DATE | RTBL_CHECKPOINT | RTBL_ELEMENT | RTBL_ELEMENT_TYPE | RTBL_SCENARIO | RTBL_STEP | SCE_ID | SEQNBR | SEQUENCE_NBR_6 | SETID | VERSION_GRP | VERSION_NUM,Finance & Contrôle,0.5,"['IT & Sécurité', 'Finance & Contrôle']",coin_flip_reject
1072168,SYSADM.PS_RT_DFLT_TMP,PS_RT_DFLT_TMP,BEGIN_DT | EFFDT | END_DT | FROM_CUR | PROCESS_INSTANCE | RATE_DIV | RATE_MULT | RT_TYPE | TO_CUR,Finance & Contrôle,0.5,"['Finance & Contrôle', 'IT & Sécurité']",coin_flip_reject
1072244,SYSADM.PS_RT_RATE_TMP,PS_RT_RATE_TMP,AUDIT_ACTN | EFFDT | FROM_CUR | PROCESS_INSTANCE | RATE_DIV | RATE_MULT | RT_RATE_INDEX | RT_TYPE | TERM | TO_CUR,Finance & Contrôle,0.5,"['Finance & Contrôle', 'IT & Sécurité']",coin_flip_reject
1072280,SYSADM.PS_RUN_AMAEMASS_01,PS_RUN_AMAEMASS_01,ACCOUNT | ALTACCT | BOOK_CODE | DISTRIBUTION_TYPE | OPRID | REQUEST_ID | RUN_CNTL_ID | SETID | SETID1,Finance & Contrôle,0.5,"['Finance & Contrôle', 'IT & Sécurité']",coin_flip_reject
1072333,SYSADM.PS_RUN_BI_KK_BCHK,PS_RUN_BI_KK_BCHK,ADD_DT | BILL_CYCLE_ID | BILL_SOURCE_ID | BILL_TYPE_ID | BUSINESS_UNIT | CONSOLIDATE | CONSOL_INVOICE | CUST_ID | DESCR | DTTM_FROM | DTTM_STAMP_SEC | DTTM_TO | END_INVOICE | INVOICE_RANGE_OPT | KK_PROCESS_TYPE | KK_SOURCE_TRAN | OPRID | PROCESS_FREQUENCY | PROCESS_INSTANCE | PROCESS_ORIG | PROCESS_STATUS | RANGE_SELECTION_ID | REQUEST_NBR | RESTART_PI | RUN_CNTL_ID | STARTING_DT | START_INVOICE,Finance & Contrôle,0.5,"['Finance & Contrôle', 'IT & Sécurité']",coin_flip_reject
1072407,SYSADM.PS_RUN_CNTL_AP_VND,PS_RUN_CNTL_AP_VND,OPRID | REMIT_SETID | REMIT_VENDOR | RUN_CNTL_ID,Achats & Fournisseurs,0.5,"['Achats & Fournisseurs', 'Finance & Contrôle']",coin_flip_reject
1072423,SYSADM.PS_RUN_CNTL_CA_FEE,PS_RUN_CNTL_CA_FEE,AE_APPLID | CA_FEE_SOURCE | CA_PLAN_ID | CONTRACT_NUM | OPRID | RUN_CNTL_ID,Finance & Contrôle,0.5,"['Other', 'Finance & Contrôle']",coin_flip_reject
1072455,SYSADM.PS_RUN_CNTL_EM,PS_RUN_CNTL_EM,BASIS_DATE | DESCR | EM_BUSINESS_UNIT | EM_PROPOSAL_PROC | EM_REPORT_PROC | EM_VCHR_PROC | EM_VENDOR_PROC | EXPIRE_DT | FISCAL_YEAR | OPRID | PROPOSE_ID | PYMNT_TERMS_CD | REQUEST_ID | RT_TYPE | RUN_CNTL_ID | SETID | TEMPLATE_ID | URL_1 | VENDOR_ID | VENDOR_SETID | VNDR_LOC | WHERE_CLAUSE,IT & Sécurité,0.5,"['IT & Sécurité', 'Achats & Fournisseurs']",coin_flip_reject
1072462,SYSADM.PS_RUN_CNTL_EM_XML,PS_RUN_CNTL_EM_XML,OPRID | REQUEST_ID | RUN_CNTL_ID | VENDOR_ID | VENDOR_SETID | VNDR_LOC,Achats & Fournisseurs,0.5,"['Achats & Fournisseurs', 'IT & Sécurité']",coin_flip_reject
1072727,SYSADM.PS_RUN_OM_SRBT,PS_RUN_OM_SRBT,BUSINESS_UNIT | CALC_PERIODS | CALENDAR_METHOD | CUST_ID | CUSTOMER_GROUP | END_DATE | LANGUAGE_CD | NUMBER_OF_PERIODS | OPRID | RUN_CNTL_ID | SRBT_ID | START_DATE,IT & Sécurité,0.5,"['Other', 'IT & Sécurité']",coin_flip_reject
1072761,SYSADM.PS_RUN_SF1219,PS_RUN_SF1219,ACCOUNTING_PERIOD | ACCTG_CLOSE_DT | ALC | BUSINESS_UNIT | CALENDAR_ID | EMPLID | FISCAL_YEAR | LANGUAGE_CD | NAME | OPRID | PHONE_NUM | RUN_CNTL_ID | SUPPLMNT_NUM,RH,0.5,"['RH', 'Finance & Contrôle']",coin_flip_reject
1072772,SYSADM.PS_RUN_TDS_ANNEXUR,PS_RUN_TDS_ANNEXUR,BUSINESS_UNIT | LANGUAGE_CD | OPRID | RUN_CNTL_ID | TDS_QRETURN_NUM | WTHD_ENTITY,IT & Sécurité,0.5,"['Other', 'IT & Sécurité']",coin_flip_reject
1072776,SYSADM.PS_RUN_TRC1009,PS_RUN_TRC1009,BANK_ACCT_KEY | BANK_CD | BANK_SETID | BUSINESS_UNIT | OPRID | RUN_CNTL_ID | TREE_NAME | TREE_NODE,Finance & Contrôle,0.5,"['Finance & Contrôle', 'IT & Sécurité']",coin_flip_reject
1072911,SYSADM.PS_SAC_RCPT_RUNCTL,PS_SAC_RCPT_RUNCTL,BUSINESS_UNIT | LANGUAGE_CD | MSGNODENAME | OPRID | PO_ID | PROCESS_INSTANCE | RECEIVER_ID | RUN_CNTL_ID | SAC_REPROCESS_ERR | SETID | SHIPTO_ID,Achats & Fournisseurs,0.5,"['Achats & Fournisseurs', 'IT & Sécurité']",coin_flip_reject
1072913,SYSADM.PS_SAC_RPT_XSLT,PS_SAC_RPT_XSLT,CONTNAME | SCM_REP_TYPE | SUB_CONTNAME_1 | SUB_CONTNAME_2 | SUB_CONTNAME_3 | SUB_CONTNAME_4 | SUB_CONTNAME_5,Supply Chain / Logistique / Production,0.5,"['Supply Chain / Logistique / Production', 'Other']",coin_flip_reject
1072921,SYSADM.PS_SAC_SRCH_QRYIDX,PS_SAC_SRCH_QRYIDX,INDEXNAME | SRCH_QRY_ID,IT & Sécurité,0.5,"['IT & Sécurité', 'Other']",coin_flip_reject
1072992,SYSADM.PS_SCD_HTML_PAGE,PS_SCD_HTML_PAGE,HTMLAREA | HTML_FIELD_NAME,IT & Sécurité,0.5,"['Other', 'IT & Sécurité']",coin_flip_reject
1073020,SYSADM.PS_SCD_TMPLCHG_LNG,PS_SCD_TMPLCHG_LNG,LANGUAGE_CD | SCD_CHG_COMMENTS | SCD_DESCR_LONG | SCD_SEQ_NBR | SCD_TEMPLATE_ID | SCD_TEMPLATE_NAME | SCD_VERSION_NBR,IT & Sécurité,0.5,"['Other', 'IT & Sécurité']",coin_flip_reject
1073027,SYSADM.PS_SCD_TMPSECQ_LNG,PS_SCD_TMPSECQ_LNG,LANGUAGE_CD | SCD_INSTRUCTIONS | SCD_QUESTION_ID | SCD_SECTION_ID | SCD_TEMPLATE_ID | SCD_VERSION_NBR,Other,0.5,"['Other', 'IT & Sécurité']",coin_flip_reject
1073084,SYSADM.PS_SCM_SVC_DFLTS,PS_SCM_SVC_DFLTS,ASSESS_OC_FLAG | BEG_SEQ | COLLECTOR | CR_ANALYST | CURRENCY_CD | CUR_RT_TYPE | DATE_LAST_MAINT | DFLT_BEG_SEQ | LAST_MAINT_OPRID | MESSAGE_DESCR | OC_ADMIN_HOLD | OC_ADMIN_ID | OC_FIN_HOLD | OC_FIN_ID | OC_GROUP | OC_PNLTY_HOLD | OC_PNLTY_ID | PARTIAL_PY_SW | PAYMENT_METHOD | PP_HOLD | PP_METHOD | SETID | SUPPORT_TEAM_CD | SVC_OPER_GROUP | ZERO_PAD,Supply Chain / Logistique / Production,0.5,"['Finance & Contrôle', 'Supply Chain / Logistique / Production']",coin_flip_reject
1073141,SYSADM.PS_SCR_ADDR_HST,PS_SCR_ADDR_HST,ADDRESS1 | ADDRESS2 | ADDRESS3 | ADDRESS4 | ADDRESS_SEQ_NUM | ADDR_FIELD1 | ADDR_FIELD2 | ADDR_FIELD3 | CITY | COUNTRY | COUNTY | DESCR | EFFDT | EMAILID | ENTERED_DTTM | GEO_CODE | HOUSE_TYPE | IN_CITY_LIMIT | NUM1 | NUM2 | POSTAL | SCR_CHG_EFF_WHEN | SCR_EFFDT | SCR_ID | SCR_REMOVE | SCR_SEQ_NUM | SEQNUM | STATE | USERID,RH,0.5,"['IT & Sécurité', 'RH']",coin_flip_reject
1073158,SYSADM.PS_SCR_CNT_PHN_DFT,PS_SCR_CNT_PHN_DFT,CNTCT_SEQ_NUM | COUNTRY_CODE | DESCR30 | EFFDT | ERR_MSG_NBR | EXTENSION | FMS_DTTM_STAMP | FMS_LASTUPDDTTM | FMS_LASTUPDOPRID | FMS_OPRID | MSG_SEVERITY | PHONE | PHONE_TYPE | SCR_CHG_EFF_WHEN | SCR_CHNG_TYPE | SCR_COUNTRY_CODE | SCR_EFFDT | SCR_EXTENSION | SCR_ID | SCR_PHONE | SCR_PHONE_TYPE | SCR_SEQ_NUM | SETID | VENDOR_ID,Achats & Fournisseurs,0.5,"['Achats & Fournisseurs', 'IT & Sécurité']",coin_flip_reject
1073184,SYSADM.PS_SCR_LOC_ATT_DFT,PS_SCR_LOC_ATT_DFT,ATTACH_DESCR | ATTACHSYSFILENAME | ATTACHUSERFILE | ATT_VERSION | ERR_MSG_NBR | FMS_DTTM_STAMP | FMS_LASTUPDDTTM | FMS_LASTUPDOPRID | FMS_OPRID | MSG_SEVERITY | SCM_ATTACH_ID | SCR_CHNG_TYPE | SCR_ID | SCR_SEQ_NUM | SERVER_ID | SERVER_PATH | SERVER_TYPE | SETID | SHOW_APPROVAL | VENDOR_ID | VNDR_LOC,Achats & Fournisseurs,0.5,"['Achats & Fournisseurs', 'IT & Sécurité']",coin_flip_reject
1073185,SYSADM.PS_SCR_LOC_ATT_HST,PS_SCR_LOC_ATT_HST,ATTACH_DESCR | ATTACHSYSFILENAME | ATTACHUSERFILE | ATT_VERSION | ENTERED_DTTM | SCM_ATTACH_ID | SCR_ID | SCR_REMOVE | SCR_SEQ_NUM | SEQNUM | SERVER_ID | SERVER_PATH | SERVER_TYPE | SHOW_APPROVAL | USERID | VNDR_LOC,IT & Sécurité,0.5,"['Achats & Fournisseurs', 'IT & Sécurité']",coin_flip_reject
1073244,SYSADM.PS_SDK_CURR_CD_TBL,PS_SDK_CURR_CD_TBL,SDK_CURRENCY_CD | SDK_DESCR | SDK_DESCRSHORT | SDK_EFFDT | SDK_EFF_STATUS,Finance & Contrôle,0.5,"['Finance & Contrôle', 'Other']",coin_flip_reject
1073257,SYSADM.PS_SDK_RP_INPUT,PS_SDK_RP_INPUT,SDK_RP_ORDEREQDATE | SDK_RP_ORDQUANTITY | SDK_RP_PARTNAME | SDK_RP_PROMISEDATE | SDK_RP_QUERY | SDK_RP_RSERVERNAME | SDK_RP_RSERVERPORT | SDK_RP_SERVERNAME | SDK_RP_SITENAME,Supply Chain / Logistique / Production,0.5,"['Supply Chain / Logistique / Production', 'Other']",coin_flip_reject
1073260,SYSADM.PS_SDK_RP_QUERYWRK,PS_SDK_RP_QUERYWRK,SDK_RP_ORDERDATE | SDK_RP_ORDERNUMBER | SDK_RP_SITENAME | SDK_RP_SOLINENUM | SDK_RP_SOLINEQTY | SDK_RP_SOSULINENUM | SDK_RP_SOSULINEQTY,Supply Chain / Logistique / Production,0.5,"['Ventes & Clients', 'Supply Chain / Logistique / Production']",coin_flip_reject
1073519,SYSADM.PS_SF_COMP_ATT_CP,PS_SF_COMP_ATT_CP,BUSINESS_UNIT | BUSINESS_UNIT_OM | COMPONENT_ID | CP_COMP_SEQ | DESCR | DOCUMENT_NAME | FILE_EXTENSION | OP_SEQUENCE | ORDER_INT_LINE_NO | ORDER_NO | QTY_CODE,Supply Chain / Logistique / Production,0.5,"['Achats & Fournisseurs', 'Supply Chain / Logistique / Production']",coin_flip_reject
1073565,SYSADM.PS_SF_MR_CMP_TAO,PS_SF_MR_CMP_TAO,BUSINESS_UNIT | COMPONENT_ID | CONFIG_CODE | CURR_SCHED_QTY | DMD_OPEN_QTY | EXCLUDE | ISSUE_METHOD | MG_ORIG_COMP_ID | MR_REASON_CD | OP_SEQUENCE | OP_START_DT | OP_START_ORIG | OP_START_TIME | PICK_QTY | PRIOR_DEMAND | PRIOR_SUPPLY | PROCESS_INSTANCE | PRODUCTION_ID | QTY_AVAIL_DMD | QTY_CODE | QTY_SHORT | SF_QTY_PER,Supply Chain / Logistique / Production,0.5,"['Supply Chain / Logistique / Production', 'IT & Sécurité']",coin_flip_reject
1073609,SYSADM.PS_SF_MR_STG_TAO,PS_SF_MR_STG_TAO,AVAIL_QTY | BUSINESS_UNIT | CONFIG_CODE | CUST_ID | DEMAND_LINE_NO | DEMAND_SOURCE | DISTRIB_LINE_NUM | EXCLUDE | INV_ITEM_ID | ISSUE_METHOD | LINE_NBR | MG_ORIG_COMP_ID | MG_OUTPUT_QTY_CODE | MG_OUTPUT_TYPE | MULTI_PEG | OP_SEQUENCE | ORDER_INT_LINE_NO | ORDER_KEY | ORDER_NO | ORD_PRIORITY | ORD_TYPE | PEG_CUST_NAME | PEG_ORDER_KEY | PEG_ORDER_TYPE | PEG_STATUS | PO_ID | PRIOR_DEMAND | PRIOR_SUPPLY | PROCESS_INSTANCE | PRODUCTION_ID | QTY_ALLOC_BASE | QTY_CODE | QTY_PEGGED | QTY_PICK_BASE | QTY_REQUESTED_BASE | REQ_ID | RES_LN_NBR | SCHED_DTTM | SCHED_LINE_NBR | SCHED_NBR | SHIP_CUST_NAME1 | SOURCE_BUS_UNIT | STAGED_FLAG | VENDOR_ID | VENDOR_NAME_SHORT | VENDOR_SETID | WO_ID | WO_TASK_ID,Supply Chain / Logistique / Production,0.5,"['Supply Chain / Logistique / Production', 'IT & Sécurité']",coin_flip_reject
1073619,SYSADM.PS_SF_OP_ATT,PS_SF_OP_ATT,BUSINESS_UNIT | DESCR | DOCUMENT_NAME | FILE_EXTENSION | OP_SEQUENCE | PRODUCTION_ID,Supply Chain / Logistique / Production,0.5,"['Other', 'Supply Chain / Logistique / Production']",coin_flip_reject
1073620,SYSADM.PS_SF_OP_ATT_ARCH,PS_SF_OP_ATT_ARCH,BUSINESS_UNIT | DESCR | DOCUMENT_NAME | FILE_EXTENSION | OP_SEQUENCE | PRODUCTION_ID,Supply Chain / Logistique / Production,0.5,"['Other', 'Supply Chain / Logistique / Production']",coin_flip_reject
1073630,SYSADM.PS_SF_OP_LIST,PS_SF_OP_LIST,ASSY_STARTS_QTY | BUSINESS_UNIT | CON_OH_CODE_1 | CON_OH_CODE_2 | CON_OH_CODE_3 | CON_OH_CODE_4 | CONTINUOUS_FLG | CONVERSION_CODE | COUNT_POINT | CREWSIZE | EXPECTD_CMPL_QTY | FIXED_SCRAP_QTY | IGNORE_CAPACITY | MACH_RESOURCES | OP_COMPLETED | OP_END_DT | OP_END_SHIFT | OP_END_TIME | OPERATION_YIELD | OP_OVERLAP | OP_PRDN_END_DT | OP_PRDN_END_SHFT | OP_PRDN_RUN_ST_DT | OP_PRDN_RUN_ST_SH | OP_PRDN_START_DT | OP_PRDN_START_SHFT | OP_RUN_START_DT | OP_RUN_START_SHIFT | OP_RUN_START_TIME | OP_SEQUENCE | OP_START_DT | OP_START_SHIFT | OP_START_TIME | PERCENT_COMP | PLAN_FROZEN_FLG | POST_PROD_EARNED | PROCESS_INSTANCE | PRODUCTION_ID | QTY_COMP_AND_AT | QTY_COMP_AND_THRU | QTY_ISS_TO_OP | QTY_SCRAPPED | SEND_AHEAD_QTY | SETUP_EARNED | SIM_SETUP_QUEUE | SUBCONTRACTED | SUB_ITEM_ID | SUBPO_STATUS | TASK_CODE | TASK_INTENSITY | TEXT254 | VENDOR_ID | WORK_CENTER_CODE,Supply Chain / Logistique / Production,0.5,"['IT & Sécurité', 'Supply Chain / Logistique / Production']",coin_flip_reject
1073631,SYSADM.PS_SF_OP_LIST_ARCH,PS_SF_OP_LIST_ARCH,ASSY_STARTS_QTY | BUSINESS_UNIT | CON_OH_CODE_1 | CON_OH_CODE_2 | CON_OH_CODE_3 | CON_OH_CODE_4 | CONTINUOUS_FLG | CONVERSION_CODE | COUNT_POINT | CREWSIZE | EXPECTD_CMPL_QTY | FIXED_SCRAP_QTY | IGNORE_CAPACITY | MACH_RESOURCES | OP_COMPLETED | OP_END_DT | OP_END_SHIFT | OP_END_TIME | OPERATION_YIELD | OP_OVERLAP | OP_PRDN_END_DT | OP_PRDN_END_SHFT | OP_PRDN_RUN_ST_DT | OP_PRDN_RUN_ST_SH | OP_PRDN_START_DT | OP_PRDN_START_SHFT | OP_RUN_START_DT | OP_RUN_START_SHIFT | OP_RUN_START_TIME | OP_SEQUENCE | OP_START_DT | OP_START_SHIFT | OP_START_TIME | PERCENT_COMP | PLAN_FROZEN_FLG | POST_PROD_EARNED | PROCESS_INSTANCE | PRODUCTION_ID | QTY_COMP_AND_AT | QTY_COMP_AND_THRU | QTY_ISS_TO_OP | QTY_SCRAPPED | SEND_AHEAD_QTY | SETUP_EARNED | SIM_SETUP_QUEUE | SUBCONTRACTED | SUBPO_STATUS | TASK_CODE | TASK_INTENSITY | TEXT254 | VENDOR_ID | WORK_CENTER_CODE,Supply Chain / Logistique / Production,0.5,"['IT & Sécurité', 'Supply Chain / Logistique / Production']",coin_flip_reject
1073648,SYSADM.PS_SF_OUTPUT_ARCH,PS_SF_OUTPUT_ARCH,BUSINESS_UNIT | COMPLETED_QTY | CONFIG_CODE | INCR_REL_OFFSET | INCR_REL_TYPE | MG_NEW_OUTPUT_QTY | MG_OUTPUT_COST_PCT | MG_OUTPUT_ITEM | MG_OUTPUT_QTY_CODE | MG_OUTPUT_RES_PCT | MG_OUTPUT_SCHD_QTY | MG_OUTPUT_TYPE | NON_OWN_FLAG | OP_SEQUENCE | PEG_STATUS | PROCESS_INSTANCE | PRODUCTION_ID | SF_QTY_PER,Supply Chain / Logistique / Production,0.5,"['Supply Chain / Logistique / Production', 'IT & Sécurité']",coin_flip_reject
1073675,SYSADM.PS_SF_PRDN_DFLTS,PS_SF_PRDN_DFLTS,BOM_CODE | BUSINESS_UNIT | DATE_FROM | DATE_TO | INV_ITEM_ID | MG_PRDN_PROCESS | OPRID | PRDN_AREA_CODE | PRDN_TYPE_PRDN | PRDN_TYPE_REWORK | PRDN_TYPE_TEARDOWN | PS_DATE_OPT | RTG_CODE | SEL_ACCT | SEL_CANCELED | SEL_CMPL | SEL_ENT | SEL_FIRM | SEL_IN_PROC | SEL_LAB | SEL_PA | SEL_PEND | SEL_PID | SEL_RELEASED | SEL_STATUS | SPECIFY_PERIOD,Supply Chain / Logistique / Production,0.5,"['Supply Chain / Logistique / Production', 'IT & Sécurité']",coin_flip_reject
1073701,SYSADM.PS_SF_RPL_KBN_STG,PS_SF_RPL_KBN_STG,AUDIT_ACTN | BUSINESS_UNIT | CREATE_DTTM | EIP_CTL_ID | IN_PROCESS_FLG | INV_ITEM_ID | PROCESS_INSTANCE | SF_KANBAN_ID | SF_RPL_VENDOR_QTY | STORAGE_AREA | STOR_LEVEL_1 | STOR_LEVEL_2 | STOR_LEVEL_3 | STOR_LEVEL_4 | VENDOR_ID | VENDOR_SETID | VNDR_LOC,Supply Chain / Logistique / Production,0.5,"['Achats & Fournisseurs', 'Supply Chain / Logistique / Production']",coin_flip_reject
1073723,SYSADM.PS_SF_SCYLDCS2_TMP,PS_SF_SCYLDCS2_TMP,BUSINESS_UNIT | COST_ELEMENT | EXT_QPA_COST1 | OP_SEQUENCE | ORIG_OP_SEQUENCE | PROCESS_INSTANCE | PRODUCTION_ID | SCRAP_REC_TYPE,Supply Chain / Logistique / Production,0.5,"['Finance & Contrôle', 'Supply Chain / Logistique / Production']",coin_flip_reject
1073724,SYSADM.PS_SF_SCYLDCS3_TMP,PS_SF_SCYLDCS3_TMP,BUSINESS_UNIT | COST_ELEMENT | EXT_QPA_COST1 | OP_SEQUENCE | ORIG_OP_SEQUENCE | PROCESS_INSTANCE | PRODUCTION_ID | SCRAP_REC_TYPE,Supply Chain / Logistique / Production,0.5,"['Finance & Contrôle', 'Supply Chain / Logistique / Production']",coin_flip_reject
1073726,SYSADM.PS_SF_SCYLDCST_TMP,PS_SF_SCYLDCST_TMP,BUSINESS_UNIT | COST_ELEMENT | EXT_QPA_COST1 | OP_SEQUENCE | ORIG_OP_SEQUENCE | PROCESS_INSTANCE | PRODUCTION_ID | SCRAP_REC_TYPE,Supply Chain / Logistique / Production,0.5,"['Finance & Contrôle', 'Supply Chain / Logistique / Production']",coin_flip_reject
1073767,SYSADM.PS_SF_TRC_VAL2_T,PS_SF_TRC_VAL2_T,BUSINESS_UNIT | INV_ITEM_ID | INV_LOT_ID | PROCESS_INSTANCE | PRODUCTION_ID | SERIAL_ID,Supply Chain / Logistique / Production,0.5,"['IT & Sécurité', 'Supply Chain / Logistique / Production']",coin_flip_reject
1073803,SYSADM.PS_SF_TRC_VAL6_T,PS_SF_TRC_VAL6_T,BUSINESS_UNIT | COMP_LOT_ID | COMPONENT_ID | COMP_SERIAL_ID | INV_ITEM_ID | INV_LOT_ID | MG_ORIG_COMP_ID | OP_SEQUENCE | PROCESS_INSTANCE | QTY_CODE | SERIAL_ID | SF_MASTER_ERR,Supply Chain / Logistique / Production,0.5,"['IT & Sécurité', 'Supply Chain / Logistique / Production']",coin_flip_reject
1074202,SYSADM.PS_SJ_TMPL_CPY_RNC,PS_SJ_TMPL_CPY_RNC,DESCR | OPRID | PB_ACTION | RUN_CNTL_ID | SJ_JOURNAL_TYPE | SJ_TEMPLATE_ID,Finance & Contrôle,0.5,"['Finance & Contrôle', 'IT & Sécurité']",coin_flip_reject
1074271,SYSADM.PS_SPA_INV_LN_HIST,PS_SPA_INV_LN_HIST,BUSINESS_UNIT | COMMENTS | DATETIME_STAMP | INV_LINE_STATUS | INVOICE_ID | INVOICE_LINE | NAME_DISPLAY | REASON_CD | REASON_TYPE | SEQNUM,Finance & Contrôle,0.5,"['Finance & Contrôle', 'Supply Chain / Logistique / Production']",coin_flip_reject
1074343,SYSADM.PS_SPA_TIME_APR_AU,PS_SPA_TIME_APR_AU,BUSINESS_UNIT | COMMENTS | DATETIME_STAMP | LINE_NBR | NAME | REASON_CD | REASON_TYPE | SEQNUM | TIME_LINE_STATUS | TIME_SHEET_ID | WORK_ORDER_ID,RH,0.5,"['RH', 'Other']",coin_flip_reject
1074355,SYSADM.PS_SPA_TMINCDT_HST,PS_SPA_TMINCDT_HST,BUSINESS_UNIT | COMMENTS | DATETIME_STAMP | LINE_NBR | NAME | REASON_CD | REASON_TYPE | SEQNUM | TIME_LINE_STATUS | TIME_SHEET_ID | WORK_ORDER_ID,RH,0.5,"['RH', 'Supply Chain / Logistique / Production']",coin_flip_reject
1074364,SYSADM.PS_SPA_TRULE_LANG,PS_SPA_TRULE_LANG,COMMENT1 | DESCR | EFFDT | LANGUAGE_CD | SETID | SPA_TIME_RULE_ID,IT & Sécurité,0.5,"['Other', 'IT & Sécurité']",coin_flip_reject
1074381,SYSADM.PS_SP_BDFTR_BY_CAT,PS_SP_BDFTR_BY_CAT,BID_FACTOR_CD | BID_FACTOR_GRP | BID_FACTOR_TYPE | CATEGORY_CD | DESCR | SETID | UNIT_OF_MEASURE | WEIGHTING,Finance & Contrôle,0.5,"['Finance & Contrôle', 'Other']",coin_flip_reject
1074445,SYSADM.PS_SPB_RLTYAL_LANG,PS_SPB_RLTYAL_LANG,LANGUAGE_CD | ROLE_TYPE | SETID | SP_ALERT_DESCR | SP_ALERT_SEQ_NUM,IT & Sécurité,0.5,"['Other', 'IT & Sécurité']",coin_flip_reject
1074653,SYSADM.PS_SPF_IDET_TAO,PS_SPF_IDET_TAO,BUSINESS_UNIT | GROSS_AMT | INVOICE_DT | INVOICE_ID | PROCESS_INSTANCE | VENDOR_ID,Finance & Contrôle,0.5,"['Finance & Contrôle', 'Achats & Fournisseurs']",coin_flip_reject
1074664,SYSADM.PS_SPF_IHDR_TAO,PS_SPF_IHDR_TAO,ADDRESS1 | ADDRESS2 | ADDRESS3 | AMT_TOTAL | BUSINESS_UNIT | CITY | INVOICE_DT | INVOICE_ID | POSTAL | PROCESS_INSTANCE | PYMNT_TERMS_CD | SP_SERVICE_METHOD | STATE | VENDOR_ID,Finance & Contrôle,0.5,"['Finance & Contrôle', 'Achats & Fournisseurs']",coin_flip_reject
1074781,SYSADM.PS_SPF_INVL3_TAO,PS_SPF_INVL3_TAO,BUSINESS_UNIT | DATETIME_STAMP | INV_LINE_STATUS | INVOICE_ID | INVOICE_LINE | NAME_DISPLAY | PROCESS_INSTANCE | SEQNUM,Supply Chain / Logistique / Production,0.5,"['Supply Chain / Logistique / Production', 'Finance & Contrôle']",coin_flip_reject
1074929,SYSADM.PS_SPF_WO_APR_XREF,PS_SPF_WO_APR_XREF,BUSINESS_UNIT | COMMENTS | EOAWDEFN_ID | EOAWDTTM_MODIFIED | EOAWPARENT_THREAD | EOAWPRCS_ID | EOAWREQUESTOR_ID | EOAWTHREAD_ID | EOAWTHREAD_STATUS | ORIGINATORID | RECNAME | WORK_ORDER_ID,Supply Chain / Logistique / Production,0.5,"['Supply Chain / Logistique / Production', 'IT & Sécurité']",coin_flip_reject
1074952,SYSADM.PS_SPF_WORDERREC_2,PS_SPF_WORDERREC_2,BUSINESS_UNIT | SPF_JOB_DESCRLONG | WORK_ORDER_ID,Supply Chain / Logistique / Production,0.5,"['Other', 'Supply Chain / Logistique / Production']",coin_flip_reject
1075271,SYSADM.PS_SPR_PAGE_CD_TBL,PS_SPR_PAGE_CD_TBL,DESCR | DIMENSION_ID | SPB_PREF_RECORD | SPR_GRAPH_FIELD | SPR_GRAPH_O_TITLE | SPR_GRAPH_RECORD | SPR_GRAPH_TITLE | SPR_GRAPH_TYPE | SPR_GRID_RECORD | SPR_OVERLAY_FIELD | SPR_PAGE_CODE | SPR_SERIES_FIELD | SPR_TRANSFER_BAR | SPR_TRANSFER_ITEM | SPR_TRANSFER_MENU | SPR_TRANSFER_PAGE | SPR_X_FIELD | SPR_X_TITLE | SPR_Y_FIELD | SPR_Y_TITLE,IT & Sécurité,0.5,"['Other', 'IT & Sécurité']",coin_flip_reject
1075335,SYSADM.PS_SPR_RQHDR_TAO,PS_SPR_RQHDR_TAO,BUSINESS_UNIT | OPRID_APPROVED_BY | PROCESS_INSTANCE | REQUESTOR_ID | SP_REQ_ID,IT & Sécurité,0.5,"['IT & Sécurité', 'Achats & Fournisseurs']",coin_flip_reject
1075345,SYSADM.PS_SPR_RQLIN_TAO,PS_SPR_RQLIN_TAO,APPROVAL_DT | BUSINESS_UNIT | BUSINESS_UNIT_PC | CONTRACT_FOR_HIRE | CURRENCY_CD | CURRENCY_CD_BASE | CURRENCY_CD_SPLR | DAYS_UOM | DEPTID | DURATION | EDUCATION_LVL | END_DATE | EXPENSES_INCLUDED | FIRSTDAY_CONTAC_ID | HEALTH_CONTACT_ID | HOLD_STATUS | IN_PROCESS_FLG | INTERVIEWREQUIRED | LINE_NBR | LOCATION | MS_RATE | MS_RATE_BSE | OPRID_APPROVED_BY | OVERTIME_PERMITTED | PROCESS_INSTANCE | PROJECT_ID | PROJ_ROLE | RATE_DIV | RATE_EFFDT | RATE_MULT | RECRUITER | REQUESTOR_ID | ROLE_TYPE | ROW_CREATE_DATE | ROW_CREATE_USER | ROW_MODIFY_DATE | ROW_MODIFY_USER | RT_TYPE | SERVICE_METHOD | SHIFT_ID | SPA_USE_EXPENSES | SP_BILL_METHOD | SP_DURATION | SP_EXP_APPROVER | SP_EXP_RATE_UOM | SP_EXTENDED_FLG | SPF_CUST_COMPANY | SPF_EXP_AMT_BSE | SPF_EXPENSE_AMT | SPF_EXPENSE_RATE | SPF_EXP_RATE_BSE | SPF_EXTERNAL | SPF_FILL_CURR_CD | SPF_LN_FILL_TOTAL | SPF_LN_FIL_TOT_BSE | SPF_LN_TOTAL_BSE | SPF_RATE | SPF_RATE_BSE | SPF_RATE_FILL | SPF_RATE_FILL_BSE | SPF_REQ_LN_TOTAL | SPF_SPLR_AMT | SPF_SPLR_RATE | SPF_YRS_EXPERIENCE | SP_LINKED_LINENUM | SP_LINKED_REQ_ID | SP_MSP_PERCENT | SP_NUM_FILLED_POS | SP_NUM_OF_POSITION | SP_ORIGIN_TYPE | SP_RATE_UOM | SP_REPORT_TO_ID | SP_REQ_ID | SP_REQ_STATUS | SP_REQ_TYPE | SP_SAFETY_YESNO | SP_SHOW_BID | SP_SPLR_RATE_UOM | SP_UTILIZATION | SRC_ASSIGNED | START_DATE | TEAM_ID | TE_APPROVER | TELECOMMUTE | TRAVEL_FREQUENCY | TRAVEL_REQUIRED | UNIT_OF_MEASURE | WO_CONID,Finance & Contrôle,0.5,"['Finance & Contrôle', 'Achats & Fournisseurs']",coin_flip_reject
1075387,SYSADM.PS_SPR_SRC_TAO,PS_SPR_SRC_TAO,BUSINESS_UNIT | CONTRACTOR | DATEDIFF | FILL_DATE | LINE_NBR | PROCESS_INSTANCE | RESPONSE_DATE | SOURCING_DATE | SPR_APPROVAL_TIME | SP_REQ_ID | SPR_TIME_TO_FILL | SUBMITAL_NUMBER | VENDOR_ID,Achats & Fournisseurs,0.5,"['RH', 'Achats & Fournisseurs']",coin_flip_reject
1075399,SYSADM.PS_SPR_SRTCM_TAO,PS_SPR_SRTCM_TAO,BUSINESS_UNIT | CURRENCY_CD | OPRID | PROCESS_INSTANCE | PROJ_ROLE | UNIT_OF_MEASURE | VENDOR_ID | WO_CONID | WO_RATE | WORK_ORDER_ID,Achats & Fournisseurs,0.5,"['Other', 'Achats & Fournisseurs']",coin_flip_reject
1075436,SYSADM.PS_SPR_SUPP_SD_FCT,PS_SPR_SUPP_SD_FCT,BUSINESS_UNIT | CURRENCY_CD_BASE | OPRID | POAMOUNT | PROJ_ROLE | SPR_APPROVAL_TIME | SPR_AVG_RATE | SPR_AVG_RSP_TM | SPR_CNT_BD_REJECTS | SPR_CNT_CANDSUBMIT | SPR_CNT_INTERVIEW | SPR_CNT_REQRSP | SPR_CNT_WO_REJECTS | SP_REQ_ID | SPR_POS_FILLED | SPR_REQS_FILLED | SPR_TIME_TO_FILL | VENDOR_ID,RH,0.5,"['RH', 'Achats & Fournisseurs']",coin_flip_reject
1075613,SYSADM.PS_SRCH_CONFIG_FLD,PS_SRCH_CONFIG_FLD,ADVANCED_FLAG | FIELDNAME | FIELDNAME_TARGET | HIDDEN_FLAG | MESSAGE_NBR | MESSAGE_SET_NBR | PREREQ_FIELD_01 | PREREQ_FIELD_02 | PREREQ_FIELD_03 | PROMPT_EDITTYPE | PROMPT_TBL1 | PROMPT_TBL2 | REC_GROUP_ID | RECNAME_LOOKUP | RECNAME_SOURCE | REQUIRED_SW | SEARCH_KEY_01 | SEARCH_KEY_02 | SEARCH_KEY_03 | SECURED_FIELD | SECURED_FIELDNAME | SEPARATOR_SW | SEQ_NUM | SETCNTRLFLD | SRCH_CONFIG_ID | SRCH_OPERATOR,IT & Sécurité,0.5,"['IT & Sécurité', 'Other']",coin_flip_reject
1075628,SYSADM.PS_SR_CONS_CUST,PS_SR_CONS_CUST,ATTACHSYSFILENAME | ATTACHUSERFILE | BUSINESS_UNIT | DESCR | PC_EMAIL_TEXT | PC_MAIL_BCC | PC_MAIL_CC | PC_MAIL_FROM | PC_MAIL_SUBJECT | PC_MAIL_TO | PROJECT_ID,Ventes & Clients,0.5,"['Ventes & Clients', 'Other']",coin_flip_reject
1075767,SYSADM.PS_ST_LOC_TYPE_INV,PS_ST_LOC_TYPE_INV,DESCR | DESCRSHORT | EFFDT | EFF_STATUS | SETID | STOR_LOC_TYPE,Supply Chain / Logistique / Production,0.5,"['Other', 'Supply Chain / Logistique / Production']",coin_flip_reject
1075953,SYSADM.PS_SUB_RULE_TRANSL,PS_SUB_RULE_TRANSL,SET_CF | SETID | SUB_RULE_ID | TEST_ATTRIBUTE | TRA_ATTR_VALUE | TRA_CHRTFLD_VALUE,IT & Sécurité,0.5,"['IT & Sécurité', 'Other']",coin_flip_reject
1076392,SYSADM.PS_SUT_DFLT_TBL,PS_SUT_DFLT_TBL,CATEGORY_ID | INV_ITEM_ID | ITM_SETID | SALETX_CD | SETID | SHIPTO_ID | SORT_SEQ_NBR | SUT_APPL_FLG | ULTIMATE_USE_CD | USETAX_CD | VENDOR_ID | VENDOR_SETID | VNDR_LOC,Supply Chain / Logistique / Production,0.5,"['Supply Chain / Logistique / Production', 'Achats & Fournisseurs']",coin_flip_reject
1076424,SYSADM.PS_T_AESTEPLANG,PS_T_AESTEPLANG,AE_APPLID | AE_SECTION | AE_STEP | DBTYPE | DESCR | DESCRLONG | EFFDT | LANGUAGE_CD | MARKET,Other,0.5,"['Other', 'IT & Sécurité']",coin_flip_reject
1076432,SYSADM.PS_TAS_ACCT_LANG,PS_TAS_ACCT_LANG,DESCR | LANGUAGE_CD | MAIN_ACCOUNT,Finance & Contrôle,0.5,"['Finance & Contrôle', 'Other']",coin_flip_reject
1076626,SYSADM.PS_TD_FUND_TAO,PS_TD_FUND_TAO,PROCESS_INSTANCE | SETID | SETID_CUSTOMER | SETID_PRODUCT | SETID_PROMO | SETID_SETUP | TD_FUND_CODE | TD_SKIP_FIXED_FLAG,Other,0.5,"['Other', 'IT & Sécurité']",coin_flip_reject
1076694,SYSADM.PS_TD_PRO_MULT_GRP,PS_TD_PRO_MULT_GRP,BASE_UNIT_WK | CURRENCY_CD | DISCOUNT_PCT | INCR_LIFT_PCT | PARTICIPATION_PCT | PPRC_PROMO_CD | PROMO_GROUP | PROMO_PRICE | PROTECT_PROMO | SETID | SHELF_PRICE | SHIP_UNIT_PL | UNIT_OF_MEASURE,Finance & Contrôle,0.5,"['Finance & Contrôle', 'Ventes & Clients']",coin_flip_reject
1076709,SYSADM.PS_TD_RETURNS_WL,PS_TD_RETURNS_WL,ACTIVITYNAME | AMOUNT | BUSPROCNAME | CUST_ID | EVENTNAME | INSTANCEID | MERCH_TYPE | OPRID | PPRC_PROMO_CD | SETID | TD_UNITS | TRANSACTIONID | WORKLISTNAME,Supply Chain / Logistique / Production,0.5,"['Supply Chain / Logistique / Production', 'Finance & Contrôle']",coin_flip_reject
1076741,SYSADM.PS_TDS_QRET_NUM,PS_TDS_QRET_NUM,BUSINESS_UNIT | EFFDT | WTHD_ENTITY | WTHD_LAST_NBR | WTHD_PRE_FIX_1 | WTHD_PRE_FIX_2 | WTHD_STRT_FROM_NBR,Finance & Contrôle,0.5,"['Finance & Contrôle', 'RH']",coin_flip_reject
1076753,SYSADM.PS_TD_TREE_NODELNG,PS_TD_TREE_NODELNG,DESCR | EFFDT | LANGUAGE_CD | SETID | TD_NODE_ID | TD_TREE_ID,Other,0.5,"['Other', 'IT & Sécurité']",coin_flip_reject
1077128,SYSADM.PS_TR_AF_CFG_ACCT,PS_TR_AF_CFG_ACCT,BANK_CD | OPRID,Finance & Contrôle,0.5,"['IT & Sécurité', 'Finance & Contrôle']",coin_flip_reject
1077164,SYSADM.PS_TRANS_PROC_LOG,PS_TRANS_PROC_LOG,ACCOUNTING_PERIOD | BUSINESS_UNIT | CREATE_JRNL_ENTRY | CREATE_LOG_SW | CURR_STEP | DTTM_STAMP_SEC | FISCAL_YEAR | INCLUDE_ADJ_PER | JOURNAL_ID_FROM | JOURNAL_ID_TO | JRNL_BGTCHK_OPTN | JRNL_EDIT_ERR_STAT | JRNL_EDIT_OPTN | LED_REQ_TYPE | MESSAGE_NBR | MESSAGE_PARM1 | MESSAGE_PARM2 | MESSAGE_PARM3 | MESSAGE_PARM4 | MESSAGE_SET_NBR | OPRID | PROCESS_INSTANCE | REQUEST_DATE | REQUEST_NBR | RUN_CNTL_ID | SETID | TRANS_RUN_STATUS | UNDO_PREV_PROCESS,Finance & Contrôle,0.5,"['Finance & Contrôle', 'IT & Sécurité']",coin_flip_reject
1077166,SYSADM.PS_TRANS_TYPE_TBL,PS_TRANS_TYPE_TBL,DESCR | PSFT_PRODUCT | TRANSACTION_TYPE | USE_IN_PRODUCT,Other,0.5,"['Other', 'IT & Sécurité']",coin_flip_reject
1077237,SYSADM.PS_TR_DASH_03_CFG,PS_TR_DASH_03_CFG,ASOFDATE | COMPLETE | CUR_EFFDT | DISPLAY_CURRENCY | END_DT | OPRID | RT_RATE_INDEX | RT_TYPE | START_DT | TR_DASH_TM_INTRVL | TR_TERM,Finance & Contrôle,0.5,"['Other', 'IT & Sécurité']",coin_flip_reject
1077419,SYSADM.PS_TR_FCST_DTE_AET,PS_TR_FCST_DTE_AET,BUSINESS_DT_RULE | CSH_FCST_RULE_ID | CURRENCY_CD | ERROR_FLAG | FCST_RULE_TYPE | NEW_DATE | POS_SHIFT_DAYS | POS_SHIFT_MONTHS | POS_SHIFT_YEARS | PROCESS_INSTANCE | PYMNT_METHOD | RETURN_DATE | SETID | VALUE_DT,Other,0.5,"['Other', 'IT & Sécurité']",coin_flip_reject
1077459,SYSADM.PS_TR_HV_DISP_CUR,PS_TR_HV_DISP_CUR,CURRENCY_CD | OPRID | RT_RATE_INDEX | RT_TYPE,Finance & Contrôle,0.5,"['Finance & Contrôle', 'IT & Sécurité']",coin_flip_reject
1077498,SYSADM.PS_TR_MTM_FILE_EXP,PS_TR_MTM_FILE_EXP,BUSINESS_UNIT | COUNTERPARTY | FILE_PATH_NAME | INSTRUMENT_TYPE | MTM_FN_USAGE | MTM_MODEL | OPRID | RUN_CNTL_ID | TREASURY_PORTFOLIO,Finance & Contrôle,0.5,"['Other', 'Finance & Contrôle']",coin_flip_reject
1077499,SYSADM.PS_TR_MTM_RUN_CTRL,PS_TR_MTM_RUN_CTRL,AS_OF_DATE | BUSINESS_UNIT | COUNTERPARTY | INSTRUMENT_TYPE | MTM_FN_USAGE | MTM_MODEL | OPRID | RUN_CNTL_ID | TREASURY_PORTFOLIO,IT & Sécurité,0.5,"['IT & Sécurité', 'Other']",coin_flip_reject
1077642,SYSADM.PS_TR_TREE_SRC_TMP,PS_TR_TREE_SRC_TMP,ALIAS_NAME | POS_BIN_OPT_VAL | POS_COMODITIES_VAL | POS_FROM_SQL | POS_FUTURES_VAL | POS_FX_VAL | POS_GENERIC_VAL | POS_OPT_VAL | POS_PHYS_BOROW_VAL | POS_PHYS_LEND_VAL | POS_PHYS_SWAP_VAL | POS_SELECT_SQL | POS_SOURCE_ID | POS_WHERE_SQL | SETID | SOURCE_SET | TREE_NAME,Finance & Contrôle,0.5,"['Finance & Contrôle', 'IT & Sécurité']",coin_flip_reject
1077828,SYSADM.PS_TSE_JHDR_FLD,PS_TSE_JHDR_FLD,BUSINESS_UNIT | JOURNAL_DATE | JOURNAL_ID | MESSAGE_NBR | MESSAGE_PARM | MESSAGE_PARM2 | MESSAGE_PARM3 | MESSAGE_SET_NBR | TSE_EDIT_TYPE | TSE_FIELDNAME | TSE_JOBID | TSE_PROC_INSTANCE | TSE_SET_NBR | UNPOST_SEQ,Finance & Contrôle,0.5,"['Finance & Contrôle', 'IT & Sécurité']",coin_flip_reject
1077832,SYSADM.PS_TSE_JLNEFLD_STG,PS_TSE_JLNEFLD_STG,BUSINESS_UNIT | JOURNAL_DATE | JOURNAL_ID | JOURNAL_LINE | MESSAGE_NBR | MESSAGE_PARM | MESSAGE_PARM2 | MESSAGE_PARM3 | MESSAGE_SET_NBR | TSE_EDIT_TYPE | TSE_FIELDNAME | TSE_JOBID | TSE_PROC_INSTANCE | TSE_SET_NBR | UNPOST_SEQ,Finance & Contrôle,0.5,"['Finance & Contrôle', 'IT & Sécurité']",coin_flip_reject
1078119,SYSADM.PS_TSE_MISC_FLD,PS_TSE_MISC_FLD,BUSINESS_UNIT | DST_ACCT_TYPE | MESSAGE_NBR | MESSAGE_PARM | MESSAGE_PARM2 | MESSAGE_PARM3 | MESSAGE_SET_NBR | MISC_CHARGE_CODE | TSE_EDIT_TYPE | TSE_FIELDNAME | TSE_JOBID | TSE_PROC_INSTANCE | TSE_SET_NBR | VOUCHER_ID,Finance & Contrôle,0.5,"['Finance & Contrôle', 'Other']",coin_flip_reject
1078141,SYSADM.PS_T_SQLDESCR,PS_T_SQLDESCR,DBTYPE | DESCR | DESCRLONG | EFFDT | MARKET | SQLID | SQLTYPE,IT & Sécurité,0.5,"['Other', 'IT & Sécurité']",coin_flip_reject
1078159,SYSADM.PS_TV_GRP_BU,PS_TV_GRP_BU,BUSINESS_UNIT_GL | CREDIT_CARD_VENDOR | EXCEPTION_FLAG | TRAVEL_GROUP | TRAVEL_PARTNER,Finance & Contrôle,0.5,"['Finance & Contrôle', 'Achats & Fournisseurs']",coin_flip_reject
1078239,SYSADM.PS_UPG2_TMDT_TAO,PS_UPG2_TMDT_TAO,ADJUSTMENT | DATE_UNDER_RPT | LINE_NBR | LINE_NBR_MAX | PROCESS_INSTANCE | REF_TIME_SHEET_ADJ | TIME_QUANTITY | TIME_SHEET_ID | TIME_SHEET_STATUS | UNIT_OF_MEASURE | UNPOST_SEQ | VERSION_NUM,RH,0.5,"['RH', 'IT & Sécurité']",coin_flip_reject
1078328,SYSADM.PS_UPG_CNTRCT_DIST,PS_UPG_CNTRCT_DIST,AFFILIATE | AFFILIATE_INTRA1 | AFFILIATE_INTRA2 | BUDGET_PERIOD | BUDGET_REF | CHARTFIELD1 | CHARTFIELD2 | CHARTFIELD3 | CLASS_FLD | CNTRCT_ID | CNTRCT_LINE_NBR | DISTRIB_LINE_NUM | FUND_CODE | OPERATING_UNIT | PRODUCT | PROGRAM_CODE | SETID,Finance & Contrôle,0.5,"['Finance & Contrôle', 'Achats & Fournisseurs']",coin_flip_reject
1078334,SYSADM.PS_UPG_CONV_TBLSP2,PS_UPG_CONV_TBLSP2,DESCR | RECRUITER | ROLENAME2 | ROLENAME3 | SETID | TRC | UPG_DSTLST_DESCR1 | UPG_DSTLST_DESCR2 | UPG_DSTLST_DESCR3 | UPG_DSTLST_ID1 | UPG_DSTLST_ID2 | UPG_DSTLST_ID3,RH,0.5,"['RH', 'Other']",coin_flip_reject
1078355,SYSADM.PS_UPG_DIST2_LINE,PS_UPG_DIST2_LINE,BUSINESS_UNIT | BUSINESS_UNIT_GL | BUSINESS_UNIT_PO | DISTRIB_LINE_NUM | KK_PROCESS_PRIOR | LINE_NBR | PO_DIST_LINE_NUM | PO_ID | SCHED_NBR | VOUCHER_ID | VOUCHER_LINE_NUM,Achats & Fournisseurs,0.5,"['Achats & Fournisseurs', 'Finance & Contrôle']",coin_flip_reject
1078378,SYSADM.PS_UPGDLV_DT_TAO,PS_UPGDLV_DT_TAO,BUSINESS_UNIT | DATETIME_ADDED | DST_ID_DIS | DST_ID_REV | DST_ID_SUR | DST_PCT_DIS | DST_PCT_REV | DST_PCT_SUR | INSERT_FLAG | LAST_MAINT_OPRID | LASTUPDDTTM | ORDER_INT_LINE_NO | ORDER_NO | PROCESS_INSTANCE | SCHED_LINE_NBR | SEQ_NUM,Finance & Contrôle,0.5,"['Finance & Contrôle', 'IT & Sécurité']",coin_flip_reject
1078529,SYSADM.PS_UPG_IN_UTIL_TAO,PS_UPG_IN_UTIL_TAO,BUSINESS_UNIT | METRIC_CD | REQUIRED_RULE | UTILIZ_GROUP,IT & Sécurité,0.5,"['Other', 'IT & Sécurité']",coin_flip_reject
1078595,SYSADM.PS_UPG_MG_AET,PS_UPG_MG_AET,AE_APPLID | AE_SECTION | BUSINESS_UNIT | CONVERSION_RATE | CONVERSION_TYPE | COST_ELEMENT | CUTOFF_DT | DEMAND_FENCE_OF | DESCR | DT_TIMESTAMP | EG | EOQ | EP | EP_RESOURCE_CODE | EXCESS_INVENTORY | INV_ITEM_ID | MPS_FLAG | OPRID | OP_SEQUENCE | ORDER_MULTIPLE | PLAN_FENCE_OFF | PLAN_HORIZON | PLANNED_LOSS | PROCESS_INSTANCE | PRODUCTION_ID | QTY_MAXIMUM | QTY_USED | RECNAME_0 | REF_ROUTING_ITEM | RESCH_IN_FACTOR | RESCH_OUT_FACTOR | REVALUE_FLAG | ROW_COUNT | RT_ACT_SUPPLY_FLG | RT_ACT_SUPPLY_SRT | RT_ACT_SUPPLY_TTL | RT_ATP_FLG | RT_ATP_SRT | RT_ATP_TTL | RT_CUM_ATP_FLG | RT_CUM_ATP_SRT | RT_CUM_ATP_TTL | RT_CUST_ORDERS_FLG | RT_CUST_ORDERS_SRT | RT_CUST_ORDERS_TTL | RT_DAYS_SUPPLY_FLG | RT_DAYS_SUPPLY_SRT | RT_DAYS_SUPPLY_TTL | RT_DEP_DMD_FLG | RT_DEP_DMD_SRT | RT_DEP_DMD_TTL | RT_EXCESS_INV_FLG | RT_EXCESS_INV_SRT | RT_EXCESS_INV_TTL | RT_FORECAST_FLG | RT_FORECAST_SRT | RT_FORECAST_TTL | RT_IU_ORDERS_FLG | RT_IU_ORDERS_SRT | RT_IU_ORDERS_TTL | RT_NET_FCST_FLG | RT_NET_FCST_SRT | RT_NET_FCST_TTL | RT_NEW_PLN_ORD_FLG | RT_NEW_PLN_ORD_SRT | RT_NEW_PLN_ORD_TTL | RT_PLN_OH_FLG | RT_PLN_OH_SRT | RT_PLN_OH_TTL | RT_PLN_PROD_FLG | RT_PLN_PROD_SRT | RT_PLN_PROD_TTL | RT_PLN_PURC_FLG | RT_PLN_PURC_SRT | RT_PLN_PURC_TTL | RT_PLN_XFER_FLG | RT_PLN_XFER_SRT | RT_PLN_XFER_TTL | RT_PROD_SUPPLY_FLG | RT_PROD_SUPPLY_SRT | RT_PROD_SUPPLY_TTL | RT_PROJ_INVTRN_FLG | RT_PROJ_INVTRN_TTL | RT_PROJ_OH_FLG | RT_PROJ_OH_SRT | RT_PROJ_OH_TTL | RT_PURC_SUPPLY_FLG | RT_PURC_SUPPLY_SRT | RT_PURC_SUPPLY_TTL | RT_SAFETY_STK_FLG | RT_SAFETY_STK_SRT | RT_SAFETY_STK_TTL | RT_TGT_INV_LVL_FLG | RT_TGT_INV_LVL_SRT | RT_TGT_INV_LVL_TTL | RT_TOT_DMD_FLG | RT_TOT_DMD_SRT | RT_TOT_DMD_TTL | RT_TOT_ORDERS_FLG | RT_TOT_ORDERS_SRT | RT_TOT_ORDERS_TTL | RT_TOT_SUPPLY_FLG | RT_TOT_SUPPLY_SRT | RT_TOT_SUPPLY_TTL | RT_XFER_SUPPLY_FLG | RT_XFER_SUPPLY_SRT | RT_XFER_SUPPLY_TTL | RUN_CNTL_ID | SAFETY_STOCK | SEQ_NBR | SOURCE_CODE | TRANS_DATE | TRANS_TIME | UPGRADE_TYPE | VARIANCE_SOURCE | VARIANCE_TYPE,Supply Chain / Logistique / Production,0.5,"['Supply Chain / Logistique / Production', 'Finance & Contrôle']",coin_flip_reject
1078640,SYSADM.PS_UPG_PC3_AET,PS_UPG_PC3_AET,BUSINESS_UNIT | COUNT_1 | CURRENCY_CD | DESCR | DESCRLONG | EFFDT | END_DT | NEW_END_DATE | NEW_START_DATE | PC_HOURS_PER_DAY | PREV_BUSINESS_UNIT | PREV_EFFDT | PREV_PROJ_MANAGER | PROCESS_INSTANCE | PROJECT_ID | PROJECT_MANAGER | PROJ_MGR_FLAG | PROJ_ROLE | RATE_PLAN | RATE_PLAN_COPY | RATE_PLAN_TYPE | ROLE_TYPE | SCHED_END_DT | SCHED_NUM | SCHED_ROW_COUNT | SCHED_START_DT | SCHEDULED_HRS | SECURITY_PROFILE | SEQ_NUM | SETID | START_DT | TEAM_MEMBER | TEAM_MEMBER_CLASS | TEAM_MEMBER_IND | TEAM_ROWS_COUNT | UOM_HOURS,RH,0.5,"['RH', 'IT & Sécurité']",coin_flip_reject
1078660,SYSADM.PS_UPG_PC_HDR_AET,PS_UPG_PC_HDR_AET,ACTIVITY_ID | ANALYSIS_TYPE | BUSINESS_UNIT | BUSINESS_UNIT_GL | CONTRACT_NUM | CRIT_SEQ | INTER_ORG_LEVEL | PRJ_BUS_UNIT_GL | PROCESS_INSTANCE | PROJECT_ID | PROJECT_TYPE | PROJ_TRANS_CODE | PROJ_TRANS_TYPE | RESOURCE_CATEGORY | RESOURCE_SUB_CAT | RESOURCE_TYPE | SEQ_NBR,Finance & Contrôle,0.5,"['Finance & Contrôle', 'IT & Sécurité']",coin_flip_reject
1078788,SYSADM.PS_UPG_SUB_TOP_TBL,PS_UPG_SUB_TOP_TBL,DESCR | SETID | UPG_CONVER_SUB_TOP,IT & Sécurité,0.5,"['IT & Sécurité', 'Other']",coin_flip_reject
1078827,SYSADM.PS_USBANKTYPE2,PS_USBANKTYPE2,SBTACCT | SBTACTS | SBTALIN1 | SBTALIN2 | SBTBCYCL | SBTCITY | SBTCORP | SBTCRATE | SBTDBORN | SBTEXPIR | SBTGRP1 | SBTGRP2 | SBTGRP3 | SBTHOLD | SBTLEVEL | SBTNLIN1 | SBTPYDD | SBTSOSEC | SBTSPOUS | SBTSTATE | SBTTYPE2 | SBTUACCT1 | SBTUACCT2 | SBTUACCT3 | SBTUCOD2 | SBTUCOD3 | SBTWPHON | SBTY2LL | SBTZIP | SNTPLEMP,Finance & Contrôle,0.5,"['Finance & Contrôle', 'Other']",coin_flip_reject
1078893,SYSADM.PS_USF_V_ADR_TAO,PS_USF_V_ADR_TAO,COUNTRY | CPARTY_FAX_NBR | CPARTY_PHONE_NBR | DELETE_FLG | DUNS_NUMBER | EMAIL_TO | PHONE_SUFFIX | PROCESS_INSTANCE | USF_ADDRESS1 | USF_ADDRESS2 | USF_ADDR_POC | USF_ADDR_TYPE | USF_CITY | USF_DODAAC | USF_DUNS_PLUS4 | USF_EXT_REF_NBR | USF_NAME1 | USF_PARENT_DUNS | USF_STATE | USF_ZIP | ZIP_CODE_EXT,Ventes & Clients,0.5,"['IT & Sécurité', 'Other']",coin_flip_reject
1079307,SYSADM.PS_VAT_ENT_IST_CTC,PS_VAT_ENT_IST_CTC,CONTACT_NAME | COUNTRY | COUNTRY_CODE | EXTENSION | FAX | PHONE | VAT_ENTITY,Finance & Contrôle,0.5,"['Other', 'Finance & Contrôle']",coin_flip_reject
1079683,SYSADM.PS_VCHR_BLD_CMDS,PS_VCHR_BLD_CMDS,BUSINESS_UNIT | BUSINESS_UNIT_PO | BUSINESS_UNIT_RECV | DISTRIB_LINE_NUM | MERCH_AMT_CNVT | PACKSLIP_NO | PO_ID | PROCESS_INSTANCE | QTY_VCHR_CNVT | RECEIPT_DT | RECEIVER_ID | RECV_LN_NBR,Achats & Fournisseurs,0.5,"['Achats & Fournisseurs', 'Finance & Contrôle']",coin_flip_reject
1080034,SYSADM.PS_VCHR_BLD_LTMP,PS_VCHR_BLD_LTMP,BUSINESS_UNIT | BUSINESS_UNIT_PO | BUSINESS_UNIT_RECV | LINE_NBR | PO_ID | PROCESS_INSTANCE | RECEIVER_ID | RECV_LN_NBR | RECV_SHIP_SEQ_NBR | SCHED_NBR | VCHR_BLD_PORCV_IND | VOUCHER_ID | VOUCHER_LINE_NUM,Achats & Fournisseurs,0.5,"['Achats & Fournisseurs', 'Finance & Contrôle']",coin_flip_reject
1080119,SYSADM.PS_VCHR_BLD_RECV,PS_VCHR_BLD_RECV,BLD_CLAUSE1 | BLD_CLAUSE2 | BLD_CLAUSE3 | BLD_CLAUSE4 | BLD_CLAUSE_LONG | BLD_CLAUSE_PB | FRM_CLAUSE1 | ITEM_OPT | LINE_NBR | PO_LINE_OPT | QTY_TOL_OPT | RECV_DOC_REF_OPT | RECV_LINE_OPT | RECV_QTY_OPT | SEQ_NUM | SETID | USER_BLD_CLAUSE | USER_BLD_OPT | USER_CLAUSE_PB | VCHR_BLD_CODE | VENDOR_FLG,Finance & Contrôle,0.5,"['Finance & Contrôle', 'Achats & Fournisseurs']",coin_flip_reject
1080449,SYSADM.PS_VCHR_MTCH_WS8,PS_VCHR_MTCH_WS8,BUSINESS_UNIT | BUSINESS_UNIT_PO | BUSINESS_UNIT_RECV | CURRENCY_CD | LINE_NBR | MERCH_AMT_RECV | MERCH_AMT_VCHR | PO_ID | QTY_ENTERED | QTY_SH_ACCPT_VUOM | QTY_VCHR | RECEIVER_ID | RECV_LN_NBR | RECV_SHIP_SEQ_NBR | SCHED_NBR | UNIT_OF_MEASURE | UNIT_PRICE | VOUCHER_ID | VOUCHER_LINE_NUM,Achats & Fournisseurs,0.5,"['Achats & Fournisseurs', 'Finance & Contrôle']",coin_flip_reject
1080501,SYSADM.PS_VCHR_SBI_DATA,PS_VCHR_SBI_DATA,BUSINESS_UNIT | SBI_NUM | VENDOR_ID | VENDOR_SETID | VNDR_LOC | VOUCHER_ID,Achats & Fournisseurs,0.5,"['Achats & Fournisseurs', 'Finance & Contrôle']",coin_flip_reject
1080506,SYSADM.PS_VCHR_SBIRPT_TBL,PS_VCHR_SBIRPT_TBL,DELETE_AFTER_PRINT | OPRID | PRINT_SBI | RUN_CNTL_ID | SBI_PROCESS_CYCLE | SYSTEM_MAINTAINED,Finance & Contrôle,0.5,"['Finance & Contrôle', 'IT & Sécurité']",coin_flip_reject
1080676,SYSADM.PS_VCHR_WTHD_UPDT,PS_VCHR_WTHD_UPDT,BUSINESS_UNIT | CURRENT_WTHD_SW | END_DATE | NEW_WTHD_CLASS | NEW_WTHD_SETID | NEW_WTHD_SW | PROCESS_INSTANCE | START_DATE | UPDATE_STATUS_FLG | VENDOR_ID | VENDOR_SETID | VNDR_LOC | WITHHOLD_UPDATE_ID | WTHD_ENTITY | WTHD_JUR_CD | WTHD_TYPE,Finance & Contrôle,0.5,"['Finance & Contrôle', 'Achats & Fournisseurs']",coin_flip_reject
1080771,SYSADM.PS_VDF_VCRTY_TAO,PS_VDF_VCRTY_TAO,ERROR_FIELDNAME | MESSAGE_NBR | MESSAGE_SET_NBR | PROCESS_INSTANCE | VAT_APPLICABILITY | VAT_DEFAULT_TYPE_R | VAT_TREATMENT,Finance & Contrôle,0.5,"['Finance & Contrôle', 'IT & Sécurité']",coin_flip_reject
1080796,SYSADM.PS_VED_BKACT_TAO,PS_VED_BKACT_TAO,BANK_ACCT_KEY | BANK_CD | BANK_SETID | LAST_PYMNT_ID_USED | PROCESSED_FLG | PROCESS_INSTANCE,Finance & Contrôle,0.5,"['Finance & Contrôle', 'IT & Sécurité']",coin_flip_reject
1080864,SYSADM.PS_VED_DUP_INV_LOG,PS_VED_DUP_INV_LOG,BUSINESS_UNIT | DUP_INV_BUS_UNIT | DUP_INV_DT | DUP_INV_GROSS_AMT | DUP_INV_NUM_FLG | DUP_INV_VENDOR_NUM | DUPLICATE_BUS_UNIT | DUPLICATE_VCHR_ID | PROCESS_INSTANCE | VOUCHER_ID,Achats & Fournisseurs,0.5,"['Achats & Fournisseurs', 'Finance & Contrôle']",coin_flip_reject
1081377,SYSADM.PS_VND_DFH_TAO,PS_VND_DFH_TAO,ADDRESS_SEQ_NUM | ADDR_SEQ_NUM_ORDR | ALLOW_DEBIT_MEMO | APPR_RULE_SET | BUSPROCNAME | CNTCT_SEQ_NUM | COUNTRY_LOC_SELLER | COUNTRY_SHIP_FROM | DBMEMO_ADDR_OPTION | DBMEMO_DISP_METHOD | DELAY_DAYS_FLG | DFT_SIGHT_CD | DM_ADDR_SEQ_NUM | DOC_TYPE | DOC_TYPE_FLG | DSCNT_DELAY_DAYS | DST_CNTRL_ID | DUP_INV_COMB_CODE | DUP_INVOICE_ACTION | DUP_INVOICE_IND | ERS_TAX_TYPE | HOL_PROC_DAYS | HOL_PROC_OPT | HOL_PROC_OVERFL | INTERUNIT_VNDR_FLG | LATE_CHRG_CD | LATE_CHRG_FLG | LATE_CHRG_OPT | MATCH_DELAY_DAYS | MATCH_DELAY_FLG | PAY_SCHEDULE_TYPE | PAY_TRM_BSE_DT_OPT | PHYSICAL_NATURE | PROCESS_INSTANCE | PYMNT_DELAY_DAYS | PYMNT_GROUP_CD | PYMNT_TERMS_CD | RECV_ONLY_MTCH_FLG | REMIT_ADDR_SEQ_NUM | RT_TYPE | SALETX_TOL_AMT | SALETX_TOL_CUR_CD | SALETX_TOL_FLG | SALETX_TOL_PCT | SALETX_TOL_RT_TYPE | SBI_DOC_OPT | SBI_FLG | SHIPTO_ID | STATE_LOC_SELLER | STATE_SHIP_FROM | SUT_BASE_ID | TXN_CURRENCY_CD | ULTIMATE_USE_CD | VAT_SVC_PERFRM_FLG | VAT_SW | VCHR_APPRVL_FLG | VENDOR_ID | VENDOR_SETID | VNDR_LOC | WTHD_SW,Finance & Contrôle,0.5,"['Finance & Contrôle', 'Achats & Fournisseurs']",coin_flip_reject
1081553,SYSADM.PS_VNDRWTHD_TEO1,PS_VNDRWTHD_TEO1,ADDRESS_SEQ_NUM | BIRTHDATE | BIRTHPLACE | BOND_PREMIUM | BOND_PREMIUM_TAXEX | CERTIFICATE_EXP_DT | CERTIFICATE_NUM | CERTIFICATE_TYPE | COMPANY_FLG | COUNTRY_PAID | DIRECT_SALES | EFFDT | EO_FROM_CURRENCY | EO_PROCESS_INST | FATCA_INDICATOR | FOREIGN_TAX_PAID | GBR_REG_NO | GBR_VENDOR_TYPE | GBR_VERIFY | GBR_VERIFY_DATE | GBR_VERIFY_NBR | MARKET_DISCOUNT | NUM_CHILDREN | PRIVATE_BOND_INT | PROFESSION | REPORT_BOND_PREM | SECOND_TIN | SETID | SEX | STATE_TAX_WH | TAX_DIST_REF | TAX_EXMPT_INTEREST | TIN | TIN_TYPE | TRADE_BUS_INC | VENDOR_ID | VNDR_LOC | WTHD_CONTROL_NAME | WTHD_ENTITY | WTHD_PAN_NUM | WTHD_PAN_WARD,Finance & Contrôle,0.5,"['Finance & Contrôle', 'Achats & Fournisseurs']",coin_flip_reject
1081565,SYSADM.PS_VOUCHER_TMP,PS_VOUCHER_TMP,BUSINESS_UNIT | BUSINESS_UNIT_PO | BUSINESS_UNIT_RECV | INV_ITEM_ID | INVOICE_DT | ITM_SETID | LINE_NBR | MATCH_LINE_STATUS | MERCHANDISE_AMT | PACKSLIP_NO | PO_ID | QTY_VCHR | RECEIVER_ID | RECV_LN_NBR | RECV_SHIP_SEQ_NBR | SCHED_NBR | TXN_CURRENCY_CD | UNIT_PRICE_VCHR | UOM_VCHR | VENDOR_ID | VENDOR_SETID | VOUCHER_ID | VOUCHER_LINE_NUM,Achats & Fournisseurs,0.5,"['Achats & Fournisseurs', 'Finance & Contrôle']",coin_flip_reject
1081697,SYSADM.PS_VRBT_CLAIM_ACT,PS_VRBT_CLAIM_ACT,CLAIM_ID | COMMENTS_LONG | DUE_DT | ENTERED_DT | OPRID_ENTERED_BY | OPRID_SIGNED_BY | SEQNUM | SETID | SIGNED_DT | SIGNED_OFF,RH,0.5,"['RH', 'Other']",coin_flip_reject
1081731,SYSADM.PS_VRBT_DISPATCH,PS_VRBT_DISPATCH,DATETIME_DISP | DISP_METHOD | ECQUEUEINSTANCE | ECTRANSID | EMAIL_SERVER_DIR | FAX_SERVER_DIR | FILENAME | OPRID | PATHNAME | PROCESS_INSTANCE | SETID | VENDOR_ID | VRBT_ID,IT & Sécurité,0.5,"['IT & Sécurité', 'Achats & Fournisseurs']",coin_flip_reject
1081825,SYSADM.PS_VRBT_LINE,PS_VRBT_LINE,CATEGORY_ID | DESCR254_MIXED | INV_ITEM_ID | ITM_SETID | SETID | STATUS | VRBT_ID | VRBT_LINE_NBR | VRBT_LINE_TYPE,Supply Chain / Logistique / Production,0.5,"['Achats & Fournisseurs', 'Supply Chain / Logistique / Production']",coin_flip_reject
1081960,SYSADM.PS_VTRT_SA_TAO,PS_VTRT_SA_TAO,COUNTRY_LOC_BUYER | COUNTRY_SHIP_FROM | COUNTRY_SHIP_TO | COUNTRY_VAT_BILLFR | COUNTRY_VAT_BILLTO | COUNTRY_VAT_SUPPLY | DROP_SHIP_FLAG | ERROR_FIELDNAME | MESSAGE_NBR | MESSAGE_SET_NBR | PHYSICAL_NATURE | PROCESS_INSTANCE | VAT_RVRSE_CHG_GDS | VAT_SERVICE_TYPE | VAT_SUBJ_RVRSE_CHG | VAT_TREATMENT,Finance & Contrôle,0.5,"['Finance & Contrôle', 'IT & Sécurité']",coin_flip_reject
1082009,SYSADM.PS_VUN_VCH_TAO,PS_VUN_VCH_TAO,BUSINESS_UNIT | BUSINESS_UNIT_GL | ERROR_FLAG | PROCESS_INSTANCE | UNPOST_SEQ | VOUCHER_ID,Finance & Contrôle,0.5,"['Finance & Contrôle', 'IT & Sécurité']",coin_flip_reject
1082147,SYSADM.PS_WM_CINQ_WO_ST,PS_WM_CINQ_WO_ST,SEARCH_ID | SETID | STATUS_CD,IT & Sécurité,0.5,"['IT & Sécurité', 'Other']",coin_flip_reject
1082204,SYSADM.PS_WM_CREWSCHD_REQ,PS_WM_CREWSCHD_REQ,BUSINESS_UNIT | CREW_ID | INCLUDE_DETAIL | LANGUAGE_CD | OPRID | PERIOD_FROM_DT | PERIOD_TO_DT | RUN_CNTL_ID | SHOP_ID,Other,0.5,"['Other', 'Achats & Fournisseurs']",coin_flip_reject
1082226,SYSADM.PS_WM_FAIL_SEVRTY,PS_WM_FAIL_SEVRTY,DESCR | DESCRSHORT | SETID | SEVERITY_CD,IT & Sécurité,0.5,"['IT & Sécurité', 'Other']",coin_flip_reject
1082240,SYSADM.PS_WM_INSP_CLC_DTL,PS_WM_INSP_CLC_DTL,CALCLT_PARM_CODE | INSP_BINARY_OPER | INSP_CONSTANT_TEXT | INSPECTION_CODE | INSP_FN_AGGREG_OPT | INSP_FN_ROWCNT_NBR | INSP_FN_ROWCNT_OPT | INSP_FUNCTION_OPT | INSP_LOGICAL_OPER | INSP_LPAREN_OPT | INSP_OPERAND_TYPE | INSP_RPAREN_OPT | SEQ_NBR_5 | SETID,IT & Sécurité,0.5,"['IT & Sécurité', 'Other']",coin_flip_reject
1082390,SYSADM.PS_WM_PCR_GROUP_LG,PS_WM_PCR_GROUP_LG,DESCR50 | LANGUAGE_CD | PROBLEM_GROUP | SETID,IT & Sécurité,0.5,"['IT & Sécurité', 'Other']",coin_flip_reject
1082501,SYSADM.PS_WM_PMINAA_TAO,PS_WM_PMINAA_TAO,BUSINESS_UNIT | EFFDT | EMPLID | INSP_ACTIVITY_NBR | INSPECTION_ID | PROCESS_INSTANCE | SETID | STATUS_DTTM | WO_ID | WO_INSPECT_STATUS | WO_INSPL_TMPLT_ID | WO_TASK_ID,RH,0.5,"['IT & Sécurité', 'RH']",coin_flip_reject
1082771,SYSADM.PS_WM_PM_PJC_MTR,PS_WM_PM_PJC_MTR,ASSET_ID | ASSET_ID_TO | BUSINESS_UNIT | BUSINESS_UNIT_AM | BUS_UNIT_AM | CURRENT_RDG | FIRST_RDG | FIRST_RDG_DT | INTERVAL_MTR | LAST_RDG | LAST_RDG_DT | MAINT_TYPE | METER_OPTION | METER_TYPE | NEXT_DUE_DT | NEXT_RDG | PERCENT_DUE | PJC_AVG_RDG | PJC_BASIS_DT | PJC_DAYS | PJC_ID | PM_SCHD_ID | PROCESS_INSTANCE | PROJECTED_FROM | PROJ_MTR_USAGE | SAMPLING_METHOD | SAMPLING_SIZE | SETID_MTR,Finance & Contrôle,0.5,"['Other', 'IT & Sécurité']",coin_flip_reject
1082777,SYSADM.PS_WM_PMPRCS_TAO,PS_WM_PMPRCS_TAO,ASSET_ID | BUSINESS_UNIT | BUSINESS_UNIT_AM | BUSINESS_UNIT_GL | BUSINESS_UNIT_IN | CATEGORY_ID | CURRENCY_CD | DESCR254_MIXED | DISTRIB_MTHD_FLG | DUE_DT | EST_COST_MATPO | EST_UNIT_COST | INV_ITEM_ID | ITM_SETID | LOCATION | LOOP_FLAG | MAINT_LOOP_ID | MAINT_TYPE | MAX_DISTRIB_LINE | NEXT_DUE_DT | ON_HAND_STOCK | PM_SCHD_ID | PROCESS_INSTANCE | QTY_REQUIRED | QTY_REQUIRED_BASE | REQUESTOR_ID | RES_LN_NBR | RQMT_LN_NBR | RSRC_TYPE | SCHED_COST_PO | SETID | SHIPTO_ID | SUPPLIER_REFERENCE | UNIT_MEASURE_STD | UNIT_OF_MEASURE | UNIT_PRICE | VENDOR_ID | VENDOR_SETID | VNDR_LOC | WO_APPRVL_FLG | WO_DELIVERY_FLAG | WO_DELIVERY_INST | WO_ID | WO_PO_STATUS | WO_REQ_STATUS | WO_TASK_ID | WO_TEMPLATE_ID,Finance & Contrôle,0.5,"['Finance & Contrôle', 'Achats & Fournisseurs']",coin_flip_reject
1082892,SYSADM.PS_WM_PMTLSS_TAO,PS_WM_PMTLSS_TAO,ASSET_ID | ASSET_ID_TO | ASSET_SUBTYPE | ASSET_TYPE | ASSIGNMENT_ID | BUSINESS_UNIT | BUSINESS_UNIT_AM | BUS_UNIT_AM | CURRENCY_CD | LAST_DIST_LINE_NUM | LOOP_FLAG | MAINT_LOOP_ID | MAINT_TYPE | MANUFACTURER | MFG_ID | MODEL | PC_DISTRIB_STATUS | PM_SCHD_ID | PROCESS_INSTANCE | PROCURE_STATUS | REQ_DURATION | REQ_END_DT | REQ_START_DT | RES_LN_NBR | RQMT_LN_NBR | SCHED_COST_TLS | SCHED_DURATION | SCHED_END_TIME | SCHED_START_TIME | SCHED_USAGE | SEQ_NBR_5 | SERIAL_ID | SETID | TAG_NUMBER | TOOL_BILL_RATE | TOOL_COST_RATE | TOOL_UOM | WO_APPRVL_FLG | WO_ID | WO_TASK_ID | WO_TEMPLATE_ID,Finance & Contrôle,0.5,"['Finance & Contrôle', 'IT & Sécurité']",coin_flip_reject
1082939,SYSADM.PS_WM_REQ_TLS,PS_WM_REQ_TLS,ASSET_SUBTYPE | ASSET_TYPE | BUSINESS_UNIT | MFG_ID | MODEL | RES_LN_NBR | RQMT_LN_NBR | SCHED_DURATION | SCHED_END_DT | SCHED_END_TIME | SCHED_START_DT | SCHED_START_TIME | WO_ID | WO_TASK_ID,Supply Chain / Logistique / Production,0.5,"['Achats & Fournisseurs', 'Supply Chain / Logistique / Production']",coin_flip_reject
1083057,SYSADM.PS_WM_UNSCHED_REQ,PS_WM_UNSCHED_REQ,BUSINESS_UNIT | CREW_FLG | CREW_ID | LANGUAGE_CD | OPRID | PERIOD_START_DT | PROCESS_INSTANCE | REQ_END_DT | REQ_START_DT | RUN_CNTL_ID | SHOP_ID,IT & Sécurité,0.5,"['IT & Sécurité', 'Achats & Fournisseurs']",coin_flip_reject
1083066,SYSADM.PS_WM_WO_ALERT_STS,PS_WM_WO_ALERT_STS,SETID | STATUS_CD | WO_ALERT_TYPE,IT & Sécurité,0.5,"['IT & Sécurité', 'Other']",coin_flip_reject
1083136,SYSADM.PS_WM_WO_INSPC_ACT,PS_WM_WO_INSPC_ACT,BUSINESS_UNIT | CRAFT_ID | DEPEND_ACTV_NBR | DESCR50 | EMPLID | INSP_ACTIVITY_NBR | INSP_ACTIVITY_TYPE | INSP_ACTV_SRC_CODE | INSPECT_END_DTTM | INSPECTION_ID | INSPECT_START_DTTM | STATUS_DTTM | WO_DURATION | WO_DURATION2 | WO_ID | WO_INSPECT_STATUS | WO_TASK_ID,Supply Chain / Logistique / Production,0.5,"['Other', 'Supply Chain / Logistique / Production']",coin_flip_reject
1083170,SYSADM.PS_WM_WO_PO_HASH,PS_WM_WO_PO_HASH,BUSINESS_UNIT | HASH_KEY | RES_LN_NBR | RSRC_TYPE | WO_ID | WO_TASK_ID,Supply Chain / Logistique / Production,0.5,"['Achats & Fournisseurs', 'Supply Chain / Logistique / Production']",coin_flip_reject
1083196,SYSADM.PS_WM_WO_TTMPL_INP,PS_WM_WO_TTMPL_INP,EFFDT | SEQ_NBR_5 | SETID | WO_INSPL_TMPLT_ID | WO_TEMPLATE_ID,Supply Chain / Logistique / Production,0.5,"['Other', 'Supply Chain / Logistique / Production']",coin_flip_reject
1083197,SYSADM.PS_WM_WO_TTMPL_INS,PS_WM_WO_TTMPL_INS,DESCRLONG | EFFDT | LAST_UPDATED_BY | LAST_UPDATE_DTTM | SEQ_NBR_5 | SETID | STEP | WO_TEMPLATE_ID,Supply Chain / Logistique / Production,0.5,"['Other', 'Supply Chain / Logistique / Production']",coin_flip_reject
1083201,SYSADM.PS_WM_WO_TTMPL_LLC,PS_WM_WO_TTMPL_LLC,ACCOMPLISHMENT | COUNTRY | EFFDT | RQMT_LN_NBR | SETID | STATE | WEIGHT_POINTS | WO_TEMPLATE_ID,Supply Chain / Logistique / Production,0.5,"['Other', 'Supply Chain / Logistique / Production']",coin_flip_reject
1083302,SYSADM.PS_WTHD_AUTO_NUM,PS_WTHD_AUTO_NUM,BUSINESS_UNIT | EFFDT | WTHD_ENTITY | WTHD_LAST_NBR | WTHD_PRE_FIX_1 | WTHD_PRE_FIX_2 | WTHD_STRT_FROM_NBR,Finance & Contrôle,0.5,"['Other', 'Finance & Contrôle']",coin_flip_reject
1083319,SYSADM.PS_WTHD_CALC5_TAO,PS_WTHD_CALC5_TAO,ACCOUNTING_DT | ADDTL_WTHD_PCT | APPL_ADDR_SEQ_NUM | APPL_ON_FIRST_PAY | APPL_VENDOR_ID | APPL_VENDOR_SETID | APPL_VNDR_LOC | APPLY_BALANCE | BANK_ACCT_KEY | BANK_ACCT_KEY_RPLD | BANK_ACCT_SEQ_NBR | BANK_CD | BANK_CD_RPLD | BANK_SETID | BANK_SETID_RPLD | BASE_CURRENCY | BASE_MIN | BSE_RATE_DIV | BSE_RATE_MULT | BU_BANK_ACCT_KEY | BU_BANK_CD | BU_CATEGORY | BU_JUR_EFFDT | BU_PYMNT_HNDG_CD | BU_PYMNT_METHOD | BU_REGIST_ID | BUSINESS_UNIT | BUSINESS_UNIT_GL | CALENDAR_ID | CALENDAR_SETID | COLLECT_AGENT_FLG | CONDITION_PCT | CONDITION_UNTIL | CREATE_PAY_FLG | CURRENCY_CD | CURRENCY_PYMNT | CUR_RT_TYPE | DECIMAL_POS_BSE | DECIMAL_POS_ENT | DECIMAL_POS_TXN | DSCNT_ALWAYS_FLG | DSCNT_DUE_DT | DUE_DT | EFT_PYMNT_FMT_CD | ENT_ADDR_SEQ_NUM | ENTITY_HDR_EFFDT | ENT_RATE_DIV | ENT_RATE_MULT | ENT_VENDOR_ID | ENT_VENDOR_SETID | ENT_VNDR_LOC | EXCISE_APPL_FLG | FREIGHT_APPL_FLG | GROSS_AMT | GROSS_AMT_BSE | GRP_PYMNT_DT | HOLD_PAY_FLG | HOLD_PAY_IND | HOL_PROC_DAYS | HOL_PROC_OPT | HOL_PROC_OVERFL | INVOICE_DT | LEDGER | LEDGER_GROUP | LOC_BANK_ACCT_KEY | LOC_BANK_CD | LOC_BANK_SETID | MISC_CHG_APPL_FLG | NETAMT_APPL_FLG | ORIG_PROC_INSTANCE | OVERRIDE_FLAG | PAID_RATE_DIV | PAID_RATE_MULT | PAY_BANK_ACCT_KEY | PAY_BANK_CD | PAY_CURRENCY_PYMNT | PAY_CUR_RT_TYPE | PAY_CYCLE | PAY_CYCLE_SEQ_NUM | PAY_PYMNT_HNDG_CD | PAY_PYMNT_METHOD | PAY_PYMNT_SEPARATE | PAY_SETID | PAY_VENDOR_ID | PAY_VNDR_LOC | PP_GROSS_AMT | PREPAID_STATUS | PROCESS_INSTANCE | PYMNT_ACTION | PYMNT_CNT | PYMNT_GROSS_AMT | PYMNT_GROUP_CD | PYMNT_HANDLING_CD | PYMNT_HOLD | PYMNT_HOLD_REASON | PYMNT_METHOD | PYMNT_SELCT_STATUS | PYMNT_SEPARATE | PYMNT_TERMS_CD | REMIT_ADDR_SEQ_NUM | REMIT_BANK_CD | REMIT_BANK_SETID | REMIT_BNK_ACCT_KEY | REMIT_SETID | REMIT_VENDOR | REMIT_WTHD_TO_FLG | RT_TYPE | SCHEDULED_PAY_DT | SETID | TXN_CURRENCY_CD | VAT_RECALC_FLG | VCHR_ADDR_SEQ_NUM | VCHR_VNDR_LOC | VENDOR_CATEGORY | VENDOR_ID | VENDOR_SETID | VJUR_HOLD_PAY_FLG | VJUR_REM_ADDR_SEQ | VJUR_REM_VENDOR_ID | VJUR_REM_VNDR_LOC | VNDR_JUR_EFFDT | VNDR_LOC | VNDR_REGIST_ID | VOUCHER_ID | VOUCHER_LINE_NUM | WHTD_DSCNT_APPL | WTHD_ADDTL_GROSS | WTHD_APPL_FLG | WTHD_BASIS_AMT | WTHD_CLASS | WTHD_CONT_REF | WTHD_CUMUL_FLG | WTHD_ENTITY | WTHD_FLG | WTHD_JUR_CD | WTHD_MIN | WTHD_PAN_NUM | WTHD_ROUND_OPT | WTHD_RULE | WTHD_RULE_TMP | WTHD_RULE_TMP2 | WTHD_SUT_APPL | WTHD_SW | WTHD_TYPE | WTHD_VAT_FLG,Finance & Contrôle,0.5,"['Finance & Contrôle', 'RH']",coin_flip_reject
1083327,SYSADM.PS_WTHD_CATEGORY,PS_WTHD_CATEGORY,ADDTL_WTHD_PCT | APPL_ON_FIRST_PAY | BASE_MIN | BU_CATEGORY | CALENDAR_ID | CALENDAR_SETID | CREATE_PAY_FLG | EFFDT | HOLD_PAY_FLG | PYMNT_TERMS_CD | PYMNT_TRMS_SETID | VENDOR_CATEGORY | WTHD_CLASS | WTHD_CUMUL_FLG | WTHD_ENTITY | WTHD_JUR_CD | WTHD_MIN | WTHD_RULE | WTHD_TYPE,Finance & Contrôle,0.5,"['Finance & Contrôle', 'RH']",coin_flip_reject
1083337,SYSADM.PS_WTHDCLASS_LANG,PS_WTHDCLASS_LANG,DESCR | LANGUAGE_CD | WTHD_CLASS | WTHD_CONT_APPL | WTHD_TYPE,Finance & Contrôle,0.5,"['Finance & Contrôle', 'RH']",coin_flip_reject
1083357,SYSADM.PS_WTHD_ENTITY_HDR,PS_WTHD_ENTITY_HDR,CURRENCY_CD | CUR_RT_TYPE | EFFDT | EFF_STATUS | WTHD_APPL_FLG | WTHD_ENTITY | WTHD_FILE_LAYOUT | WTHD_ROUND_OPT,RH,0.5,"['RH', 'Finance & Contrôle']",coin_flip_reject
1083457,SYSADM.PS_WTP2_RUN_CNTL,PS_WTP2_RUN_CNTL,FRM_PYMNT_DT | LANGUAGE_CD | OPRID | RUN_CNTL_ID | TO_PYMNT_DT | WTHD_ENTITY | WTHD_RPT_ID,Finance & Contrôle,0.5,"['Finance & Contrôle', 'IT & Sécurité']",coin_flip_reject
1084125,ACV_NODE_TEMPL,PS_ACV_NODE_TEMPL,ACTIVE_FLG | ACV_NDTPL_ID | ACV_NDTPL_LEVEL | ACV_NDTPL_LVL_VAL | ACV_SHOW_DETAIL | AR_DESCR | SYS_DEFINED_FLAG,IT & Sécurité,0.5,"['Other', 'IT & Sécurité']",coin_flip_reject
1084178,ADJ_REASON_OPT,PS_ADJ_REASON_OPT,ADJUSTMENT_REASON | EFFDT | EFF_STATUS | ENTRY_REASON | ENTRY_TYPE | ENTRY_USE_ID | SETID,RH,0.5,"['Other', 'RH']",coin_flip_reject
1084217,ADV_NOTICE_REQ,PS_ADV_NOTICE_REQ,AS_OF_DATE | BUSINESS_UNIT | DTTM_STAMP_SEC | NOTIFY_DAYS | OPRID | PROCESS_FREQUENCY | PROCESS_INSTANCE | PROCESS_ORIG | PROCESS_STATUS | REQUEST_NBR | RUN_CNTL_ID,Achats & Fournisseurs,0.5,"['Achats & Fournisseurs', 'IT & Sécurité']",coin_flip_reject
1084234,AE_AMDPEXPD_AET,PS_AE_AMDPEXPD_AET,ACCEL_DEPR | ACCEL_DEPR_CUR | ACCEL_DEPR_TOT | ACCOUNTING_PERIOD | ACCOUNTING_PERIOD2 | ACTIVITY_ID | ACTIVITY_SW | AFFILIATE | AFFILIATE_INTRA1 | AFFILIATE_INTRA2 | ANALYSIS_TYPE | ARCHIVE_ID | ASSET_ID | BOOK | BOOK_RUN_OPT | BUDGET_REF | BUSINESS_UNIT | BUSINESS_UNIT_PC | BUS_UNIT_RUN_OPT | CALENDAR_ID | CATEGORY | CF_SEQNO | CHARTFIELD1 | CHARTFIELD2 | CHARTFIELD3 | CLASS_FLD | COST_TYPE | CURRENCY_CD | CURRENCY_CD1 | DEPR | DEPR_CUR | DEPR_TOTAL | DEPTID | DTTM_STAMP | END_PD | FISCAL_YEAR | FROM_ASSET_ID | FUND_CODE | GRP_ASSET_RUN_OPT | INCREASE_DEPR | INCREASE_DEPR_CUR | INCREASE_DEPR_TOT | INITIAL_DEPR | INITIAL_DEPR_CUR | INITIAL_DEPR_TOT | MANUAL_DEPR_TYPE | OPERATING_UNIT | OPRID | PD_ACCEL_DEPR | PD_ALLOC | PD_INCREASE_DEPR | PD_INITIAL_DEPR | PD_SPEC_DEPR | PD_STANDARD_DEPR | PERIOD_DEPR | PROCESS_INSTANCE | PRODUCT | PROGRAM_CODE | PROJECT_ID | REQUEST_ID | RESOURCE_CATEGORY | RESOURCE_SUB_CAT | RESOURCE_TYPE | RUN_CNTL_ID | SETID | SPEC_DEPR | SPEC_DEPR_CUR | SPEC_DEPR_TOT | SPECIAL_DEPR_SW | STANDARD_DEPR | STANDARD_DEPR_CUR | STANDARD_DEPR_TOT | START_PD | TO_ASSET_ID | TOTAL_ALLOC | TRANS_DT | TYPE_DEPR | UPDATE_SW | WHERE_CLAUSE,Finance & Contrôle,0.5,"['Finance & Contrôle', 'IT & Sécurité']",coin_flip_reject
1084246,AE_AM_UPG_AET,PS_AE_AM_UPG_AET,ACCOUNT | ACCOUNT_TO | AFFILIATE | AFFILIATE_INTRA1 | AFFILIATE_INTRA2 | ALTACCT | ALTACCT_TO | ASSET_ID | ASSET_ID_BOOK | ASSET_ID_PREV | BASIS_ID | BASIS_ID1 | BOOK | BUDGET_REF | BUSINESS_UNIT | CALENDAR_ID | CATEGORY | CF_SEQNO | CF_SEQNO_LAST | CHARTFIELD | CHARTFIELD1 | CHARTFIELD2 | CHARTFIELD3 | CHARTFIELD_VALUE | CHILD_TK_PARENT_SW | CLASS_FLD | COST_TYPE | COUNTER1 | DEPTID | DEPTID_TO | DTTM_STAMP | EFFDT | EFFDT_OLD | FIELDNAME | FIELDNAME1 | FIELD_NUM | FLAG | FLAG1 | FUND_CODE | LENGTH | LINE_NBR | LINE_NBR_WRK | OPERATING_UNIT | PROCESS_INSTANCE | PRODUCT | PROFILE_ID | PROGRAM_CODE | PROJECT_ID | PROJECT_ID_TO | REQUEST_ID | RETIRE_CONVENTION | RETIREMENT_PCT | RUN_CNTL_ID | SELECT_CLAUSE | SELECT_CLAUSE2 | SETID | SETID1 | SUM_BY_SW | UPDATE_ACTION | UPDATE_SW | UPG_RELEASE | WHERE_CLAUSE | WHERE_CLAUSE_LONG,Finance & Contrôle,0.5,"['IT & Sécurité', 'Finance & Contrôle']",coin_flip_reject
1084367,AGC_CAT_CTX,PS_AGC_CAT_CTX,AGC_CATEGORY_ID | AGC_CTX_DSPL_ORDER | AGC_CTXDTA_FLD_ID | AGC_CTXDTA_ID | AGC_CTX_EDIT_TYPE | AGC_CTX_KEY | AGC_CTX_PROMPT | AGC_CTX_PROMPTDESC | AGC_CTX_VALUE | DATA_TYPE_CD | DESCR100 | EFFDT | FIELDNAME | RECNAME,IT & Sécurité,0.5,"['Other', 'IT & Sécurité']",coin_flip_reject
1084382,AGC_CAT_NOT_LNG,PS_AGC_CAT_NOT_LNG,AGC_CATEGORY_ID | AGC_CAT_NOTIF_ID | AGC_EMAIL_SUBJECT | AGC_EMAIL_TEXTLONG | AGC_MESSAGE_TEXT | DESCR50 | LANGUAGE_CD,IT & Sécurité,0.5,"['Other', 'IT & Sécurité']",coin_flip_reject
1084539,AGENCY_TBL,PS_AGENCY_TBL,ADDRESS1 | AGENCY_ID | AGENCY_NAME | AGENCY_TYPE | COMMENTS | CONTACT_NAME | EFFDT | EFF_STATUS | FAX | PHONE_NUM | SETID,Achats & Fournisseurs,0.5,"['Achats & Fournisseurs', 'Other']",coin_flip_reject
1084673,ALLOC_OFFV_TBL,PS_ALLOC_OFFV_TBL,CHARGE_FIELD | EFFDT | FIELDNAME | FIELD_SOURCE | FIELD_VALUE | PROCESS_STEP | SETID | VERSION_NUM,IT & Sécurité,0.5,"['IT & Sécurité', 'Finance & Contrôle']",coin_flip_reject
1084803,ALT_XREF_P,PS_ALT_XREF_P,ALTACCT | ALTACCT_SETID | SETID,Finance & Contrôle,0.5,"['Finance & Contrôle', 'Other']",coin_flip_reject
1084821,AM_AEDISTRQ_AET,PS_AM_AEDISTRQ_AET,ASSET_ID_FROM | ASSET_ID_TO | BASE_CURRENCY | BOOK | BUSINESS_UNIT | COST_SUM_SW | DTTM_STAMP_SEC | MULTI_SEL_OPTN | OPEN_TRANS_FLAG | OPEN_TRANS_ID | OPRID | PARALLEL_SW | PROCESS_FREQUENCY | PROCESSING_SEQ | PROCESS_INSTANCE | PROCESS_ORIG | PROCESS_STATUS | RATE_DIV | RATE_EFFDT | RATE_MULT | REQUEST_ID | RT_TYPE | RUN_CNTL_ID | TO_OPEN_TRANS_ID,Finance & Contrôle,0.5,"['Finance & Contrôle', 'IT & Sécurité']",coin_flip_reject
1084836,AM_AMDCALLC_AET,PS_AM_AMDCALLC_AET,CALENDAR_ID | CUR_FISCAL_YEAR | CURRENCY_CD | EFFDT | PROCESS_INSTANCE | ROUND_FACTOR | ROUND_PRECISION | ROUND_RULE_AM | ROUND_TYPE | SETID_CAL_DETP | TRUNCATE_FLAG,Finance & Contrôle,0.5,"['Finance & Contrôle', 'IT & Sécurité']",coin_flip_reject
1084958,AM_CGU_HDR,PS_AM_CGU_HDR,BUSINESS_UNIT | CGU_ID | DESCR | GRP_HOW_SPE | IMPAIR_ALL_ASSETS,Finance & Contrôle,0.5,"['Finance & Contrôle', 'Other']",coin_flip_reject
1085008,AM_COST_DFT_AET,PS_AM_COST_DFT_AET,BOOK | BOOK2 | BUSINESS_UNIT | CATEGORY | FROM_ASSET_ID | FROM_DATE | OPRID | PROCESS_FREQUENCY | PROCESS_INSTANCE | REQUEST_ID | RUN_CNTL_ID | TEMP_FLD | THRU_DATE | TO_ASSET_ID,Finance & Contrôle,0.5,"['Finance & Contrôle', 'IT & Sécurité']",coin_flip_reject
1085022,AM_CR01_TAO,PS_AM_CR01_TAO,ACCOUNTING_DT | ASSET_ID | BOOK | BUSINESS_UNIT | PROCESS_INSTANCE | TRANS_DT | TRANS_TYPE,Finance & Contrôle,0.5,"['Finance & Contrôle', 'IT & Sécurité']",coin_flip_reject
1085110,AM_EPL_PARTS_LG,PS_AM_EPL_PARTS_LG,DESCR254_MIXED | EPL_TMPL_ID | LANGUAGE_CD | SEQNBR | SETID,Supply Chain / Logistique / Production,0.5,"['Other', 'Supply Chain / Logistique / Production']",coin_flip_reject
1085199,AMIF_CST_TMP,PS_AMIF_CST_TMP,ACTIVITY_SW | ASSET_ID | BOOK | BUSINESS_UNIT | DTTM_STAMP | PROCESS_INSTANCE | RETIRE_SW | TRANS_DT,IT & Sécurité,0.5,"['IT & Sécurité', 'Other']",coin_flip_reject
1085201,AMIF_CUSTOD_AET,PS_AMIF_CUSTOD_AET,AFFILIATE | AFFILIATE_INTRA1 | AFFILIATE_INTRA2 | ASSET_ID | AUTHORIZATION_DT | AUTHORIZATION_NAME | AUTH_STATUS | BUDGET_REF | BUSINESS_UNIT | CHARTFIELD1 | CHARTFIELD2 | CHARTFIELD3 | CLASS_FLD | CUSTODIAN | DEPTID | DTTM_STAMP | EFFDT | EFFSEQ | EMPLID | FUND_CODE | OFFSITE_SW | OPERATING_UNIT | PROCESS_INSTANCE | PRODUCT | PROGRAM_CODE | PROJECT_ID,Finance & Contrôle,0.5,"['Finance & Contrôle', 'RH']",coin_flip_reject
1085207,AMIF_GRP_TMP,PS_AMIF_GRP_TMP,ACCOUNTING_DT | BOOK | BUSINESS_UNIT | DTTM_STAMP | GROUP_ASSET_ID | PROCESS_INSTANCE | TRANS_DT,Finance & Contrôle,0.5,"['Finance & Contrôle', 'IT & Sécurité']",coin_flip_reject
1085297,AM_LEASE_SUM_LG,PS_AM_LEASE_SUM_LG,DESCR | LANGUAGE_CD | LEASE_ID | LESSOR,Finance & Contrôle,0.5,"['Finance & Contrôle', 'Other']",coin_flip_reject
1085503,AMPS1000_T3_TOA,PS_AMPS1000_T3_TOA,ACTIVITY_SW | AFFILIATE | AFFILIATE_INTRA1 | AFFILIATE_INTRA2 | ASSET_ID | BUDGET_REF | BUSINESS_UNIT_AM | BUSINESS_UNIT_AP | BUSINESS_UNIT_PO | BUSINESS_UNIT_RECV | CATEGORY | CHARTFIELD1 | CHARTFIELD2 | CHARTFIELD3 | CLASS_FLD | COST | COST_TYPE | CURRENCY_CD | DEPTID | DISTRIB_LINE_NUM | DISTRIB_SEQ_NUM | DTTM_STAMP | FUND_CODE | NUM_RECORDS | OPERATING_UNIT | PO_DIST_LINE_NUM | PO_ID | PO_LINE_NBR | PRE_INTFC_ID | PRE_INTFC_LINE_NUM | PROCESS_INSTANCE | PRODUCT | PROGRAM_CODE | PROJECT_ID | QUANTITY | RECEIVER_ID | RECV_DIST_LINE_NUM | RECV_LN_NBR | RECV_SHIP_SEQ_NBR | REQUEST_ID | RETIRE_SW | SCHED_NBR | VOUCHER_ID | VOUCHER_LINE_NUM,Achats & Fournisseurs,0.5,"['Achats & Fournisseurs', 'Finance & Contrôle']",coin_flip_reject
1085565,AMRETFDA01_AET,PS_AMRETFDA01_AET,ASSET_ID | BOOK | BUSINESS_UNIT | CLUSTERED_ASSET | CONVENTION | END_DEPR_DT | END_DEPR_FY | END_DEPR_PD | INTFC_ID | INTFC_LINE_NUM | LOW_VALUE_SW | PROCESS_INSTANCE | REQUEST_ID | RETIRE_CONVENTION | WHERE_CLAUSE1 | WHERE_CLAUSE2,Finance & Contrôle,0.5,"['Finance & Contrôle', 'IT & Sécurité']",coin_flip_reject
1085667,AMSEC101_RQST2,PS_AMSEC101_RQST2,BOOK | BUSINESS_UNIT | DEPR_BONUS_PCT | DEPR_BONUS_SW1 | OPRID | PROFILE_ID | REQUEST_ID | RUN_CNTL_ID | SETID,Finance & Contrôle,0.5,"['Finance & Contrôle', 'IT & Sécurité']",coin_flip_reject
1085668,AM_SECD_BK_AET,PS_AM_SECD_BK_AET,ASSET_ID | BOOK | CURRENCY_CD | PRIMARY_LEDGER | PROCESS_INSTANCE | RT_TYPE | TRANSL_LEDGER,Finance & Contrôle,0.5,"['Finance & Contrôle', 'IT & Sécurité']",coin_flip_reject
1085749,AM_TYPE_WHERE,PS_AM_TYPE_WHERE,MC_SEQ | MC_STMNT_SEQ | MC_TYPE_ID | MC_WHERE_STMNT | SEQUENCE_NBR_6,IT & Sécurité,0.5,"['IT & Sécurité', 'Other']",coin_flip_reject
1085829,ANALYSGRP_TEO2,PS_ANALYSGRP_TEO2,ANALYSIS_GRP_CD | CURRENCY_CD | CUST_ID | CUSTOMER_GROUP | EFFDT | EFF_STATUS | EO_FROM_CURRENCY | EO_PROCESS_INST | PRODUCT_GROUP | PRODUCT_ID | REGION_CD | SETID,IT & Sécurité,0.5,"['IT & Sécurité', 'Other']",coin_flip_reject
1085852,AP_1099_K_TMP,PS_AP_1099_K_TMP,COUNTRY | PROCESS_INSTANCE | SEND_STATUS | STATE | TIN | VENDOR_ID | VENDOR_SETID,Finance & Contrôle,0.5,"['Finance & Contrôle', 'Achats & Fournisseurs']",coin_flip_reject
1085892,AP_APX1100_AET,PS_AP_APX1100_AET,AS_OF_DATE | LANGUAGE_CD | OPRID | PROCESS_INSTANCE | REPORT_DEFN_ID | RUN_CNTL_ID | TMPLDEFN_ID,Finance & Contrôle,0.5,"['Finance & Contrôle', 'IT & Sécurité']",coin_flip_reject
1085897,AP_APX2052_AET,PS_AP_APX2052_AET,AS_OF_DATE | LANGUAGE_CD | OPRID | PROCESS_INSTANCE | REPORT_DEFN_ID | RUN_CNTL_ID | TMPLDEFN_ID,Finance & Contrôle,0.5,"['Finance & Contrôle', 'IT & Sécurité']",coin_flip_reject
1085902,AP_APX8081A_AET,PS_AP_APX8081A_AET,AS_OF_DATE | LANGUAGE_CD | OPRID | PROCESS_INSTANCE | REPORT_DEFN_ID | RUN_CNTL_ID | TMPLDEFN_ID,Finance & Contrôle,0.5,"['Finance & Contrôle', 'IT & Sécurité']",coin_flip_reject
1085949,AP_ARC_VND_BK_H,PS_AP_ARC_VND_BK_H,ADDRESS1 | ADDRESS2 | ADDRESS3 | ADDRESS4 | ADDR_FIELD1 | ADDR_FIELD2 | ADDR_FIELD3 | BANK_ACCOUNT_NUM | BANK_ACCT_SEQ_NBR | BANK_ACCT_TYPE | BANK_ID_QUAL | BENEF_BRANCH | BENEF_BRANCH_AC | BENEFICIARY_BANK | BENEFICIARY_BNK_AC | BNK_ID_NBR | BRANCH_ID | CHECK_DIGIT | CITY | COUNTRY | COUNTRY_CODE | COUNTY | DEFAULT_IND | DESCR | DFI_ID_NUM | DFI_ID_QUAL | EFFDT | EXTENSION | FAX | GEO_CODE | HOUSE_TYPE | IBAN_CHECK_DIGIT | IBAN_ID | IN_CITY_LIMIT | NUM1 | NUM2 | PHONE | POSTAL | PSARCH_BATCHNUM | PSARCH_ID | SETID | STATE | VENDOR_ID | VNDR_LOC,Achats & Fournisseurs,0.5,"['Achats & Fournisseurs', 'Finance & Contrôle']",coin_flip_reject
1085959,AP_ARC_VND_IB_H,PS_AP_ARC_VND_IB_H,BANK_ACCT_SEQ_NBR | EFFDT | INTRM_DFI_ID_QUAL | INTRMED_ACCT_KEY | INTRMED_BANK_CD | INTRMED_DFI_ID | INTRMED_PYMNT_MSG | INTRMED_SEQ_NO | PSARCH_BATCHNUM | PSARCH_ID | SETID | STL_ROUTING_METHOD | VENDOR_ID | VNDR_LOC,Finance & Contrôle,0.5,"['Finance & Contrôle', 'Achats & Fournisseurs']",coin_flip_reject
1086007,AP_ASSTN_STEP,PS_AP_ASSTN_STEP,ASSTN_REC_LBL | ASSTN_REC_NAME | ASSTN_TEMP_REC | DESCR | DRIVER_REC_LBL | DRIVER_REC_NAME | DRIVER_TEMP_REC | HOLDING_REC | OUTPUT_RECNAME | SQLIDBTH | SQLIDONL | STEP_NAME,IT & Sécurité,0.5,"['IT & Sécurité', 'Finance & Contrôle']",coin_flip_reject
1086094,AP_DAM_ALG7_T,PS_AP_DAM_ALG7_T,BUSINESS_UNIT | BUSINESS_UNIT_PO | BUSINESS_UNIT_RECV | LINE_NBR | PO_ID | PROCESS_INSTANCE | RECEIVER_ID | RECV_LN_NBR | RECV_SHIP_SEQ_NBR | SCHED_NBR | VOUCHER_ID | VOUCHER_LINE_NUM,Achats & Fournisseurs,0.5,"['Achats & Fournisseurs', 'Finance & Contrôle']",coin_flip_reject
1086112,AP_DAM_RCV2_T,PS_AP_DAM_RCV2_T,AMT_MATCHED_RECV | AMT_ONLY_FLG | BUSINESS_UNIT_PO | BUSINESS_UNIT_RECV | CURRENCY_CD_RECV | DUE_DT | ERS_FLAG | INSPECT_CD | INSPECT_DT | INSPECT_STATUS | INV_ITEM_ID_RECV | INVOICE_ID | ITM_SETID_RECV | LINE_NBR | MATCH_CNTRL_ID | MATCH_LINE_FLG | MATCH_STATUS_RECV | MERCH_AMT_RCV_ORIG | MERCH_AMT_RECV | OPRID | ORIGIN | PACKSLIP_NO | PACKSLIP_NO_RECV | PO_ID | PO_RECEIPT_FLG | PO_TYPE | PRICE_CAN_CHANGE_R | PRICE_PO | PROCESS_INSTANCE | QTY_MATCHED_RECV | QTY_SH_ACCPT | QTY_SH_ACCPT_ORIG | QTY_SH_ACCPT_SUOM | QTY_SH_ACCPT_VUOM | QTY_SH_INSPD | QTY_SH_INSPD_SUOM | QTY_SH_INSPD_VUOM | QTY_SH_NETRCV_VUOM | QTY_SH_RECVD | QTY_SH_RECVD_ORIG | QTY_SH_RECVD_SUOM | QTY_SH_RECVD_VUOM | QTY_SH_REJCT | QTY_SH_REJCT_SUOM | QTY_SH_REJCT_VUOM | QTY_SH_RTN | QTY_SH_RTN_SUOM | QTY_SH_RTN_VUOM | RECEIPT_DT | RECEIPT_UM | RECEIVER_ID | RECEIVER_KEYS | RECV_LN_MATCH_OPT | RECV_LN_NBR | RECV_SEL_STATUS | RECV_SHIP_SEQ_NBR | RECV_SOURCE | SCHED_NBR | SHIP_DATE | SHIPTO_ID | UOM_RECV | VENDOR_RECV | VNDR_LOC_RECV | VNDR_SETID_RECV,Achats & Fournisseurs,0.5,"['Achats & Fournisseurs', 'Finance & Contrôle']",coin_flip_reject
1086116,AP_DAM_RCV6_T,PS_AP_DAM_RCV6_T,AMT_MATCHED_RECV | AMT_ONLY_FLG | BUSINESS_UNIT_PO | BUSINESS_UNIT_RECV | CURRENCY_CD_RECV | DUE_DT | ERS_FLAG | INSPECT_CD | INSPECT_DT | INSPECT_STATUS | INV_ITEM_ID_RECV | INVOICE_ID | ITM_SETID_RECV | LINE_NBR | MATCH_CNTRL_ID | MATCH_LINE_FLG | MATCH_STATUS_RECV | MERCH_AMT_DIFF | MERCH_AMT_RCV_ORIG | MERCH_AMT_RECV | OPRID | ORIGIN | PACKSLIP_NO | PACKSLIP_NO_RECV | PO_ID | PO_RECEIPT_FLG | PO_TYPE | PRICE_CAN_CHANGE_R | PRICE_PO | PROCESS_INSTANCE | QTY_DIFF | QTY_MATCHED_RECV | QTY_SH_ACCPT | QTY_SH_ACCPT_ORIG | QTY_SH_ACCPT_SUOM | QTY_SH_ACCPT_VUOM | QTY_SH_INSPD | QTY_SH_INSPD_SUOM | QTY_SH_INSPD_VUOM | QTY_SH_NETRCV_VUOM | QTY_SH_RECVD | QTY_SH_RECVD_ORIG | QTY_SH_RECVD_SUOM | QTY_SH_RECVD_VUOM | QTY_SH_REJCT | QTY_SH_REJCT_SUOM | QTY_SH_REJCT_VUOM | QTY_SH_RTN | QTY_SH_RTN_SUOM | QTY_SH_RTN_VUOM | RECEIPT_DT | RECEIPT_UM | RECEIVER_ID | RECEIVER_KEYS | RECV_LN_MATCH_OPT | RECV_LN_NBR | RECV_SEL_STATUS | RECV_SHIP_SEQ_NBR | RECV_SOURCE | SCHED_NBR | SHIP_DATE | SHIPTO_ID | UOM_RECV | VENDOR_RECV | VNDR_LOC_RECV | VNDR_SETID_RECV,Achats & Fournisseurs,0.5,"['Achats & Fournisseurs', 'Finance & Contrôle']",coin_flip_reject
1086258,AP_FIN2027_AET,PS_AP_FIN2027_AET,EFT_LAYOUT_CD | LANGUAGE_CD | OPRID | PROCESS_INSTANCE | RUN_CNTL_ID,Finance & Contrôle,0.5,"['Finance & Contrôle', 'IT & Sécurité']",coin_flip_reject
1086392,AP_MTEXP_AN_T,PS_AP_MTEXP_AN_T,ASSTN_NAME | BUSINESS_UNIT | BUSINESS_UNIT_PO | BUYER_ID | CREATION_DT | MATCH_CNTRL_ID | MATCH_RULE_ID | MONTHCD | MTCH_EXCPTN_TYPE | NOTIFY_DATE | PO_FLDVALUE | PO_ID | PROCESS_INSTANCE | RECV_FLDVALUE | SETID | VCHR_FLDVALUE | VENDOR_ID | VENDOR_SETID | VOUCHER_ID | VOUCHER_LINE_NUM | YEAR_FROM,Achats & Fournisseurs,0.5,"['Achats & Fournisseurs', 'Finance & Contrôle']",coin_flip_reject
1086406,AP_MTH_RULETYPE,PS_AP_MTH_RULETYPE,AP_DM_ACTION | AP_EXCPT_ACTION | AP_LOG_ACTION | AP_MATCH_ACTION | AP_MTCH_OVRD | AP_OVERRIDE_ACTION | DAYS_NOTIFY | DESCR | MTCH_RULE_TYPE | QRYNAME | ROLENAME | SEND_EMAIL | SQLID | USER_SOURCE | WORKFLOW_FLG,Finance & Contrôle,0.5,"['Finance & Contrôle', 'IT & Sécurité']",coin_flip_reject
1086646,APPR_HDR_LNG,PS_APPR_HDR_LNG,APPR_RULE_SET | DESCR60 | DESCRLONG | EFFDT | FONT | LANGUAGE_CD,Other,0.5,"['Other', 'IT & Sécurité']",coin_flip_reject
1086655,AP_PRLLPROCSTAT,PS_AP_PRLLPROCSTAT,DATE_ASSIGNED | PROCESS_INSTANCE | PROCESS_NAME,IT & Sécurité,0.5,"['IT & Sécurité', 'Finance & Contrôle']",coin_flip_reject
1086765,AP_SDNCHUNK_AET,PS_AP_SDNCHUNK_AET,ADDRESS_SEQ_NUM | AE_APPSTATUS | AE_CHUNK_SIZE | ALL_SETID_FLG | COUNTRY | FROM_VENDOR_ID | OPRID | ORDER_BY_AP | PROCESS_INSTANCE | RUN_CNTL_ID | SEQ_NBR_CRRNT | SERVERNAME | SETID | TO_VENDOR_ID | VENDOR_ID | WHERE_CLAUSE,Finance & Contrôle,0.5,"['Finance & Contrôle', 'Achats & Fournisseurs']",coin_flip_reject
1086896,AP_VAL_INHERIT,PS_AP_VAL_INHERIT,DESCR | OPRID | PROCESS_FREQUENCY | PROCESS_INSTANCE | REQUEST_DT | REQUEST_ID | RUN_CNTL_ID,Finance & Contrôle,0.5,"['Finance & Contrôle', 'IT & Sécurité']",coin_flip_reject
1087071,AP_XMLP_WTH_AET,PS_AP_XMLP_WTH_AET,AS_OF_DATE | LANGUAGE_CD | OPRID | PROCESS_INSTANCE | REPORT_DEFN_ID | RUN_CNTL_ID | TMPLDEFN_ID,Finance & Contrôle,0.5,"['Finance & Contrôle', 'IT & Sécurité']",coin_flip_reject
1087776,ARFO_PRFDIS_CU2,PS_ARFO_PRFDIS_CU2,CUST_ID | CUSTOMER_SETID | OPRID,IT & Sécurité,0.5,"['IT & Sécurité', 'Finance & Contrôle']",coin_flip_reject
1087788,ARFO_PRFPST_CGR,PS_ARFO_PRFPST_CGR,CUST_GRP_TYPE | CUSTOMER_GROUP | OPRID | SETID,IT & Sécurité,0.5,"['Finance & Contrôle', 'IT & Sécurité']",coin_flip_reject
1088568,ASSET_CUS_D_TMP,PS_ASSET_CUS_D_TMP,AFFILIATE | AFFILIATE_INTRA1 | AFFILIATE_INTRA2 | ASSET_ID | AUTHORIZATION_DT | AUTHORIZATION_NAME | AUTH_STATUS | BUDGET_REF | BUSINESS_UNIT | CHARTFIELD1 | CHARTFIELD2 | CHARTFIELD3 | CLASS_FLD | CUSTODIAN | DEPTID | EFFDT | EFFSEQ | EMPLID | FUND_CODE | OFFSITE_SW | OPERATING_UNIT | PRODUCT | PROGRAM_CODE | PROJECT_ID,Finance & Contrôle,0.5,"['Finance & Contrôle', 'Other']",coin_flip_reject
1088571,ASSET_CUST_E,PS_ASSET_CUST_E,AFFILIATE | AFFILIATE_INTRA1 | AFFILIATE_INTRA2 | ASSET_ID | AUTHORIZATION_DT | AUTHORIZATION_NAME | AUTH_STATUS | BUDGET_REF | BUSINESS_UNIT | CHARTFIELD1 | CHARTFIELD2 | CHARTFIELD3 | CLASS_FLD | CUSTODIAN | DEPTID | DTTM_REFRESHED | EFFDT | EFFSEQ | EMPLID | FUND_CODE | OFFSITE_SW | OPERATING_UNIT | PRODUCT | PROGRAM_CODE | PROJECT_ID | TEST_CASE,Finance & Contrôle,0.5,"['Finance & Contrôle', 'Other']",coin_flip_reject
1088573,ASSET_CUST_S,PS_ASSET_CUST_S,AFFILIATE | AFFILIATE_INTRA1 | AFFILIATE_INTRA2 | ASSET_ID | AUTHORIZATION_DT | AUTHORIZATION_NAME | AUTH_STATUS | BUDGET_REF | BUSINESS_UNIT | CHARTFIELD1 | CHARTFIELD2 | CHARTFIELD3 | CLASS_FLD | CUSTODIAN | DEPTID | EFFDT | EFFSEQ | EMPLID | FUND_CODE | OFFSITE_SW | OPERATING_UNIT | PRODUCT | PROGRAM_CODE | PROJECT_ID | TEST_CASE,Finance & Contrôle,0.5,"['Finance & Contrôle', 'Other']",coin_flip_reject
1088596,ASSET_INCDT_DTL,PS_ASSET_INCDT_DTL,AM_IOT_INCD_ATTRNM | AM_IOT_INCD_OBSVAL | AM_IOT_INCD_THSVAL | AM_IOT_INCIDENT_ID | AM_IOT_INCIDNT_STS | AM_IOT_INCIDNT_TYP | ASSET_ID | BUSINESS_UNIT | CBM_ALERT_DATETIME | CBM_ALERT_ID | WO_ID,IT & Sécurité,0.5,"['IT & Sécurité', 'Other']",coin_flip_reject
1088934,AUC_BIDDER_H_LG,PS_AUC_BIDDER_H_LG,AUC_COMPANY_NAME | BIDDER_ID | LANGUAGE_CD | SETID,Achats & Fournisseurs,0.5,"['Other', 'Achats & Fournisseurs']",coin_flip_reject
1088955,AUC_BID_REG_SET,PS_AUC_BID_REG_SET,AUC_DEBUG | AUC_WF_APPR_REQD | COUNTRY | DEFAULT_FLG | OPRID | SETID | TREE_ID | USERID,IT & Sécurité,0.5,"['Other', 'IT & Sécurité']",coin_flip_reject
1088961,AUC_BID_SLF_CAT,PS_AUC_BID_SLF_CAT,BIDDER_ID | BIDDER_TYPE | BRANCH_ID | CATEGORY_CD | SETID,Achats & Fournisseurs,0.5,"['Ventes & Clients', 'Achats & Fournisseurs']",coin_flip_reject
1089153,AUC_DISP_CNTCT,PS_AUC_DISP_CNTCT,AUC_ID | AUC_ROUND | AUC_VERSION | BIDDER_ID | BIDDER_LOC | BIDDER_SETID | BIDDER_TYPE | BUSINESS_UNIT | CNTCT_SEQ_NUM | EMAILID | NAME1,Achats & Fournisseurs,0.5,"['Other', 'Achats & Fournisseurs']",coin_flip_reject
1089277,AUC_HDR_FCT_CLB,PS_AUC_HDR_FCT_CLB,AUC_DTTM_CLB_RESP | AUC_ID | AUC_ROUND | AUC_VERSION | BID_FACTOR_NBR | BID_FACTOR_TYPE | BUSINESS_UNIT | OPRID | WEIGHTING,IT & Sécurité,0.5,"['IT & Sécurité', 'Other']",coin_flip_reject
1089360,AUC_LNCNST_ATLS,PS_AUC_LNCNST_ATLS,AUC_BF_LIST_LINE | AUC_ID | AUC_ROUND | AUC_VERSION | BID_LIST_ITEM | BID_LIST_SELECTED | BUSINESS_UNIT | CONST_ATTR_NBR | CONST_NBR | LINE_NBR,Achats & Fournisseurs,0.5,"['Achats & Fournisseurs', 'Other']",coin_flip_reject
1089361,AUC_LN_CNST_ATT,PS_AUC_LN_CNST_ATT,AUC_ID | AUC_ROUND | AUC_VERSION | AWARD_BASIS | AWARD_OPERAND | AWARD_VAL1 | AWARD_VAL2 | BF_VAL_DT1 | BF_VAL_DT2 | BF_VAL_NBR1 | BF_VAL_NBR2 | BF_VAL_YN | BID_FACTOR_CD | BID_FACTOR_TYPE | BID_FCTR_OPERAND | BUSINESS_UNIT | CONST_APPLY | CONST_ATTR_BASE | CONST_ATTR_NBR | CONST_AWARD | CONST_EXPRESSION | CONST_NBR | LINE_NBR,Achats & Fournisseurs,0.5,"['Achats & Fournisseurs', 'Other']",coin_flip_reject
1089379,AUC_LN_PRC_BRK,PS_AUC_LN_PRC_BRK,AUC_ID | AUC_ROUND | AUC_TIER_NBR | AUC_VERSION | BUSINESS_UNIT | LINE_NBR | MAX_QTY | MIN_QTY,Achats & Fournisseurs,0.5,"['Other', 'Achats & Fournisseurs']",coin_flip_reject
1089386,AUC_LRP_LST_CLB,PS_AUC_LRP_LST_CLB,AUC_BF_LIST_LINE | AUC_ID | AUC_ROUND | AUC_VERSION | BIDDER_ID | BIDDER_LOC | BIDDER_SETID | BIDDER_TYPE | BID_FACTOR_CD | BID_FACTOR_NBR | BID_LIST_ITEM | BID_LIST_SEL_CNTR | BID_LIST_SELECTED | BID_LIST_SEL_LAST | BIDNUM | BUSINESS_UNIT | LINE_NBR | OPRID | SETID | WEIGHTING,Achats & Fournisseurs,0.5,"['Other', 'Achats & Fournisseurs']",coin_flip_reject
1089393,AUCMCFAGNTMSG,PS_AUCMCFAGNTMSG,DESCR100 | MCFMSGID | MESSAGE_DESCR | MSGNAME,IT & Sécurité,0.5,"['Other', 'IT & Sécurité']",coin_flip_reject
1089532,AUC_PLAN_HDR,PS_AUC_PLAN_HDR,AUC_OVR_PLN_STATUS | AUC_PLAN_ID | AUC_PLAN_NAME | AUC_PLAN_STATUS | AUC_PLAN_TYPE | AUC_TMPL_BUS_UNIT | AUC_TMPL_PLAN_ID | AUC_TMPLTE_DESCR | AUC_TMPLTE_FLG | AUC_TMPLTE_ID | AUC_TMPL_VERSION | AUC_VERSION | BASE_CURR_CD | BASELINE_SPEND | BUSINESS_UNIT | CREATE_DTTM | CREATEOPRID | CURRENT_OWNER | CURRENT_PHASE | DESCR2000 | END_DATE | FINAL_CURR_CD | FINAL_SPEND | LAST_UPDATE_DTTM | LASTUPDOPRID | PLAN_OWNER | PRIMARY_CATEGORY | SECONDARY_CATEGORY | START_DATE,Achats & Fournisseurs,0.5,"['Achats & Fournisseurs', 'Ventes & Clients']",coin_flip_reject
1089736,AUC_TASK_PRED,PS_AUC_TASK_PRED,AUC_PLAN_ID | AUC_PRED_TASK_NUM | AUC_TASK_NUM | AUC_VERSION | BUSINESS_UNIT,IT & Sécurité,0.5,"['IT & Sécurité', 'Other']",coin_flip_reject
1089750,AUC_TMPLTE_DEPT,PS_AUC_TMPLTE_DEPT,AUC_ID | AUC_ROUND | AUC_VERSION | BUSINESS_UNIT | DEPTID,Other,0.5,"['Other', 'Achats & Fournisseurs']",coin_flip_reject
1089834,AUDIT_EOTP_ADDR,PS_AUDIT_EOTP_ADDR,ADDRESS1 | ADDRESS2 | ADDRESS3 | ADDRESS4 | ADDR_FIELD1 | ADDR_FIELD2 | ADDR_FIELD3 | AUDIT_ACTN | AUDIT_OPRID | AUDIT_STAMP | CITY | COUNTRY | COUNTY | EOTP_ADDRTYPE | EOTP_PARTNERID | GEO_CODE | HOUSE_TYPE | IN_CITY_LIMIT | NUM1 | NUM2 | POSTAL | STATE,IT & Sécurité,0.5,"['IT & Sécurité', 'Finance & Contrôle']",coin_flip_reject
1089859,AUTO_ENTRY_TBL,PS_AUTO_ENTRY_TBL,AUTOMNT_REASON | DST_GL | EFFDT | EFF_STATUS | ENTRY_TYPE | ENTRY_USE_ID | PP_ENTRY_REASON | REQUIRE_REASON | SETID,Finance & Contrôle,0.5,"['Finance & Contrôle', 'Other']",coin_flip_reject
1089871,AUTOMNT_MET_LNG,PS_AUTOMNT_MET_LNG,AUTOMNT_METHOD | DESCR | EFFDT | LANGUAGE_CD | SETID,IT & Sécurité,0.5,"['IT & Sécurité', 'Other']",coin_flip_reject
1089932,AVN_NODE_LINE,PS_AVN_NODE_LINE,ACV_NDFLD_ALIGN_1 | ACV_NDFLD_ALIGN_2 | ACV_NDFLD_ID_1 | ACV_NDFLD_ID_2 | ACV_NDFLD_TYPE_1 | ACV_NDFLD_TYPE_2 | ACV_ND_LINE_NUM | ACV_ND_LINE_SEQ | ACV_ND_STRING_1 | ACV_ND_STRING_2 | ACV_NDTPL_ID | ACV_ND_VIEW_NAME | ACV_ZOOM_LEVEL,IT & Sécurité,0.5,"['IT & Sécurité', 'Other']",coin_flip_reject
1090435,BC_CMP_RANK_DFN,PS_BC_CMP_RANK_DFN,BC_CMPNT_RANK_ID | BC_CMPNT_RANKING | BC_RANK_TYPE | DESCR | EFFDT | EFF_STATUS | FMS_DTTM_STAMP | FMS_LASTUPDDTTM | FMS_LASTUPDOPRID | FMS_OPRID | SETID,IT & Sécurité,0.5,"['Other', 'IT & Sécurité']",coin_flip_reject
1090474,BCKORDQTYN1_T,PS_BCKORDQTYN1_T,BCKORD_ORG_SCHED | BUSINESS_UNIT | DISTRIB_LINE_NUM | LINE_NBR | NEW_DISTRIB_PCT | PO_ID | PROCESS_INSTANCE | QTY_BACKORDER | QTY_NEW | QTY_PO | QTY_REMAIN | QTY_REQ | SCHED_NBR,Supply Chain / Logistique / Production,0.5,"['Achats & Fournisseurs', 'Supply Chain / Logistique / Production']",coin_flip_reject
1090480,BC_PORTFLIO_DFN,PS_BC_PORTFLIO_DFN,BC_FILTER_NAME | BC_OBJ_LIST_TYPE | DESCR | DESCRLONG | EFFDT | EFF_STATUS | FMS_DTTM_STAMP | FMS_LASTUPDDTTM | FMS_LASTUPDOPRID | FMS_OPRID | PORTFOLIO_ID | SETID | TREE_NAME,IT & Sécurité,0.5,"['IT & Sécurité', 'Other']",coin_flip_reject
1090494,BC_PRJREQST_MST,PS_BC_PRJREQST_MST,ACTION_COUNT | ACTION_TYPE | BUSINESS_UNIT | COMMENTS_254 | COMPLETED | COMPLETED_ID | COMPLETION_DATE | DESCR | DUE_DATE | FMS_DTTM_STAMP | FMS_LASTUPDDTTM | FMS_LASTUPDOPRID | FMS_OPRID | MILESTONE_ID | MILESTONE_STATUS | OWNER_ID | PPK_OWNER_ID | PROJECT_ID | REQUIRED_FLAG,IT & Sécurité,0.5,"['IT & Sécurité', 'Other']",coin_flip_reject
1091115,BID_FACTOR_LIST,PS_BID_FACTOR_LIST,AUC_COST_UNIT | BID_FACTOR_CD | BID_LIST_ITEM | EFFDT | LINE_NBR | SETID | WEIGHTING,Finance & Contrôle,0.5,"['Ventes & Clients', 'Finance & Contrôle']",coin_flip_reject
1091117,BID_FACTOR_RULE,PS_BID_FACTOR_RULE,AUC_CAT_OPERAND | AUC_COST_APPLY | AUC_COST_BASE | AUC_COST_UNIT | AUC_COST_VAL1 | AUC_COST_VAL2 | AUC_EXTPRC_OPERAND | AUC_EXT_PRICE | AUC_ITEM_OPERAND | AUC_PRICE | AUC_PRICE_OPERAND | AUC_QTY_OPERAND | BID_FACTOR_CD | BID_FCTR_RULE | BID_FCTR_RULE_TYPE | BID_INCREMENT | CATEGORY_ID | CURRENCY_CD | EFFDT | EFF_STATUS | IDEAL_DT | IDEAL_QTY | IDEAL_REQD | IDEAL_TXT | IDEAL_YN | INV_ITEM_ID | MAX_DT | MAX_QTY | MIN_DT | MIN_QTY | QTY_AUC | REQUIRED_FLAG | SETID | WEIGHTING,Finance & Contrôle,0.5,"['Finance & Contrôle', 'Ventes & Clients']",coin_flip_reject
1091125,BID_FCTR_CLAUSE,PS_BID_FCTR_CLAUSE,BID_FACTOR_CD | CS_BODY_TYPE | CS_OBJECT_ID | EFFDT | SEQ_NBR_5 | SETID,Achats & Fournisseurs,0.5,"['Other', 'Achats & Fournisseurs']",coin_flip_reject
1091248,BI_EX_GTCUS_AET,PS_BI_EX_GTCUS_AET,ADDRESS_PHONE | CUST_ID | CUST_NAME2 | CUSTOMER_CD | CUST_OPTION_GTA | EXPORT | EXPORT_STATUS_GTA | FROM_CUSTOMER_CD | FROM_CUSTOMER_ID | LAST_MOD_DT_FROM | LAST_MOD_DT_TO | LAST_MODIFIED_DATE | LENGTH | PHONE | PROCESS_INSTANCE | RUN_CNTL_ID | SETID | SETID2 | SHORT_CODE | TO_CUSTOMER_CD | TO_CUSTOMER_ID | VAT_INVOICE_TYPE | VAT_RGSTRN_ID | WHERE_CLAUSE,Finance & Contrôle,0.5,"['Other', 'Finance & Contrôle']",coin_flip_reject
1091421,BI_HDR_CC_TMP,PS_BI_HDR_CC_TMP,ADD_DTTM | ADDRESS1 | ADDRESS2 | ADDRESS3 | ADDRESS4 | ADDRESS_SEQ_NUM | ADDR_FIELD1 | ADDR_FIELD2 | ADDR_FIELD3 | BILL_TO_COPIES | BILL_TO_MEDIA | BUSINESS_UNIT | CITY | CNTCT_SEQ_NUM | COUNTRY | COUNTY | CUST_ID | CUST_NAME | EMAILID | ERROR_STATUS_BI | FAX | HOUSE_TYPE | IN_CITY_LIMIT | INVOICE | IVC_DELIVERED_FLG | LANGUAGE_CD | LAST_MAINT_OPRID | LAST_UPDATE_DTTM | NAME1 | NUM1 | NUM2 | POSTAL | SEQ_NUM | STATE,Ventes & Clients,0.5,"['Ventes & Clients', 'Finance & Contrôle']",coin_flip_reject
1091454,BI_HDR_NOTE,PS_BI_HDR_NOTE,ADD_DTTM | BUSINESS_UNIT | INTERNAL_FLAG | INVOICE | LAST_MAINT_OPRID | LAST_UPDATE_DTTM | NOTES_SEQ_NUM | NOTE_TYPE | STD_NOTE_CD | STD_NOTE_FLAG | TEXT254,Finance & Contrôle,0.5,"['Finance & Contrôle', 'Other']",coin_flip_reject
1091534,BI_INST_CAL_TAO,PS_BI_INST_CAL_TAO,ACCOUNTING_DT | BEGIN_DT | BUSINESS_UNIT | BUSINESS_UNIT_GL | CALENDAR_ID | END_DT | PROCESS_INSTANCE,Finance & Contrôle,0.5,"['Finance & Contrôle', 'IT & Sécurité']",coin_flip_reject
1091542,BI_INST_PLAN_LG,PS_BI_INST_PLAN_LG,DESCR | DESCRSHORT | EFFDT | INSTALL_PLAN_ID | LANGUAGE_CD | SETID,Other,0.5,"['Other', 'IT & Sécurité']",coin_flip_reject
1091822,BI_LVAT_ERR,PS_BI_LVAT_ERR,BUSINESS_UNIT | ERROR_FIELDNAME | ERROR_STATUS_BI | INVOICE | LINE_SEQ_NUM | MESSAGE_NBR | MESSAGE_SET_NBR | PROCESS_INSTANCE,Finance & Contrôle,0.5,"['Finance & Contrôle', 'IT & Sécurité']",coin_flip_reject
1091930,BI_RMINT9_TAO,PS_BI_RMINT9_TAO,AMOUNT | COUNTER1 | COUNTER2 | ERROR_STATUS_BI | INTFC_ID | INTFC_LINE_NUM | PROCESS_INSTANCE | TRANS_TYPE_BI | TRANS_TYPE_BI_SEQ,Finance & Contrôle,0.5,"['Finance & Contrôle', 'IT & Sécurité']",coin_flip_reject
1091936,BI_RUN_INV_IMP,PS_BI_RUN_INV_IMP,FILE_PATH_NAME | OPRID | REQUEST_DATE | RUN_CNTL_ID,Supply Chain / Logistique / Production,0.5,"['Supply Chain / Logistique / Production', 'IT & Sécurité']",coin_flip_reject
1091981,BI_SORT_BY_LIN,PS_BI_SORT_BY_LIN,ADD_DTTM | DESCR | DESCRSHORT | LAST_MAINT_OPRID | LAST_UPDATE_DTTM | LIN_TYP_SORT_BY_ID | STATUS_BI,IT & Sécurité,0.5,"['IT & Sécurité', 'Other']",coin_flip_reject
1092013,BI_STGINV_H_ERR,PS_BI_STGINV_H_ERR,BUSINESS_UNIT | CREATEDTTM | ERR_SEQ_NUM2 | INVOICE | LAST_UPDATE_DTTM | MESSAGE_NBR | MESSAGE_SET_NBR | OPRID | OPRID_LAST_UPDT,Finance & Contrôle,0.5,"['Finance & Contrôle', 'Supply Chain / Logistique / Production']",coin_flip_reject
1092017,BI_STMPL_TAO,PS_BI_STMPL_TAO,ADD_DTTM | BLD_CLAUSE1 | BLD_CLAUSE2 | BLD_CLAUSE3 | BLD_CLAUSE4 | BLD_CLAUSE5 | BUSINESS_UNIT | FIELD_LIST | GROUP_DETAIL_TEXT1 | GROUP_DETAIL_TEXT2 | GROUP_DETAIL_TEXT3 | GROUP_HEADER_TEXT1 | GROUP_HEADER_TEXT2 | INCLUDE_LN_NTE_FLG | INVOICE | LANGUAGE_CD | LAST_MAINT_OPRID | PROCESS_INSTANCE | SELECT_PARM1 | SELECT_PARM2 | SORT_IVC_LINE_TEXT | SUM_IVC_LINE_TEXT | SUMMARIZED_NOTE | SUM_QTY_UOM_FLG | SUM_TEMPLATE_ID,IT & Sécurité,0.5,"['IT & Sécurité', 'Finance & Contrôle']",coin_flip_reject
1092181,BI_WLNOTE_TAO,PS_BI_WLNOTE_TAO,ADD_DTTM | BUSINESS_UNIT | INTERNAL_FLAG | INVOICE | LAST_MAINT_OPRID | LAST_UPDATE_DTTM | LINE_SEQ_NUM | NOTES_SEQ_NUM | NOTE_TYPE | PROCESS_INSTANCE | STD_NOTE_CD | STD_NOTE_FLAG | TEXT254,Finance & Contrôle,0.5,"['Finance & Contrôle', 'IT & Sécurité']",coin_flip_reject
1092269,BI_XSCOMREF_TAO,PS_BI_XSCOMREF_TAO,AUDIT_ACTN | BUSINESS_UNIT | BUSINESS_UNIT_OM | CUST_ID | IN_PROCESS_FLG | INVOICE | LINE_SEQ_NUM | ORDER_DATE | ORDER_INT_LINE_NO | ORDER_NO | PROCESS_INSTANCE | REFERENCE_ID | SCHED_LINE_NBR | SEQ_NUM | SETID | TEXT80,Ventes & Clients,0.5,"['Ventes & Clients', 'IT & Sécurité']",coin_flip_reject
1092715,BOL_NOTE_KEYWD,PS_BOL_NOTE_KEYWD,BILL_OF_LADING | BUSINESS_UNIT | KEY_WORD | SEQ_NUM,Supply Chain / Logistique / Production,0.5,"['Supply Chain / Logistique / Production', 'Achats & Fournisseurs']",coin_flip_reject
1092772,BOOK_DEFN_TBL,PS_BOOK_DEFN_TBL,BOOK | COMMENTS | DESCR | LC_CNTRY | SETID,Finance & Contrôle,0.5,"['Other', 'Finance & Contrôle']",coin_flip_reject
1092915,BP_PO_S_TAO,PS_BP_PO_S_TAO,ACCOUNT | ACCOUNTING_DT | ACCOUNTING_PERIOD | ACCOUNT_TYPE | ACTIVITY_ID | AFFILIATE | AFFILIATE_INTRA1 | AFFILIATE_INTRA2 | BUDGET_DT | BUDGET_LINE_STATUS | BUDGET_PERIOD | BUDGET_REF | BUSINESS_UNIT | BUSINESS_UNIT_GL | BUSINESS_UNIT_PC | BUSINESS_UNIT_REQ | CHARTFIELD1 | CHARTFIELD2 | CHARTFIELD3 | CLASS_FLD | CONCAT_STRING | CURRENCY_CD | DELETE_FLAG | DEPTID | DISTRIB_LINE_NUM | DST_ACCT_TYPE | EE_SEQ_NUM | EFFDT_BD | EFFDT_SOURCE | ENTRY_EVENT | EXIST | EXIST2 | FIELDNAME_ORDER_BY | FISCAL_YEAR | FOREIGN_AMOUNT | FOREIGN_CURRENCY | FUND_CODE | FUND_SOURCE | INSERT_ROW_FLG | KK_ACCOUNTING_DT | KK_AMOUNT_TYPE | KK_BUDG_TRANS_TYPE | KK_CLOSE_FLAG | KK_CLOSE_PRIOR | KK_DEFAULT_EE | KK_GEN_PARENT | KK_OVERRIDE_ACCT | KK_PARENT_ENT_TYPE | KK_PROCESS_PRIOR | KK_PROC_INSTANCE | KK_QUANTITY | KK_REFD_DT | KK_REFD_ID | KK_REFD_LN | KK_SKIP_EDITS | KK_TRAN_DT | KK_TRAN_ID | KK_TRAN_LN | KK_TRAN_OVER_DTTM | KK_TRAN_OVER_FLAG | KK_TRAN_OVER_OPRID | LEDGER | LEDGER_GROUP | LINE_NBR | LINE_SELECT | LIQUIDATE_METHOD | MONETARY_AMOUNT | OPERATING_UNIT | PO_ID | PROCESS_INSTANCE | PRODUCT | PROGRAM_CODE | PROJECT_ID | REQ_DISTRIB_NBR | REQ_ID | REQ_LINE_NBR | REQ_SCHED_NBR | RESOURCE_TYPE | SCHED_NBR | SEQUENCE_NBR_9 | STATISTIC_AMOUNT | STATISTICS_CODE | STATUS_CODE | SUBTYPE | TRAN_NUM_ASSIGN,Finance & Contrôle,0.5,"['Achats & Fournisseurs', 'Finance & Contrôle']",coin_flip_reject
1093126,BS_STMT_EC_S,PS_BS_STMT_EC_S,BNK_LOAD_DTTM | BSP_PRCS_DT | DESCRLONG | EVENT_TRACKING_ID | FILE_CREATE_DT | FILE_CREATE_TIME | FILE_ID | IMPORT_FILE_ID | LOADED_SW | OPRID | RECEIVER | REQUEST_ID | RESPONSE | SENDER | STATEMENT_ID | TEST_CASE,Finance & Contrôle,0.5,"['Finance & Contrôle', 'Other']",coin_flip_reject
1093266,BUGRP_G,PS_BUGRP_G,ALTACCT_OPTN | AS_OF_DATE | BUSINESS_UNIT | CALENDAR_ID | DOC_SEQ | INCR_MODE | PRCSNAME | PROCESS_INSTANCE | SEPARATE_DRCR | SEQUENCE_NBR_9 | SETID1 | SETID2 | SETID3 | SETID4 | SETID5 | SETID6 | SETID7 | SETID8 | SETID9 | SETID_CALENDAR | SETID_CFV_SET | SETID_LEDGER | SETID_RULE | SETID_TIMESPANS | SETID_TREE1 | SETID_TREE2 | SETID_TREE3 | SETID_TREE4 | SETID_TREE5 | SETID_TREE6 | SETID_TREE7 | SETID_TREE8 | SETID_TREE9,Finance & Contrôle,0.5,"['Finance & Contrôle', 'IT & Sécurité']",coin_flip_reject
1093594,BUS_UNIT_OPT_RS,PS_BUS_UNIT_OPT_RS,ASGN_APPR_DTCG_MGR | ASGN_APPR_DTCG_SUP | ASSGN_APPR_DTCHG | ASSGN_APPR_EXT_FLG | ASSGN_APPR_INT_FLG | ASSGN_APPR_MGR | ASSGN_APPR_SUP | ASSGN_DTNTF_MGR | ASSGN_DTNTF_PRJ | ASSGN_DTNTF_RES | ASSGN_NOTFYMGR_FLG | ASSGN_NOTFYPRJ_FLG | ASSGN_NOTFYRES_FLG | ASSGN_RESRV_FLEX | FIRST_APPROVAL | GRR_APPR_DTCG_MGR | GRR_APPR_MGR | GRR_DTNTF_MGR | GRR_NOTFYMGR_FLG | GRR_NOTFYPRJ_FLG | MNGR_APPRVL_OPT | RS_AW_OPTION | RS_AWPRCS_ID_HDR | RS_AWPRCS_ID_LINE | SETID | SO_WF_INTPARTY | SO_WORKLIST_FLG,RH,0.5,"['RH', 'IT & Sécurité']",coin_flip_reject
1093624,BUS_UNIT_TBL_HR,PS_BUS_UNIT_TBL_HR,ACTIVE_INACTIVE | BUSINESS_UNIT | BUSINESS_UNIT_AM | BUSINESS_UNIT_AP | BUSINESS_UNIT_AR | BUSINESS_UNIT_BAL | BUSINESS_UNIT_BD | BUSINESS_UNIT_BI | BUSINESS_UNIT_DUP | BUSINESS_UNIT_GL | BUSINESS_UNIT_IN | BUSINESS_UNIT_OM | BUSINESS_UNIT_PC | BUSINESS_UNIT_PO | DEFAULT_SETID | DESCR | DESCRSHORT,Finance & Contrôle,0.5,"['Finance & Contrôle', 'RH']",coin_flip_reject
1094004,CA_BI_FF_TA5,PS_CA_BI_FF_TA5,BILL_PLAN_ID | BPLAN_LN_NBR | CONTRACT_LINE_NUM | CONTRACT_NUM | CONTRACT_PPD_SEQ | DELETE_ME | EVENT_OCCURRENCE | PROCESS_INSTANCE | XREF_SEQ_NUM | XREF_STATUS,Finance & Contrôle,0.5,"['Finance & Contrôle', 'IT & Sécurité']",coin_flip_reject
1094043,CA_BINOTE_TA1,PS_CA_BINOTE_TA1,BILL_PLAN_ID | BPLAN_LN_NBR | CA_NOTE_SEQ_NBR | CONTRACT_NUM | EVENT_OCCURRENCE | HDR_OR_LINE_NOTE | INTFC_LINE_NUM | NOTE_TYPE | PROCESS_INSTANCE | SEQ_NBR | TEXT254 | TRANS_TYPE_BI_SEQ,Other,0.5,"['Other', 'IT & Sécurité']",coin_flip_reject
1094050,CA_BI_PC_TA9,PS_CA_BI_PC_TA9,BI_CURRENCY_CD | CA_PERCENTAGE | CONTRACT_LINE_NUM | CONTRACT_NUM | DELETE_ME | DESCR | DISC_SUR_ID | DISC_SUR_INDICATOR | EFFDT | PROCESS_INSTANCE,Achats & Fournisseurs,0.5,"['IT & Sécurité', 'Achats & Fournisseurs']",coin_flip_reject
1094061,CA_BI_RBA_TA1,PS_CA_BI_RBA_TA1,ACTIVITY_ID | ADDR_SEQ_NUM_SHIP | BASE_CURRENCY | BILL_PLAN_ID | BILL_PLAN_TYPE | BPLAN_LN_NBR | BUSINESS_UNIT_PC | CA_PERCENTAGE | CHG_ID | CONTRACT_NUM | CREATE_NEW_BILL | DELETE_ME | DESCR | EVENT_DT | EVENT_OCCURRENCE | GROSS_EXTENDED_AMT | IDENTIFIER | INTFC_LINE_NUM | INTFC_LINE_NUM_ADJ | LINE_TYPE | NET_EXTENDED_AMT | PHYSICAL_NATURE | PO_REF | PROCESS_INSTANCE | PROJECT_ID | QTY | REV_RECOG_BASIS | SHIP_FROM_LOC | SHIP_TO_CUST_ID | TMP_BILL_FLG | TRANS_TYPE_BI | UNIT_AMT | UNIT_OF_MEASURE | VALUE_BASED_FLG,Finance & Contrôle,0.5,"['Finance & Contrôle', 'Achats & Fournisseurs']",coin_flip_reject
1094162,CA_BP_NOTE_H,PS_CA_BP_NOTE_H,BILL_PLAN_ID | BPLAN_LN_NBR | CONTRACT_NUM | PSARCH_BATCHNUM | PSARCH_ID | SEQ_NBR | TEXT254,Finance & Contrôle,0.5,"['Other', 'Finance & Contrôle']",coin_flip_reject
1094327,CA_DETAIL_PROJ,PS_CA_DETAIL_PROJ,ACTIVITY_FLAG | ACTIVITY_ID | BILLED_TO_DATE | BUSINESS_UNIT_PC | CONTRACT_LINE_NUM | CONTRACT_NUM | DEFAULT_FLG | PROJECT_ID | RESOURCE_CATEGORY | RESOURCE_SUB_CAT | RESOURCE_TYPE | TARGET_EXCESS,Other,0.5,"['Other', 'Achats & Fournisseurs']",coin_flip_reject
1094405,CA_EMAIL_BU2,PS_CA_EMAIL_BU2,BUSINESS_UNIT | CA_COMP_NAME,Other,0.5,"['Other', 'IT & Sécurité']",coin_flip_reject
1094481,CAF_CONFIG_LNG,PS_CAF_CONFIG_LNG,CAF_CONFIG_ID | CAF_CONFIG_TITLE | CAF_CONFIG_TYPE | CAF_DESCR_LONG | CAF_ENTITY_NAME | LANGUAGE_CD,IT & Sécurité,0.5,"['IT & Sécurité', 'Other']",coin_flip_reject
1094638,CA_HDR_COMM,PS_CA_HDR_COMM,COMM_PCT | CONTRACT_NUM | SUPPORT_TEAM_CD | SUPPORT_TEAM_MBR | TEAM_MEMBER_TYPE,Ventes & Clients,0.5,"['Ventes & Clients', 'RH']",coin_flip_reject
1094659,CA_HREVRED_LG_H,PS_CA_HREVRED_LG_H,CONTRACT_NUM | DESCR | LANGUAGE_CD | PSARCH_BATCHNUM | PSARCH_ID | SEQ_NUM,RH,0.5,"['Other', 'RH']",coin_flip_reject
1094983,CA_OLD_OPRSTAT,PS_CA_OLD_OPRSTAT,BUSINESS_UNIT | CALENDAR_ID | CA_PAGELET_FORMAT | CA_RQST_SRC | COMPONENT_ID | CONTRACT_ADMIN | CONTRACT_NUM | CONTRACT_TYPE | CURRENCY_CD | DEFAULT_FLAG | DESCR | FROM_DATE | FROM_DATE_OPTION | MY_CONTRACTS | NUM_PER | OPRID | REGION_CD | SHOW_ACTIVE | SHOW_CLOSED | SHOW_PENDING | SOLD_TO_CUST_ID | SUBCUST_QUAL1 | SUBCUST_QUAL2 | THRU_DATE | THRU_DATE_OPTION,Ventes & Clients,0.5,"['Ventes & Clients', 'Other']",coin_flip_reject
1095033,CAP_DET_LANG,PS_CAP_DET_LANG,BUSINESS_UNIT | CAP_NUM | CAP_SEQUENCE | DESCR | LANGUAGE_CD,Achats & Fournisseurs,0.5,"['Achats & Fournisseurs', 'Other']",coin_flip_reject
1095041,CA_PE_OPR_PREFS,PS_CA_PE_OPR_PREFS,BUSINESS_UNIT | CA_PAGELET_FORMAT | CA_RQST_SRC | COMPONENT_ID | CONTRACT_NUM | CONTRACT_TYPE | CURRENCY_CD | DATE_TYPE | FROM_DATE | FROM_DATE_OPTION | MS_SORT_BY | MY_CONTRACTS | OPRID | PRODUCT_SORT_BY | REGION_CD | RENEWAL_OPTION | SHOW_ACTIVE | SHOW_CLOSED | SHOW_PENDING | SOLD_TO_CUST_ID | SUBCUST_QUAL1 | SUBCUST_QUAL2 | THRU_DATE | THRU_DATE_OPTION,Ventes & Clients,0.5,"['Ventes & Clients', 'Other']",coin_flip_reject
1095043,CA_PE_PERS_PROD,PS_CA_PE_PERS_PROD,BUSINESS_UNIT | CA_PAGELET_FORMAT | CA_RQST_SRC | COMPONENT_ID | CONTRACT_NUM | CONTRACT_TYPE | CURRENCY_CD | DATE_TYPE | FROM_DATE | FROM_DATE_OPTION | MY_CONTRACTS | OPRID | PRODUCT_SORT_BY | REGION_CD | RENEWAL_OPTION | SOLD_TO_CUST_ID | SUBCUST_QUAL1 | SUBCUST_QUAL2 | THRU_DATE | THRU_DATE_OPTION,Other,0.5,"['Other', 'RH']",coin_flip_reject
1095078,CA_PGP_PROJ_H,PS_CA_PGP_PROJ_H,ACTIVITY_ID | BUSINESS_UNIT_PC | CA_PGP_SEQ | CONTRACT_NUM | FMS_DTTM_STAMP | FMS_LASTUPDDTTM | FMS_LASTUPDOPRID | FMS_OPRID | PROJECT_ID | PSARCH_BATCHNUM | PSARCH_ID,IT & Sécurité,0.5,"['IT & Sécurité', 'Achats & Fournisseurs']",coin_flip_reject
1095213,CA_PUTL5_TAO,PS_CA_PUTL5_TAO,ACTIVITY_ID | ANALYSIS_TYPE | BI_CURRENCY_CD | BUSINESS_UNIT_PC | CA_PPD_UTL_DESCR | COMMITTED_AMT | CONTRACT_LINE_NUM | CONTRACT_NUM | CONTRACT_PPD_SEQ | PO_REF | PREPAID_TRANS_TYPE | PREPAID_USE_SEQ | PROCESS_INSTANCE | PROJECT_ID | PROJ_TRANS_TYPE | PURCHASED_AMOUNT | REMAINING_AMOUNT | RESOURCE_CATEGORY | RESOURCE_SUB_CAT | RESOURCE_TYPE | USE_FOR_CONTRACT,Achats & Fournisseurs,0.5,"['Achats & Fournisseurs', 'Finance & Contrôle']",coin_flip_reject
1095433,CA_RULES_LVL,PS_CA_RULES_LVL,BUSINESS_UNIT | CA_TXN_SOURCE | CRIT_SEQ | INTER_ORG_LEVEL,Other,0.5,"['Other', 'IT & Sécurité']",coin_flip_reject
1095485,CASHFLWNET_TEOA,PS_CASHFLWNET_TEOA,ASOF_DT | DTTM_STAMP | EO_AUDIT_FLG | EXCEPTION_INFO | FIELDNAME | FIELD_VALUE | FROM_CURRENCY | KEY10_FLDNAME | KEY10_FLD_VAL | KEY11_FLDNAME | KEY11_FLD_VAL | KEY12_FLDNAME | KEY12_FLD_VAL | KEY13_FLDNAME | KEY13_FLD_VAL | KEY14_FLDNAME | KEY14_FLD_VAL | KEY15_FLDNAME | KEY15_FLD_VAL | KEY16_FLDNAME | KEY16_FLD_VAL | KEY1_FLDNAME | KEY1_FLD_VAL | KEY2_FLDNAME | KEY2_FLD_VAL | KEY3_FLDNAME | KEY3_FLD_VAL | KEY4_FLDNAME | KEY4_FLD_VAL | KEY5_FLDNAME | KEY5_FLD_VAL | KEY6_FLDNAME | KEY6_FLD_VAL | KEY7_FLDNAME | KEY7_FLD_VAL | KEY8_FLDNAME | KEY8_FLD_VAL | KEY9_FLDNAME | KEY9_FLD_VAL | OPRID | PROCESS_INSTANCE | PROC_GRP_ID | RATE_DIV | RATE_MULT | RECNAME | RT_DIV_FLDNAME | RT_MULT_FLDNAME | RULE_INSTNC_NBR | RUN_CNTL_ID | TO_CURRENCY,Finance & Contrôle,0.5,"['Finance & Contrôle', 'IT & Sécurité']",coin_flip_reject
1095541,CA_SUPPORT_TEAM,PS_CA_SUPPORT_TEAM,COMMSN_LEVEL | COMMSN_METHOD | CONTRACT_NUM | SUPPORT_TEAM_CD,IT & Sécurité,0.5,"['IT & Sécurité', 'Other']",coin_flip_reject
1095578,CA_TICS_OPRSTAT,PS_CA_TICS_OPRSTAT,BUSINESS_UNIT | BY_CNT_AMT_FLG | CA_BU_SOURCE | CALENDAR_ID | CA_PAGELET_FORMAT | CA_RQST_SRC | CONTRACT_ADMIN | CONTRACT_NUM | CONTRACT_TYPE | CURRENCY_CD | DEFAULT_FLAG | DESCR | MY_CONTRACTS | NUM_PER | OPRID | REGION_CD | SHOW_ACTIVE | SHOW_CLOSED | SHOW_PENDING | SOLD_TO_CUST_ID | SUBCUST_QUAL1 | SUBCUST_QUAL2,Finance & Contrôle,0.5,"['Finance & Contrôle', 'Ventes & Clients']",coin_flip_reject
1095737,CB_GENCLAIM_AET,PS_CB_GENCLAIM_AET,AS_OF_DATE | BASE_CURRENCY | CB_CLAIM_PREFIX | CB_CONTRACT_ID | CB_CONTRACT_SETID | CB_CREATE_ACCR | CB_CREATE_CLAIMS | CB_RUN_BY | DTTM_STAMP | FROM_DATE | OPRID | PROCESS_INSTANCE | RT_TYPE | RUN_CNTL_ID | SCHEDULE_ID | VENDOR_ID,Finance & Contrôle,0.5,"['Finance & Contrôle', 'Achats & Fournisseurs']",coin_flip_reject
1095753,CB_OMBU_LIST,PS_CB_OMBU_LIST,BUSINESS_UNIT_OM | CB_CONTRACT_ID | DST_ID_AR | SETID | VAT_ACCOUNT_FLG,Finance & Contrôle,0.5,"['Finance & Contrôle', 'Other']",coin_flip_reject
1095804,CC_AUTO_NUM_TBL,PS_CC_AUTO_NUM_TBL,BEG_SEQ | FIELDNAME | LAST_AUTO_NBR | MAX_LENGTH | RECNAME,IT & Sécurité,0.5,"['Other', 'IT & Sécurité']",coin_flip_reject
1095877,CC_ERROR_TBL,PS_CC_ERROR_TBL,CC_ERROR_SOURCE | CRDMEM_ACCT_NBR | CREDIT_CARD_VENDOR | DTTM_STAMP | EMPLID | LINE_NBR | MESSAGE_NBR | MESSAGE_SET_NBR | SEQUENCENO | TRANS_DT | TRANS_NBR,Finance & Contrôle,0.5,"['Other', 'Finance & Contrôle']",coin_flip_reject
1095953,CC_MC_TBL5090,PS_CC_MC_TBL5090,CC_MC_PARENTREC | CC_MC_PARENTSEQNO | CC_MC_REC_TYPE | CC_MC_SEQNO | CRDMEM_ACCT_NBR | DELIVERY_DT | MC_ACCTNBREXT1 | MC_ACCTNBREXT2 | MC_ACCTNBREXT3 | MC_ACCTNBREXT4 | MC_CUSTOMERCODE | MC_DISCOUNTAMOUNT | MC_DISCOUNTFLAG | MC_INCENTIVEAMOUNT | MC_LOADDATE | MC_LOADTIME | MC_MAINTAINCODE | MC_MSCEXPENSEAMT1 | MC_MSCEXPENSEAMT2 | MC_MSCEXPENSEAMT3 | MC_MSCEXPENSEAMT4 | MC_MSCEXPENSEDESC1 | MC_MSCEXPENSEDESC2 | MC_MSCEXPENSEDESC3 | MC_MSCEXPENSEDESC4 | MC_NUMOFPACKAGES | MC_PACKAGETRACKNBR | MC_PACKAGEWEIGHT | MC_PACKAGEWTUOM | MC_RECSEQNUM | MC_REJECTREASON1 | MC_REJECTREASON2 | MC_REJECTREASON3 | MC_SERVICEDESCCODE | MC_SERVICEID | MC_SHIPPINGNETAMT | MC_TAXEXEMPT | MC_TOTALTAXAMOUNT | PICKUP_DT | POST_DT | TRANS_NBR,Supply Chain / Logistique / Production,0.5,"['Finance & Contrôle', 'Supply Chain / Logistique / Production']",coin_flip_reject
1095955,CC_MC_TBL5110,PS_CC_MC_TBL5110,CC_MC_PARENTREC | CC_MC_PARENTSEQNO | CC_MC_REC_TYPE | CC_MC_SEQNO | CRDMEM_ACCT_NBR | MC_CITY | MC_CONTACTFUNCTION | MC_CONTACTNAME | MC_COUNTRYCODE | MC_EMAILADDRESS | MC_FUNCTION | MC_LOADDATE | MC_LOADTIME | MC_MAINTAINCODE | MC_NAME1 | MC_NAME2 | MC_NAME3 | MC_PARTYID | MC_PARTYTYPE | MC_PHONENBR | MC_POSTALCODE | MC_RECSEQNUM | MC_REJECTREASON1 | MC_REJECTREASON2 | MC_REJECTREASON3 | MC_STATEPROVINCE | MC_STREET1 | MC_STREET2 | MC_STREET3 | MC_STREET4 | MC_STREET5 | MC_STREET6 | POST_DT | TRANS_NBR,Other,0.5,"['Other', 'Finance & Contrôle']",coin_flip_reject
1096038,CCR_FILE_DTL,PS_CCR_FILE_DTL,CCR_FILE_STATUS | CCR_VNDR_LOAD_CD | DESCR254 | FILE_NAME | PROCESS_INSTANCE | SEQUENCENO | SOURCE_SYSTEM,Achats & Fournisseurs,0.5,"['Achats & Fournisseurs', 'IT & Sécurité']",coin_flip_reject
1096061,CCR_RENAME_REC,PS_CCR_RENAME_REC,ACTIVE_INACT_FLAG | FIELDNAME_BU | LED_FLD_NAME | RECNAME | SETID_BU_DRIVEN,Other,0.5,"['Other', 'Finance & Contrôle']",coin_flip_reject
1096069,CCR_V_HDR_TAO,PS_CCR_V_HDR_TAO,ADDRESS1 | ADDRESS2 | ADDRESS5 | ADDRESS6 | ALC | ANNUAL_REVENUE | AP_COMPLETE | AUTHORIZATION_DT | BANK_ACCT_TYPE | BANK_CD_TEXT | BANK_NAME | CC_AGENCY_DUNS | CC_AGENCY_NAME | CC_HIERARCHY | CC_HQ_DUNS | CC_HQ_NAME | CC_PARENT_NAME | CCR_BUS_TYPE | CCR_CAGE_CD | CCR_CORRESP_FLG | CCR_DUNS_PLUS4 | CCR_EMPL_SEC_LVL | CCR_EXTRACT_CD | CCR_FSC_CODE | CCR_MERCHANTID1 | CCR_MERCHANTID2 | CCR_ORG_TYPE | CCR_PSC_CODE | CCR_SECURITY_LEVEL | CC_STATUS_CODE | CC_SUBSIDARY | CC_TREASURY_INDEX | COUNTRY | COUNTRY_OF_INC | CREDIT_CARD_SELECT | DB_DATE_OF_DATA | DFI_ID_NUM | DISBURSING_OFFICE | DIVISION_AREA_CD | DUNS_NUMBER | EDI_OPTION | EFT_WAIVER | EIN_NUMBER | EMAIL_TO | EOTP_EMPLCOUNT | ERRORS_FLG | EXPIRATION_DATE | FEDREG_STATUS | FR_BUS_TYPE | FULLNAME | LAST_UPDATE_DATE | LEGAL_BUS_NAME | LOCKBOX_NBR | NAICS_CODE | OM_COMPLETE | OPERATIONNAME | PARENT_DUNS | PROCESSED_FLG | PROCESS_INSTANCE | REGISTRATION_DT | RENEWAL_DATE | SIC_CODE | SOURCE_SYSTEM | SSN | START_DT | STATE | STATE_OF_INCORP | TRANS_FY | URL,Finance & Contrôle,0.5,"['Finance & Contrôle', 'Achats & Fournisseurs']",coin_flip_reject
1096295,CDM_URL_PROPS,PS_CDM_URL_PROPS,CDM_TRPROTOCOL | DISTNODENAME | PT_PROP_NAME | PT_PROP_VALUE,IT & Sécurité,0.5,"['Other', 'IT & Sécurité']",coin_flip_reject
1096356,CDR_RECON_COINS,PS_CDR_RECON_COINS,BUSINESS_UNIT | BUS_UNIT_TYPE | DENOM_CD | DENOM_CD_QTY | DENOM_TYPE | DRAWER_ID | LAST_MAINT_OPRID | LAST_UPDATE_DTTM | RECON_ID,Finance & Contrôle,0.5,"['Other', 'Finance & Contrôle']",coin_flip_reject
1096583,CE_ITEMC_DT_TMP,PS_CE_ITEMC_DT_TMP,BOM_CODE | BUSINESS_UNIT | CE_COST_TYPE | CONFIG_CODE | COST_VERSION | INV_ITEM_ID | LAST_ROLLUP_DTTM | RTG_CODE,Finance & Contrôle,0.5,"['Finance & Contrôle', 'Supply Chain / Logistique / Production']",coin_flip_reject
1096631,CE_OP_LIST_COPY,PS_CE_OP_LIST_COPY,BUSINESS_UNIT | CON_OH_CODE_1 | CON_OH_CODE_2 | CON_OH_CODE_3 | CON_OH_CODE_4 | CONVERSION_CODE | CREWSIZE | JOB_INSTANCE | MACH_RESOURCES | OP_COMPLETED | OP_END_DT | OP_END_SHIFT | OP_END_TIME | OPERATION_YIELD | OP_OVERLAP | OP_PRDN_END_DT | OP_PRDN_END_SHFT | OP_PRDN_RUN_ST_DT | OP_PRDN_RUN_ST_SH | OP_PRDN_START_DT | OP_PRDN_START_SHFT | OP_RUN_START_DT | OP_RUN_START_SHIFT | OP_RUN_START_TIME | OP_SEQUENCE | OP_START_DT | OP_START_SHIFT | OP_START_TIME | PERCENT_COMP | PLAN_FROZEN_FLG | POST_PROD_EARNED | PROCESS_INSTANCE | PRODUCTION_ID | QTY_COMP_AND_AT | QTY_COMP_AND_THRU | QTY_ISS_TO_OP | QTY_SCRAPPED | SEND_AHEAD_QTY | SETUP_EARNED | SIM_SETUP_QUEUE | SUBCONTRACTED | SUBPO_STATUS | TASK_CODE | TASK_INTENSITY | TEXT254 | VENDOR_ID | WORK_CENTER_CODE,Supply Chain / Logistique / Production,0.5,"['IT & Sécurité', 'Supply Chain / Logistique / Production']",coin_flip_reject
1096635,CE_OP_OH_TMP,PS_CE_OP_OH_TMP,BUSINESS_UNIT | OP_SEQUENCE | OVHD_RATE_CODE | PROCESS_INSTANCE | PRODUCTION_ID,Supply Chain / Logistique / Production,0.5,"['Supply Chain / Logistique / Production', 'IT & Sécurité']",coin_flip_reject
1096682,CE_PWHT_BSE_T,PS_CE_PWHT_BSE_T,BUSINESS_UNIT | CE_LOOP_NBR | CE_WGHT_BASE | CM_BOOK | PROCESS_INSTANCE | PRODUCTION_ID,Supply Chain / Logistique / Production,0.5,"['IT & Sécurité', 'Supply Chain / Logistique / Production']",coin_flip_reject
1096701,CE_ROLLUP_REQ,PS_CE_ROLLUP_REQ,AS_OF_DATE | BOM_CODE | BOM_STATE | BOM_TYPE | BUSINESS_UNIT | CE_COST_TYPE | COST_GROUP_CD | COST_VERSION | DTTM_STAMP_SEC | EN_ITEM_TO_ID | EXPL_PURCH_ITEMS | INV_ITEM_ID | INV_ITEM_ID_OPTION | OPRID | PROCESS_FREQUENCY | PROCESS_INSTANCE | PROCESS_ORIG | PROCESS_STATUS | RECALC_CONFIG | RECALC_HIGHER | RECALC_LOWER | REQUEST_ID | RTG_CODE | RTG_STATE | RUN_CNTL_ID | USE_CURRENT_COST,Finance & Contrôle,0.5,"['Finance & Contrôle', 'Achats & Fournisseurs']",coin_flip_reject
1097066,CF_VAL_MAPPING,PS_CF_VAL_MAPPING,CHARTFIELD | CHARTFIELD_VALUE | RANGE_FROM | RANGE_TO | SETID | SETID_FROM | SETID_TO,Finance & Contrôle,0.5,"['Finance & Contrôle', 'Other']",coin_flip_reject
1097084,CFV_SET_CF_TBL,PS_CFV_SET_CF_TBL,CFV_SET | EFFDT | FIELDNAME | HOW_FIELD_SPECIFY | SETID | TREE_LEVEL | TREE_NAME,IT & Sécurité,0.5,"['Other', 'IT & Sécurité']",coin_flip_reject
1097169,CHNG_MAP_RECFLD,PS_CHNG_MAP_RECFLD,CHNG_MAP_TMPLT_ID | FIELDNAME_SOURCE | FIELDNAME_TARGET | FIELDNUM | FIELDTYPE | RECNAME_SOURCE | RECNAME_TARGET,IT & Sécurité,0.5,"['Other', 'IT & Sécurité']",coin_flip_reject
1097308,CLOSE_DFLT_TBL,PS_CLOSE_DFLT_TBL,CF_VALUE_OPTION | CHARTFIELD | CHARTFIELD_VALUE | CLOSING_SET | EFFDT | SETID | VERSION_NUM,Finance & Contrôle,0.5,"['Other', 'Finance & Contrôle']",coin_flip_reject
1097420,CM_ACCTG_LNG,PS_CM_ACCTG_LNG,DESCR | LANGUAGE_CD | OPRID | REQUEST_ID | RUN_CNTL_ID,IT & Sécurité,0.5,"['IT & Sécurité', 'Finance & Contrôle']",coin_flip_reject
1097520,CM_APRECN_TAO2,PS_CM_APRECN_TAO2,BUSINESS_UNIT_RECV | INV_ITEM_ID | PROCESS_INSTANCE | RECEIVER_ID | RECV_LN_NBR | RECV_SHIP_SEQ_NBR | REQUEST_ID | RUN_CNTL_ID,Supply Chain / Logistique / Production,0.5,"['Supply Chain / Logistique / Production', 'Achats & Fournisseurs']",coin_flip_reject
1097550,CM_BOOK_DEFN,PS_CM_BOOK_DEFN,CM_BOOK | COMMENTS | DESCR | IFRS_FLG | SETID,Finance & Contrôle,0.5,"['Other', 'Finance & Contrôle']",coin_flip_reject
1098011,CM_MAT_CST_T,PS_CM_MAT_CST_T,BUSINESS_UNIT_IN | BUSINESS_UNIT_RECV | CM_SEQ_COST | DISTRIB_LINE_NUM | MISC_CHARGE_CODE | PROCESS_INSTANCE | RECEIVER_ID | RECV_LN_NBR | RECV_SHIP_SEQ_NBR,Finance & Contrôle,0.5,"['Finance & Contrôle', 'Supply Chain / Logistique / Production']",coin_flip_reject
1098105,CM_OH_SNP2_TBL,PS_CM_OH_SNP2_TBL,ACCOUNT | ALTACCT | BUSINESS_UNIT | CM_BOOK | CM_DEPLETE_QTY | CM_DT_TIMESTAMP_A | CM_GROUP | CM_ONHAND_QTY | CM_RECEIPT_QTY | CM_SEQ_NBR_A | CM_UNIT_COST | CONFIG_CODE | CONSIGNED_FLAG | COST_ELEMENT | DESCR60 | DT_TIMESTAMP | INTRANSIT_FLAG | INV_ITEM_ID | INV_LOT_ID | MONETARY_AMOUNT | PROCESS_INSTANCE | RECEIVER_ID | RECV_LN_NBR | SEQ_NBR | SERIAL_ID | SOURCE_BUS_UNIT | STORAGE_AREA | TRANSACTION_DATE | TRANSACTION_GROUP | UNIT_MEASURE_STD,Supply Chain / Logistique / Production,0.5,"['Supply Chain / Logistique / Production', 'Finance & Contrôle']",coin_flip_reject
1098249,CM_RCV_COST_INV,PS_CM_RCV_COST_INV,ACTUAL_COST | BUSINESS_UNIT | CONTAINER_ID | COST_ELEMENT | INV_ITEM_ID | INV_LOT_ID | JOB_INSTANCE | PROCESS_INSTANCE | RECEIVER_ID | RECV_LN_NBR | SERIAL_ID | STAGED_DATE | STORAGE_AREA | STOR_LEVEL_1 | STOR_LEVEL_2 | STOR_LEVEL_3 | STOR_LEVEL_4 | UNIT_OF_MEASURE,Supply Chain / Logistique / Production,0.5,"['Finance & Contrôle', 'Supply Chain / Logistique / Production']",coin_flip_reject
1098352,CM_TRANVAR,PS_CM_TRANVAR,BUSINESS_UNIT | CM_BOOK | CM_DT_TIMESTAMP | CM_DT_TIMESTAMP_A | CM_SEQ_NBR | CM_SEQ_NBR_A | CM_SEQ_VARIANCE | CONSIGNED_FLAG | DT_TIMESTAMP | INV_ITEM_ID | POSTED_FLAG | PROCESS_INSTANCE | QTY_BASE | SEQ_NBR | TRANSACTION_GROUP | UNIT_MEASURE_STD,Supply Chain / Logistique / Production,0.5,"['Supply Chain / Logistique / Production', 'IT & Sécurité']",coin_flip_reject
1098387,CM_TV,PS_CM_TV,BUSINESS_UNIT | CM_BOOK | CM_DT_TIMESTAMP | CM_DT_TIMESTAMP_A | CM_SEQ_NBR | CM_SEQ_NBR_A | CM_SEQ_VARIANCE | CONSIGNED_FLAG | DT_TIMESTAMP | INV_ITEM_ID | POSTED_FLAG | PROCESS_INSTANCE | QTY_BASE | SEQ_NBR | TRANSACTION_GROUP | UNIT_MEASURE_STD,Supply Chain / Logistique / Production,0.5,"['Supply Chain / Logistique / Production', 'IT & Sécurité']",coin_flip_reject
1098396,CM_UNDEPL_HST,PS_CM_UNDEPL_HST,BUSINESS_UNIT | CM_BOOK | CM_COST_PROC_GROUP | CM_DTTM_IN_EFFECT | CM_DTTM_STAMP | CM_SEQ_COST | CONSIGNED_FLAG | DT_TIMESTAMP | INV_ITEM_ID | INV_LOT_ID | MESSAGE_NBR | MESSAGE_SET_NBR | OP_SEQUENCE | POSTED_FLAG | PROCESS_INSTANCE | PRODUCTION_ID | QTY_BASE | SEQ_NBR | SERIAL_ID | STORAGE_AREA | TO_CONSIGNED_FLG | TRANSACTION_DATE | TRANSACTION_GROUP | UNIT_MEASURE_STD,Finance & Contrôle,0.5,"['Finance & Contrôle', 'Supply Chain / Logistique / Production']",coin_flip_reject
1098539,CNAO_CSFL_ITEM,PS_CNAO_CSFL_ITEM,CFI_BTM_LEVEL | CFI_PARENT | CFI_SRC | CSFL_ITEM_ATTR | CSFL_ITEM_LEVEL | CSFL_ITEM_NM | CSFL_ITEM_NO | DESCR254,Supply Chain / Logistique / Production,0.5,"['Supply Chain / Logistique / Production', 'Other']",coin_flip_reject
1098614,CNAO_SUBSI_ITM,PS_CNAO_SUBSI_ITM,DESCR254 | RECNAME | SUBSDRY_ITM_ID | SUBSDRY_ITM_NM | SUBSDRY_ITM_TP | TABLENAME,Supply Chain / Logistique / Production,0.5,"['Supply Chain / Logistique / Production', 'Other']",coin_flip_reject
1099045,CNTRCT_RLS_HDR,PS_CNTRCT_RLS_HDR,ACCOUNTING_DT | BILL_LOCATION | BUSINESS_UNIT | BUYER_ID | CNTCT_SEQ_NUM | CNTRCT_ID | COMMENTS_2000 | CURRENCY_CD | CUSTOM_C100_A1 | CUSTOM_C100_A2 | CUSTOM_C100_A3 | CUSTOM_C100_A4 | CUSTOM_C1_A | CUSTOM_DATE_A | DESCR | DST_CNTRL_ID | EIN_FEDERAL | EIN_STATE_LOCAL | FREIGHT_AMT | GROSS_AMT | IN_PROCESS_FLG | INVOICE_ID | MISC_AMT | OPRID | ORIGIN | PAY_TRM_BSE_DT_OPT | PO_ID | PREPAID_REF | PROCESS_INSTANCE | PYMNT_TERMS_CD | RATE_DATE | RELEASE_STATUS | RELEASE_TYPE | RT_TYPE | SALETX_AMT | SEQ_NUM | SETID | TAX_CD_VAT | TAX_EXEMPT | TAX_EXEMPT_ID | TERMS_BASIS_DT | TRANS_DATE | USER_HDR_CHAR1 | VAT_CALC_FRGHT_FLG | VAT_CALC_GROSS_NET | VAT_CALC_MISC_FLG | VAT_CALC_TYPE | VAT_DCLRTN_POINT | VAT_ENTRD_AMT | VAT_RCRD_INPT_FLG | VAT_RCRD_OUTPT_FLG | VAT_RECALC_FLG | VAT_RECOVERY_PCT | VAT_ROUND_RULE | VAT_TXN_TYPE_CD | VCHR_SRC | VENDOR_ID | VENDOR_SETID | VERSION_NBR | VNDR_LOC | VOUCHER_ID,Finance & Contrôle,0.5,"['Achats & Fournisseurs', 'Finance & Contrôle']",coin_flip_reject
1099256,COMBO_SEL_02,PS_COMBO_SEL_02,CHARTFIELD | COMBINATION | EFFDT_FROM | EFFDT_TO | PROCESS_GROUP | RANGE_FROM_02 | RANGE_TO_02 | SEQUENCE_NBR_6 | SETID | TREE_EFFDT,IT & Sécurité,0.5,"['Other', 'IT & Sécurité']",coin_flip_reject
1099268,COMBO_SEL_14,PS_COMBO_SEL_14,CHARTFIELD | COMBINATION | EFFDT_FROM | EFFDT_TO | PROCESS_GROUP | RANGE_FROM_14 | RANGE_TO_14 | SEQUENCE_NBR_6 | SETID | TREE_EFFDT,IT & Sécurité,0.5,"['Other', 'IT & Sécurité']",coin_flip_reject
1099272,COMBO_SEL_18,PS_COMBO_SEL_18,CHARTFIELD | COMBINATION | EFFDT_FROM | EFFDT_TO | PROCESS_GROUP | RANGE_FROM_18 | RANGE_TO_18 | SEQUENCE_NBR_6 | SETID | TREE_EFFDT,IT & Sécurité,0.5,"['Other', 'IT & Sécurité']",coin_flip_reject
1099275,COMBO_SEL_21,PS_COMBO_SEL_21,CHARTFIELD | COMBINATION | EFFDT_FROM | EFFDT_TO | PROCESS_GROUP | RANGE_FROM_21 | RANGE_TO_21 | SEQUENCE_NBR_6 | SETID | TREE_EFFDT,IT & Sécurité,0.5,"['Other', 'IT & Sécurité']",coin_flip_reject
1099277,COMBO_SEL_23,PS_COMBO_SEL_23,CHARTFIELD | COMBINATION | EFFDT_FROM | EFFDT_TO | PROCESS_GROUP | RANGE_FROM_23 | RANGE_TO_23 | SEQUENCE_NBR_6 | SETID | TREE_EFFDT,IT & Sécurité,0.5,"['Other', 'IT & Sécurité']",coin_flip_reject
1099284,COMBO_SEL_30,PS_COMBO_SEL_30,CHARTFIELD | COMBINATION | EFFDT_FROM | EFFDT_TO | PROCESS_GROUP | RANGE_FROM_30 | RANGE_TO_30 | SEQUENCE_NBR_6 | SETID | TREE_EFFDT,IT & Sécurité,0.5,"['Other', 'IT & Sécurité']",coin_flip_reject
1099339,COMMENTS_TBL,PS_COMMENTS_TBL,COMMENT_ID | COMMENTS_2000 | OPRID | RANDOM_CMMT_NBR | SHARED_FLG,IT & Sécurité,0.5,"['IT & Sécurité', 'Other']",coin_flip_reject
1099421,CONSMR_SRVC_INV,PS_CONSMR_SRVC_INV,CONSUMER_ID | DESCR40 | LAST_DTTM_UPDATE | LAST_OPRID | LOCATION | SERVICE_CLASS | SERVICE_END_DTTM | SERVICE_ID | SERVICE_MGR | SERVICE_START_DTTM | SERVICE_TYPE_CD | SETID,Finance & Contrôle,0.5,"['Finance & Contrôle', 'Other']",coin_flip_reject
1099488,CONSUMER_TMP,PS_CONSUMER_TMP,CONSUMER_ID | CONSUMER_NAME | SAVE_PB | SETID,Ventes & Clients,0.5,"['Other', 'Ventes & Clients']",coin_flip_reject
1099559,CONV_DT_TBL,PS_CONV_DT_TBL,BEGIN_DEPR_DT | BEGIN_DT | CALENDAR_ID | CONVENTION | END_DT | SETID,Finance & Contrôle,0.5,"['Other', 'Finance & Contrôle']",coin_flip_reject
1099965,CP_OPT_HDR_TEO1,PS_CP_OPT_HDR_TEO1,BUSINESS_UNIT | BUSINESS_UNIT_IN | BUSINESS_UNIT_PO | COMP_OCCUR | CONFIG_CODE | CP_COMP_SEQ | CP_MODE | CP_TEMPLATE_ID | EO_FROM_CURRENCY | EO_PROCESS_INST | INV_ITEM_ID | LASTUPDDTTM | MFG_PROCESS_FLG | MFG_PURCH_FLG | OPTIONAL_SHIP | ORDER_INT_LINE_NO | ORDER_NO | PARENT_ITEM_ID | PO_DISTRIB_STATUS | PRDN_AREA_CODE | PRICE_REQ | PROCESS_INSTANCE | PRODUCT_ID | PRODUCTION_ID | QTY_CODE | QTY_PER | QTY_REQ | REQ_ID | REQ_LINE_NBR | REQ_SCHED_NBR | SCHED_ARRV_DTTM | UNIT_OF_MEASURE,Supply Chain / Logistique / Production,0.5,"['Achats & Fournisseurs', 'Supply Chain / Logistique / Production']",coin_flip_reject
1100033,CP_RULE_COMMENT,PS_CP_RULE_COMMENT,CP_AREA | CP_COMMENT | RULE_NUMBER | SETID,IT & Sécurité,0.5,"['Other', 'IT & Sécurité']",coin_flip_reject
1100041,CP_RULE_H_LANG,PS_CP_RULE_H_LANG,CP_AREA | LANGUAGE_CD | RULE_DESCRIPTION | RULE_NUMBER | RULE_PANEL_TITLE | SETID,IT & Sécurité,0.5,"['IT & Sécurité', 'Other']",coin_flip_reject
1100333,CS_CNT_AG,PS_CS_CNT_AG,CAT_LINE_NBR | CNTRCT_ID | CNTRCT_LINE_NBR | CS_ACT_RESULT_DATE | CS_ACT_RESULT_NUM | CS_ACT_RESULT_YN | CS_AGREE_CD | CS_AGREE_SEQ5 | CS_COMMENTS | CS_COMMENTS254 | CS_COMPLIANCE_STAT | CS_INCL_IN_CNTRCT | CS_METRIC_ID | CS_RESULT_DATE | CS_RESULT_NUMERIC | CS_RESULT_TYPE | CS_RESULT_YN | CS_SETID | CS_TARGET_DATE | CS_TOLRNCE_PERCENT | CURRENCY_CD | DESCR60 | LAST_UPDATE_DTTM | OPRID_LAST_UPDT | SETID | UNIT_OF_MEASURE | VERSION_NBR,Finance & Contrôle,0.5,"['Finance & Contrôle', 'Achats & Fournisseurs']",coin_flip_reject
1100339,CS_CNT_AG_CHWF,PS_CS_CNT_AG_CHWF,CAT_LINE_NBR | CHNG_CHAR_VALUE | CHNG_DATE_VALUE | CHNG_DTTM_VALUE | CHNG_LONG_VALUE | CHNG_NBR_VALUE | CHNG_ORD_SEQ | CHNG_TIME_VALUE | CHNG_TYPE | CNTRCT_ID | CNTRCT_LINE_NBR | CS_AGREE_SEQ5 | CS_VERIFY_SEQ | CS_WORKFLOW_SEQ | FIELDNAME | LAST_DTTM_UPDATE | OPRID_MODIFIED_BY | REASON_SEQ | SETID | VERSION_NBR,Achats & Fournisseurs,0.5,"['Achats & Fournisseurs', 'IT & Sécurité']",coin_flip_reject
1100407,CS_CNT_CONT_TMP,PS_CS_CNT_CONT_TMP,CNTCT_SEQ_NUM | CNTRCT_ID | CS_EXT_CNTCT_FLG | SETID | VERSION_NBR,Other,0.5,"['Other', 'Achats & Fournisseurs']",coin_flip_reject
1100546,CS_CT_CMMT_OB,PS_CS_CT_CMMT_OB,ALLOW_MODIFY | APPR_JUSTIFY_FLG | ATTACH_DESCR | ATT_VERSION | CNTRCT_ID | CNTRCT_LINE_NBR | COMMENT_ID | COMMENTS_2000 | COMMENT_TYPE | COPY_TO_PO | FILE_EXTENSION | FILENAME | OPRID | PROCESS_INSTANCE | PUBLIC_FLG | PUBLIC_FLG_ATTACH | RANDOM_CMMT_NBR | RECV_VIEW_FLG | SCM_ATTACH_ID | SETID | SHARED_FLG | SOURCE_BU_SETID | SOURCE_FROM | SOURCE_ID | SOURCE_LINE_NBR | STATUS | SUBNODE | VCHR_VIEW_FLG | VERSION_NBR,Achats & Fournisseurs,0.5,"['Achats & Fournisseurs', 'IT & Sécurité']",coin_flip_reject
1100632,CS_DOC_ADH_KEYS,PS_CS_DOC_ADH_KEYS,CS_ADHOC_ID | CS_DOC_ID | SETID,Other,0.5,"['Other', 'IT & Sécurité']",coin_flip_reject
1100691,CS_DOC_COLEXHIS,PS_CS_DOC_COLEXHIS,COLLABED_DTTM | CS_CHECK_INOUT | CS_COLLAB_AMEND | CS_COLLAB_COMMENTS | CS_COLLAB_MAIN | CS_COLLAB_STATUS | CS_DOC_COLLAB_VER | CS_DOC_ID | OPRID_EXT,RH,0.5,"['RH', 'IT & Sécurité']",coin_flip_reject
1100704,CS_DOC_DSP_HIST,PS_CS_DOC_DSP_HIST,CNTCT_SEQ_NUM | CONTACT_NAME | CONTACT_TITLE | CS_DOC_DISP_VER | CS_DOC_ID | CS_EXT_CNTCT_FLG | EMAILID,Ventes & Clients,0.5,"['Other', 'Ventes & Clients']",coin_flip_reject
1101021,CS_OBJECT_CHILD,PS_CS_OBJECT_CHILD,CS_BODY_TYPE | CS_CHILD_OBJID | CS_NUMBERING_FLG | CS_OBJECT_ID | CS_OBJECT_TYPE | CS_OBJ_TYPE_CHILD | EFFDT | SEQ_NUMBER | SETID | SORT_SEQ_NBR,IT & Sécurité,0.5,"['Other', 'IT & Sécurité']",coin_flip_reject
1101239,CS_SRC_STRUCT,PS_CS_SRC_STRUCT,CS_LEVEL | CS_PAR_RECNAME | CS_PSOFT_ADDED | CS_SOURCE_TRANS | CS_SRC_RECNAME,IT & Sécurité,0.5,"['Other', 'IT & Sécurité']",coin_flip_reject
1101586,CURR_REQBU_TBL,PS_CURR_REQBU_TBL,BUSINESS_UNIT | OPRID | REQUEST_NBR | RUN_CNTL_ID,Achats & Fournisseurs,0.5,"['Achats & Fournisseurs', 'IT & Sécurité']",coin_flip_reject
1101800,CUST_ATT,PS_CUST_ATT,ATTACHSYSFILENAME | ATTACH_TYPE | ATTACHUSERFILE | ATT_VERSION | CUST_ID | DESCR | SCM_ATTACH_ID | SETID,Ventes & Clients,0.5,"['Other', 'Ventes & Clients']",coin_flip_reject
1101964,CUST_DATA_TEOA,PS_CUST_DATA_TEOA,ASOF_DT | DTTM_STAMP | EO_AUDIT_FLG | EXCEPTION_INFO | FIELDNAME | FIELD_VALUE | FROM_CURRENCY | KEY10_FLDNAME | KEY10_FLD_VAL | KEY11_FLDNAME | KEY11_FLD_VAL | KEY12_FLDNAME | KEY12_FLD_VAL | KEY13_FLDNAME | KEY13_FLD_VAL | KEY14_FLDNAME | KEY14_FLD_VAL | KEY15_FLDNAME | KEY15_FLD_VAL | KEY16_FLDNAME | KEY16_FLD_VAL | KEY1_FLDNAME | KEY1_FLD_VAL | KEY2_FLDNAME | KEY2_FLD_VAL | KEY3_FLDNAME | KEY3_FLD_VAL | KEY4_FLDNAME | KEY4_FLD_VAL | KEY5_FLDNAME | KEY5_FLD_VAL | KEY6_FLDNAME | KEY6_FLD_VAL | KEY7_FLDNAME | KEY7_FLD_VAL | KEY8_FLDNAME | KEY8_FLD_VAL | KEY9_FLDNAME | KEY9_FLD_VAL | OPRID | PROCESS_INSTANCE | PROC_GRP_ID | RATE_DIV | RATE_MULT | RECNAME | RT_DIV_FLDNAME | RT_MULT_FLDNAME | RULE_INSTNC_NBR | RUN_CNTL_ID | TO_CURRENCY,Ventes & Clients,0.5,"['Ventes & Clients', 'IT & Sécurité']",coin_flip_reject
1101981,CUST_DITEM_CAT,PS_CUST_DITEM_CAT,DATA_CATEGORY,Ventes & Clients,0.5,"['Other', 'Ventes & Clients']",coin_flip_reject
1102176,CUSTOMER,PS_CUSTOMER,ADD_DT | ADDRESS_SEQ_BRK | ADDRESS_SEQ_IND | ADDRESS_SEQ_NUM | ADDRESS_SEQ_SHIP | ADDRESS_SEQ_SOLD | ALLOW_COPI | BILL_TO_FLG | BROKER_FLG | CFDA_NBR | CNTCT_SEQ_IPAC | CNTCT_SEQ_NUM | CNTCT_SEQ_SHIP | CNTCT_SEQ_SOLD | CONSOL_BUS_UNIT | CONT_ALLOW_PCT | CONT_NO_ALLW_PCT | CORPORATE_CUST_ID | CORPORATE_SETID | COST_LIV_INCR_PCT | CRSPD_CUST_ID | CRSPD_SETID | CURRENCY_CD | CUR_RT_TYPE | CUST_FIELD_C10_A | CUST_FIELD_C10_B | CUST_FIELD_C10_C | CUST_FIELD_C10_D | CUST_FIELD_C1_A | CUST_FIELD_C1_B | CUST_FIELD_C1_C | CUST_FIELD_C1_D | CUST_FIELD_C2 | CUST_FIELD_C30_A | CUST_FIELD_C30_B | CUST_FIELD_C30_C | CUST_FIELD_C30_D | CUST_FIELD_C4 | CUST_FIELD_C6 | CUST_FIELD_C8 | CUST_FIELD_N12_A | CUST_FIELD_N12_B | CUST_FIELD_N12_C | CUST_FIELD_N12_D | CUST_FIELD_N15_A | CUST_FIELD_N15_B | CUST_FIELD_N15_C | CUST_FIELD_N15_D | CUST_ID | CUST_LEVEL | CUSTOMER_ALC | CUSTOMER_DO | CUSTOMER_TYPE | CUST_STATUS | CUST_STATUS_DT | CUST_USF_STATUS | DATE_LAST_MAINT | EMPLID | EXPIRATION_DATE | EXP_PENDING | FA_SPNSR_BASE_ID | FEDERAL_INDICATOR | FED_SHARE_PCT | FED_SP_TYPE | FOREIGN_FLAG | FORMER_NAME_1 | FORMER_NAME_2 | FSS_OFFSET_DAYS | GGOV_FLG | GM_DEL_LOC_REFS_SW | GM_FEDERAL_FLAG | GM_LOC_SPONSOR_ID | GRANTS_SPONSOR_FLG | HOLD_UNPAID_BI | HOLD_UPDATE_SW | INDIRECT_CUST_FLG | IPAC_INTERFACE | LAST_MAINT_OPRID | LASTUPDDTTM | LOC_INDICATOR | MULTI_PI | NAME1 | NAME1_AC | NAME2 | NAME2_AC | NAME3 | NAME3_AC | NAMESHORT | OFAC_STATUS | PARENT_CUST_ID | PARENT_SETID | REASON_CD | REFER_TO_CUST_ID | REFER_TO_SETID | REMIT_FROM_CUST_ID | REMIT_FROM_SETID | REPORTS_TO_SPONSOR | REVIEW_DAYS | ROLEUSER | SETID | SHIP_TO_FLG | SINCE_DT | SOLD_TO_FLG | SOURCE_SYSTEM | SPNSR_LEVEL | SPNSR_PROGRAM | SPNSR_SALARY_CAP | SPNSR_TYPE | STCUST_DAYS | STOCK_SYMBOL | SUBCUST_QUAL1 | SUBCUST_QUAL2 | SUBCUST_USE | SYMBOL_REQ | TAXPAYER_ID | TEMPLATE_ADDR | TRADING_PARTNER | US_FLAG_CARRIER | VENDOR_ID | VENDOR_SETID | WEB_URL,RH,0.5,"['RH', 'Ventes & Clients']",coin_flip_reject
1102190,CUST_OPT_TAO,PS_CUST_OPT_TAO,CUST_ID | DRAFT_APPROVAL | DRAFT_DOC | EFFDT | EFF_STATUS | GRACE_DISC_DAYS | GRACE_DUE_DAYS | LAST_MAINT_OPRID | PAYMENT_METHOD | PP_HOLD | PP_METHOD | PROCESS_INSTANCE | PYMNT_TERMS_CD | REF_QUALIFIER_CODE | RETENTION_DAYS | SETID,Ventes & Clients,0.5,"['Ventes & Clients', 'Finance & Contrôle']",coin_flip_reject
1102314,CUST_SOLDTO_OPT,PS_CUST_SOLDTO_OPT,ADJUST_BAPRC_FLG | CUST_ID | DATE_LAST_MAINT | EFFDT | EFF_STATUS | EOEP_ARB_ID | FRT_CHRG_METHOD | GRACE_PRICE_DAYS | LABEL_FORMAT_ID2 | LABEL_FORMAT_ID3 | LAST_MAINT_OPRID | LASTUPDDTTM | LOAD_PRICE_RULE | PRICE_PROGRAM | PROD_ID_SRC | PROD_SUBSTITUTE | RECEIPT_TRACK_FLG | RESTOCK_FEE_FLAG | SETID | UPN_TYPE_CD | VMI_ORDER_CONSOL | VMI_ORDER_VERIFY,Ventes & Clients,0.5,"['Finance & Contrôle', 'Ventes & Clients']",coin_flip_reject
1102347,CUST_TEO2,PS_CUST_TEO2,ADD_DT | ADDRESS_SEQ_BRK | ADDRESS_SEQ_IND | ADDRESS_SEQ_NUM | ADDRESS_SEQ_SHIP | ADDRESS_SEQ_SOLD | ALLOW_COPI | BILL_TO_FLG | BROKER_FLG | CFDA_NBR | CNTCT_SEQ_IPAC | CNTCT_SEQ_NUM | CNTCT_SEQ_SHIP | CNTCT_SEQ_SOLD | CONSOL_BUS_UNIT | CONT_ALLOW_PCT | CONT_NO_ALLW_PCT | CORPORATE_CUST_ID | CORPORATE_SETID | COST_LIV_INCR_PCT | CRSPD_CUST_ID | CRSPD_SETID | CURRENCY_CD | CUR_RT_TYPE | CUST_FIELD_C10_A | CUST_FIELD_C10_B | CUST_FIELD_C10_C | CUST_FIELD_C10_D | CUST_FIELD_C1_A | CUST_FIELD_C1_B | CUST_FIELD_C1_C | CUST_FIELD_C1_D | CUST_FIELD_C2 | CUST_FIELD_C30_A | CUST_FIELD_C30_B | CUST_FIELD_C30_C | CUST_FIELD_C30_D | CUST_FIELD_C4 | CUST_FIELD_C6 | CUST_FIELD_C8 | CUST_FIELD_N12_A | CUST_FIELD_N12_B | CUST_FIELD_N12_C | CUST_FIELD_N12_D | CUST_FIELD_N15_A | CUST_FIELD_N15_B | CUST_FIELD_N15_C | CUST_FIELD_N15_D | CUST_ID | CUST_LEVEL | CUSTOMER_ALC | CUSTOMER_DO | CUSTOMER_TYPE | CUST_STATUS | CUST_STATUS_DT | CUST_USF_STATUS | DATE_LAST_MAINT | EMPLID | EO_FROM_CURRENCY | EO_PROCESS_INST | EXPIRATION_DATE | EXP_PENDING | FA_SPNSR_BASE_ID | FEDERAL_INDICATOR | FED_SHARE_PCT | FED_SP_TYPE | FOREIGN_FLAG | FORMER_NAME_1 | FORMER_NAME_2 | FSS_OFFSET_DAYS | GGOV_FLG | GM_DEL_LOC_REFS_SW | GM_FEDERAL_FLAG | GM_LOC_SPONSOR_ID | GRANTS_SPONSOR_FLG | HOLD_UPDATE_SW | INDIRECT_CUST_FLG | IPAC_INTERFACE | LAST_MAINT_OPRID | LASTUPDDTTM | LOC_INDICATOR | MULTI_PI | NAME1 | NAME1_AC | NAME2 | NAME2_AC | NAME3 | NAME3_AC | NAMESHORT | OFAC_STATUS | PARENT_CUST_ID | PARENT_SETID | REASON_CD | REFER_TO_CUST_ID | REFER_TO_SETID | REMIT_FROM_CUST_ID | REMIT_FROM_SETID | REPORTS_TO_SPONSOR | REVIEW_DAYS | ROLEUSER | SETID | SHIP_TO_FLG | SINCE_DT | SOLD_TO_FLG | SOURCE_SYSTEM | SPNSR_LEVEL | SPNSR_PROGRAM | SPNSR_SALARY_CAP | SPNSR_TYPE | STCUST_DAYS | STOCK_SYMBOL | SUBCUST_QUAL1 | SUBCUST_QUAL2 | SUBCUST_USE | SYMBOL_REQ | TAXPAYER_ID | TEMPLATE_ADDR | TRADING_PARTNER | US_FLAG_CARRIER | VENDOR_ID | VENDOR_SETID | WEB_URL,RH,0.5,"['RH', 'Ventes & Clients']",coin_flip_reject
1102348,CUST_TEO3,PS_CUST_TEO3,ADD_DT | ADDRESS_SEQ_BRK | ADDRESS_SEQ_IND | ADDRESS_SEQ_NUM | ADDRESS_SEQ_SHIP | ADDRESS_SEQ_SOLD | ALLOW_COPI | BILL_TO_FLG | BROKER_FLG | CFDA_NBR | CNTCT_SEQ_IPAC | CNTCT_SEQ_NUM | CNTCT_SEQ_SHIP | CNTCT_SEQ_SOLD | CONSOL_BUS_UNIT | CONT_ALLOW_PCT | CONT_NO_ALLW_PCT | CORPORATE_CUST_ID | CORPORATE_SETID | COST_LIV_INCR_PCT | CRSPD_CUST_ID | CRSPD_SETID | CURRENCY_CD | CUR_RT_TYPE | CUST_FIELD_C10_A | CUST_FIELD_C10_B | CUST_FIELD_C10_C | CUST_FIELD_C10_D | CUST_FIELD_C1_A | CUST_FIELD_C1_B | CUST_FIELD_C1_C | CUST_FIELD_C1_D | CUST_FIELD_C2 | CUST_FIELD_C30_A | CUST_FIELD_C30_B | CUST_FIELD_C30_C | CUST_FIELD_C30_D | CUST_FIELD_C4 | CUST_FIELD_C6 | CUST_FIELD_C8 | CUST_FIELD_N12_A | CUST_FIELD_N12_B | CUST_FIELD_N12_C | CUST_FIELD_N12_D | CUST_FIELD_N15_A | CUST_FIELD_N15_B | CUST_FIELD_N15_C | CUST_FIELD_N15_D | CUST_ID | CUST_LEVEL | CUSTOMER_ALC | CUSTOMER_DO | CUSTOMER_TYPE | CUST_STATUS | CUST_STATUS_DT | CUST_USF_STATUS | DATE_LAST_MAINT | EMPLID | EO_FROM_CURRENCY | EO_PROCESS_INST | EXPIRATION_DATE | EXP_PENDING | FA_SPNSR_BASE_ID | FEDERAL_INDICATOR | FED_SHARE_PCT | FED_SP_TYPE | FOREIGN_FLAG | FORMER_NAME_1 | FORMER_NAME_2 | FSS_OFFSET_DAYS | GGOV_FLG | GM_DEL_LOC_REFS_SW | GM_FEDERAL_FLAG | GM_LOC_SPONSOR_ID | GRANTS_SPONSOR_FLG | HOLD_UPDATE_SW | INDIRECT_CUST_FLG | IPAC_INTERFACE | LAST_MAINT_OPRID | LASTUPDDTTM | LOC_INDICATOR | MULTI_PI | NAME1 | NAME1_AC | NAME2 | NAME2_AC | NAME3 | NAME3_AC | NAMESHORT | OFAC_STATUS | PARENT_CUST_ID | PARENT_SETID | REASON_CD | REFER_TO_CUST_ID | REFER_TO_SETID | REMIT_FROM_CUST_ID | REMIT_FROM_SETID | REPORTS_TO_SPONSOR | REVIEW_DAYS | ROLEUSER | SETID | SHIP_TO_FLG | SINCE_DT | SOLD_TO_FLG | SOURCE_SYSTEM | SPNSR_LEVEL | SPNSR_PROGRAM | SPNSR_SALARY_CAP | SPNSR_TYPE | STCUST_DAYS | STOCK_SYMBOL | SUBCUST_QUAL1 | SUBCUST_QUAL2 | SUBCUST_USE | SYMBOL_REQ | TAXPAYER_ID | TEMPLATE_ADDR | TRADING_PARTNER | US_FLAG_CARRIER | VENDOR_ID | VENDOR_SETID | WEB_URL,RH,0.5,"['RH', 'Ventes & Clients']",coin_flip_reject
1102349,CUST_TEOA,PS_CUST_TEOA,ASOF_DT | DTTM_STAMP | EO_AUDIT_FLG | EXCEPTION_INFO | FIELDNAME | FIELD_VALUE | FROM_CURRENCY | KEY10_FLDNAME | KEY10_FLD_VAL | KEY11_FLDNAME | KEY11_FLD_VAL | KEY12_FLDNAME | KEY12_FLD_VAL | KEY13_FLDNAME | KEY13_FLD_VAL | KEY14_FLDNAME | KEY14_FLD_VAL | KEY15_FLDNAME | KEY15_FLD_VAL | KEY16_FLDNAME | KEY16_FLD_VAL | KEY1_FLDNAME | KEY1_FLD_VAL | KEY2_FLDNAME | KEY2_FLD_VAL | KEY3_FLDNAME | KEY3_FLD_VAL | KEY4_FLDNAME | KEY4_FLD_VAL | KEY5_FLDNAME | KEY5_FLD_VAL | KEY6_FLDNAME | KEY6_FLD_VAL | KEY7_FLDNAME | KEY7_FLD_VAL | KEY8_FLDNAME | KEY8_FLD_VAL | KEY9_FLDNAME | KEY9_FLD_VAL | OPRID | PROCESS_INSTANCE | PROC_GRP_ID | RATE_DIV | RATE_MULT | RECNAME | RT_DIV_FLDNAME | RT_MULT_FLDNAME | RULE_INSTNC_NBR | RUN_CNTL_ID | TO_CURRENCY,Ventes & Clients,0.5,"['Ventes & Clients', 'IT & Sécurité']",coin_flip_reject
1102467,DATA_BAL_SEQ_DT,PS_DATA_BAL_SEQ_DT,EFFDT | EFF_STATUS | FILE_TYPE_FED | SETID,Finance & Contrôle,0.5,"['Finance & Contrôle', 'Other']",coin_flip_reject
1102709,DEMAND_CF_TMP,PS_DEMAND_CF_TMP,ACCOUNT | ACTIVITY_ID | AFFILIATE | AFFILIATE_INTRA1 | AFFILIATE_INTRA2 | ALTACCT | ANALYSIS_TYPE | BUDGET_REF | BUSINESS_UNIT | BUSINESS_UNIT_PC | CHARTFIELD1 | CHARTFIELD2 | CHARTFIELD3 | CLASS_FLD | COMBO_VALID_FLG | DEMAND_LINE_NO | DEMAND_SOURCE | DEPTID | FUND_CODE | INV_ITEM_ID | OPERATING_UNIT | ORDER_INT_LINE_NO | ORDER_NO | PRODUCT | PROGRAM_CODE | PROJECT_ID | RESOURCE_CATEGORY | RESOURCE_SUB_CAT | RESOURCE_TYPE | SCHED_LINE_NBR | SOURCE_BUS_UNIT,Supply Chain / Logistique / Production,0.5,"['Supply Chain / Logistique / Production', 'Finance & Contrôle']",coin_flip_reject
1103287,DIST_LN4_TAO,PS_DIST_LN4_TAO,ASSET_ID | GL_DISTRIB_STATUS | PROCESS_INSTANCE,Finance & Contrôle,0.5,"['Finance & Contrôle', 'IT & Sécurité']",coin_flip_reject
1103367,DL_TFLT_CF1,PS_DL_TFLT_CF1,CHARTFIELD1 | EFFDT | FIELD_DESC | INEFFDT | OTBI_SRC_INSTANCE | SETCNTRLVALUE | SETID | SETID_TREE | TLVL1 | TLVL1_DESC | TNODE1 | TNODE1_DESC | TREE_EFFDT | TREE_NAME,Finance & Contrôle,0.5,"['Finance & Contrôle', 'Other']",coin_flip_reject
1103368,DL_TFLT_CF2,PS_DL_TFLT_CF2,CHARTFIELD2 | EFFDT | FIELD_DESC | INEFFDT | OTBI_SRC_INSTANCE | SETCNTRLVALUE | SETID | SETID_TREE | TLVL1 | TLVL1_DESC | TNODE1 | TNODE1_DESC | TREE_EFFDT | TREE_NAME,Finance & Contrôle,0.5,"['Finance & Contrôle', 'Other']",coin_flip_reject
1103391,DLV_DF_TAO,PS_DLV_DF_TAO,ADDL_COST_ELEMENT | ADHOC_REQ_FLG | ALLOC_LEAD_DAYS | ALLOC_SORT | ALLOW_ADDR_OVRRIDE | ALLOW_FCST_CONSUME | ALLOW_OVERPICK_FLG | ALLOW_OVERRIDE_FLG | ALLOW_SUB_ITEM_FLG | ASC_DESC_FLAG | ASC_DESC_FLG2 | ASC_DESC_FLG3 | ATP_INCL_CO_BY | ATP_INCL_COMP | ATP_INCL_EPR_FLG | ATP_INCL_PPRD_FLG | ATP_INCL_PPRS_FLG | ATP_INCL_PPUR_FLG | ATP_INCL_PTRD_FLG | ATP_INCL_PTRS_FLG | ATP_INCL_REQ | ATP_INCL_STG_DMD | ATP_INCL_STG_SUP | ATP_INCL_WIP | ATP_INCL_WO | ATP_LEAD_DAYS | ATP_PPRD_APPR_CD | ATP_PPRD_FRZ_CD | ATP_PPRD_STAT_CD | ATP_PPRS_APPR_CD | ATP_PPRS_FRZ_CD | ATP_PPRS_STAT_CD | ATP_PPUR_APPR_CD | ATP_PPUR_FRZ_CD | ATP_PPUR_STAT_CD | ATP_PTRD_APPR_CD | ATP_PTRD_FRZ_CD | ATP_PTRD_STAT_CD | ATP_PTRS_APPR_CD | ATP_PTRS_FRZ_CD | ATP_PTRS_STAT_CD | ATP_STG_DEP_DMD | AUTO_BCK_APPROVE | AUTO_DEMD_APPROVE | AUTO_PRT_APPROVE | AUTO_SCHEDULE_FLG | BCKORDR_CNCL_FLAG | BUSINESS_UNIT | CARTON_LABELS | CHECK_HOLDS_FLG | CLR_TRK_AT_DEPLETE | CONTAINER_OVERRIDE | CROSS_DOCK_FLG | CROSS_DOCK_LEAD | CRT_LBL_FILE_DIR | CRT_LBL_FILE_PREF | CRT_LBL_FILE_SUF | CUST_NOTE_FLG | DFLT_SHP_LOC_OPT | DW_DEL_MAX | DW_DMD_MAX | EXTRACT_FILE | EXTRACT_FILE_DIR | EXTRACT_FILE_PREF | EXTRACT_FILE_SUF | FPB_ROLENAME | FPB_RTE_CNTL_TYPE | FPB_RTE_FROM_VALUE | FPB_RTE_TO_VALUE | FPB_WORKFLOW_FLG | FROM_STOR_AREA | FROM_STOR_LEV1 | FROM_STOR_LEV2 | FROM_STOR_LEV3 | FROM_STOR_LEV4 | FRONT_LOAD_FCST | HOLD_SW | IN_ALLOW_DFR_DPL_O | IN_ALLOW_SPLIT | IN_BEST_WAY_BTN | INCL_SHIP_ADDR_EXT | INCLUDE_ALLOC_FLG | INCLUDE_RELSD_FLG | IN_DFR_DPL_BU_DFLT | IN_FRT_AUTO_PACK | IN_FRT_AUTO_SO | IN_FRT_AUTO_TYPE | IN_FRT_CANCEL_FLG | IN_FRT_DEL_MAX | IN_FRT_DMD_MAX | IN_FRT_PACK_MAX | IN_FRT_RATE_SHOP | IN_FRT_USAGE | IN_LINE_BO_RULE | IN_LINE_RESV_RULE | IN_LN_RESV_BO_RULE | IN_MRK_CONFIRM_FLG | IN_MSR_ENT_RSV_FLG | IN_NEG_AVL_QTY_FLG | IN_NSFT_RSV_ST_FLG | IN_ORDER_RESV_RULE | IN_ORD_REL_ACTION | IN_PICKPLAN | IN_PICK_QTY_OPTION | IN_PRINT_KIT_HDR | IN_PRINT_PICK_QTY | IN_RLS_KMULT_FLG | IN_SHRTG_RLS_FLG | INTERUNIT_QTY_FLG | IN_VRFY_SHP_DT_FLG | IN_VRFY_SHP_TM_FLG | LABEL_UOM | LOC_TRANS_FLG | LOG_ERROR_OPTION | MAX_LEAD_DAYS | MAX_PICK_TOLERANCE | ONLINE_RES_FLAG | OPRID | ORD_HDR_NOTE_FLG | ORD_LINE_NOTE_FLG | OUTDEST | OUTDESTFORMAT | OUTDESTTYPE | PACK_LNS_ONLY_FLAG | PACK_QTY_ONLY_FLAG | PAGE_BREAK | PAGE_BREAK2 | PAGE_BREAK3 | PARTIAL_ORDER_FLAG | PARTIAL_PACK_FLAG | PARTIAL_QTY_FLAG | PICK_BATCH_BRK | PICKING_DT_FROM | PICKING_DT_OPTION | PICKING_DT_TO | PICKING_DT_TYPE | PICKING_LEAD_DAYS | PICKING_LEAD_HRS | PICKING_LEAD_TIME | PICKING_NOTES | PICKING_PLAN | PICKING_SORT | PICKING_SORT2 | PICKING_SORT3 | PICKING_TIEBREAKER | PICK_NOLOAD_FLG | PICK_PLAN_BY_UOM | PICK_TIME_FROM | PICK_TIME_TO | PICK_TIME_UNTIL | PRICE_MARKUP_FLG | PRICE_MARKUP_PCT | PRINT_BARCD | PRINT_BARCD_CTLFLG | PRINT_BOL_BARCODE | PRINT_ITEM_SUBS | PROCESS_INSTANCE | PRT_PACKSLIP_BARCD | PTWY_OPTION | PURGE_RESULTS | REASON_CD | RELEASE_LOCKS_FLG | REPORT_FLAG | RLS_RUN_CNTL_ID | ROUTE_CLOSE_TIME | ROUTE_STOP_INC | RUN_DIRECT_INVOICE | SEL_DEST_LOC_FLG | SEL_NOT_PICK_FLG | SEL_ORD_REL_OPT | SEL_ORIG_LOC_FLG | SHIP_DOC_EARLY | SHIP_DOC_WARNING | SHIP_PREP | SHOW_TOTAL_PIECES | SOFT_ALLOC_FLG | STORAGE_AREA | STOR_LEVEL_1 | STOR_LEVEL_2 | STOR_LEVEL_3 | STOR_LEVEL_4 | TMS_RESEND_ERR_FLG | TOT_WT_VOL_OPT | TRANSFER_CALC_TYPE | TSE_TRIGGER | UNIT_MEASURE_VOL | UNIT_MEASURE_WT | UPLOAD_PICKED_FLG | USE_AE_SHIP_FLAG | USE_CLOSE_CAL_FLG | USE_DATE_TIME_FLG | USG_LABEL_FLG | USG_LBL_FILE_DIR | USG_LBL_FILE_PREF | USG_LBL_FILE_SUF,Supply Chain / Logistique / Production,0.5,"['Supply Chain / Logistique / Production', 'Finance & Contrôle']",coin_flip_reject
1103424,DLV_SCEXC_TAO,PS_DLV_SCEXC_TAO,BUSINESS_UNIT | FREIGHT_CHARGE | FREIGHT_CHARGE_BSE | FREIGHT_CHG_DO | FREIGHT_CHG_DO_BSE | FREIGHT_CHG_SC | FREIGHT_CHG_SC_BSE | FREIGHT_TAX_AMT | FREIGHT_TAX_BASE | FREIGHT_TAX_DO_AMT | FREIGHT_TAX_DO_BSE | FREIGHT_TAX_SC_AMT | FREIGHT_TAX_SC_BSE | ORDER_NO | PROCESS_INSTANCE | UPDATE_FLAG,Supply Chain / Logistique / Production,0.5,"['Supply Chain / Logistique / Production', 'Finance & Contrôle']",coin_flip_reject
1103591,DNP_PAYEE_DTL,PS_DNP_PAYEE_DTL,COUNTRY_2CHAR | DNP_ACTIVE_DT | DNP_ADDR1 | DNP_ADDR2 | DNP_ADDR3 | DNP_ADDR4 | DNP_AG_LOC_CD | DNP_BIRTH_DT | DNP_CITY_NAME | DNP_EMAIL | DNP_EXP_DT | DNP_FAX_NUM | DNP_FRST_NAME | DNP_MID_NAME | DNP_OTH_AG_DATA | DNP_PARTY_NAME | DNP_PARTY_STATUS | DNP_PARTY_TYPE | DNP_PAYEE_ID | DNP_PHONE_NUM | DNP_PHONE_TYPE | DNP_PORSON_SEX | DNP_POSTAL_CD | DNP_PRTY_ALIAS_NM | DNP_REC_GRP1 | DNP_REC_GRP2 | DNP_RECORD_CD | DNP_REGION | DNP_STATE_CD | DNP_SUFFIX | DNP_SUR_NAME | DNP_TIN_CD | DNP_TIN_ID | DUNS_NUMBER | PROCESS_INSTANCE | SETID | STD_ID_NUM | STD_ID_NUM_QUAL | VENDOR_ID | VNDR_LOC,RH,0.5,"['RH', 'Achats & Fournisseurs']",coin_flip_reject
1103597,DNP_RUN_SETID,PS_DNP_RUN_SETID,ALC | OPRID | REQUEST_ID | RUN_CNTL_ID | SETID | VENDOR_SETID,Achats & Fournisseurs,0.5,"['IT & Sécurité', 'Achats & Fournisseurs']",coin_flip_reject
1103681,DOTL_VPO1_T,PS_DOTL_VPO1_T,BUSINESS_UNIT_PO | LINE_NBR | LIQUIDATED_AMT | PO_DIST_LINE_NUM | PO_ID | PRED_GL_CURRENCY | PROCESS_INSTANCE | SCHED_NBR | ZERO_LIQ_FLG,Finance & Contrôle,0.5,"['Finance & Contrôle', 'Achats & Fournisseurs']",coin_flip_reject
1103682,DPA_ADJFORMATS,PS_DPA_ADJFORMATS,DP_CAPTION | DP_CONFIGVIEW | DP_FORMATCODE | DP_UNITDESCRIPTION | DP_USEDUNUSED | PSARCH_ID,IT & Sécurité,0.5,"['Other', 'IT & Sécurité']",coin_flip_reject
1103715,DPA_EISPECA_VWS,PS_DPA_EISPECA_VWS,DP_CAPTION | DP_CONFIGVIEW | DP_DESCRIPTION | DP_IMPORTSPEC | DP_ROLLUPADJ | PSARCH_ID,IT & Sécurité,0.5,"['Other', 'IT & Sécurité']",coin_flip_reject
1103720,DPA_EISPECF_VWS,PS_DPA_EISPECF_VWS,DP_CAPTION | DP_CONFIGVIEW | DP_DESCRIPTION | DP_IMPORTSPEC | PSARCH_ID,IT & Sécurité,0.5,"['Other', 'IT & Sécurité']",coin_flip_reject
1103727,DPA_EVINST_EXP,PS_DPA_EVINST_EXP,DP_CONFIGLEVEL | DP_CONFIGVIEW | DP_DEMANDVALUE | DP_EVENTID | DP_EXPENSECODE | DP_INSTANCESTARTPD | DP_INSTANCESTARTYR | DP_SEQNUMBER | PSARCH_ID,Finance & Contrôle,0.5,"['Other', 'Finance & Contrôle']",coin_flip_reject
1103730,DPA_FCITEMS,PS_DPA_FCITEMS,DP_ACCURACY_STAT | DP_ADJFOREDEV | DP_ADJ_RSQUARE | DP_AES_BETA | DP_AIC | DP_ALPHA_DEFAULT | DP_AUDITREVIEWDONE | DP_AVGPRICE | DP_BASEUOM | DP_BETA_DEFAULT | DP_BIC | DP_BOX_ACF_BOUNDRY | DP_BOX_AR_PARAM | DP_BOX_AR_SEAS_PAR | DP_BOX_CONST_PARAM | DP_BOX_MA_PARAM | DP_BOX_MA_SEAS_PAR | DP_BOX_NONSEAS_D | DP_BOX_NONSEAS_P | DP_BOX_NONSEAS_PDE | DP_BOX_NONSEAS_PIN | DP_BOX_NONSEAS_Q | DP_BOX_NONSEAS_QDE | DP_BOX_NONSEAS_QIN | DP_BOX_NUM_LAGS | DP_BOX_SEAS_D | DP_BOX_SEAS_LEN | DP_BOX_SEAS_P | DP_BOX_SEAS_PDECAY | DP_BOX_SEAS_PINIT | DP_BOX_SEAS_Q | DP_BOX_SEAS_QDECAY | DP_BOX_SEAS_QINIT | DP_BOX_TRANS_METH | DP_CALCULATIONTYPE | DP_CHI_SQR | DP_COCHRANE | DP_COLLABREVDONE | DP_CONFIGLEVEL | DP_CONFIGVIEW | DP_CONTROLGROUP | DP_CROSTON_ALPHA | DP_CURRENTMODELPD | DP_CURRENTMODELYR | DP_DATESTAMP | DP_DEF_FINALLEVEL | DP_DEF_FINALTREND | DP_DEMANDAVERAGE | DP_DESB_ALPHA | DP_DESCRIPTION | DP_DESH_ALPHA | DP_DESH_FINALLEVEL | DP_DESH_FINALTREND | DP_DESH_GAMMA | DP_DETSEASPROFILE | DP_DW | DP_EFFDEMANDPDS | DP_ERRORRATIO | DP_EVALPERIODS | DP_FC_EFFPD | DP_FC_EFFYR | DP_FCITEMCAPTION | DP_FCMETHOD | DP_FORECASTANALYST | DP_FORECASTITEM | DP_GAMMA_DEFAULT | DP_HISTDEMANDPDS | DP_HW_ALPHA | DP_HW_BETA | DP_HW_FINALLEVEL | DP_HW_FINALTREND | DP_HW_GAMMA | DP_INHIBITED | DP_INTERCEPT_DEF | DP_ITEMCODE | DP_LASTCHANGEDATE | DP_LASTEVALPDS | DP_LASTRESETPD | DP_LASTRESETYR | DP_LIFEPROFILE | DP_LIFEPROFILEITEM | DP_LJUNG_BOX | DP_LOCATION | DP_LR_ELASTICITY | DP_LR_FTEST | DP_LR_INTERCEPT | DP_LR_SLOPE | DP_LR_TTEST1 | DP_LR_TTEST2 | DP_MA_ALPHA | DP_MAE | DP_MA_FINALLEVEL | DP_MAPE | DP_MA_PERIODS | DP_ME | DP_MEANABSERROR | DP_MEAN_ERROR | DP_MSE | DP_NEXTFCITEM | DP_NEXTLEVEL | DP_NEXTLEVELCONV | DP_NEXTLEVELUOM | DP_NORMALITY | DP_PERIODCREATED | DP_PRORATE | DP_PRORATEDFOREDEV | DP_RESTART_CONTROL | DP_RMSE | DP_ROLLBACKPERIODS | DP_ROUNDDECIMALS | DP_RSQUARE | DP_SDE | DP_SEASONALITYPROF | DP_SEASONALITYTYPE | DP_SES_ALPHA | DP_SES_FINALLEVEL | DP_SLOPE_DEFAULT | DP_SSE | DP_SSR | DP_STANDARDCOST | DP_STANDARDPRICE | DP_STATFOREDEV | DP_STDDEV | DP_SUMMGROUP | DP_SUSPENDEDITEM | DP_TEMPLATEITEM | DP_TESB_ALPHA | DP_THEIL | DP_TRACKSIGNAL00 | DP_TRACKSIGNAL01 | DP_TRACKSIGNAL02 | DP_TRACKSIGNAL03 | DP_TRACKSIGNAL04 | DP_TRACKSIGNAL05 | DP_UD01 | DP_UD02 | DP_UD03 | DP_UD04 | DP_UD05 | DP_UD06 | DP_UD07 | DP_UD08 | DP_UD09 | DP_UD10 | DP_UD11 | DP_UD12 | DP_UD13 | DP_UD14 | DP_UD15 | DP_UD16 | DP_UD17 | DP_UD18 | DP_UD19 | DP_UD20 | DP_UD21 | DP_UD22 | DP_UD23 | DP_UD24 | DP_UD25 | DP_UD26 | DP_UD27 | DP_UD28 | DP_UD29 | DP_UD30 | DP_UD31 | DP_UD32 | DP_UD33 | DP_UD34 | DP_UD35 | DP_UD36 | DP_UD37 | DP_UD38 | DP_UD39 | DP_UD40 | DP_UD41 | DP_UD42 | DP_UD43 | DP_UD44 | DP_UD45 | DP_UD46 | DP_UD47 | DP_UD48 | DP_UD49 | DP_UD50 | DP_UPDATETOINVPOL | DP_USESSEASONPROF | DP_VOLUME | DP_VOLUMEUOM | DP_WEIGHT | DP_WEIGHTPROFILE | DP_WEIGHTUOM | DP_WMA_ALPHA | DP_WMA_FINALLEVEL | DP_X11_IRREGAVSTAT | DP_X11_TTEST | DP_YEARCREATED | PRODUCT_KIT_FLAG | PSARCH_ID | UTILIZ_CD | UTILIZ_GROUP,Supply Chain / Logistique / Production,0.5,"['Other', 'Supply Chain / Logistique / Production']",coin_flip_reject
1103813,DP_CFGLVLFLDDSP,PS_DP_CFGLVLFLDDSP,DP_CONFIGLEVEL | DP_CONFIGVIEW | DP_DISPLAYFIELDSEQ | DP_FIELDID,IT & Sécurité,0.5,"['IT & Sécurité', 'Other']",coin_flip_reject
1104071,DP_EISPECU_LNS,PS_DP_EISPECU_LNS,DP_CONFIGVIEW | DP_DATATYPE | DP_FIELDID | DP_IMPORTSPEC | DP_UPDATEMETHOD,IT & Sécurité,0.5,"['Other', 'IT & Sécurité']",coin_flip_reject
1104081,DP_EVINST_EXP,PS_DP_EVINST_EXP,DP_CONFIGLEVEL | DP_CONFIGVIEW | DP_DEMANDVALUE | DP_EVENTID | DP_EXPENSECODE | DP_INSTANCESTARTPD | DP_INSTANCESTARTYR | DP_SEQNUMBER,Finance & Contrôle,0.5,"['Other', 'Finance & Contrôle']",coin_flip_reject
1104110,DP_FCITEMS,PS_DP_FCITEMS,DP_ACCURACY_STAT | DP_ADJFOREDEV | DP_ADJ_RSQUARE | DP_AES_BETA | DP_AIC | DP_ALPHA_DEFAULT | DP_AUDITREVIEWDONE | DP_AVGPRICE | DP_BASEUOM | DP_BETA_DEFAULT | DP_BIC | DP_BOX_ACF_BOUNDRY | DP_BOX_AR_PARAM | DP_BOX_AR_SEAS_PAR | DP_BOX_CONST_PARAM | DP_BOX_MA_PARAM | DP_BOX_MA_SEAS_PAR | DP_BOX_NONSEAS_D | DP_BOX_NONSEAS_P | DP_BOX_NONSEAS_PDE | DP_BOX_NONSEAS_PIN | DP_BOX_NONSEAS_Q | DP_BOX_NONSEAS_QDE | DP_BOX_NONSEAS_QIN | DP_BOX_NUM_LAGS | DP_BOX_SEAS_D | DP_BOX_SEAS_LEN | DP_BOX_SEAS_P | DP_BOX_SEAS_PDECAY | DP_BOX_SEAS_PINIT | DP_BOX_SEAS_Q | DP_BOX_SEAS_QDECAY | DP_BOX_SEAS_QINIT | DP_BOX_TRANS_METH | DP_CALCULATIONTYPE | DP_CHI_SQR | DP_COCHRANE | DP_COLLABREVDONE | DP_CONFIGLEVEL | DP_CONFIGVIEW | DP_CONTROLGROUP | DP_CROSTON_ALPHA | DP_CURRENTMODELPD | DP_CURRENTMODELYR | DP_DATESTAMP | DP_DEF_FINALLEVEL | DP_DEF_FINALTREND | DP_DEMANDAVERAGE | DP_DESB_ALPHA | DP_DESCRIPTION | DP_DESH_ALPHA | DP_DESH_FINALLEVEL | DP_DESH_FINALTREND | DP_DESH_GAMMA | DP_DETSEASPROFILE | DP_DW | DP_EFFDEMANDPDS | DP_ERRORRATIO | DP_EVALPERIODS | DP_FC_EFFPD | DP_FC_EFFYR | DP_FCITEMCAPTION | DP_FCMETHOD | DP_FORECASTANALYST | DP_FORECASTITEM | DP_GAMMA_DEFAULT | DP_HISTDEMANDPDS | DP_HW_ALPHA | DP_HW_BETA | DP_HW_FINALLEVEL | DP_HW_FINALTREND | DP_HW_GAMMA | DP_INHIBITED | DP_INTERCEPT_DEF | DP_ITEMCODE | DP_LASTCHANGEDATE | DP_LASTEVALPDS | DP_LASTRESETPD | DP_LASTRESETYR | DP_LIFEPROFILE | DP_LIFEPROFILEITEM | DP_LJUNG_BOX | DP_LOCATION | DP_LR_ELASTICITY | DP_LR_FTEST | DP_LR_INTERCEPT | DP_LR_SLOPE | DP_LR_TTEST1 | DP_LR_TTEST2 | DP_MA_ALPHA | DP_MAE | DP_MA_FINALLEVEL | DP_MAPE | DP_MA_PERIODS | DP_ME | DP_MEANABSERROR | DP_MEAN_ERROR | DP_MSE | DP_NEXTFCITEM | DP_NEXTLEVEL | DP_NEXTLEVELCONV | DP_NEXTLEVELUOM | DP_NORMALITY | DP_PERIODCREATED | DP_PRORATE | DP_PRORATEDFOREDEV | DP_RESTART_CONTROL | DP_RMSE | DP_ROLLBACKPERIODS | DP_ROUNDDECIMALS | DP_RSQUARE | DP_SDE | DP_SEASONALITYPROF | DP_SEASONALITYTYPE | DP_SES_ALPHA | DP_SES_FINALLEVEL | DP_SLOPE_DEFAULT | DP_SSE | DP_SSR | DP_STANDARDCOST | DP_STANDARDPRICE | DP_STATFOREDEV | DP_STDDEV | DP_SUMMGROUP | DP_SUSPENDEDITEM | DP_TEMPLATEITEM | DP_TESB_ALPHA | DP_THEIL | DP_TRACKSIGNAL00 | DP_TRACKSIGNAL01 | DP_TRACKSIGNAL02 | DP_TRACKSIGNAL03 | DP_TRACKSIGNAL04 | DP_TRACKSIGNAL05 | DP_UD01 | DP_UD02 | DP_UD03 | DP_UD04 | DP_UD05 | DP_UD06 | DP_UD07 | DP_UD08 | DP_UD09 | DP_UD10 | DP_UD11 | DP_UD12 | DP_UD13 | DP_UD14 | DP_UD15 | DP_UD16 | DP_UD17 | DP_UD18 | DP_UD19 | DP_UD20 | DP_UD21 | DP_UD22 | DP_UD23 | DP_UD24 | DP_UD25 | DP_UD26 | DP_UD27 | DP_UD28 | DP_UD29 | DP_UD30 | DP_UD31 | DP_UD32 | DP_UD33 | DP_UD34 | DP_UD35 | DP_UD36 | DP_UD37 | DP_UD38 | DP_UD39 | DP_UD40 | DP_UD41 | DP_UD42 | DP_UD43 | DP_UD44 | DP_UD45 | DP_UD46 | DP_UD47 | DP_UD48 | DP_UD49 | DP_UD50 | DP_UPDATETOINVPOL | DP_USESSEASONPROF | DP_VOLUME | DP_VOLUMEUOM | DP_WEIGHT | DP_WEIGHTPROFILE | DP_WEIGHTUOM | DP_WMA_ALPHA | DP_WMA_FINALLEVEL | DP_X11_IRREGAVSTAT | DP_X11_TTEST | DP_YEARCREATED | PRODUCT_KIT_FLAG | UTILIZ_CD | UTILIZ_GROUP,Supply Chain / Logistique / Production,0.5,"['Other', 'Supply Chain / Logistique / Production']",coin_flip_reject
1104192,DP_FC_PDADJHIST,PS_DP_FC_PDADJHIST,DP_ACTUALDEMAND | DP_ADJDEMAND | DP_ADJFORECAST | DP_CONFIGLEVEL | DP_CONFIGVIEW | DP_DEMANDVALUE | DP_EVALADJFORE | DP_EVALPRORFORE | DP_EVALSTATFORE | DP_FCST_PERIOD | DP_FCST_YEAR | DP_FORECAST01 | DP_FORECAST02 | DP_FORECAST03 | DP_FORECAST04 | DP_FORECAST05 | DP_FORECAST06 | DP_FORECAST07 | DP_FORECAST08 | DP_FORECAST09 | DP_FORECAST10 | DP_FORECASTADJ | DP_FORECASTITEM | DP_PERIODAVGPRICE | DP_PERIODCOST | DP_PERIODPRICE | DP_PROFORECAST | DP_RESULTANTADJ | DP_STATFORECAST | DP_SUMMFORECAST | DP_USERDATA01 | DP_USERDATA02 | DP_USERDATA03 | DP_USERDATA04 | DP_USERDATA05 | DP_USERDATA06 | DP_USERDATA07,Supply Chain / Logistique / Production,0.5,"['Supply Chain / Logistique / Production', 'Finance & Contrôle']",coin_flip_reject
1104344,DP_INT_UPDATA,PS_DP_INT_UPDATA,DP_ADJ_COMMENT | DP_ADJ_REASON | DP_BASEUOM | DP_CONFIGLEVEL | DP_CONFIGVIEW | DP_CONVFACTOR | DP_DELETEDATA | DP_ERRORMESSAGE | DP_FORECAST01 | DP_FORECAST02 | DP_FORECAST03 | DP_FORECAST04 | DP_FORECAST05 | DP_FORECAST06 | DP_FORECAST07 | DP_FORECAST08 | DP_FORECAST09 | DP_FORECAST10 | DP_FORECASTITEM | DP_IMPORTSPEC | DP_INPUTDATE | DP_ITEMCODE | DP_LOCATION | DP_PDCOSTFACTOR | DP_PERIOD | DP_PERIODCOST | DP_PERIODPRICE | DP_ROUNDDECIMALS | DP_SEQNUMBER | DP_TRANSDATE | DP_TRANSFERREDBY | DP_UD01 | DP_UD02 | DP_UD03 | DP_UD04 | DP_UD05 | DP_UD06 | DP_UD07 | DP_UD08 | DP_UD09 | DP_UD10 | DP_UD11 | DP_UD12 | DP_UD13 | DP_UD14 | DP_UD15 | DP_UD16 | DP_UD17 | DP_UD18 | DP_UD19 | DP_UD20 | DP_UD21 | DP_UD22 | DP_UD23 | DP_UD24 | DP_UD25 | DP_UD26 | DP_UD27 | DP_UD28 | DP_UD29 | DP_UD30 | DP_UD31 | DP_UD32 | DP_UD33 | DP_UD34 | DP_UD35 | DP_UD36 | DP_UD37 | DP_UD38 | DP_UD39 | DP_UD40 | DP_UD41 | DP_UD42 | DP_UD43 | DP_UD44 | DP_UD45 | DP_UD46 | DP_UD47 | DP_UD48 | DP_UD49 | DP_UD50 | DP_UPDATESTATUS | DP_USERDATA01 | DP_USERDATA02 | DP_USERDATA03 | DP_USERDATA04 | DP_USERDATA05 | DP_USERDATA06 | DP_USERDATA07 | DP_USERDATA08 | DP_USERDATA09 | DP_USERDATA10 | DP_YEAR,Finance & Contrôle,0.5,"['Finance & Contrôle', 'Other']",coin_flip_reject
1104406,DP_IPMASTTMPCOS,PS_DP_IPMASTTMPCOS,DP_ITEMCODE | DP_LOCATION | DP_NUMBER01 | DP_PERIOD | DP_POLICYSET | DP_YEAR,Supply Chain / Logistique / Production,0.5,"['Supply Chain / Logistique / Production', 'Finance & Contrôle']",coin_flip_reject
1104468,DP_IPPMASS_OPER,PS_DP_IPPMASS_OPER,DP_IPPMASS_GROUP | DP_IPP_MASSSPEC | DP_IPP_SOURCEFIELD | DP_OPERANDS | DP_OPERATORS | DP_POLICYSET | DP_ROWNUMBER | DP_TARGETFIELD,IT & Sécurité,0.5,"['IT & Sécurité', 'Other']",coin_flip_reject
1104619,DP_PUB_FCASTKEY,PS_DP_PUB_FCASTKEY,DP_FIELDID | DP_PUBLISH_DATE | DP_PUBLISHNAME | DP_SEQNUMBER,Supply Chain / Logistique / Production,0.5,"['Other', 'Supply Chain / Logistique / Production']",coin_flip_reject
1104672,DP_PUB_FCITEMS,PS_DP_PUB_FCITEMS,BILL_TO_CUST_ID | BUSINESS_UNIT_BI | BUSINESS_UNIT_IN | BUSINESS_UNIT_OM | CATEGORY_ID | CLASSIFICATION | CM_UNIT_COST | CONVERSION_RATE | CORP_CUST_ID | CURRENCY_CD | CUST_CHANNEL | CUST_FIELD_C10_A | CUST_FIELD_C10_B | CUST_FIELD_C10_C | CUST_FIELD_C10_D | CUST_FIELD_C1_A | CUST_FIELD_C1_B | CUST_FIELD_C1_C | CUST_FIELD_C1_D | CUST_FIELD_C2 | CUST_FIELD_C30_A | CUST_FIELD_C30_B | CUST_FIELD_C30_C | CUST_FIELD_C30_D | CUST_FIELD_C4 | CUST_FIELD_C6 | CUST_FIELD_C8 | CUSTOMER_GROUP | DP_ADJFOREDEV | DP_AUDITREVIEWDONE | DP_AVGPRICE | DP_BASEUOM | DP_CALCULATIONTYPE | DP_CONTROLGROUP | DP_CONVFACTOR | DP_CURRENTMODELPD | DP_CURRENTMODELYR | DP_DEMANDAVERAGE | DP_DESCRIPTION | DP_DETSEASPROFILE | DP_EFFDEMANDPDS | DP_EVALPERIODS | DP_FC_EFFPD | DP_FC_EFFYR | DP_FCITEMCAPTION | DP_FCMETHOD | DP_FORECASTANALYST | DP_FORECASTITEM | DP_HISTDEMANDPDS | DP_INHIBITED | DP_ITEMCODE | DP_KEYFLDNAMES | DP_LASTEVALPDS | DP_LASTRESETPD | DP_LASTRESETYR | DP_LIFEPROFILE | DP_LIFEPROFILEITEM | DP_LOCATION | DP_NEXTFCITEM | DP_NEXTLEVELCONV | DP_NEXTLEVELUOM | DP_PERIODCREATED | DP_PRORATE | DP_PRORATEDFOREDEV | DP_PUBLISH_DATE | DP_PUBLISHNAME | DP_PUBLISHUOM | DP_ROLLBACKPERIODS | DP_ROUNDDECIMALS | DP_SEASONALITYPROF | DP_SEASONALITYTYPE | DP_STANDARDCOST | DP_STANDARDPRICE | DP_STATFOREDEV | DP_STDUOMCONVFACT | DP_SUSPENDEDITEM | DP_TEMPLATEITEM | DP_UPDATETOINVPOL | DP_USESSEASONPROF | DP_VOLUME | DP_VOLUMEUOM | DP_WEIGHT | DP_WEIGHTPROFILE | DP_WEIGHTUOM | DP_YEARCREATED | INV_ITEM_COLOR | INV_ITEM_GROUP | INV_ITEM_ID | INV_ITEM_TYPE | INVOICE | INV_PROD_FAM_CD | ITEM_FIELD_C10_A | ITEM_FIELD_C10_B | ITEM_FIELD_C10_C | ITEM_FIELD_C10_D | ITEM_FIELD_C1_A | ITEM_FIELD_C1_B | ITEM_FIELD_C1_C | ITEM_FIELD_C1_D | ITEM_FIELD_C2 | ITEM_FIELD_C30_A | ITEM_FIELD_C30_B | ITEM_FIELD_C30_C | ITEM_FIELD_C30_D | ITEM_FIELD_C4 | ITEM_FIELD_C6 | ITEM_FIELD_C8 | MITBL_DESCR | PM_DIVISION | PM_REGION | PM_TERRITORY | PRDITM_DESCR | PRICE_PROGRAM | PROD_BRAND | PROD_CATEGORY | PROD_FIELD_C10_A | PROD_FIELD_C10_B | PROD_FIELD_C10_C | PROD_FIELD_C10_D | PROD_FIELD_C1_A | PROD_FIELD_C1_B | PROD_FIELD_C1_C | PROD_FIELD_C1_D | PROD_FIELD_C2 | PROD_FIELD_C30_A | PROD_FIELD_C30_B | PROD_FIELD_C30_C | PROD_FIELD_C30_D | PROD_FIELD_C4 | PROD_FIELD_C6 | PROD_FIELD_C8 | PRODUCT_GROUP | PRODUCT_ID | PRODUCT_KIT_FLAG | REGION_CD | SETID | SHIP_TO_CUST_ID | SOLD_TO_CUST_ID | SOURCE_CODE | SUBCUST_QUAL1 | SUBCUST_QUAL2 | UPC_ID | UTILIZ_CD | UTILIZ_GROUP,Finance & Contrôle,0.5,"['Finance & Contrôle', 'Supply Chain / Logistique / Production']",coin_flip_reject
1104845,DP_PUBSPEC_LNS,PS_DP_PUBSPEC_LNS,DP_CONFIGVIEW | DP_DATATYPE | DP_EXPORTSPEC | DP_OUTPUTFLD | DP_SEQNUMBER,IT & Sécurité,0.5,"['IT & Sécurité', 'Other']",coin_flip_reject
1104856,DP_REFRESH_HDR,PS_DP_REFRESH_HDR,DESCR60 | DP_CONFIGVIEW | DP_CUSTOM_FLD_FROM | DP_LEVEL_SELECT | DP_REFRESH_PARENT | DP_ROLLPERIODS | DP_SPECS_ID | DP_USERDATACODE,IT & Sécurité,0.5,"['Other', 'IT & Sécurité']",coin_flip_reject
1105066,DP_SUMM_SPEC,PS_DP_SUMM_SPEC,DP_CAPTION | DP_CHKACTDEMAND | DP_CHKADJDEMAND | DP_CHKADJFORE | DP_CHKADJREASON | DP_CHKAVECOST | DP_CHKAVEPRICE | DP_CHKCUBE | DP_CHKDMDVALUE | DP_CHKEVALADJ | DP_CHKEVALPRO | DP_CHKEVALSTAT | DP_CHKFORE01 | DP_CHKFORE02 | DP_CHKFORE03 | DP_CHKFORE04 | DP_CHKFORE05 | DP_CHKFORE06 | DP_CHKFORE07 | DP_CHKFORE08 | DP_CHKFORE09 | DP_CHKFORE10 | DP_CHKFOREADJ | DP_CHKHSTADJFC | DP_CHKHSTEADJ | DP_CHKHSTEPRO | DP_CHKHSTESTAT | DP_CHKHSTPROFC | DP_CHKHSTSTATFC | DP_CHKPERIODPRICE | DP_CHKPRORATED | DP_CHKSTATISTICAL | DP_CHKSUMMARY | DP_CHKUSER01 | DP_CHKUSER02 | DP_CHKUSER03 | DP_CHKUSER04 | DP_CHKUSER05 | DP_CHKUSER06 | DP_CHKUSER07 | DP_CHKUSER08 | DP_CHKUSER09 | DP_CHKUSER10 | DP_CHKUSERFLDS | DP_CHKWEIGHT | DP_CONFIGVIEW | DP_CREATEGROUPS | DP_DELETEGROUPS | DP_FIRSTFORECAST | DP_FORECASTITEM | DP_FROMLEVEL | DP_FROMPERIOD | DP_FROMYEAR | DP_LASTDEMAND | DP_LASTFORECAST | DP_PDSPERYEAR | DP_PROCEED_BTN | DP_ROUNDDECIMALS | DP_SUMMSPEC | DP_THRESHOLDPCT | DP_TOLEVEL | DP_TOPERIOD | DP_TOYEAR,Supply Chain / Logistique / Production,0.5,"['Supply Chain / Logistique / Production', 'Finance & Contrôle']",coin_flip_reject
1105320,DRAFT_REQUEST,PS_DRAFT_REQUEST,BUSINESS_UNIT | CUSTOMER_GROUP | CUSTOMER_OPTNS | DRAFT_DUE_DT | DRAFT_DUE_DT_OPT | DRAFT_MAX_DT | DRAFT_TYPE | DRAFT_TYPE_SETID | FROM_DT | ID_SEQ_NUM | ITEM_FROM_DT | ITEM_TO_DT | LAST_RUN_DTM | OPRID | PREAPPROVED_ONLY | PROCESS_FREQUENCY | PROCESS_INSTANCE | PROCESS_ORIG | PROCESS_STATUS | RUN_CNTL_ID,Achats & Fournisseurs,0.5,"['Achats & Fournisseurs', 'IT & Sécurité']",coin_flip_reject
1105405,DR_ENTRYSUB_TBL,PS_DR_ENTRYSUB_TBL,DRAFT_BUSN_EVENT | DRAFT_POST_ACTION | DRAFT_SUB_EVENT | DRAFT_TYPE | ENTRY_USE_ID | SETID,Other,0.5,"['Other', 'IT & Sécurité']",coin_flip_reject
1105456,DR_PNDITM_TAO,PS_DR_PNDITM_TAO,BUSINESS_UNIT | CUST_ID | ENTRY_USE_ID | GROUP_BU | GROUP_ID | GROUP_SEQ_NUM | ITEM | ITEM_LINE | PROCESS_INSTANCE | REAL_GAIN_LOSS,Finance & Contrôle,0.5,"['Finance & Contrôle', 'IT & Sécurité']",coin_flip_reject
1105519,DS_NETHDR_TBL,PS_DS_NETHDR_TBL,DATETIME_ADDED | DESCR | DS_NETWORK_CODE | LAST_MAINT_OPRID | LASTUPDDTTM | SETID,IT & Sécurité,0.5,"['IT & Sécurité', 'Other']",coin_flip_reject
1105654,DUN_CRSPD_TAO,PS_DUN_CRSPD_TAO,ADDR_SEQ_CRSPD | BANK_ACCT_KEY | BANK_CD | BANK_SETID | BUSINESS_UNIT | CNTCT_SEQ_CRSPD | CRSPD_ADDR | CRSPD_CNTCT | CRSPD_CUST_ID | CRSPD_SETID | CUST_ID | CUST_NAME | DUN_ID | DUN_METHOD | DUN_PROMPT_SETID | LANGUAGE_CD | PROCESS_INSTANCE | SETID,IT & Sécurité,0.5,"['IT & Sécurité', 'Finance & Contrôle']",coin_flip_reject
1106003,ECOUTMAPFLD,PS_ECOUTMAPFLD,DAY_LEN | DAY_START | DECIMALPOS | DELIMIT_DATE | DESCR | ECCAP | ECDEFAULTVALUE | ECDRIVERCALCCD | ECFIELDVALUECD | ECFILEROWID | ECMAPID | ECPAD | ECSTARTPOS | ECSTRIP_CHAR | ECTPCVTID | FIELDNAME | FIELDTYPE | FLEX_DATE | LENGTH | MONTH_LEN | MONTH_START | SEQNO | YEAR_LEN | YEAR_START,IT & Sécurité,0.5,"['IT & Sécurité', 'Other']",coin_flip_reject
1106028,ECSECEVENTCDS,PS_ECSECEVENTCDS,DESCR | ECSECEVTCD,IT & Sécurité,0.5,"['Other', 'IT & Sécurité']",coin_flip_reject
1109043,EG_ACTY_CD,PS_EG_ACTY_CD,DESCR | EFFDT | EFF_STATUS | EG_UDEF_ACTY | SETID | TEXT254,RH,0.5,"['RH', 'Other']",coin_flip_reject
1109331,EM_APPR_HOPT,PS_EM_APPR_HOPT,ACTIVE_FLG | BUSINESS_UNIT | EOAWPRCS_ID | NAME2 | RECORDNAME | RECORDNAME2,IT & Sécurité,0.5,"['IT & Sécurité', 'Other']",coin_flip_reject
1109427,EMBUYAPPR_TEO1,PS_EMBUYAPPR_TEO1,APPROVAL_SEQ | BUSINESS_UNIT | CURRENCY_CD | EM_ROLENAME | EO_FROM_CURRENCY | EO_PROCESS_INST | GROSS_AMT_MAX | GROSS_AMT_MIN,Finance & Contrôle,0.5,"['Achats & Fournisseurs', 'Finance & Contrôle']",coin_flip_reject
1109461,EM_CASHCOL_DAT,PS_EM_CASHCOL_DAT,BUSINESS_UNIT | COMPLETE_FLG | EM_DTTM_EMAIL1 | EM_DTTM_EMAIL2 | PYMNT_CNT | VENDOR_ID | VENDOR_SETID | VOUCHER_ID,Achats & Fournisseurs,0.5,"['Achats & Fournisseurs', 'Finance & Contrôle']",coin_flip_reject
1109472,EM_CONVERLN_LN,PS_EM_CONVERLN_LN,BUSINESS_UNIT | CONVER_HDR_SEQ_NUM | CONVER_LN_SEQ_NUM | DESCRLONG | LANGUAGE_CD | OPRID | VOUCHER_ID,IT & Sécurité,0.5,"['IT & Sécurité', 'Other']",coin_flip_reject
1109727,EM_PROPOSAL_HDR,PS_EM_PROPOSAL_HDR,BASIS_DATE | COMMENT1 | CREATE_DATE | CURRENCY_CD | CUR_TOT_DISC_AMT | CUR_TOT_INV_AMT | CUR_TOT_SETL_AMT | DSCNT_DUE_DT | DUE_DATE | EM_BUSINESS_UNIT | EXPIRATION_DATE | INTEREST_RATE | NEW_TOT_DISC_AMT | NEW_TOT_SETL_AMT | PROPOSAL_STATUS | PROPOSE_ID | PROPOSE_TYPE | PYMNT_TERMS_CD | TOT_DISC_DIFF_AMT | TOT_GAIN_LOSS | TOT_INTEREST_AMT | VENDOR_ID | VENDOR_SETID | VNDR_LOC,Finance & Contrôle,0.5,"['Finance & Contrôle', 'Achats & Fournisseurs']",coin_flip_reject
1110316,EN_BOM_MMC_SUB2,PS_EN_BOM_MMC_SUB2,BUSINESS_UNIT | EFFDT_FROM | EFFDT_TO | EN_BOM_MMC_REF_FLG | EN_NEW_CONV_RATE | EN_NEW_EFFDT_FROM | EN_NEW_EFFDT_TO | EN_NEW_SUB_ITEM_ID | EN_NEW_SUB_PRI_NBR | EN_SRCH_CONV_RATE | EN_SRCH_SUB_PRINBR | MASS_MAINT_CODE | MASS_MAINT_SEQ | SUB_ITM_ID,Supply Chain / Logistique / Production,0.5,"['Supply Chain / Logistique / Production', 'Other']",coin_flip_reject
1110319,EN_BOM_MSG_AET,PS_EN_BOM_MSG_AET,AE_APPLID | AE_SECTION | ALL_BU | ALL_EIP_CTL_ID | BOM_TRANSFER_STAT | BUSINESS_UNIT | BUSINESS_UNIT_TO | EIP_CTL_ID_FROM | EIP_CTL_ID_FROM_NR | EIP_CTL_ID_TO | EIP_CTL_ID_TO_NR | EIP_SOURCE | OPRID | PROCESS_ERROR | PROCESS_INSTANCE | PROCESS_INST_STG | PURGE_OPTN | RUN_CNTL_ID | STATUS_STRING | TRANSFER_OPT,IT & Sécurité,0.5,"['IT & Sécurité', 'Supply Chain / Logistique / Production']",coin_flip_reject
1110609,EN_TASK_TIME,PS_EN_TASK_TIME,BUSINESS_UNIT | INCLUDE_SETUP | OP_RATE | OP_RATE_UNIT | OP_TIME | OP_TIME_UNIT | SCHED_BY_CALENDAR | TASK_CODE | TIME_TYPE,Supply Chain / Logistique / Production,0.5,"['IT & Sécurité', 'Supply Chain / Logistique / Production']",coin_flip_reject
1110658,ENTRY_REASN_LG,PS_ENTRY_REASN_LG,DESCR | DESCRSHORT | ENTRY_REASON | ENTRY_TYPE | LANGUAGE_CD | SETID,RH,0.5,"['RH', 'Other']",coin_flip_reject
1110662,ENTRY_TYPE_TBL,PS_ENTRY_TYPE_TBL,AGING_CATEGORY | DD_INCLUDE | DD_PROFILE_ID | DESCR | DESCRSHORT | DM_INCLUDE | DUN_INCLUDE | ENTRY_TYPE | EXCLUDE_FROM_CALCS | OC_INCLUDE | SETID | ST_INCLUDE | SUMMARY_CATEGORY | UPDATE_ENTRY,Finance & Contrôle,0.5,"['Other', 'Finance & Contrôle']",coin_flip_reject
1110885,EOAWEMC_PND_LIN,PS_EOAWEMC_PND_LIN,EOAWHTMLFIELDNAME | EOAW_ROW_PATH | EOAW_SENT_VALUE | FIELDNAME | GUID | RECNAME,IT & Sécurité,0.5,"['IT & Sécurité', 'Other']",coin_flip_reject
1111036,EOAW_STAGE,PS_EOAW_STAGE,DESCR | EFFDT | EOAWDEFN_ID | EOAWLEVEL | EOAWPRCS_ID | EOAWSTAGE_NBR | SEQ_NBR,IT & Sécurité,0.5,"['IT & Sécurité', 'Other']",coin_flip_reject
1111059,EOAW_TXN_LNG,PS_EOAW_TXN_LNG,DESCR | EOAWPRCS_ID | LANGUAGE_CD,IT & Sécurité,0.5,"['IT & Sécurité', 'Other']",coin_flip_reject
1111157,EOCC_CONFIG_SEQ,PS_EOCC_CONFIG_SEQ,DESCR | EOCC_APPLY_TO | EOCC_CONFIG_TYPE | EOCC_LARGE_FF | EOCC_MANDATORY_FLG | EOCC_MEDIUM_FF | EOCC_SMALL_FF | EOCC_XLARGE_FF | MARKET | PNLGRPNAME | PTAI_SYSTEM_DATA | ROLENAME | SEQUENCE_NBR | STATUS,IT & Sécurité,0.5,"['Other', 'IT & Sécurité']",coin_flip_reject
1111178,EOCC_MASK_PROF,PS_EOCC_MASK_PROF,DEFAULT_FLG | EOCC_MASK_CHAR | EOCC_MASK_DAY | EOCC_MASK_DESCR | EOCC_MASK_FMT_FLD | EOCC_MASK_ID | EOCC_MASK_MONTH | EOCC_MASK_SEP | EOCC_MASK_TRAILNUM | EOCC_MASK_TYPE | EOCC_MASK_YEAR | EOCC_MSK_SHRTDESCR | RECNAME,IT & Sécurité,0.5,"['IT & Sécurité', 'Other']",coin_flip_reject
1111191,EO_CCR_EXCP,PS_EO_CCR_EXCP,AE_SECTION | CCR_TIMING_CD | EXCP_PROC_NAME | PROCESSING_SEQ | PROC_GRP_ID | PROD_ID | RULE_INSTNC_NBR,IT & Sécurité,0.5,"['Other', 'IT & Sécurité']",coin_flip_reject
1111326,EOCF_DSP_ALERT,PS_EOCF_DSP_ALERT,DESCRLONG | EOCF_ACTION_ID | EOCF_ACTION_NAME,IT & Sécurité,0.5,"['Other', 'IT & Sécurité']",coin_flip_reject
1111536,EOCF_TERM_CTX,PS_EOCF_TERM_CTX,EOCF_CACHE_OPT | EOCF_CONTEXT_ID | EOCF_CONTEXT_VAR | EOCF_CTX_IMPL_TYPE | EOCF_CTXVAR_ALIAS | EOCF_EXTRACT_FLD | EOCF_EXTRACT_POS | EOCF_EXTRACT_TBL | EOCF_EXTRACT_TYPE | EOCF_IMPL_CATEGORY | EOCF_IMPL_ID | EOCF_LIB_TERM_ID,IT & Sécurité,0.5,"['IT & Sécurité', 'Other']",coin_flip_reject
1111630,EOCM_CAT_RULE,PS_EOCM_CAT_RULE,DESCR | EOCM_CATALOG_TYPE | EOCM_RULE_DEFAULT | EOCM_RULE_ID | EOCM_RULE_NAME,IT & Sécurité,0.5,"['IT & Sécurité', 'Other']",coin_flip_reject
1111636,EOCM_CAT_TP_VER,PS_EOCM_CAT_TP_VER,EOCM_ACCESS_ID | EOCM_CATALOG_ID | EOCM_CAT_VER_ID | EOCM_TP_VER_ID | SETID,IT & Sécurité,0.5,"['Other', 'IT & Sécurité']",coin_flip_reject
1111734,EOCM_FINL_TMP,PS_EOCM_FINL_TMP,CURRENCY_CD | EFFDT | EFF_STATUS | EOCM_ACCESS_ID | EOCM_CATALOG_ID | EOCM_CONVERSION_RT | EOCM_CRM_CAT_NBR | EOCM_CRM_ORDERABLE | EOCM_CRM_SERVICE | EOCM_DISCONTINU_DT | EOCM_ELM_CEU | EOCM_ELM_KEYWORDS | EOCM_ELM_NOTES | EOCM_EPRO_DESCR | EOCM_EPRO_FILENAME | EOCM_FILEEXTENSION | EOCM_FILEPATH | EOCM_ITMVPRIORITY | EOCM_LEAD_TIME | EOCM_LEARN_OBJ_ID | EOCM_MFG_ID | EOCM_MFG_PART_NUM | EOCM_MIN_QTY | EOCM_MODEL_NBR | EOCM_OFFER_ID | EOCM_OFFER_NM | EOCM_OFFER_NM_UP | EOCM_OFFER_STATE | EOCM_OFFER_STATUS | EOCM_PROD_BRAND | EOCM_PROD_KIT_FLAG | EOCM_PROP_NAME_1 | EOCM_PROP_NAME_2 | EOCM_PROP_NAME_3 | EOCM_PROP_NAME_4 | EOCM_PROP_NAME_5 | EOCM_PROP_VAL_1 | EOCM_PROP_VAL_2 | EOCM_PROP_VAL_3 | EOCM_PROP_VAL_4 | EOCM_PROP_VAL_5 | EOCM_REQUISITE_ID | EOCM_ROW_ID | EOCM_SUP_CAT_CD | EOCM_SUP_CAT_NM | EOCM_SUP_CAT_NM_UP | EOCM_SUP_OFFER_D | EOCM_SUP_OFFER_NM | EOCM_SUPOFFERNM_UP | EOCM_SUP_OFFER_PR | EOCM_SUP_OFFER_SKU | EOCM_SUP_OFFER_UOM | EOCM_TP_VER_ID | EOCM_VNDR_PART_EXT | EOCM_VNDR_PART_NUM | LASTUPDDTTM | LASTUPDOPRID | MESSAGE_NBR | PROCESS_INSTANCE | SETID | URL,Achats & Fournisseurs,0.5,"['Achats & Fournisseurs', 'IT & Sécurité']",coin_flip_reject
1111739,EOCM_FULL_TMP,PS_EOCM_FULL_TMP,EFFDT | EFF_STATUS | EOCM_ACCESS_ID | EOCM_CATALOG_ID | EOCM_CONVERSION_RT | EOCM_CRM_CAT_NBR | EOCM_CRM_ORDERABLE | EOCM_CRM_SERVICE | EOCM_DISCONTINU_DT | EOCM_ELM_CEU | EOCM_ELM_KEYWORDS | EOCM_ELM_NOTES | EOCM_EPRO_DESCR | EOCM_EPRO_FILENAME | EOCM_FILEEXTENSION | EOCM_FILEPATH | EOCM_ITMVPRIORITY | EOCM_LEAD_TIME | EOCM_LEARN_OBJ_ID | EOCM_MFG_ID | EOCM_MFG_PART_NUM | EOCM_MIN_QTY | EOCM_MODEL_NBR | EOCM_OFFER_ID | EOCM_OFFER_STATE | EOCM_PROD_BRAND | EOCM_PROD_KIT_FLAG | EOCM_PROP_NAME_1 | EOCM_PROP_NAME_2 | EOCM_PROP_NAME_3 | EOCM_PROP_NAME_4 | EOCM_PROP_NAME_5 | EOCM_PROP_VAL_1 | EOCM_PROP_VAL_2 | EOCM_PROP_VAL_3 | EOCM_PROP_VAL_4 | EOCM_PROP_VAL_5 | EOCM_REQUISITE_ID | EOCM_SUP_CAT_CD | EOCM_SUP_CAT_NM | EOCM_SUP_OFFER_D | EOCM_SUP_OFFER_NM | EOCM_SUP_OFFER_SKU | EOCM_VNDR_PART_EXT | EOCM_VNDR_PART_NUM | LASTUPDDTTM | LASTUPDOPRID | PROCESS_INSTANCE | SETID | URL,Achats & Fournisseurs,0.5,"['Achats & Fournisseurs', 'IT & Sécurité']",coin_flip_reject
1111748,EOCM_GENH_TMP,PS_EOCM_GENH_TMP,CURRENCY_CD | EFFDT | EFF_STATUS | EOCM_ACCESS_ID | EOCM_CATALOG_ID | EOCM_CONVERSION_RT | EOCM_CRM_CAT_NBR | EOCM_CRM_ORDERABLE | EOCM_CRM_SERVICE | EOCM_DISCONTINU_DT | EOCM_ELM_CEU | EOCM_ELM_KEYWORDS | EOCM_ELM_NOTES | EOCM_EPRO_DESCR | EOCM_EPRO_FILENAME | EOCM_FILEEXTENSION | EOCM_FILEPATH | EOCM_ITMVPRIORITY | EOCM_LEAD_TIME | EOCM_LEARN_OBJ_ID | EOCM_MFG_ID | EOCM_MFG_PART_NUM | EOCM_MIN_QTY | EOCM_MODEL_NBR | EOCM_OFFER_ID | EOCM_OFFER_NM | EOCM_OFFER_STATE | EOCM_OFFER_STATUS | EOCM_PROD_BRAND | EOCM_PROD_KIT_FLAG | EOCM_PROP_NAME_1 | EOCM_PROP_NAME_2 | EOCM_PROP_NAME_3 | EOCM_PROP_NAME_4 | EOCM_PROP_NAME_5 | EOCM_PROP_VAL_1 | EOCM_PROP_VAL_2 | EOCM_PROP_VAL_3 | EOCM_PROP_VAL_4 | EOCM_PROP_VAL_5 | EOCM_REQUISITE_ID | EOCM_ROW_ID | EOCM_SUP_CAT_CD | EOCM_SUP_CAT_NM | EOCM_SUP_OFFER_D | EOCM_SUP_OFFER_NM | EOCM_SUP_OFFER_PR | EOCM_SUP_OFFER_SKU | EOCM_SUP_OFFER_UOM | EOCM_TP_VER_ID | EOCM_VNDR_PART_EXT | EOCM_VNDR_PART_NUM | LASTUPDDTTM | LASTUPDOPRID | MESSAGE_NBR | PROCESS_INSTANCE | PSARCH_ID | SETID | URL,Achats & Fournisseurs,0.5,"['Achats & Fournisseurs', 'IT & Sécurité']",coin_flip_reject
1111760,EOCM_GNT2_TMP,PS_EOCM_GNT2_TMP,CURRENCY_CD | EFFDT | EFF_STATUS | EOCM_ACCESS_ID | EOCM_CATALOG_ID | EOCM_CONVERSION_RT | EOCM_CRM_CAT_NBR | EOCM_CRM_ORDERABLE | EOCM_CRM_SERVICE | EOCM_DISCONTINU_DT | EOCM_ELM_CEU | EOCM_ELM_KEYWORDS | EOCM_ELM_NOTES | EOCM_EPRO_DESCR | EOCM_EPRO_FILENAME | EOCM_FILEEXTENSION | EOCM_FILEPATH | EOCM_ITMVPRIORITY | EOCM_LEAD_TIME | EOCM_LEARN_OBJ_ID | EOCM_MFG_ID | EOCM_MFG_PART_NUM | EOCM_MIN_QTY | EOCM_MODEL_NBR | EOCM_OFFER_ID | EOCM_OFFER_NM | EOCM_OFFER_STATE | EOCM_OFFER_STATUS | EOCM_PROD_BRAND | EOCM_PROD_KIT_FLAG | EOCM_PROP_NAME_1 | EOCM_PROP_NAME_2 | EOCM_PROP_NAME_3 | EOCM_PROP_NAME_4 | EOCM_PROP_NAME_5 | EOCM_PROP_VAL_1 | EOCM_PROP_VAL_2 | EOCM_PROP_VAL_3 | EOCM_PROP_VAL_4 | EOCM_PROP_VAL_5 | EOCM_REQUISITE_ID | EOCM_ROW_ID | EOCM_SUP_CAT_CD | EOCM_SUP_CAT_NM | EOCM_SUP_OFFER_D | EOCM_SUP_OFFER_NM | EOCM_SUP_OFFER_PR | EOCM_SUP_OFFER_SKU | EOCM_SUP_OFFER_UOM | EOCM_TP_VER_ID | EOCM_VNDR_PART_EXT | EOCM_VNDR_PART_NUM | LASTUPDDTTM | LASTUPDOPRID | MESSAGE_NBR | PROCESS_INSTANCE | SETID | URL,Achats & Fournisseurs,0.5,"['Achats & Fournisseurs', 'IT & Sécurité']",coin_flip_reject
1111810,EOCM_NEWGEN_TBL,PS_EOCM_NEWGEN_TBL,CURRENCY_CD | EFFDT | EFF_STATUS | EOCM_ACCESS_ID | EOCM_CATALOG_ID | EOCM_CONVERSION_RT | EOCM_CRM_CAT_NBR | EOCM_CRM_ORDERABLE | EOCM_CRM_SERVICE | EOCM_DISCONTINU_DT | EOCM_ELM_CEU | EOCM_ELM_KEYWORDS | EOCM_ELM_NOTES | EOCM_EPRO_DESCR | EOCM_EPRO_FILENAME | EOCM_FILEEXTENSION | EOCM_FILEPATH | EOCM_ITMVPRIORITY | EOCM_LEAD_TIME | EOCM_LEARN_OBJ_ID | EOCM_MFG_ID | EOCM_MFG_PART_NUM | EOCM_MIN_QTY | EOCM_MODEL_NBR | EOCM_OFFER_ID | EOCM_OFFER_NM | EOCM_OFFER_STATE | EOCM_OFFER_STATUS | EOCM_PROD_BRAND | EOCM_PROD_KIT_FLAG | EOCM_PROP_NAME_1 | EOCM_PROP_NAME_2 | EOCM_PROP_NAME_3 | EOCM_PROP_NAME_4 | EOCM_PROP_NAME_5 | EOCM_PROP_VAL_1 | EOCM_PROP_VAL_2 | EOCM_PROP_VAL_3 | EOCM_PROP_VAL_4 | EOCM_PROP_VAL_5 | EOCM_REQUISITE_ID | EOCM_ROW_ID | EOCM_SUP_CAT_CD | EOCM_SUP_CAT_NM | EOCM_SUP_OFFER_D | EOCM_SUP_OFFER_NM | EOCM_SUP_OFFER_PR | EOCM_SUP_OFFER_SKU | EOCM_SUP_OFFER_UOM | EOCM_TP_VER_ID | EOCM_VNDR_PART_EXT | EOCM_VNDR_PART_NUM | LASTUPDDTTM | LASTUPDOPRID | MESSAGE_NBR | SETID | URL,Achats & Fournisseurs,0.5,"['Achats & Fournisseurs', 'Other']",coin_flip_reject
1111811,EOCM_NEWGN2_TMP,PS_EOCM_NEWGN2_TMP,CURRENCY_CD | EFFDT | EFF_STATUS | EOCM_ACCESS_ID | EOCM_CATALOG_ID | EOCM_CONVERSION_RT | EOCM_CRM_CAT_NBR | EOCM_CRM_ORDERABLE | EOCM_CRM_SERVICE | EOCM_DISCONTINU_DT | EOCM_ELM_CEU | EOCM_ELM_KEYWORDS | EOCM_ELM_NOTES | EOCM_EPRO_DESCR | EOCM_EPRO_FILENAME | EOCM_FILEEXTENSION | EOCM_FILEPATH | EOCM_ITMVPRIORITY | EOCM_LEAD_TIME | EOCM_LEARN_OBJ_ID | EOCM_MFG_ID | EOCM_MFG_PART_NUM | EOCM_MIN_QTY | EOCM_MODEL_NBR | EOCM_OFFER_ID | EOCM_OFFER_NM | EOCM_OFFER_STATE | EOCM_OFFER_STATUS | EOCM_PROD_BRAND | EOCM_PROD_KIT_FLAG | EOCM_PROP_NAME_1 | EOCM_PROP_NAME_2 | EOCM_PROP_NAME_3 | EOCM_PROP_NAME_4 | EOCM_PROP_NAME_5 | EOCM_PROP_VAL_1 | EOCM_PROP_VAL_2 | EOCM_PROP_VAL_3 | EOCM_PROP_VAL_4 | EOCM_PROP_VAL_5 | EOCM_REQUISITE_ID | EOCM_ROW_ID | EOCM_SUP_CAT_CD | EOCM_SUP_CAT_NM | EOCM_SUP_OFFER_D | EOCM_SUP_OFFER_NM | EOCM_SUP_OFFER_PR | EOCM_SUP_OFFER_SKU | EOCM_SUP_OFFER_UOM | EOCM_TP_VER_ID | EOCM_VNDR_PART_EXT | EOCM_VNDR_PART_NUM | LASTUPDDTTM | LASTUPDOPRID | MESSAGE_NBR | SETID | URL,Achats & Fournisseurs,0.5,"['Achats & Fournisseurs', 'Other']",coin_flip_reject
1111849,EOCM_SELECT_FLD,PS_EOCM_SELECT_FLD,EOCM_ACCESS_ID | EOCM_CATALOG_ID | EOCM_REPORT_ID | EOCM_TP_VER_ID | FIELDNAME | LONGNAME | SETID,IT & Sécurité,0.5,"['IT & Sécurité', 'Other']",coin_flip_reject
1111860,EOCM_S_OFF_TBL,PS_EOCM_S_OFF_TBL,EFFDT | EFF_STATUS | EOCM_ACCESS_ID | EOCM_CATALOG_ID | EOCM_CONVERSION_RT | EOCM_CRM_CAT_NBR | EOCM_CRM_ORDERABLE | EOCM_CRM_SERVICE | EOCM_DISCONTINU_DT | EOCM_ELM_CEU | EOCM_ELM_KEYWORDS | EOCM_ELM_NOTES | EOCM_EPRO_DESCR | EOCM_EPRO_FILENAME | EOCM_FILEEXTENSION | EOCM_FILEPATH | EOCM_ITMVPRIORITY | EOCM_LEAD_TIME | EOCM_LEARN_OBJ_ID | EOCM_MFG_ID | EOCM_MFG_PART_NUM | EOCM_MIN_QTY | EOCM_MODEL_NBR | EOCM_OFFER_ID | EOCM_OFFER_STATE | EOCM_PROD_BRAND | EOCM_PROD_KIT_FLAG | EOCM_PROP_NAME_1 | EOCM_PROP_NAME_2 | EOCM_PROP_NAME_3 | EOCM_PROP_NAME_4 | EOCM_PROP_NAME_5 | EOCM_PROP_VAL_1 | EOCM_PROP_VAL_2 | EOCM_PROP_VAL_3 | EOCM_PROP_VAL_4 | EOCM_PROP_VAL_5 | EOCM_REQUISITE_ID | EOCM_SUP_CAT_CD | EOCM_SUP_CAT_NM | EOCM_SUP_OFFER_D | EOCM_SUP_OFFER_NM | EOCM_SUP_OFFER_SKU | EOCM_VNDR_PART_EXT | EOCM_VNDR_PART_NUM | LASTUPDDTTM | LASTUPDOPRID | SETID | URL,Achats & Fournisseurs,0.5,"['Achats & Fournisseurs', 'Other']",coin_flip_reject
1111915,EOCM_TMP9999999,PS_EOCM_TMP9999999,EOCM_ACCESS_ID | EOCM_FLD_CH1_10 | EOCM_FLD_CH1_11 | EOCM_FLD_CH1_254 | EOCM_FLD_CH1_27 | EOCM_FLD_CH1_3 | EOCM_FLD_CH1_32 | EOCM_FLD_CH1_34 | EOCM_FLD_CH1_50 | EOCM_FLD_CH1_64 | EOCM_FLD_CH1_82 | EOCM_FLD_CH2_254 | EOCM_FLD_CH2_3 | EOCM_FLD_CH2_30 | EOCM_FLD_CH2_32 | EOCM_FLD_CH2_34 | EOCM_FLD_CH2_50 | EOCM_FLD_CH2_64 | EOCM_FLD_CH3_3 | EOCM_FLD_CH3_32 | EOCM_FLD_CH3_34 | EOCM_FLD_CH3_50 | EOCM_FLD_CH3_64 | EOCM_FLD_CH4_32 | EOCM_FLD_CH4_34 | EOCM_FLD_CH4_50 | EOCM_FLD_CH4_64 | EOCM_FLD_CH5_34 | EOCM_FLD_CH5_50 | EOCM_FLD_CH5_64 | EOCM_FLD_DA1_10_D0 | EOCM_FLD_DA2_10_D0 | EOCM_FLD_NU1_12_D4 | EOCM_FLD_NU1_16_D5 | EOCM_FLD_NU1_17_D8 | EOCM_IMPORT_FLAG | SEQNUM | SETID,IT & Sécurité,0.5,"['IT & Sécurité', 'Other']",coin_flip_reject
1111963,EO_CURRCNV_COMP,PS_EO_CURRCNV_COMP,AE_FLD_FORMAT | COMP_DATA_TYPE | RCNTL_COMP_NAME | RCNTL_COMP_NBR,Finance & Contrôle,0.5,"['Other', 'Finance & Contrôle']",coin_flip_reject
1111976,EODC_CIBUFMAP,PS_EODC_CIBUFMAP,BCNAME | EODC_ACTIVE_FLG | EODC_CATEGORY | EODC_CI_FIELDNAME | EODC_CI_PARENTREC | EODC_CIRECLVL | EODC_CI_RECNAME | EODC_CISCROLLNAME | EODC_FIELDNAME | EODC_LEVEL | EODC_PNGRPRECLVL | EODC_PNGR_RECNAME | EODC_SCROLLNAME | EO_DOCTYPE | PARENTRECNAME | SEQNO,IT & Sécurité,0.5,"['Other', 'IT & Sécurité']",coin_flip_reject
1112062,EODI_DYN_FIELDS,PS_EODI_DYN_FIELDS,CONTNAME | DECIMALPOS | EDITTABLE | EODI_BACKGROUND | EODI_COLLAPSED | EODI_DATE | EODI_DATETIME | EODI_DISPLAY_ONLY | EODI_DYN_BTN_ACTN | EODI_DYN_EVENT_FC | EODI_DYN_HEIGHT | EODI_DYN_ID | EODI_DYN_LBLTEXT | EODI_DYN_LBLTYPE | EODI_DYN_LBL_WIDTH | EODI_DYN_POS_COL | EODI_DYN_POS_ROW | EODI_DYN_POSX | EODI_DYN_POSY | EODI_DYN_PRMPTEDIT | EODI_DYN_WIDTH | EODI_FIELD_MASK | EODI_FIELD_TYPE | EODI_FOREGROUND | EODI_LBLBACKGROUND | EODI_LBLFOREGROUND | EODI_PAD_LEFT | EODI_PAD_RIGHT | EODI_TAG | EODI_TEXT | EODI_TIME | EODI_VISIBLE | EODI_XFR_PROC_ID | FIELDNAME | LABEL_ID | LENGTH | MESSAGE_NBR | MESSAGE_SET_NBR | SEQNBR,IT & Sécurité,0.5,"['Other', 'IT & Sécurité']",coin_flip_reject
1112197,EODP_CI_REF,PS_EODP_CI_REF,BCNAME | FIELDNAME | MARKET | MENUNAME | PNLGRPNAME | RECNAME,IT & Sécurité,0.5,"['Other', 'IT & Sécurité']",coin_flip_reject
1112271,EODP_PIVOT_DTL,PS_EODP_PIVOT_DTL,EODP_QUERYNAME | FIELDNAME | PTPG_DSVALUE | PTPG_PGRIDNAME | RECNAME,IT & Sécurité,0.5,"['Other', 'IT & Sécurité']",coin_flip_reject
1112381,EODP_SQR_STG,PS_EODP_SQR_STG,EODP_SQR_NAME | FIELDNAME | RECNAME,IT & Sécurité,0.5,"['Other', 'IT & Sécurité']",coin_flip_reject
1112401,EO_DSATTRIBMAP,PS_EO_DSATTRIBMAP,CONSTVAL | DSATTRIBUTE | DSATTRSEQNO | DSMAPNAME | FIELDNAME | PSFTMASTER | RECNAME | SEQNO | USECONSTANT,IT & Sécurité,0.5,"['Other', 'IT & Sécurité']",coin_flip_reject
1112413,EODS_DNDEFDEFN,PS_EODS_DNDEFDEFN,DESCR | DSDN | DSMAPNAME | MSGNAME | STATUS,IT & Sécurité,0.5,"['Other', 'IT & Sécurité']",coin_flip_reject
1112434,EO_DSRQATTMPLNG,PS_EO_DSRQATTMPLNG,CONSTVAL | DSATTRIBUTE | DSATTRSEQNO | DSMAPNAME | LANGUAGE_CD | SEQNO,IT & Sécurité,0.5,"['IT & Sécurité', 'Other']",coin_flip_reject
1112703,EOEN_REG_EVNT,PS_EOEN_REG_EVNT,DESCR | DESCRLONG | EOEN_EVENT_NAME | EOEN_EVENT_STAT | EOEN_LOG_FLG | SYSTEM_DATA_FLG,IT & Sécurité,0.5,"['Other', 'IT & Sécurité']",coin_flip_reject
1112803,EOEP_COND_GROUP,PS_EOEP_COND_GROUP,EOEP_COND_COUNT | EOEP_COND_GROUP | EOEP_COND_SEQ | EOEP_RULE_ID | SETID,IT & Sécurité,0.5,"['Other', 'IT & Sécurité']",coin_flip_reject
1112834,EOEP_EC_ERR_LNG,PS_EOEP_EC_ERR_LNG,DESCR254 | EIP_CTL_ID | EIP_PROGRAM | FIELDNAME | LANGUAGE_CD | RECNAME | SEQ_NBR,IT & Sécurité,0.5,"['IT & Sécurité', 'Other']",coin_flip_reject
1112911,EOEP_LMAX_TAO,PS_EOEP_LMAX_TAO,BREAK_QTY_HIGH | BREAK_QTY_LOW | CURRENCY_CD | EFFDT | PRICE_LIST_ID | PROCESS_INSTANCE | PRODUCT_ID | SETID | UNIT_OF_MEASURE,Finance & Contrôle,0.5,"['Finance & Contrôle', 'Supply Chain / Logistique / Production']",coin_flip_reject
1113306,EO_FLOMSGMAP,PS_EO_FLOMSGMAP,FILE_ID | FLDDEFNNAME | MSGNAME,IT & Sécurité,0.5,"['Other', 'IT & Sécurité']",coin_flip_reject
1113385,EO_OMPPX1_TAO,PS_EO_OMPPX1_TAO,BUSINESS_UNIT_IN | CURRENCY_CD | EFFDT | PROCESS_INSTANCE | PRODUCT_ID | SETID | TO_CURRENCY_CD | TOT_QTY | UNIT_OF_MEASURE,Supply Chain / Logistique / Production,0.5,"['IT & Sécurité', 'Supply Chain / Logistique / Production']",coin_flip_reject
1113386,EO_OMPPX2_TAO,PS_EO_OMPPX2_TAO,BUSINESS_UNIT_IN | CURRENCY_CD | EFFDT | PROCESS_INSTANCE | PRODUCT_ID | SETID | TO_CURRENCY_CD | TOT_QTY | UNIT_OF_MEASURE,Supply Chain / Logistique / Production,0.5,"['IT & Sécurité', 'Supply Chain / Logistique / Production']",coin_flip_reject
1113546,EOPCMIG_DEFN,PS_EOPCMIG_DEFN,EOPCAPP_OBJ | EOPCAPPOBJ_TYPE | EOPCDEFN_DESCR | EOPCDEFN_ID | EOPCDEFN_NAME | EOPCDTTM_ADDED | EOPCLASTOPRID | EOPCLASTUPDDTTM | EOPCMIG_DEFN_ID | EOPCOPRID_ADDED | EOPCSOURCE_CD | OWNERID,IT & Sécurité,0.5,"['IT & Sécurité', 'Other']",coin_flip_reject
1113548,EOPCMIG_DEF_TMP,PS_EOPCMIG_DEF_TMP,EOPCAPP_OBJ | EOPCAPPOBJ_TYPE | EOPCDEFN_DESCR | EOPCDEFN_ID | EOPCDEFN_NAME | EOPCDTTM_ADDED | EOPCLASTOPRID | EOPCLASTUPDDTTM | EOPCMIG_DEFN_ID | EOPCOPRID_ADDED | EOPCSOURCE_CD | OWNERID,IT & Sécurité,0.5,"['Other', 'IT & Sécurité']",coin_flip_reject
1113549,EOPCMIGDEFTMP,PS_EOPCMIGDEFTMP,EOPCAPP_OBJ | EOPCAPPOBJ_TYPE | EOPCDEFN_DESCR | EOPCDEFN_ID | EOPCDEFN_NAME | EOPCDTTM_ADDED | EOPCLASTOPRID | EOPCLASTUPDDTTM | EOPCMIG_DEFN_ID | EOPCOPRID_ADDED | EOPCSOURCE_CD | OWNERID,IT & Sécurité,0.5,"['Other', 'IT & Sécurité']",coin_flip_reject
1113554,EOPCMIG_MD_TMP,PS_EOPCMIG_MD_TMP,DESCR254 | DISP_OBJ_NAME | DISP_OBJ_TYPE | EOPCDEFN_ID | EOPCDTTM_ADDED | EOPCFORM_LG | EOPCFORM_MED | EOPCFORM_SM | EOPCFORM_XLG | EOPCIMAGE_ID | EOPCLASTOPRID | EOPCLASTUPDDTTM | EOPCMAIN_DESCR | EOPCMAIN_DESCR254 | EOPCMAIN_FIELD_HSH | EOPCMAIN_ID | EOPCOBJ_BASE_HT_ID | EOPCOBJ_PF_ID | EOPCOPRID_ADDED | EOPCSOURCE_CD | HTMLDISPLAY | OBJECTOWNERID | OWNERID | SEQNBR | STATUS,IT & Sécurité,0.5,"['Other', 'IT & Sécurité']",coin_flip_reject
1113852,EO_RATECALC_DTL,PS_EO_RATECALC_DTL,FROM_CUR | OPRID | RUN_CNTL_ID | TO_CUR,Finance & Contrôle,0.5,"['Finance & Contrôle', 'IT & Sécurité']",coin_flip_reject
1113901,EORD_DSET_LNG,PS_EORD_DSET_LNG,DESCR254 | EORD_DEL_SET | LANGUAGE_CD,Ventes & Clients,0.5,"['Ventes & Clients', 'Other']",coin_flip_reject
1114024,EOTL_TB_FFLD,PS_EOTL_TB_FFLD,EOCF_CREATEDTTM | EOCF_CREATEOPRID | EOCF_LASTUPDDTTM | EOCF_LASTUPDOPRID | EOTL_SYSD_FLG | EOTL_TOOLBAR_ID | FIELDNAME | MARKET | PNLGRPNAME | PNLNAME | RECNAME,IT & Sécurité,0.5,"['Other', 'IT & Sécurité']",coin_flip_reject
1114077,EOTP_PRTNRCNTCT,PS_EOTP_PRTNRCNTCT,EOTP_EMAILADDR | EOTP_FAXNUM | EOTP_FIRSTNAME | EOTP_LASTNAME | EOTP_PARTNERID | EOTP_PHONEEXT | EOTP_PHONENUM | EOTP_PRIMCNTCT | EOTP_ROLEDESCR | EOTP_SALUTATION | EOTP_SEQNUM | EOTP_TITLE | OPRID,Ventes & Clients,0.5,"['Ventes & Clients', 'Achats & Fournisseurs']",coin_flip_reject
1114124,EOTR_OWN_RECUR,PS_EOTR_OWN_RECUR,OBJECTOWNERID | RECURNAME,IT & Sécurité,0.5,"['IT & Sécurité', 'Other']",coin_flip_reject
1114127,EOTR_OWN_TREE,PS_EOTR_OWN_TREE,OBJECTOWNERID | SETCNTRLVALUE | SETID | TREE_NAME,IT & Sécurité,0.5,"['IT & Sécurité', 'Other']",coin_flip_reject
1114224,EQTZ_OFF_DR_TBL,PS_EQTZ_OFF_DR_TBL,CF_SETID | CF_VALUE_OPTION | CHARTFIELD_VALUE | DR_RT_TYPE | EFFDT | EQUITIZATION_RULE | FIELDNAME | SETID,Finance & Contrôle,0.5,"['Other', 'Finance & Contrôle']",coin_flip_reject
1114286,ESIGN_HDR,PS_ESIGN_HDR,DESCR | DESCRLONG | DESCRSHORT | EFFDT | EFF_STATUS | ESIGN_CATEGORY_ID | ESIGN_GB_HEADER | ESIGN_ID | ESIGN_VERIFY_ID,IT & Sécurité,0.5,"['Other', 'IT & Sécurité']",coin_flip_reject
1114302,ESIGN_SETUP,PS_ESIGN_SETUP,BUSINESS_UNIT | ESIGN_FLG | ESIGN_TRANS_TYPE,IT & Sécurité,0.5,"['Other', 'IT & Sécurité']",coin_flip_reject
1114439,EX_ADV_HDR_H,PS_EX_ADV_HDR_H,ACCOUNTING_DT | ACTION_NAME | ADVANCE_ID | ADVANCE_NAME | ADV_STATUS | APPL_JRNL_ID | APPROVAL_DT | APPROVAL_LEVEL | APPR_PROCESS_FLAG | AUDIT_DT | AUDIT_OPRID | BALANCE | BEGIN_DT | BUSINESS_PURPOSE | BUSINESS_UNIT_GL | COMMENTS | CREATION_DT | CURRENCY_CD | DATE_TIME_HM | DOC_SEQ_DATE | DOC_SEQ_NBR | DOC_TYPE | DST_CNTRL_ID | EMPLID | EMPL_RCD | END_DT | EX_ORIGIN | INTERVAL_PERIOD | LASTUPDDTTM | OPRID_ENTERED_BY | OPRID_LAST_ACTION | OPRID_LAST_UPDT | ORIG_ACCT_DT | POST_STATUS_EX | PROCESS_FLAG | PROCESS_INSTANCE | PSARCH_BATCHNUM | PSARCH_ID | RCPT_VERIFY_DT | RCPT_VERIFY_OPRID | RECEIPTS_RECEIVED | RECONCILE_DT | RECREATE_DATE | RECREATE_STATUS | REFERENCE_ID | REOCCURRING_ADV | RESUBMISSION_DT | REVERSAL_DATE | RISK_EXISTS_FLG | SETID | SHEET_ID | SUBMISSION_DATE | SUBMIT_OPRID | TOTAL_AMT | TRAVEL_AUTH_ID | UNPOST_SEQ,RH,0.5,"['RH', 'Finance & Contrôle']",coin_flip_reject
1114452,EX_ADVLN_TAO,PS_EX_ADVLN_TAO,ACCOUNTING_DT | ADDRESS_SEQ_NUM | ADVANCE_ID | ADV_STATUS | APPROVAL_DT | BUSINESS_UNIT_GL | CREATION_DT | CURRENCY_CD | DESCR | EMPLID | EMPL_RCD | EX_LINE_STATUS | EXPEND_MTHD_EDIT | GENERATE_PYMNT | GROSSUP | GROSS_UP_EST_AMT | LINE_NBR | MONETARY_AMOUNT | POST_STATUS_EX | PROCESS_FLAG | PROCESS_INSTANCE | REVERSAL_DATE | VENDOR_ID | VENDOR_SETID | VNDR_LOC,RH,0.5,"['RH', 'Finance & Contrôle']",coin_flip_reject
1114533,EX_AMX_GE_TA0,PS_EX_AMX_GE_TA0,BUSINESS_UNIT_GL | CRDMEM_ACCT_NBR | EMPLID | PROCESS_INSTANCE | SETID,Finance & Contrôle,0.5,"['IT & Sécurité', 'Finance & Contrôle']",coin_flip_reject
1114557,EX_APPRVR,PS_EX_APPRVR,APPROVER_OPRID | APPROVER_PROFILE | BUSINESS_UNIT_GL | CHARTFIELD_FROM | CHARTFIELD_TO,Finance & Contrôle,0.5,"['IT & Sécurité', 'Finance & Contrôle']",coin_flip_reject
1114788,EXD_ADJ_TAO,PS_EXD_ADJ_TAO,EXD_ADJUST_LINE | EXD_ADJUST_NO | EXD_DOC_NBR_SER | EXD_REGISTER_CD | ORG_CODE | ORG_TAX_LOC_CD | PROCESS_INSTANCE | SETID,Finance & Contrôle,0.5,"['IT & Sécurité', 'Finance & Contrôle']",coin_flip_reject
1115337,EX_M3SUMM_TA1,PS_EX_M3SUMM_TA1,AIRFARE_RCPT_NBR | AIR_TAX_EX | AUDIO_TOTAL_EX | AUTO_TOWING_EX | BANQUET_ROOM_EX | BAR_EX | BUSCENTER_TOTAL_EX | CAR_DAILY_RATE_EX | CAR_PHONE_TOT_EX | CAR_TAX_EX | CAR_WEEKLY_RATE_EX | CASH_DISPURSE_EX | CLASS_CODE_EX | CONFR_ROOM_EX | CRDMEM_ACCT_NBR | CURRENCY_CD | DATA_SOURCE_EX | DEPART_DATE_EX | DRY_CLEAN_EX | EARLY_DEPART_EX | EMPLID | ENHC_NAME_EX | ETICKET_IND_EX | EXCHG_FARE_EX | EXCHG_TCKT_NBR_EX | EX_ENHC_DATE | EX_ENHC_DAYS | EX_ENHC_TYPE_NBR | EX_ENHNC_DATA | EXTRA_MILE_EX | FOLIOADV_TOTAL_EX | FOOD_TOTAL_EX | FUEL_TOTAL_EX | GIFTSHOP_TOTAL_EX | GRATUITY_TOTAL_EX | HLTHCLUB_TOTAL_EX | INSURANCE_TOTAL_EX | INTERNET_IND_EX | INTERNET_TOTAL_EX | LATE_RETURN_EX | LAUNDRY_TOTAL_EX | LOUNGE_TOTAL_EX | MINIBAR_TOTAL_EX | MOVIE_TOTAL_EX | NONRM_TOTAL_EX | ONEWAY_DROPOFF_EX | OTHER_SRV2_EX | OTHER_SRV3_EX | OTHER_SRV4_EX | OTHER_SRV5_EX | OTHER_SRV6_EX | OTHER_TOTAL_EX | PHONE_TOTAL_EX | PREPD_TOTAL_EX | PROCESS_INSTANCE | REG_MILE_EX | RESTRT_TOTAL_EX | RETURN_LOC_EX | ROOM_RATE_EX | ROOM_SRVC_EX | ROOM_TAX_EX | SEQ_NBR | TICKET_IND_EX | TOTAL_FARE_EX | TOTAL_FEE_EX | TRANS_NBR | TRANSPORTATION_EX | TRAY_CHARGE_EX | VALET_TOTAL_EX,Finance & Contrôle,0.5,"['Finance & Contrôle', 'RH']",coin_flip_reject
1115376,EX_MC3_54_TA1,PS_EX_MC3_54_TA1,AUTO_TOWING_EX | CAR_DAILY_RATE_EX | CAR_PHONE_TOT_EX | CAR_WEEKLY_RATE_EX | CHECKOUT_DT | CLASS_CODE_EX | CRDMEM_ACCT_NBR | CURR_CD_CAR | ENHC_NAME_EX | EX_ENHC_DAYS | EXTRA_MILE_EX | FUEL_TOTAL_EX | INSURANCE_TOTAL_EX | LATE_RETURN_EX | MC_ACCT_NUM | MC_PROCESS_TRANSID | MC_RENTALAGREEMENT | MC_TRANS_DT | ONEWAY_DROPOFF_EX | PROCESS_INSTANCE | REG_MILE_EX | RETURN_LOC_EX | SEQ_NBR | TRANS_NBR,Finance & Contrôle,0.5,"['Other', 'Finance & Contrôle']",coin_flip_reject
1115413,EX_MC5_04_TA1,PS_EX_MC5_04_TA1,CRDMEM_ACCT_NBR | EX_ENHC_DATE | MC_ACCT_NUM | MC_ADJAMTINDICATOR | MC_ADJUSTMT_AMTE | MC_CHCK_OUT_DT | MC_CORP_NBR | MC_CUSTSRV_NBR | MC_EFF_DATE_TM | MC_FILE_REC_NUM | MC_INSURANCE_CHRG | MC_INSURANCEFLAG | MC_ISSUER_ICA | MC_ISSUER_NBR | MC_MAXFREE_MILES | MC_PROGRAMCODE | MC_RATE_PERMILE | MC_REC_ID | MC_RENTALAGREEMENT | MC_RENT_CLASS | MC_RENT_DAILYRT | MC_RENTER_NAME | MC_RENT_RETNCITY | MC_RENT_RETRNCNTRY | MC_RENT_RETRNDTE | MC_RENT_RETRNLOC | MC_RENT_RETRNSTATE | MC_RES_FIELD | MC_RESRVD_FLD | MC_TOTAL_MILES | MC_TRANS_ADD_ID | PROCESS_INSTANCE | SEQ_NBR | TRANS_NBR,Finance & Contrôle,0.5,"['Finance & Contrôle', 'IT & Sécurité']",coin_flip_reject
1115551,EXPLODE_TRBU_SR,PS_EXPLODE_TRBU_SR,NEW_VAL_TO_SEQ | OLD_VAL_TO_SEQ | SOURCE_BUS_UNIT,IT & Sécurité,0.5,"['IT & Sécurité', 'Other']",coin_flip_reject
1115607,EX_PRJRES_TAO,PS_EX_PRJRES_TAO,ACTIVITY_ID | AFFILIATE | AFFILIATE_INTRA1 | AFFILIATE_INTRA2 | ANALYSIS_TYPE | BI_DISTRIB_STATUS | BUDGET_REF | BUSINESS_UNIT_GL | BUSINESS_UNIT_PC | CHARTFIELD1 | CHARTFIELD2 | CHARTFIELD3 | CLASS_FLD | DATE_UNDER_RPT | DEPTID | DESCR60 | EMPLID | EMPL_RCD | FUND_CODE | JOBCODE | OPERATING_UNIT | PC_DISTRIB_STATUS | PROCESS_INSTANCE | PRODUCT | PROGRAM_CODE | PROJECT_ID | RESOURCE_CATEGORY | RESOURCE_SUB_CAT | RESOURCE_TYPE | TIME_QUANTITY | TIME_SHEET_ID | TRC | UNIT_OF_MEASURE,RH,0.5,"['RH', 'Finance & Contrôle']",coin_flip_reject
1115639,EXP_RULLST,PS_EXP_RULLST,EOEP_RULE_ID | NEW_VAL_TO_SEQ | OLD_VAL_TO_SEQ,IT & Sécurité,0.5,"['Other', 'IT & Sécurité']",coin_flip_reject
1115651,EX_PY_ACK_A_TAO,PS_EX_PY_ACK_A_TAO,ADVANCE_ID | EX_PYMNT_TYPE | LINE_NBR | PROCESS_INSTANCE | SEQ_NBR,Finance & Contrôle,0.5,"['Finance & Contrôle', 'IT & Sécurité']",coin_flip_reject
1115653,EX_PY_ACK_SUB,PS_EX_PY_ACK_SUB,ACCEPTANCE_STATUS | AUDIT_ACTN | CURRENCY_CD | DATE_ACKNOWLEDGE | EMPLID | EMPL_RCD | ERNCD | EX_DOC_ID | EX_DOC_TYPE | EX_LINE_NBR | GROSSUP | MONETARY_AMOUNT | PROCESS_INSTANCE | REJECTED_REASON | SEPCHK,RH,0.5,"['RH', 'Finance & Contrôle']",coin_flip_reject
1115713,EX_REFINE_TYPES,PS_EX_REFINE_TYPES,APPR_TRANS_TYPE | EFFDT | EXPENSE_TYPE | REFINEMENT_TMPL_ID | SETID,Finance & Contrôle,0.5,"['Other', 'Finance & Contrôle']",coin_flip_reject
1115719,EX_RESADJ_TAO,PS_EX_RESADJ_TAO,ACTIVITY_ID | AFFILIATE | AFFILIATE_INTRA1 | AFFILIATE_INTRA2 | ANALYSIS_TYPE | BI_DISTRIB_STATUS | BUDGET_REF | BUSINESS_UNIT_GL | BUSINESS_UNIT_PC | CHARTFIELD1 | CHARTFIELD2 | CHARTFIELD3 | CLASS_FLD | DATE_UNDER_RPT | DEPTID | DESCR60 | EMPLID | EMPL_RCD | FUND_CODE | JOBCODE | OPERATING_UNIT | PC_DISTRIB_STATUS | PROCESS_INSTANCE | PRODUCT | PROGRAM_CODE | PROJECT_ID | RESOURCE_CATEGORY | RESOURCE_SUB_CAT | RESOURCE_TYPE | TIME_QUANTITY | TIME_SHEET_ID | TRC | UNIT_OF_MEASURE,RH,0.5,"['RH', 'Finance & Contrôle']",coin_flip_reject
1115754,EX_ROLE_EXCP_ET,PS_EX_ROLE_EXCP_ET,ALLOW_OVERAGE | COUNTRY | EFFDT | EFF_STATUS | EXPENSE_TYPE | EX_ROLE | PCT_FOR_NEW_AMT | SETID | TOL_PCT_OVR_AMT,RH,0.5,"['IT & Sécurité', 'RH']",coin_flip_reject
1115813,EX_SHEET_DOCSEQ,PS_EX_SHEET_DOCSEQ,APPL_JRNL_ID | DOC_SEQ_DATE | DOC_SEQ_NBR | DOC_TYPE | SHEET_ID | UNPOST_SEQ,Finance & Contrôle,0.5,"['Other', 'Finance & Contrôle']",coin_flip_reject
1115819,EX_SHEET_HDR,PS_EX_SHEET_HDR,ACCOUNTING_DT | ACTION_NAME | ADVANCE_AMT | ADVANCE_ID | APPL_JRNL_ID | APPROVAL_DT | APPROVAL_LEVEL | APPR_PROCESS_FLAG | ASSOC_FLG | AUDIT_DT | AUDIT_OPRID | BUDGET_HDR_STATUS | BUSINESS_PURPOSE | BUSINESS_UNIT_GL | BU_VAT_ENABLED | CC_FEED_FLG | COMMENTS | COPY_EXPENSE_SHEET | COUNTRY | CREATION_DT | CREDIT_ADV | CURRENCY_CD | DATE_TIME_HM | DEPTID | DOC_SEQ_DATE | DOC_SEQ_NBR | DOC_TYPE | DST_CNTRL_ID | DUPLICATES_EXIST | EMPLID | EMPL_RCD | EX_ORIGIN | KK_AMOUNT_TYPE | KK_TRAN_OVER_DTTM | KK_TRAN_OVER_FLAG | KK_TRAN_OVER_OPRID | LASTUPDDTTM | MULT_PER_DIEM | NO_RECEIPT_FLG | OLDER_TRANSACTION | OPRID_ENTERED_BY | OPRID_LAST_ACTION | OPRID_LAST_UPDT | OUT_OF_POLICY | POST_MAX_LIMIT_FLG | POST_STATUS_EX | PP_DENIAL_ADV | PREF_MRCH_NOT_USED | PRE_MAX_LIMIT_FLG | PROCESS_FLAG | PROCESS_INSTANCE | PROJ_MGR_FLAG | RCPT_RECEIVED_DT | RCPT_VERIF_LEVEL | RCPT_VERIFY_DT | RCPT_VERIFY_OPRID | RECEIPT_ID | RECEIPTS_RECEIVED | RECEIPT_VERIFIED | REFERENCE_ID | RESUBMISSION_DT | REVERSAL_DATE | RISK_EXISTS_FLG | SETID | SHEET_ID | SHEET_ID_RELATED | SHEET_NAME | SHEET_STATUS | SHEET_TYPE | SUBMISSION_DATE | SUBMIT_OPRID | TAX_IMPLICATIONS | TEMPLATE | TOTAL_AMT | TOTAL_CMPNY_PD_AMT | TOTAL_CREDITS_VND | TOTAL_REIMB_AMT | TRANS_ID | TRAVEL_AUTH_ID | TXN_LOCATION | UNPOST_SEQ | VAT_ENTITY | VAT_ENTRIES | VAT_RECEIPT,Finance & Contrôle,0.5,"['RH', 'Finance & Contrôle']",coin_flip_reject
1116077,EX_TAUTH_AW,PS_EX_TAUTH_AW,COMMENTS | EOAWDEFN_ID | EOAWDTTM_MODIFIED | EOAWPARENT_THREAD | EOAWPRCS_ID | EOAWREQUESTOR_ID | EOAWTHREAD_ID | EOAWTHREAD_STATUS | LINE_NBR | ORIGINATORID | RECNAME | TRAVEL_AUTH_ID,Other,0.5,"['Other', 'IT & Sécurité']",coin_flip_reject
1116229,EX_TMADJ_TAO,PS_EX_TMADJ_TAO,ACTIVITY_ID | AFFILIATE | AFFILIATE_INTRA1 | AFFILIATE_INTRA2 | ANALYSIS_TYPE | BI_DISTRIB_STATUS | BUDGET_REF | BUSINESS_UNIT_GL | BUSINESS_UNIT_PC | BUSINESS_UNIT_WO | CHARTFIELD1 | CHARTFIELD2 | CHARTFIELD3 | CLASS_FLD | DATE_UNDER_RPT | DEPTID | DESCR60 | EMPLID | EMPL_RCD | FUND_CODE | JOBCODE | OPERATING_UNIT | PC_DISTRIB_STATUS | PROCESS_INSTANCE | PRODUCT | PROGRAM_CODE | PROJECT_ID | RES_LN_NBR | RESOURCE_CATEGORY | RESOURCE_SUB_CAT | RESOURCE_TYPE | RSRC_TYPE | TIME_SHEET_ID | TRC | UNIT_OF_MEASURE | WO_ID | WO_TASK_ID,RH,0.5,"['RH', 'Finance & Contrôle']",coin_flip_reject
1116635,FAI_IU_H_TMP,PS_FAI_IU_H_TMP,ACCOUNTING_DT | BUSINESS_UNIT | EDIT_HDR_STATUS | EXT_SYSTEM_ID | FAI_TRANSACTION_ID | LEDGER_GROUP | POST_STATUS_FAI | PROCESS_INSTANCE,Finance & Contrôle,0.5,"['Finance & Contrôle', 'IT & Sécurité']",coin_flip_reject
1117015,FINT_EXP_SPECS,PS_FINT_EXP_SPECS,DESCR | DP_ACCUMULATEDMD | DP_CALENDARID | DP_CAPTION | DP_CREATEFCITEMS | DP_DATEUPDATED | DP_DDH_BI | DP_DDH_IN | DP_DDH_OM | DP_DDH_PL | DP_DDH_PR | DP_DDH_SO | DP_DDH_TR | DP_DHLOADER_UOM | DP_FCST_KIT_SPEC | DP_RESETPERCENT | DP_SPECS_ID | DP_SPEC_STATUS | DP_UPDATEDBY | DP_WEIGHTPROFILE | END_TIME | FINT_DELIMITER | MAPID | MG_SHIFT | OPRID_LAST_UPDT | START_TIME,Supply Chain / Logistique / Production,0.5,"['Other', 'Supply Chain / Logistique / Production']",coin_flip_reject
1117031,FINT_ITEM_TAO,PS_FINT_ITEM_TAO,BILL_TO_CUST_ID | BUSINESS_UNIT_BI | BUSINESS_UNIT_IN | BUSINESS_UNIT_OM | CATEGORY_ID | CLASSIFICATION | CM_UNIT_COST | CONVERSION_RATE | CORPORATE_CUST_ID | CURRENCY_CD | CUST_CHANNEL | CUST_FIELD_C10_A | CUST_FIELD_C10_B | CUST_FIELD_C10_C | CUST_FIELD_C10_D | CUST_FIELD_C1_A | CUST_FIELD_C1_B | CUST_FIELD_C1_C | CUST_FIELD_C1_D | CUST_FIELD_C2 | CUST_FIELD_C30_A | CUST_FIELD_C30_B | CUST_FIELD_C30_C | CUST_FIELD_C30_D | CUST_FIELD_C4 | CUST_FIELD_C6 | CUST_FIELD_C8 | CUST_FIELD_N12_A | CUST_FIELD_N12_B | CUST_FIELD_N12_C | CUST_FIELD_N12_D | CUST_FIELD_N15_A | CUST_FIELD_N15_B | CUST_FIELD_N15_C | CUST_FIELD_N15_D | CUSTOMER_GROUP | DP_FORECASTITEM | DP_UOMGROUP | FORECASTER | FORECAST_ITEM_FLAG | INV_ITEM_COLOR | INV_ITEM_GROUP | INV_ITEM_ID | INV_ITEM_TYPE | INVOICE | INV_PROD_FAM_CD | ITEM_FIELD_C10_A | ITEM_FIELD_C10_B | ITEM_FIELD_C10_C | ITEM_FIELD_C10_D | ITEM_FIELD_C1_A | ITEM_FIELD_C1_B | ITEM_FIELD_C1_C | ITEM_FIELD_C1_D | ITEM_FIELD_C2 | ITEM_FIELD_C30_A | ITEM_FIELD_C30_B | ITEM_FIELD_C30_C | ITEM_FIELD_C30_D | ITEM_FIELD_C4 | ITEM_FIELD_C6 | ITEM_FIELD_C8 | ITEM_FIELD_N12_A | ITEM_FIELD_N12_B | ITEM_FIELD_N12_C | ITEM_FIELD_N12_D | ITEM_FIELD_N15_A | ITEM_FIELD_N15_B | ITEM_FIELD_N15_C | ITEM_FIELD_N15_D | MITBL_DESCR | PM_DIVISION | PM_REGION | PM_TERRITORY | PRDITM_DESCR | PROCESS_INSTANCE | PROD_BRAND | PROD_CATEGORY | PROD_FIELD_C10_A | PROD_FIELD_C10_B | PROD_FIELD_C10_C | PROD_FIELD_C10_D | PROD_FIELD_C1_A | PROD_FIELD_C1_B | PROD_FIELD_C1_C | PROD_FIELD_C1_D | PROD_FIELD_C2 | PROD_FIELD_C30_A | PROD_FIELD_C30_B | PROD_FIELD_C30_C | PROD_FIELD_C30_D | PROD_FIELD_C4 | PROD_FIELD_C6 | PROD_FIELD_C8 | PROD_FIELD_N12_A | PROD_FIELD_N12_B | PROD_FIELD_N12_C | PROD_FIELD_N12_D | PROD_FIELD_N15_A | PROD_FIELD_N15_B | PROD_FIELD_N15_C | PROD_FIELD_N15_D | PRODUCT_GROUP | PRODUCT_ID | PRODUCT_KIT_FLAG | REGION_CD | SETID | SHIP_TO_CUST_ID | SOLD_TO_CUST_ID | SOURCE_CODE | SUBCUST_QUAL1 | SUBCUST_QUAL2 | UNIT_OF_MEASURE | UPC_ID | UTILIZ_CD | UTILIZ_GROUP,Finance & Contrôle,0.5,"['Finance & Contrôle', 'Supply Chain / Logistique / Production']",coin_flip_reject
1117033,FINT_ITLO_TAO,PS_FINT_ITLO_TAO,BILL_TO_CUST_ID | BUSINESS_UNIT_BI | BUSINESS_UNIT_IN | BUSINESS_UNIT_OM | CATEGORY_ID | CLASSIFICATION | CM_UNIT_COST | CONVERSION_RATE | CORP_CUST_ID | CORPORATE_CUST_ID | CURRENCY_CD | CUST_CHANNEL | CUST_FIELD_C10_A | CUST_FIELD_C10_B | CUST_FIELD_C10_C | CUST_FIELD_C10_D | CUST_FIELD_C1_A | CUST_FIELD_C1_B | CUST_FIELD_C1_C | CUST_FIELD_C1_D | CUST_FIELD_C2 | CUST_FIELD_C30_A | CUST_FIELD_C30_B | CUST_FIELD_C30_C | CUST_FIELD_C30_D | CUST_FIELD_C4 | CUST_FIELD_C6 | CUST_FIELD_C8 | CUST_FIELD_N12_A | CUST_FIELD_N12_B | CUST_FIELD_N12_C | CUST_FIELD_N12_D | CUST_FIELD_N15_A | CUST_FIELD_N15_B | CUST_FIELD_N15_C | CUST_FIELD_N15_D | CUSTOMER_GROUP | DP_FORECASTITEM | DP_UOMGROUP | FORECASTER | FORECAST_ITEM_FLAG | INV_ITEM_COLOR | INV_ITEM_GROUP | INV_ITEM_ID | INV_ITEM_TYPE | INVOICE | INV_PROD_FAM_CD | ITEM_FIELD_C10_A | ITEM_FIELD_C10_B | ITEM_FIELD_C10_C | ITEM_FIELD_C10_D | ITEM_FIELD_C1_A | ITEM_FIELD_C1_B | ITEM_FIELD_C1_C | ITEM_FIELD_C1_D | ITEM_FIELD_C2 | ITEM_FIELD_C30_A | ITEM_FIELD_C30_B | ITEM_FIELD_C30_C | ITEM_FIELD_C30_D | ITEM_FIELD_C4 | ITEM_FIELD_C6 | ITEM_FIELD_C8 | ITEM_FIELD_N12_A | ITEM_FIELD_N12_B | ITEM_FIELD_N12_C | ITEM_FIELD_N12_D | ITEM_FIELD_N15_A | ITEM_FIELD_N15_B | ITEM_FIELD_N15_C | ITEM_FIELD_N15_D | LIST_PRICE | MITBL_DESCR | PM_DIVISION | PM_REGION | PM_TERRITORY | PRDITM_DESCR | PROCESS_INSTANCE | PROD_BRAND | PROD_CATEGORY | PROD_FIELD_C10_A | PROD_FIELD_C10_B | PROD_FIELD_C10_C | PROD_FIELD_C10_D | PROD_FIELD_C1_A | PROD_FIELD_C1_B | PROD_FIELD_C1_C | PROD_FIELD_C1_D | PROD_FIELD_C2 | PROD_FIELD_C30_A | PROD_FIELD_C30_B | PROD_FIELD_C30_C | PROD_FIELD_C30_D | PROD_FIELD_C4 | PROD_FIELD_C6 | PROD_FIELD_C8 | PROD_FIELD_N12_A | PROD_FIELD_N12_B | PROD_FIELD_N12_C | PROD_FIELD_N12_D | PROD_FIELD_N15_A | PROD_FIELD_N15_B | PROD_FIELD_N15_C | PROD_FIELD_N15_D | PRODUCT_GROUP | PRODUCT_ID | PRODUCT_KIT_FLAG | REGION_CD | SETID | SHIP_TO_CUST_ID | SOLD_TO_CUST_ID | SOURCE_CODE | SUBCUST_QUAL1 | SUBCUST_QUAL2 | UNIT_OF_MEASURE | UPC_ID | UTILIZ_CD | UTILIZ_GROUP,Finance & Contrôle,0.5,"['Finance & Contrôle', 'Supply Chain / Logistique / Production']",coin_flip_reject
1117201,FO_APP_ED_AREA,PS_FO_APP_ED_AREA,APPLID | AREA_OF_STDY_GRADE | AREA_OF_STUDY | DATE_ACQUIRED,RH,0.5,"['RH', 'Other']",coin_flip_reject
1117232,FO_APP_REF,PS_FO_APP_REF,ADDRESS1 | ADDRESS2 | ADDRESS3 | ADDRESS4 | ADDR_FIELD1 | ADDR_FIELD2 | ADDR_FIELD3 | APPLID | CITY | COMMENTS | COUNTRY | COUNTRY_CODE | COUNTY | DT_CONTACTD | EMAIL_ADDR | EMPLOYER | EXTENSION | FO_TEMPLATE_TYPE | GEO_CODE | HOUSE_TYPE | IN_CITY_LIMIT | NUM1 | NUM2 | OPRID | PHONE | PHONE_TYPE | POSTAL | REFERENCE_CHECK | REFERENCE_NUM | REFERENCE_TYPE | REF_NAME | REF_TITLE | SETID | STATE | TEMPLATE_CODE,Other,0.5,"['Other', 'IT & Sécurité']",coin_flip_reject
1117250,FO_ASGN_ATTACH,PS_FO_ASGN_ATTACH,ASSIGNMENT_ID | ATTACHSYSFILENAME | ATTACH_TYPE | ATTACHUSERFILE | ATT_VERSION | DATETIME_ADDED | DESCR | SCM_ATTACH_ID,IT & Sécurité,0.5,"['IT & Sécurité', 'Other']",coin_flip_reject
1117519,FO_CUST_COMP,PS_FO_CUST_COMP,COMPETENCY | CUST_ID | PROFICIENCY | SETID | WEIGHT_POINTS | YEARS_OF_EXP,RH,0.5,"['Other', 'RH']",coin_flip_reject
1117858,FO_MCR_SO_REASO,PS_FO_MCR_SO_REASO,ASSIGNMENT_ID | BUSINESS_UNIT | EFFDT | FO_MCR_REASON | SEQNUM | SO_ID | SO_LINE,Other,0.5,"['Other', 'Achats & Fournisseurs']",coin_flip_reject
1117864,FO_MST_RLST_L,PS_FO_MST_RLST_L,FO_DESCRIPTION | FO_GROUP_ID | FO_LINK_ID | FO_PGLT_CONFIG_ID | LANGUAGE_CD,IT & Sécurité,0.5,"['Other', 'IT & Sécurité']",coin_flip_reject
1117918,FOORDRMATCH_UPG,PS_FOORDRMATCH_UPG,BUSINESS_UNIT | CUST_ID | EMPLID | EVENT_TYPE | FO_SRCH_SCORE | OFFER_BTN | OFFER_RESULT | ORDER_ID | ORDER_MATCH_SOURCE | ORDER_TYPE | SETID,Ventes & Clients,0.5,"['Other', 'Ventes & Clients']",coin_flip_reject
1117967,FO_PNDG_ORD_TBL,PS_FO_PNDG_ORD_TBL,APPLID | BUSINESS_UNIT | LASTUPDDTTM | SO_ID | SO_LINE,Ventes & Clients,0.5,"['Ventes & Clients', 'Achats & Fournisseurs']",coin_flip_reject
1118077,FORECST_SET_LNG,PS_FORECST_SET_LNG,DESCR | DESCRLONG | FORECAST_SET | LANGUAGE_CD,Other,0.5,"['Other', 'Ventes & Clients']",coin_flip_reject
1118152,FORM_TYPE,PS_FORM_TYPE,CREATED_BY | CREATED_DTTM | DESCR254 | EFFDT_FROM | EFFDT_TO | EOFM_LOCKDOWN | FLUIDMODE | FORM_INSTRUCTIONS | FORM_OWNER_ID | FORM_TYPE | FORM_TYPE_STATUS | LASTUPDDTTM | LASTUPDOPRID | LONG_LABEL_FLAG | PORTAL_LABEL | PORTAL_NAME | PORTAL_OBJNAME,IT & Sécurité,0.5,"['Other', 'IT & Sécurité']",coin_flip_reject
1118226,FO_SNDMAIL_HIST,PS_FO_SNDMAIL_HIST,DATETIME_SENT | EMAIL_BCC | EMAIL_CC | EMAIL_FROM | EMAIL_ID | EMAIL_TEXTLONG | EMAIL_TO | FO_EMAIL_SUBJECT,IT & Sécurité,0.5,"['Ventes & Clients', 'IT & Sécurité']",coin_flip_reject
1118240,FO_SO_LINE_MTCH,PS_FO_SO_LINE_MTCH,ASSIGNMENT_ID | BUSINESS_UNIT | CANDIDATE_ID | CANDIDATE_TYPE | FIT_SCORE_AVA | FIT_SCORE_QUA | FO_FUN_UCONS | MATCH_LINE_NBR | OFFER_RESULT | SO_ID | SO_LINE,Achats & Fournisseurs,0.5,"['Other', 'Achats & Fournisseurs']",coin_flip_reject
1118256,FO_SRC_CNTSR_WS,PS_FO_SRC_CNTSR_WS,BUSINESS_UNIT | COMBINED_SRCH_FLD | COMBINED_SRCH_REF | COMP_OPERATOR | FIELDNAME | FIELDTYPE | FO_SRCH_FLD_VAL | MTCH_COL_ID | ORDERNO | PROMPTED_SELECT | SELECT_DT | SO_ID | SO_LINE | SRCH_CATEGORY | SRCH_PREF_REQ | SRCH_RESUME | VERITY_FIELD,IT & Sécurité,0.5,"['IT & Sécurité', 'Achats & Fournisseurs']",coin_flip_reject
1118303,FO_TEMPLATE_ITM,PS_FO_TEMPLATE_ITM,FIELD_NAME100 | TEMPLATE_ITEM_CD,IT & Sécurité,0.5,"['IT & Sécurité', 'Other']",coin_flip_reject
1118490,FS_ALLC_AET,PS_FS_ALLC_AET,AE_APPLID | AE_APPSTATUS | AE_SECTION | AS_OF_DATE | BASE_CURRENCY | BUSINESS_UNIT | CALC_LOG_OPTION | DATE_REQ_OPTION | DELETE_LIMIT | DOC_SEQ | FIRST_PASS_SW | LAST_SEQ_NBR_6 | LAST_STEP | LEDGER_COUNT | OPRID | POST_DATE_OPTN | PROCESS_DATE | PROCESS_FREQUENCY | PROCESS_GROUP | PROCESS_INSTANCE | PROCESS_ORIG | PROCESS_STATUS | PROCESS_STEP | REQUEST_NBR | RTBL_COMBO_FLAG | RTBL_MODE | RUN_CNTL_ID | SCE_ID | SELECT_FLAG | SEQUENCE_NBR_6 | SETID | START_CD | STATUS | STOP_SEQ_NBR_6 | STOP_STEP | SUCCESS_COUNT | SYSTEM_DATE | USE_GTT | VERSION_GRP,Finance & Contrôle,0.5,"['Finance & Contrôle', 'IT & Sécurité']",coin_flip_reject
1118491,FS_ALLC_AET_H,PS_FS_ALLC_AET_H,AE_APPLID | AE_APPSTATUS | AE_SECTION | AS_OF_DATE | BASE_CURRENCY | BUSINESS_UNIT | CALC_LOG_OPTION | DATE_REQ_OPTION | DELETE_LIMIT | DOC_SEQ | FIRST_PASS_SW | LAST_SEQ_NBR_6 | LAST_STEP | LEDGER_COUNT | OPRID | POST_DATE_OPTN | PROCESS_DATE | PROCESS_FREQUENCY | PROCESS_GROUP | PROCESS_INSTANCE | PROCESS_ORIG | PROCESS_STATUS | PROCESS_STEP | REQUEST_NBR | RTBL_COMBO_FLAG | RTBL_MODE | RUN_CNTL_ID | SCE_ID | SELECT_FLAG | SEQUENCE_NBR_6 | SETID | START_CD | STATUS | STOP_SEQ_NBR_6 | STOP_STEP | SUCCESS_COUNT | SYSTEM_DATE | USE_GTT | VERSION_GRP,Finance & Contrôle,0.5,"['Finance & Contrôle', 'IT & Sécurité']",coin_flip_reject
1118652,FS_DOC_RLTS_GRP,PS_FS_DOC_RLTS_GRP,FS_MAP_ANCHOR | FS_MAP_LEVEL | FS_MAP_NODE | FS_MAP_NODE_PRE | FS_MAP_SEQ | FS_NODE_INDEX | IB_PACKAGEID | IB_SCHEMANAME | IB_VARIANTNAME | QRYADDCRITERIA,IT & Sécurité,0.5,"['Other', 'IT & Sécurité']",coin_flip_reject
1118683,FSFB_FLTRFLDS,PS_FSFB_FLTRFLDS,DESCR_FLD | DISPLAY_ORDER | EFF_STATUS | FIELDNAME | FILTER_ID | FSFB_EXCLUDEIN_FLG | FSFB_NO | FSFB_RESTRICT_FLG | FSFB_YES | KEY_FIELD | LABEL_ID | PROMPT_TABLE | REQUIRED_FLG | XLAT_FLDNAME,IT & Sécurité,0.5,"['Other', 'IT & Sécurité']",coin_flip_reject
1118805,FS_MAP_SRC_FLD1,PS_FS_MAP_SRC_FLD1,FS_MAP_CURCTL | FS_MAP_FLD_NAME | FS_MAP_ID,Finance & Contrôle,0.5,"['Finance & Contrôle', 'Other']",coin_flip_reject
1118812,FS_MAP_TC_DTL,PS_FS_MAP_TC_DTL,FS_MAP_CC_DLMT | FS_MAP_ID | FS_MAP_TRG_FLD,Finance & Contrôle,0.5,"['Other', 'Finance & Contrôle']",coin_flip_reject
1118832,FS_MAP_TRG_FLD1,PS_FS_MAP_TRG_FLD1,FS_MAP_CURCTL | FS_MAP_FLD_NAME | FS_MAP_ID,Finance & Contrôle,0.5,"['Finance & Contrôle', 'Other']",coin_flip_reject
1118911,FSPC_MST_QLST_L,PS_FSPC_MST_QLST_L,FSPC_DESCR | FSPC_GROUP_ID | FSPC_LINK_ID | FSPC_PGRIDTITLE | LANGUAGE_CD | PAGELET_CONFIG_ID,IT & Sécurité,0.5,"['Other', 'IT & Sécurité']",coin_flip_reject
1119014,FS_SD_GRPFLD,PS_FS_SD_GRPFLD,LABEL18 | SD_FLDNAME | SD_GRP_COL | SD_GRP_NAME | SD_RECNAME | SEQ_NUM,IT & Sécurité,0.5,"['Other', 'IT & Sécurité']",coin_flip_reject
1119030,FS_SD_RECFLD,PS_FS_SD_RECFLD,BUS_UNIT_FIELD | DESCR100 | EOSD_INSTR | EOSD_UPPER_CASE | FIELDNAME | FORM_LONG_LABEL | LABEL18 | PROMPT_RECNAME | SD_FLDLEN | SD_FLDNAME | SD_FLD_REQUIRED | SD_FLD_STATUS | SD_FLDTYPE | SD_RECNAME | SETID,IT & Sécurité,0.5,"['IT & Sécurité', 'Other']",coin_flip_reject
1119368,FUS_CF_SEGMAP,PS_FUS_CF_SEGMAP,AFF_RELATED_CF | CF_ORDER | CHARTFIELD | EDITTABLE | EFFDTENABLED | LEFFDTENABLED | LSETIDENABLED | RELLANGRECNAME | SEGMENT | SETIDENABLED,Finance & Contrôle,0.5,"['Finance & Contrôle', 'Other']",coin_flip_reject
1119433,GC_BXSET1_TAO,PS_GC_BXSET1_TAO,ACTIVITY_ID | BUSINESS_UNIT_CA | BUSINESS_UNIT_PC | CONTRACT_AMT | CONTRACT_LINE_NUM | CONTRACT_NUM | PROCESS_INSTANCE | PROJECT_ID | TXN_LMT_TRANS_ID,Finance & Contrôle,0.5,"['Achats & Fournisseurs', 'Finance & Contrôle']",coin_flip_reject
1119436,GC_BXXS1_TAO,PS_GC_BXXS1_TAO,ACTIVITY_ID | BUSINESS_UNIT_CA | BUSINESS_UNIT_PC | CONTRACT_AMT | CONTRACT_LINE_NUM | CONTRACT_NUM | PROCESS_INSTANCE | PROJECT_ID | TXN_LMT_TRANS_ID,Finance & Contrôle,0.5,"['Achats & Fournisseurs', 'Finance & Contrôle']",coin_flip_reject
1119450,GC_RVSET_TAO,PS_GC_RVSET_TAO,ACTIVITY_ID | ANALYSIS_TYPE | BUSINESS_UNIT_CA | BUSINESS_UNIT_PC | CONTRACT_AMT | CONTRACT_LINE_NUM | CONTRACT_NUM | PROCESS_INSTANCE | PROJECT_ID | RESOURCE_CATEGORY | RESOURCE_SUB_CAT | RESOURCE_TYPE | TXN_LMT_TRANS_ID,Finance & Contrôle,0.5,"['Finance & Contrôle', 'Achats & Fournisseurs']",coin_flip_reject
1119457,GC_RXXS1_TAO,PS_GC_RXXS1_TAO,ACTIVITY_ID | BUSINESS_UNIT_CA | BUSINESS_UNIT_PC | CONTRACT_AMT | CONTRACT_LINE_NUM | CONTRACT_NUM | PROCESS_INSTANCE | PROJECT_ID | TXN_LMT_TRANS_ID,Finance & Contrôle,0.5,"['Achats & Fournisseurs', 'Finance & Contrôle']",coin_flip_reject
1120293,GM_BUD_HDR_TEOA,PS_GM_BUD_HDR_TEOA,ASOF_DT | DTTM_STAMP | EO_AUDIT_FLG | EXCEPTION_INFO | FIELDNAME | FIELD_VALUE | FROM_CURRENCY | KEY10_FLDNAME | KEY10_FLD_VAL | KEY11_FLDNAME | KEY11_FLD_VAL | KEY12_FLDNAME | KEY12_FLD_VAL | KEY13_FLDNAME | KEY13_FLD_VAL | KEY14_FLDNAME | KEY14_FLD_VAL | KEY15_FLDNAME | KEY15_FLD_VAL | KEY16_FLDNAME | KEY16_FLD_VAL | KEY1_FLDNAME | KEY1_FLD_VAL | KEY2_FLDNAME | KEY2_FLD_VAL | KEY3_FLDNAME | KEY3_FLD_VAL | KEY4_FLDNAME | KEY4_FLD_VAL | KEY5_FLDNAME | KEY5_FLD_VAL | KEY6_FLDNAME | KEY6_FLD_VAL | KEY7_FLDNAME | KEY7_FLD_VAL | KEY8_FLDNAME | KEY8_FLD_VAL | KEY9_FLDNAME | KEY9_FLD_VAL | OPRID | PROCESS_INSTANCE | PROC_GRP_ID | RATE_DIV | RATE_MULT | RECNAME | RT_DIV_FLDNAME | RT_MULT_FLDNAME | RULE_INSTNC_NBR | RUN_CNTL_ID | TO_CURRENCY,Finance & Contrôle,0.5,"['Finance & Contrôle', 'IT & Sécurité']",coin_flip_reject
1120421,GM_COM_MEMB_LNG,PS_GM_COM_MEMB_LNG,COM_ID | COM_MEMBER_ID | EFFDT | LANGUAGE_CD | NOTES | TITLE,RH,0.5,"['Other', 'RH']",coin_flip_reject
1120510,GM_DEPT_SUBDIV,PS_GM_DEPT_SUBDIV,DEPTID | GM_SPO_ID | INSTID | MAJOR_SUBDIVISION | SETID,RH,0.5,"['RH', 'Other']",coin_flip_reject
1120573,GM_EC_FA,PS_GM_EC_FA,BUSINESS_UNIT | DESCR | DESCR50 | ECQUEUEINSTANCE | ECTRANSID | ECTRANSINOUTSW | FA_AGREEMENT_DT | FA_AGREEMENT_NBR | FA_NEG_RT_STAT | NAME1 | NEGOTIATION_AGENCY | OPRID | PROPOSAL_ID | RUN_CNTL_ID,Finance & Contrôle,0.5,"['Finance & Contrôle', 'Achats & Fournisseurs']",coin_flip_reject
1120585,GM_EC_INST,PS_GM_EC_INST,ADD_TYPE | AFFILIATE_USE | ALASK_SER_INST | AS_OF_DATE | BUSINESS_UNIT | COOPER_EXTEN | DESCR | DESCR100 | DESCR120 | DHHS_PMS_PIN | ECQUEUEINSTANCE | ECTRANSID | ECTRANSINOUTSW | FEDERAL_EIN_GM | GM_501_STATUS | GM_ANNL_BUDGET | GM_AWARDED | GM_FAITH_BASED | GM_FULL_TIME_EE | GM_SECULAR | HHS_PMS_YN | HISPAN_SEV_INST | HISTOR_BLK_UNV | INS_KEYWORD | INSTID | MIN_SEV_INST | NAT_HAW_INST | NIH_IPF_NBR | OPRID | ORG_TYPE | ORG_TYPE_DESC | PROPOSAL_ID | PUB_NO_PROF_COMCOL | PUB_SECON_SCHL | RUN_CNTL_ID | SCH_OF_FORESTRY | SETID | STATE_AGR_EXP_ST | TAXPAYER_ID | TRIBAL_COLLG | VETER_SCH_COLLG,RH,0.5,"['RH', 'IT & Sécurité']",coin_flip_reject
1120796,GM_MILE_HIS_LNG,PS_GM_MILE_HIS_LNG,BUSINESS_UNIT | CONTRACT_NUM | LANGUAGE_CD | LAST_SEQ_NBR | MILESTONE_ID | NOTE | NOTIFED_DTTM,Other,0.5,"['Other', 'Achats & Fournisseurs']",coin_flip_reject
1120866,GM_OPTY_DTL_TAO,PS_GM_OPTY_DTL_TAO,ACTUAL_BILL_RATE | ACTUAL_COST_RATE | ADJUSTED_FLAG_BILL | ADJUSTED_FLAG_COST | ADJUSTMENT_BILLAMT | ADJUSTMENT_BILLPCT | ADJUSTMENT_BILL_RT | ADJUSTMENT_COSTAMT | ADJUSTMENT_COSTPCT | ADJUSTMENT_COST_RT | ADJUST_OPTION_BILL | ADJUST_OPTION_COST | BEGIN_DT | BILL_AMT | BUDGET_ID | BUDGET_LN | BUDGET_PERIOD_GM | BUSINESS_UNIT | COST_AMT | CURRENCY_CD | DESCR | DESCR50 | EMPLID | END_DT | GM_TEAM_MEMBER | NBR_OF_DAYS | NBR_OF_HOURS | NOTE | PM_MARGIN_PCT | PROJ_ROLE | PROPOSAL_ID | QTY_INTEGER | QTY_X_HOURS | QTY_X_WEEKS | RES_RATE_FLG | REVIEW | RS_RESRC_TEMPLT_ID | SEQ_NUM | STD_BILL_RATE | STD_COST_RATE | SUB_PROP_NBR | TEAM_MEMBER | TEAM_MEMBER_IND | VERSION_ID | WEEKLY_WEEKS,Finance & Contrôle,0.5,"['Finance & Contrôle', 'Ventes & Clients']",coin_flip_reject
1120900,GM_PCL_COM_DT,PS_GM_PCL_COM_DT,CHAIR_ID | COM_ID | EFFDT | EFF_STATUS,RH,0.5,"['Other', 'RH']",coin_flip_reject
1120929,GM_PCL_PROC,PS_GM_PCL_PROC,AA_ID | ADD_CARE_DESCR | ADD_CARE_NEED | AGENT_ID | BUSINESS_UNIT | DESCR | DESCR254 | DESCR254_1 | FDA_APP_DT | FDA_APP_NUM | FDA_APP_REQ | FDA_DCSN | FDA_DCSN_DT | FDA_SUB_DT | FDA_TYPE | GM_ALT_PROC_FLG | GM_HAZ_AGENT_FLG | GM_PCL_EUTH | GM_PCL_EUTH_FLG | GM_PROC_FLG | GM_UN_PROC_FLG | HA_DCSN | HA_DCSN_DT | IND_NBR | OTHR_DTL_FLG | PCL_ALT_PROC | PCL_ID | PCL_PROC | PCL_UN_PROC | PCL_VRSN_ID | SEQNBR | SUB_DT | TITLE56 | TRACKING_NBR,Other,0.5,"['Other', 'Achats & Fournisseurs']",coin_flip_reject
1121484,GM_PT_KK_TA0,PS_GM_PT_KK_TA0,BUSINESS_UNIT_GL | FA_CS_FROM_VALUE | FA_CS_TO_VALUE | FIELDNAME | PROCESS_INSTANCE,Finance & Contrôle,0.5,"['IT & Sécurité', 'Finance & Contrôle']",coin_flip_reject
1121521,GM_PT_PRJ_TA4,PS_GM_PT_PRJ_TA4,BUSINESS_UNIT | CONTRACT_NUM | EMPLID | PROCESS_INSTANCE,RH,0.5,"['RH', 'IT & Sécurité']",coin_flip_reject
1121522,GM_PT_PRJ_TA5,PS_GM_PT_PRJ_TA5,BUSINESS_UNIT | CONTRACT_NUM | EMPLID | PROCESS_INSTANCE,RH,0.5,"['RH', 'IT & Sécurité']",coin_flip_reject
1121689,GM_SPNSR,PS_GM_SPNSR,CFDA_NBR | COST_LIV_INCR_PCT | CUST_ID | EMAILID | FA_SPNSR_BASE_ID | FOREIGN_FLAG | GM_DEL_LOC_REFS_SW | GM_FEDERAL_FLAG | GM_LOC_SPONSOR_ID | GRANTS_SPONSOR_FLG | LOC_INDICATOR | REPORTS_TO_SPONSOR | SETID | SPNSR_LEVEL | SPNSR_PROGRAM | SPNSR_TYPE | URL | US_FLAG_CARRIER,Other,0.5,"['Other', 'Achats & Fournisseurs']",coin_flip_reject
1122081,GRP_AP_TEOA,PS_GRP_AP_TEOA,ASOF_DT | DTTM_STAMP | EO_AUDIT_FLG | EXCEPTION_INFO | FIELDNAME | FIELD_VALUE | FROM_CURRENCY | KEY10_FLDNAME | KEY10_FLD_VAL | KEY11_FLDNAME | KEY11_FLD_VAL | KEY12_FLDNAME | KEY12_FLD_VAL | KEY13_FLDNAME | KEY13_FLD_VAL | KEY14_FLDNAME | KEY14_FLD_VAL | KEY15_FLDNAME | KEY15_FLD_VAL | KEY16_FLDNAME | KEY16_FLD_VAL | KEY1_FLDNAME | KEY1_FLD_VAL | KEY2_FLDNAME | KEY2_FLD_VAL | KEY3_FLDNAME | KEY3_FLD_VAL | KEY4_FLDNAME | KEY4_FLD_VAL | KEY5_FLDNAME | KEY5_FLD_VAL | KEY6_FLDNAME | KEY6_FLD_VAL | KEY7_FLDNAME | KEY7_FLD_VAL | KEY8_FLDNAME | KEY8_FLD_VAL | KEY9_FLDNAME | KEY9_FLD_VAL | OPRID | PROCESS_INSTANCE | PROC_GRP_ID | RATE_DIV | RATE_MULT | RECNAME | RT_DIV_FLDNAME | RT_MULT_FLDNAME | RULE_INSTNC_NBR | RUN_CNTL_ID | TO_CURRENCY,Finance & Contrôle,0.5,"['Finance & Contrôle', 'IT & Sécurité']",coin_flip_reject
1122381,HDG_SRC_MTM_TBL,PS_HDG_SRC_MTM_TBL,HDGD_ITM_FINANCIAL | HEDGED_ITEM_SRC | HEDGE_TYPE_133 | MTM_MODEL | MTM_PROGRAM_NM | MTM_VENDOR_NM | SETID,Finance & Contrôle,0.5,"['Finance & Contrôle', 'Other']",coin_flip_reject
1122396,HDG_TRE_LINK,PS_HDG_TRE_LINK,BUSINESS_UNIT | BUSINESS_UNIT_TRE | HEDGED_ITEM_ID | HEDGED_ITEM_SEQ | HEDGE_ID,Finance & Contrôle,0.5,"['Finance & Contrôle', 'Other']",coin_flip_reject
1122991,IN_DEMAND_TEO2,PS_IN_DEMAND_TEO2,ACCOUNT | ACTIVITY_ID | ADDRESS_SEQ_NUM | ADDR_OVRD_LEVEL | AFFILIATE | AFFILIATE_INTRA1 | AFFILIATE_INTRA2 | ALLOW_OVERPICK_FLG | ALLOW_SUB_ITEM_FLG | ALTACCT | ANALYSIS_TYPE | APPROVED_FLAG | AUTO_TYPE | BACKORDER_CREATED | BCKORDER_FLAG | BCKORDR_CNCL_FLAG | BILL_OF_LADING | BUDGET_DT | BUDGET_REF | BUSINESS_UNIT | BUSINESS_UNIT_BI | BUSINESS_UNIT_PC | BUSINESS_UNIT_PO | CANCEL_DTTM | CARRIER_ID | CARTON_PRINTED | CHARGE_CODE | CHARGE_FLAG | CHARTFIELD1 | CHARTFIELD2 | CHARTFIELD3 | CLAIM_ID | CLASS_FLD | CNTCT_SEQ_SHIP | CNTRCT_ID | COMBO_VALID_FLG | CONFIG_CODE | CONFIRMED_FLAG | COSTED_FLAG | CURRENCY_CD | CURRENCY_CD_DEST | CUST_ID | CUST_NAME | CUSTODIAN | DATE_LAST_MAINT | DELIVERY_ID | DELIV_UNIT_VOL | DELIV_UNIT_VOL_CNV | DELIV_UNIT_WT | DELIV_UNIT_WT_CNV | DELIV_UOM_SHIP_VOL | DELIV_UOM_SHIP_WT | DELIV_UOM_VOL | DELIV_UOM_WT | DELIV_USE_UOM_SHIP | DEMAND_DATE | DEMAND_LINE_NO | DEMAND_SOURCE | DEPLETED_DTTM | DEPLETE_INV_FLG | DEPTID | DESTIN_BU | DESTIN_GL_BU | DIRECT_INVOICING | DISTRIB_FLAG | DISTRIB_TYPE | DP_KIT_PARENT_QTY | DP_KIT_PARENT_UOM | DT_TIMESTAMP | EDI_DT_TIME | EO_FROM_CURRENCY | EO_PROCESS_INST | EXPORT | EXP_RETURN_DATE | EXT_REF_LN_NBR | EXT_REF_NBR | FERC_CD | FORM_DISTRIB_STAT | FREIGHT_TERMS | FROZEN_FLG | FRT_CHRG_METHOD | FRT_CHRG_OVERRIDE | FRT_RULE_CD | FSS_ACTIVITY_DT | FULFILL_FLAG | FULFILLMENT_DTTM | FUND_CODE | HARD_ALLOC_FLAG | HOLD_CD | HOLD_FLAG | IN_ADDL_FEE | IN_ADDL_FEE_DEST | IN_DEFER_DEPLETION | IN_FULFILL_STATE | IN_KIT_PROTECTED | IN_LINE_BO_RULE | IN_LINE_RESV_RULE | IN_LN_RESV_BO_RULE | IN_ORDER_RESV_RULE | IN_PRIOR_STATE | IN_PROCESS_DATE | INTERUNIT_FLG | INTERUNIT_ID | INTERUNIT_INSERT | INTERUNIT_LINE | INTERUNIT_STAT | IN_TPRC_OVRD_FLAG | INV_ITEM_ALIAS | INV_ITEM_ID | IN_ZERO_PICKED_FLG | IST_DISTRIB_STATUS | IST_RETURN_FLG_IUT | IST_TXN_FLG | KIT_LINE_NBR | LAST_MAINT_OPRID | LAST_PROCESS_INST | LAST_QTY_SHIP | LAST_QTY_SHIP_BASE | LINE_FIELD_C10_A | LINE_FIELD_C10_B | LINE_FIELD_C10_C | LINE_FIELD_C10_D | LINE_FIELD_C1_A | LINE_FIELD_C1_B | LINE_FIELD_C1_C | LINE_FIELD_C1_D | LINE_FIELD_C2 | LINE_FIELD_C30_A | LINE_FIELD_C30_B | LINE_FIELD_C30_C | LINE_FIELD_C30_D | LINE_FIELD_C4 | LINE_FIELD_C6 | LINE_FIELD_C8 | LINE_FIELD_DTTM_A | LINE_FIELD_DTTM_B | LINE_FIELD_DTTM_C | LINE_FIELD_DTTM_D | LINE_FIELD_N11_A | LINE_FIELD_N11_B | LINE_FIELD_N11_C | LINE_FIELD_N11_D | LINE_FIELD_N15_A | LINE_FIELD_N15_B | LINE_FIELD_N15_C | LINE_FIELD_N15_D | LOAD_ID | LOCATION | LOT_ALLOC_FLG | MAX_PICK_TOLERANCE | NET_UNIT_PRICE | OMB_PROCESS_DATE | OM_FLG | OPERATING_UNIT | OPTIONAL_SHIP | ORDER_INT_LINE_NO | ORDER_NO | ORIG_BU | ORIG_INV_ITEM_ID | ORIG_OPRID | ORIG_SCHED_DTTM | ORIG_UOM | PACKAGING_CD | PARENT_PROD_ID | PARTIAL_ORDER_FLAG | PARTIAL_QTY_FLAG | PEG_STATUS | PICK_BATCH_ID | PICK_CONFIRM_DTTM | PICK_DTTM | PICKLIST_LINE_NO | PICKLIST_PRINTED | PICK_RELEASE_ID | POST_SHIP_INSTANCE | PREF_CARRIER_FLAG | PRICE_MARKUP_PCT | PRICE_PO | PRIORITY_NBR | PRIORITY_SHIP_FROM | PRODUCT | PRODUCT_ID | PROGRAM_CODE | PROJECT_ID | PRO_NUMBER | PSSH_NONOWN_FLAG | PUB_PROCESS_INST | QTY_ALLOCATED | QTY_ALLOC_BASE | QTY_BACKORDER | QTY_BACKORDER_BASE | QTY_CODE | QTY_PACK_BASE | QTY_PER | QTY_PICK_BASE | QTY_PICKED | QTY_PICK_OVR_BASE | QTY_PICK_OVRIDE | QTY_PROMISED_BASE | QTY_REQUESTED | QTY_REQUESTED_BASE | QTY_SHIP_BASE | QTY_SHIPPED | QTY_SHIPPED_CONV | QTY_VERIFY_MSG | REASON_CD | RECV_SHIP_SEQ_NBR | RELEASE_INSTANCE | REPLACEMENT_FLG | REQ_DISTRIB_NBR | REQ_ID | REQ_LINE_NBR | REQ_SCHED_NBR | REQUEST_DATE | RESERVED_DTTM | RESERVE_STATUS | RESOURCE_CATEGORY | RESOURCE_SUB_CAT | RESOURCE_TYPE | ROUTE_CD | ROUTE_STOP_NBR | RTV_DISTRIB_NUM | RTV_ID | RTV_LN_NBR | SCHED_ARRV_DTTM | SCHED_DTTM | SCHED_LINE_NBR | SDN_PUBLISH_DATE | SHIP_CUST_NAME1 | SHIP_CUST_NAME2 | SHIP_DTTM | SHIP_EARLY_DTTM | SHIP_ID | SHIP_ID_EST | SHIP_LATE_DTTM | SHIP_LINE_NO | SHIPPED_MESSAGE | SHIPPING_PRINTED | SHIP_PRIOR_FLG | SHIP_PROCESS_TYP | SHIP_SHORT_WF_DONE | SHIP_TO_CUST_ID | SHIP_TYPE_ID | SHIP_UOM_CONV_FLAG | SINGLE_SHIP_FLAG | SOURCE_BUS_UNIT | SPEEDTYPE_KEY | STOCK_DTTM | STORAGE_AREA | STOR_LEVEL_1 | STOR_LEVEL_2 | STOR_LEVEL_3 | STOR_LEVEL_4 | SUP_PEG_STATUS | TARGET_INVOICE | TAX_CD_VAT | TAX_EXEMPT_FLG | TMS_EXT_REF_ID | TMS_EXT_REF_LN_NBR | TMS_LOAD_STP_NBR | TMS_PROCESS_FLG | TRANSFER_CALC_TYPE | TRANSFER_COST | TRANSFER_COST_DEST | TRANSFER_YIELD | UNIT_MEASURE_SHIP | UNIT_MEASURE_VOL | UNIT_MEASURE_WT | UNIT_OF_MEASURE | UPDATE_RESTRCT_LVL | VAT_APPLICABILITY | VAT_TXN_TYPE_CD | VMI_DESTIN_SHIPTO | VMI_OM_BU | VMI_ORDER_LINK,Supply Chain / Logistique / Production,0.5,"['Supply Chain / Logistique / Production', 'Finance & Contrôle']",coin_flip_reject
1122992,IN_DEMAND_TEO3,PS_IN_DEMAND_TEO3,ACCOUNT | ACTIVITY_ID | ADDRESS_SEQ_NUM | ADDR_OVRD_LEVEL | AFFILIATE | AFFILIATE_INTRA1 | AFFILIATE_INTRA2 | ALLOW_OVERPICK_FLG | ALLOW_SUB_ITEM_FLG | ALTACCT | ANALYSIS_TYPE | APPROVED_FLAG | AUTO_TYPE | BACKORDER_CREATED | BCKORDER_FLAG | BCKORDR_CNCL_FLAG | BILL_OF_LADING | BUDGET_DT | BUDGET_REF | BUSINESS_UNIT | BUSINESS_UNIT_BI | BUSINESS_UNIT_PC | BUSINESS_UNIT_PO | CANCEL_DTTM | CARRIER_ID | CARTON_PRINTED | CHARGE_CODE | CHARGE_FLAG | CHARTFIELD1 | CHARTFIELD2 | CHARTFIELD3 | CLAIM_ID | CLASS_FLD | CNTCT_SEQ_SHIP | CNTRCT_ID | COMBO_VALID_FLG | CONFIG_CODE | CONFIRMED_FLAG | COSTED_FLAG | CURRENCY_CD | CURRENCY_CD_DEST | CUST_ID | CUST_NAME | CUSTODIAN | DATE_LAST_MAINT | DELIVERY_ID | DELIV_UNIT_VOL | DELIV_UNIT_VOL_CNV | DELIV_UNIT_WT | DELIV_UNIT_WT_CNV | DELIV_UOM_SHIP_VOL | DELIV_UOM_SHIP_WT | DELIV_UOM_VOL | DELIV_UOM_WT | DELIV_USE_UOM_SHIP | DEMAND_DATE | DEMAND_LINE_NO | DEMAND_SOURCE | DEPLETED_DTTM | DEPLETE_INV_FLG | DEPTID | DESTIN_BU | DESTIN_GL_BU | DIRECT_INVOICING | DISTRIB_FLAG | DISTRIB_TYPE | DP_KIT_PARENT_QTY | DP_KIT_PARENT_UOM | DT_TIMESTAMP | EDI_DT_TIME | EO_FROM_CURRENCY | EO_PROCESS_INST | EXPORT | EXP_RETURN_DATE | EXT_REF_LN_NBR | EXT_REF_NBR | FERC_CD | FORM_DISTRIB_STAT | FREIGHT_TERMS | FROZEN_FLG | FRT_CHRG_METHOD | FRT_CHRG_OVERRIDE | FRT_RULE_CD | FSS_ACTIVITY_DT | FULFILL_FLAG | FULFILLMENT_DTTM | FUND_CODE | HARD_ALLOC_FLAG | HOLD_CD | HOLD_FLAG | IN_ADDL_FEE | IN_ADDL_FEE_DEST | IN_DEFER_DEPLETION | IN_FULFILL_STATE | IN_KIT_PROTECTED | IN_LINE_BO_RULE | IN_LINE_RESV_RULE | IN_LN_RESV_BO_RULE | IN_ORDER_RESV_RULE | IN_PRIOR_STATE | IN_PROCESS_DATE | INTERUNIT_FLG | INTERUNIT_ID | INTERUNIT_INSERT | INTERUNIT_LINE | INTERUNIT_STAT | IN_TPRC_OVRD_FLAG | INV_ITEM_ALIAS | INV_ITEM_ID | IN_ZERO_PICKED_FLG | IST_DISTRIB_STATUS | IST_RETURN_FLG_IUT | IST_TXN_FLG | KIT_LINE_NBR | LAST_MAINT_OPRID | LAST_PROCESS_INST | LAST_QTY_SHIP | LAST_QTY_SHIP_BASE | LINE_FIELD_C10_A | LINE_FIELD_C10_B | LINE_FIELD_C10_C | LINE_FIELD_C10_D | LINE_FIELD_C1_A | LINE_FIELD_C1_B | LINE_FIELD_C1_C | LINE_FIELD_C1_D | LINE_FIELD_C2 | LINE_FIELD_C30_A | LINE_FIELD_C30_B | LINE_FIELD_C30_C | LINE_FIELD_C30_D | LINE_FIELD_C4 | LINE_FIELD_C6 | LINE_FIELD_C8 | LINE_FIELD_DTTM_A | LINE_FIELD_DTTM_B | LINE_FIELD_DTTM_C | LINE_FIELD_DTTM_D | LINE_FIELD_N11_A | LINE_FIELD_N11_B | LINE_FIELD_N11_C | LINE_FIELD_N11_D | LINE_FIELD_N15_A | LINE_FIELD_N15_B | LINE_FIELD_N15_C | LINE_FIELD_N15_D | LOAD_ID | LOCATION | LOT_ALLOC_FLG | MAX_PICK_TOLERANCE | NET_UNIT_PRICE | OMB_PROCESS_DATE | OM_FLG | OPERATING_UNIT | OPTIONAL_SHIP | ORDER_INT_LINE_NO | ORDER_NO | ORIG_BU | ORIG_INV_ITEM_ID | ORIG_OPRID | ORIG_SCHED_DTTM | ORIG_UOM | PACKAGING_CD | PARENT_PROD_ID | PARTIAL_ORDER_FLAG | PARTIAL_QTY_FLAG | PEG_STATUS | PICK_BATCH_ID | PICK_CONFIRM_DTTM | PICK_DTTM | PICKLIST_LINE_NO | PICKLIST_PRINTED | PICK_RELEASE_ID | POST_SHIP_INSTANCE | PREF_CARRIER_FLAG | PRICE_MARKUP_PCT | PRICE_PO | PRIORITY_NBR | PRIORITY_SHIP_FROM | PRODUCT | PRODUCT_ID | PROGRAM_CODE | PROJECT_ID | PRO_NUMBER | PSSH_NONOWN_FLAG | PUB_PROCESS_INST | QTY_ALLOCATED | QTY_ALLOC_BASE | QTY_BACKORDER | QTY_BACKORDER_BASE | QTY_CODE | QTY_PACK_BASE | QTY_PER | QTY_PICK_BASE | QTY_PICKED | QTY_PICK_OVR_BASE | QTY_PICK_OVRIDE | QTY_PROMISED_BASE | QTY_REQUESTED | QTY_REQUESTED_BASE | QTY_SHIP_BASE | QTY_SHIPPED | QTY_SHIPPED_CONV | QTY_VERIFY_MSG | REASON_CD | RECV_SHIP_SEQ_NBR | RELEASE_INSTANCE | REPLACEMENT_FLG | REQ_DISTRIB_NBR | REQ_ID | REQ_LINE_NBR | REQ_SCHED_NBR | REQUEST_DATE | RESERVED_DTTM | RESERVE_STATUS | RESOURCE_CATEGORY | RESOURCE_SUB_CAT | RESOURCE_TYPE | ROUTE_CD | ROUTE_STOP_NBR | RTV_DISTRIB_NUM | RTV_ID | RTV_LN_NBR | SCHED_ARRV_DTTM | SCHED_DTTM | SCHED_LINE_NBR | SDN_PUBLISH_DATE | SHIP_CUST_NAME1 | SHIP_CUST_NAME2 | SHIP_DTTM | SHIP_EARLY_DTTM | SHIP_ID | SHIP_ID_EST | SHIP_LATE_DTTM | SHIP_LINE_NO | SHIPPED_MESSAGE | SHIPPING_PRINTED | SHIP_PRIOR_FLG | SHIP_PROCESS_TYP | SHIP_SHORT_WF_DONE | SHIP_TO_CUST_ID | SHIP_TYPE_ID | SHIP_UOM_CONV_FLAG | SINGLE_SHIP_FLAG | SOURCE_BUS_UNIT | SPEEDTYPE_KEY | STOCK_DTTM | STORAGE_AREA | STOR_LEVEL_1 | STOR_LEVEL_2 | STOR_LEVEL_3 | STOR_LEVEL_4 | SUP_PEG_STATUS | TARGET_INVOICE | TAX_CD_VAT | TAX_EXEMPT_FLG | TMS_EXT_REF_ID | TMS_EXT_REF_LN_NBR | TMS_LOAD_STP_NBR | TMS_PROCESS_FLG | TRANSFER_CALC_TYPE | TRANSFER_COST | TRANSFER_COST_DEST | TRANSFER_YIELD | UNIT_MEASURE_SHIP | UNIT_MEASURE_VOL | UNIT_MEASURE_WT | UNIT_OF_MEASURE | UPDATE_RESTRCT_LVL | VAT_APPLICABILITY | VAT_TXN_TYPE_CD | VMI_DESTIN_SHIPTO | VMI_OM_BU | VMI_ORDER_LINK,Supply Chain / Logistique / Production,0.5,"['Supply Chain / Logistique / Production', 'Finance & Contrôle']",coin_flip_reject
1123068,IN_DMD_EWN_CTX,PS_IN_DMD_EWN_CTX,BUSINESS_UNIT | BUSINESS_UNIT_IN | COMMENTS_254 | DEMAND_LINE_NO | DEMAND_SOURCE | EMAIL_ADDR | EMAIL_ADDRESS | EOEN_CATEGORY | EOEN_PRCS_NAME | IN_EMAIL_GROUP | IN_NOTIFY_TO | IN_NOTIFY_TRANS | INV_ITEM_ID | ORDER_INT_LINE_NO | ORDER_NO | QTY | REASON_CD | SCHED_LINE_NBR | SEQ_NBR_EOEN | SOURCE_BUS_UNIT | UNIT_OF_MEASURE | USER_ID,Supply Chain / Logistique / Production,0.5,"['IT & Sécurité', 'Supply Chain / Logistique / Production']",coin_flip_reject
1123195,IN_DP_SHP_TAO,PS_IN_DP_SHP_TAO,AUTO_PUTAWAY_FLAG | AVAIL_STATUS | BUDGET_DT | BUSINESS_UNIT | BUSINESS_UNIT_BI | BUSINESS_UNIT_PO | CONSIGNED_FLAG | CONVERSION_RATE | COST_ELEMENT | CURRENCY_CD | CURRENCY_CD_DEST | CUR_RT_TYPE | CUST_ID | CUSTOMER_PO | DECIMAL_POSITIONS | DELIVERY_ID | DEMAND_LINE_NO | DEMAND_SOURCE | DESTIN_BU | DESTIN_GL_BU | DIRECT_INVOICING | IN_ADDL_FEE | IN_ADDL_FEE_DEST | IN_DEFER_DEPLETION | INSPECT_FLG | INTERCOMPANY_FLG | INTERUNIT_FLG | INTERUNIT_ID | INTERUNIT_LINE | INTERUNIT_STAT | IN_TPRC_OVRD_FLAG | INV_ITEM_ID | IN_ZERO_PICKED_FLG | LOCATION | NETTABLE_FLG | NON_OWN_FLAG | ORDER_INT_LINE_NO | ORDER_NO | PRICE_PO | PROCESSING_GROUP | PROCESS_INSTANCE | PROCESS_STATUS | PRODUCT_ID | QTY_BASE | QTY_ONHAND | QTY_OWNED | QTY_RESERVED | QTY_SHIPPED | RATE_DIV | RATE_MULT | REASON_CD | RECEIPT_TRACK_FLG | REQ_DISTRIB_NBR | REQ_ID | REQ_LINE_NBR | REQ_SCHED_NBR | RTV_DISTRIB_NUM | RTV_ID | RTV_LN_NBR | SCHED_LINE_NBR | SEQ_NBR | SEQ_NBR_6 | SETID_CUSTOMER | SHIP_DTTM | SHIP_ID | SHIP_TO_CUST_ID | SOURCE_BUS_UNIT | SOURCE_CURR_CODE | SOURCE_GL_BU | TARGET_CURRENCY | TRANSACTION_GROUP | TRANSFER_CALC_TYPE | TRANSFER_COST | TRANSFER_COST_DEST | UNIT_MEASURE_SHIP | VMI_DESTIN_SHIPTO | VMI_OM_BU | VMI_ORDER_LINK | VMI_UNIT_FLG,Finance & Contrôle,0.5,"['Finance & Contrôle', 'Supply Chain / Logistique / Production']",coin_flip_reject
1123199,IN_DP_TR2_TM2,PS_IN_DP_TR2_TM2,ADJUST_TYPE | BCT_SOURCE | BUDGET_DT | BUSINESS_UNIT | BUSINESS_UNIT_PO | CONSIGNED_FLAG | CONTAINER_ID | CONVERSION_RATE | COSTED_FLAG | COUNTING_EVENT_ID | CURRENCY_CD | CURRENCY_CD_DEST | DEMAND_LINE_NO | DEMAND_SOURCE | DESTIN_BU | DESTIN_GL_BU | DISTRIB_LINE_NUM | DISTRIB_SEQ_NUM | DISTRIB_TYPE | DOCUMENT_ID | DT_TIMESTAMP | EIP_CTL_ID | EIP_TRANS_SRC | EXPORT | FROM_PRDN_AREA | FROM_PRDN_ID | FROM_PRDN_TYPE | INSPECTION_ID | INTERUNIT_ID | INTERUNIT_LINE | INV_ITEM_ID | INV_LOT_ID | INV_STOCK_TYPE | IST_RETURN_FLG_IUT | IST_TXN_FLG | JOB_INSTANCE | LAST_PURCH_DATE | MA_PRDN_ID_FLG | NON_COST_FLAG | NON_OWN_FLAG | OPRID | OP_SEQUENCE | ORDER_INT_LINE_NO | ORDER_NO | PO_DT | PO_ID | PRDN_AREA_CODE | PRICE_PO | PROCESS_FLAG | PROCESS_INSTANCE | PROCESS_STATUS | PRODUCTION_ID | PRODUCTION_TYPE | PURCH_LOT_ID | QTY | QTY_BASE | QTY_FLG | QTY_SHIP_BASE | QTY_SHIPPED | REASON_CD | RECEIPT_TYPE | RECEIVER_ID | RECV_LN_NBR | RECV_SHIP_SEQ_NBR | REPLACEMENT_FLG | REQ_DISTRIB_NBR | REQ_ID | REQ_LINE_NBR | REQ_SCHED_NBR | RMA_ID | RMA_LINE_NBR | RTV_DISTRIB_NUM | RTV_ID | RTV_LN_NBR | SCHED_LINE_NBR | SEQ_NBR | SEQ_NBR_6 | SERIAL_ID | SF_KANBAN_ID | SHIP_ID | SOURCE_BUS_UNIT | STAGED_DATE | STAGED_TYPE | STATISTICS_CODE | STORAGE_AREA | STORAGE_CODE | STOR_LEVEL_1 | STOR_LEVEL_2 | STOR_LEVEL_3 | STOR_LEVEL_4 | TO_CONSIGNED_FLG | TO_CONTAINER_ID | TO_NON_OWN_FLG | TO_PRDN_AREA | TO_PRDN_ID | TO_PRDN_TYPE | TO_STORAGE_AREA | TO_STOR_LEVEL_1 | TO_STOR_LEVEL_2 | TO_STOR_LEVEL_3 | TO_STOR_LEVEL_4 | TO_UOM | TRANSACTION_CODE | TRANSACTION_DATE | TRANSACTION_GROUP | TRANSACTION_SOURCE | TRANSFER_CALC_TYPE | TRANSFER_COST | TRANSFER_COST_DEST | UNIT_MEASURE_SHIP | UNIT_MEASURE_STD | UNIT_OF_MEASURE | VENDOR_ID | WT_AVE_COST,Supply Chain / Logistique / Production,0.5,"['Supply Chain / Logistique / Production', 'Finance & Contrôle']",coin_flip_reject
1123230,IN_FL_BU_TAO,PS_IN_FL_BU_TAO,ADHOC_REQ_FLG | ALLOC_LEAD_DAYS | ALLOC_SORT | ALLOW_NEG_INV_FLG | ALLOW_OVERRIDE_FLG | ATP_INCL_CO_BY | ATP_INCL_COMP | ATP_INCL_EPR_FLG | ATP_INCL_PPRD_FLG | ATP_INCL_PPRS_FLG | ATP_INCL_PPUR_FLG | ATP_INCL_PTRD_FLG | ATP_INCL_PTRS_FLG | ATP_INCL_REQ | ATP_INCL_WIP | ATP_LEAD_DAYS | ATP_PPRD_APPR_CD | ATP_PPRD_FRZ_CD | ATP_PPRD_STAT_CD | ATP_PPRS_APPR_CD | ATP_PPRS_FRZ_CD | ATP_PPRS_STAT_CD | ATP_PPUR_APPR_CD | ATP_PPUR_FRZ_CD | ATP_PPUR_STAT_CD | ATP_PTRD_APPR_CD | ATP_PTRD_FRZ_CD | ATP_PTRD_STAT_CD | ATP_PTRS_APPR_CD | ATP_PTRS_FRZ_CD | ATP_PTRS_STAT_CD | AUTO_BCK_APPROVE | AUTO_DEPL_FLAG | AUTO_PICK_FLAG | AUTO_PRT_APPROVE | AUTO_RELEASE_OPT | AUTO_SHIP_FLAG | BCKORDR_CNCL_FLAG | BUSINESS_UNIT | BUSINESS_UNIT_BI | BUSINESS_UNIT_GL | CLR_TRK_AT_DEPLETE | COMMIT_COUNT | COMMIT_LEVEL | COMPLETE_FLG | DELIVERY_OPT | DFLT_SHP_LOC_OPT | DISTRIB_TYPE_030 | DISTRIB_TYPE_031 | FREIGHT_CALC | FREIGHT_PROD_ID | FRT_CHRG_METHOD | FRT_RULE_CD | FRT_TYPE_CODE | IN_BEST_WAY_BTN | INCL_QUAR_AVAIL | IN_DFR_DPL_BU_DFLT | IN_FRT_P_BILFRT | IN_FRT_P_CMPFRT | IN_FRT_P_MANFRT | IN_FRT_USAGE | IN_NEG_AVL_QTY_FLG | IN_RLS_KMULT_FLG | IN_SOB_TPRC_FLAG | INTERUNIT_QTY_FLG | IN_VRFY_SHP_DT_FLG | IN_VRFY_SHP_TM_FLG | LOG_ERROR_OPTION | MAX_LEAD_DAYS | ONLINE_RES_FLAG | OPRID2 | OVERRIDE_RLS_FLG | OVRRIDE_COMMIT_FLG | OVRRIDE_LEVEL_FLG | OVRRIDE_STATES_FLG | PARTIAL_QTY_FLAG | PASS_THROUGH_LEVEL | PRICE_MARKUP_FLG | PROCESSING_COUNT | PROCESSING_LEVEL | PROCESS_INSTANCE | PTWY_OPTION | RELEASE_LOCKS_FLG | RLS_RUN_CNTL_ID | RUN_AUTOPTWY_FLAG | RUN_DIRECT_INVOICE | SELECT_CONFIRMED | SELECT_DEPLETED | SELECT_RELEASABLE | SELECT_RELEASED | SELECT_SHIPPED | SELECT_UNFULFILLED | SETID_BU_ATTRIBUTE | SETID_CARRIER | SETID_CM_TRANS | SETID_CONTAINER | SETID_CUSTOMER | SETID_DEPTID | SETID_DISTRIB_TYPE | SETID_FERC | SETID_FREIGHT | SETID_HOLD_CD | SETID_INV_ITEM | SETID_INV_ITEMS | SETID_INV_ORDER | SETID_LOCATION | SETID_MST_ITEM | SETID_PACK_CD | SETID_PRODUCT | SETID_REASON_CD | SETID_SETUP | SETID_SHIP_METHOD | SHIP_DOC_EARLY | SHIP_DOC_WARNING | SOFT_ALLOC_FLG | STORAGE_AREA | STOR_LEVEL_1 | STOR_LEVEL_2 | STOR_LEVEL_3 | STOR_LEVEL_4 | TSE_TRIGGER | UOM_CONV_FLAG | USE_CLOSE_CAL_FLG | USE_PRIORITY | VMI_UNIT_FLG,Supply Chain / Logistique / Production,0.5,"['Supply Chain / Logistique / Production', 'IT & Sécurité']",coin_flip_reject
1123239,IN_FL_DMD_TAO,PS_IN_FL_DMD_TAO,ACCOUNT | ACTIVITY_ID | ADDRESS1 | ADDRESS2 | ADDRESS3 | ADDRESS4 | ADDRESS_SEQ_NUM | ADDR_FIELD1 | ADDR_FIELD2 | ADDR_FIELD3 | ADDR_OVRD_LEVEL | AFFILIATE | AFFILIATE_INTRA1 | AFFILIATE_INTRA2 | ALLOW_OVERPICK_FLG | ALLOW_SUB_ITEM_FLG | ALTACCT | ANALYSIS_TYPE | APPROVED_FLAG | AUTO_PICK_FLAG | AUTO_SHIP_FLAG | BACKORDER_ACTION | BACKORDER_CREATED | BCKORDER_FLAG | BCKORDR_CNCL_FLAG | BILL_OF_LADING | BUDGET_DT | BUDGET_REF | BUSINESS_UNIT | BUSINESS_UNIT_BI | BUSINESS_UNIT_PC | BUSINESS_UNIT_PO | CARRIER_ID | CARTON_PRINTED | CHARGE_CODE | CHARGE_FLAG | CHARTFIELD1 | CHARTFIELD2 | CHARTFIELD3 | CITY | CLASS_FLD | CNTCT_SEQ_SHIP | CNTRCT_ID | COMBO_VALID_FLG | COMMIT_GROUP | COMPLETE_FLG | CONFIG_CODE | CONFIRMED_FLAG | COSTED_FLAG | COUNTRY | COUNTRY_CODE | COUNTY | CURRENCY_CD | CURRENCY_CD_DEST | CUST_CONTACT | CUST_ID | CUST_NAME | CUSTODIAN | CUSTOMER_PO | DATE_LAST_MAINT | DELIVERY_ID | DELIVERY_STATUS | DELIV_UNIT_VOL | DELIV_UNIT_VOL_CNV | DELIV_UNIT_WT | DELIV_UNIT_WT_CNV | DELIV_UOM_SHIP_VOL | DELIV_UOM_SHIP_WT | DELIV_UOM_VOL | DELIV_UOM_WT | DELIV_USE_UOM_SHIP | DEMAND_DATE | DEMAND_LINE_NO | DEMAND_SOURCE | DEPLETE_INV_FLG | DEPTID | DESTIN_BU | DESTIN_GL_BU | DIRECT_INVOICING | DISTRIB_FLAG | DISTRIB_TYPE | DMD_DLV_LOAD_SRC | DP_KIT_PARENT_QTY | DP_KIT_PARENT_UOM | DTL_SEQ_NBR | DT_TIMESTAMP | EDI_DT_TIME | EIP_CTL_ID | EMAILID | EXPORT | EXTENSION | EXT_REF_LN_NBR | EXT_REF_NBR | FAX | FERC_CD | FORM_DISTRIB_STAT | FREIGHT_TERMS | FROM_STOR_AREA | FROM_STOR_LEV1 | FROM_STOR_LEV2 | FROM_STOR_LEV3 | FROM_STOR_LEV4 | FROZEN_FLG | FRT_CHRG_METHOD | FRT_CHRG_OVERRIDE | FRT_RULE_CD | FULFILL_FLAG | FUND_CODE | GEO_CODE | GRP_SEQ_NBR | HARD_ALLOC_FLAG | HOLD_CD | HOLD_FLAG | HOLD_RESERVE_QTY | HOLD_STATUS | HOUSE_TYPE | IN_ADDL_FEE | IN_ADDL_FEE_DEST | IN_CITY_LIMIT | IN_DEFER_DEPLETION | IN_FULFILL_STATE | IN_LINE_BO_RULE | IN_LINE_RESV_RULE | IN_LN_RESV_BO_RULE | IN_ORDER_RESV_RULE | IN_PRIOR_STATE | INTERCOMPANY_FLG | INTERUNIT_FLG | INTERUNIT_ID | INTERUNIT_INSERT | INTERUNIT_LINE | INTERUNIT_STAT | IN_TPRC_OVRD_FLAG | INV_ITEM_ID | IN_ZERO_PICKED_FLG | IST_DISTRIB_STATUS | IST_RETURN_FLG_IUT | IST_TXN_FLG | KIT_LINE_NBR | LAST_MAINT_OPRID | LAST_PROCESS_INST | LAST_QTY_SHIP | LAST_QTY_SHIP_BASE | LOAD_ID | LOCATION | LOT_ALLOC_FLG | MAX_PICK_TOLERANCE | NET_UNIT_PRICE | NEW_LINE | NEW_ROW | NOTIFY | NUM1 | NUM2 | OM_FLG | OPERATING_UNIT | OPTIONAL_SHIP | ORDER_ID | ORDER_INT_LINE_NO | ORDER_NO | ORIG_BU | ORIG_INV_ITEM_ID | ORIG_OPRID | ORIG_SCHED_DTTM | ORIG_SHIP_ID | ORIG_UOM | OUTER_MOST_CNTR_ID | PACKAGING_CD | PARENT_PROD_ID | PARTIAL_ORDER_FLAG | PARTIAL_QTY_FLAG | PASS_THROUGH_LEVEL | PEG_STATUS | PHONE | PICK_BATCH_ID | PICK_CONFIRM_DTTM | PICK_DTTM | PICKLIST_LINE_NO | PICKLIST_PRINTED | PICK_OVRD_FLG | PICK_RELEASE_ID | POSTAL | PREF_CARRIER_FLAG | PRICE_MARKUP_PCT | PRICE_PO | PRIORITY_NBR | PROCESSING_GROUP | PROCESS_INSTANCE | PRODUCT | PRODUCT_ID | PROGRAM_CODE | PROJECT_ID | PRO_NUMBER | PSSH_NONOWN_FLAG | PUB_PROCESS_INST | QTY | QTY_ALLOCATED | QTY_ALLOC_BASE | QTY_BACKORDER | QTY_BACKORDER_BASE | QTY_BASE | QTY_CODE | QTY_FLG | QTY_PACK_BASE | QTY_PEGGED | QTY_PEGGED_ORD | QTY_PER | QTY_PICK_BASE | QTY_PICKED | QTY_PICK_OVR_BASE | QTY_PICK_OVRIDE | QTY_PROMISED_BASE | QTY_REQUESTED | QTY_REQUESTED_BASE | QTY_SHIP_BASE | QTY_SHIPPED | QTY_SHIPPED_CONV | QTY_UNRESERVED | QTY_VERIFY_MSG | REASON_CD | RECV_SHIP_SEQ_NBR | RELEASE_INSTANCE | REPLACEMENT_FLG | REQ_DISTRIB_NBR | REQ_ID | REQ_LINE_NBR | REQ_SCHED_NBR | REQUEST_DATE | RESERVED_CRIT_MET | RESERVED_DTTM | RESERVE_STATUS | RESOURCE_CATEGORY | RESOURCE_SUB_CAT | RESOURCE_TYPE | ROUTE_CD | ROUTE_STOP_NBR | RTV_DISTRIB_NUM | RTV_ID | RTV_LN_NBR | RTV_VERIFIED | SCHED_ARRV_DTTM | SCHED_DTTM | SCHED_LINE_NBR | SHIP_CNTR_ID | SHIP_CUST_NAME1 | SHIP_CUST_NAME2 | SHIP_DTTM | SHIP_EARLY_DTTM | SHIP_ID | SHIP_ID_EST | SHIP_LATE_DTTM | SHIP_LINE_NO | SHIPPED_MESSAGE | SHIPPING_PRINTED | SHIP_PRIOR_FLG | SHIP_PROCESS_TYP | SHIP_SHORT_WF_DONE | SHIP_TO_CUST_ID | SHIP_TYPE_ID | SHIP_UOM_CONV_FLAG | SHP_OVERRIDE_FLG | SINGLE_SHIP_FLAG | SOURCE_BUS_UNIT | SPEEDTYPE_KEY | STATE | STORAGE_AREA | STOR_LEVEL_1 | STOR_LEVEL_2 | STOR_LEVEL_3 | STOR_LEVEL_4 | SUBSTITUTE_FLG | SUP_PEG_STATUS | TARGET_INVOICE | TAX_CD_VAT | TAX_EXEMPT_FLG | TMS_EXT_REF_ID | TMS_EXT_REF_LN_NBR | TRANSFER_CALC_TYPE | TRANSFER_COST | TRANSFER_COST_DEST | TRANSFER_YIELD | UNIT_MEASURE_SHIP | UNIT_MEASURE_TXN | UNIT_MEASURE_VOL | UNIT_MEASURE_WT | UNIT_OF_MEASURE | UPDATE_RESTRCT_LVL | VAT_APPLICABILITY | VAT_TXN_TYPE_CD | VMI_DESTIN_SHIPTO | VMI_OM_BU,Achats & Fournisseurs,0.5,"['Achats & Fournisseurs', 'Finance & Contrôle']",coin_flip_reject
1123253,IN_FL_FPR_TAO,PS_IN_FL_FPR_TAO,BCT_FRT_STATUS | BUSINESS_UNIT | DELIVERY_ID | DESCR254 | DEVICE_DTTIME | DT_TIMESTAMP | EIP_CTL_ID | EIP_TRANS_SRC_SEQ | FRT_RPT_TYPE | IN_PACKAGE_ID | MESSAGE_NBR | MESSAGE_PARM | MESSAGE_PARM2 | MESSAGE_PARM3 | MESSAGE_SET_NBR | PROCESS_INSTANCE | SEQ_NBR | SEQ_NBR_CRRNT | SHIP_CNTR_ID | TSE_FIELDNAME | URL,Supply Chain / Logistique / Production,0.5,"['Supply Chain / Logistique / Production', 'IT & Sécurité']",coin_flip_reject
1123254,IN_FL_FRI_TAO,PS_IN_FL_FRI_TAO,AMOUNT_ACTION | BUSINESS_UNIT | DTL_SEQ_NBR | EIP_CTL_ID | FREIGHT_AMT | FREIGHT_AMT_FLG | FREIGHT_CALC_FLAG | GRP_SEQ_NBR | PROCESS_INSTANCE | SHIP_CNTR_ID | SHIP_CNTR_ID_TEMP | SL_SHIP_CNTR_ID | TOTAL_WEIGHT,Finance & Contrôle,0.5,"['Finance & Contrôle', 'Supply Chain / Logistique / Production']",coin_flip_reject
1123279,IN_FL_MSI_TAO,PS_IN_FL_MSI_TAO,ALLOW_SUB_ITEM_FLG | BCKORDR_CNCL_FLAG | BUSINESS_UNIT | IN_LINE_BO_RULE | IN_LINE_RESV_RULE | IN_LN_RESV_BO_RULE | INV_ITEM_ID | PARTIAL_QTY_FLAG | PROCESS_INSTANCE | SOFT_ALLOC_FLG,Supply Chain / Logistique / Production,0.5,"['IT & Sécurité', 'Supply Chain / Logistique / Production']",coin_flip_reject
1123281,IN_FL_MSR_TAO,PS_IN_FL_MSR_TAO,ACCOUNT | ACTIVITY_ID | ADDRESS_SEQ_NUM | ADDR_OVRD_LEVEL | AFFILIATE | AFFILIATE_INTRA1 | AFFILIATE_INTRA2 | ALLOW_OVERPICK_FLG | ALLOW_SUB_ITEM_FLG | ALTACCT | ANALYSIS_TYPE | APPROVED_FLAG | BACKORDER_CREATED | BCKORDER_FLAG | BCKORDR_CNCL_FLAG | BUDGET_DT | BUDGET_REF | BUSINESS_UNIT | BUSINESS_UNIT_PC | BUSINESS_UNIT_PO | CARRIER_ID | CARTON_PRINTED | CHARGE_FLAG | CHARTFIELD1 | CHARTFIELD2 | CHARTFIELD3 | CLASS_FLD | COMBO_VALID_FLG | CONFIG_CODE | CONFIRMED_FLAG | CONVERSION_RATE | COSTED_FLAG | CURRENCY_CD | CURRENCY_CD_DEST | CUST_ID | CUST_NAME | DATE_LAST_MAINT | DEMAND_DATE | DEMAND_LINE_NO | DEMAND_SOURCE | DEPLETE_INV_FLG | DEPTID | DESTIN_BU | DESTIN_GL_BU | DIRECT_INVOICING | DISTRIB_FLAG | DISTRIB_TYPE | DTL_SEQ_NBR | DT_TIMESTAMP | EDI_DT_TIME | EIP_CTL_ID | EXPORT | FERC_CD | FORM_DISTRIB_STAT | FREIGHT_TERMS | FROZEN_FLG | FRT_CHRG_OVERRIDE | FULFILL_FLAG | FUND_CODE | GRP_SEQ_NBR | HARD_ALLOC_FLAG | HOLD_CD | HOLD_FLAG | IN_DEFER_DEPLETION | IN_FULFILL_STATE | IN_LINE_BO_RULE | IN_LINE_RESV_RULE | IN_LN_RESV_BO_RULE | IN_ORDER_RESV_RULE | INTERCOMPANY_FLG | INTERUNIT_FLG | INTERUNIT_ID | INTERUNIT_INSERT | INTERUNIT_STAT | INTERUNIT_VAL_FLAG | IN_TPRC_OVRD_FLAG | INV_ITEM_ID | IN_ZERO_PICKED_FLG | IST_DISTRIB_STATUS | IST_RETURN_FLG_IUT | IST_TXN_FLG | LAST_MAINT_OPRID | LAST_PROCESS_INST | LINE_FIELD_C10_A | LINE_FIELD_C10_B | LINE_FIELD_C10_C | LINE_FIELD_C10_D | LINE_FIELD_C1_A | LINE_FIELD_C1_B | LINE_FIELD_C1_C | LINE_FIELD_C1_D | LINE_FIELD_C2 | LINE_FIELD_C30_A | LINE_FIELD_C30_B | LINE_FIELD_C30_C | LINE_FIELD_C30_D | LINE_FIELD_C4 | LINE_FIELD_C6 | LINE_FIELD_C8 | LINE_FIELD_DTTM_A | LINE_FIELD_DTTM_B | LINE_FIELD_DTTM_C | LINE_FIELD_DTTM_D | LINE_FIELD_N11_A | LINE_FIELD_N11_B | LINE_FIELD_N11_C | LINE_FIELD_N11_D | LINE_FIELD_N15_A | LINE_FIELD_N15_B | LINE_FIELD_N15_C | LINE_FIELD_N15_D | LOAD_ID | LOCATION | LOT_ALLOC_FLG | MAX_PICK_TOLERANCE | OM_FLG | OPERATING_UNIT | ORDER_INT_LINE_NO | ORDER_NO | ORIG_BU | ORIG_INV_ITEM_ID | ORIG_OPRID | ORIG_SCHED_DTTM | ORIG_UOM | PACKAGING_CD | PARTIAL_ORDER_FLAG | PARTIAL_QTY_FLAG | PASS_THROUGH_LEVEL | PEG_STATUS | PHYSICAL_NATURE | PICK_CONFIRM_DTTM | PICK_DTTM | PICKLIST_PRINTED | PRICE_MARKUP_FLG | PRICE_MARKUP_PCT | PRICE_PO | PRIORITY_NBR | PROCESS_INSTANCE | PRODUCT | PROGRAM_CODE | PROJECT_ID | PROMISE_OPTION | PSSH_NONOWN_FLAG | QTY_REQUESTED | QTY_REQUESTED_BASE | QTY_VERIFY_MSG | REASON_CD | RECV_SHIP_SEQ_NBR | REPLACEMENT_FLG | REQUEST_DATE | REQUEST_TYPE | RESERVED_DTTM | RESERVE_STATUS | RESOURCE_CATEGORY | RESOURCE_SUB_CAT | RESOURCE_TYPE | ROUTE_CD | ROUTE_STOP_NBR | RTV_DISTRIB_NUM | RTV_ID | RTV_LN_NBR | SCHED_ARRV_DTTM | SCHED_DTTM | SCHED_LINE_NBR | SHIP_CUST_NAME1 | SHIP_CUST_NAME2 | SHIP_DTTM | SHIP_EARLY_DTTM | SHIP_ID | SHIP_LATE_DTTM | SHIPPED_MESSAGE | SHIPPING_PRINTED | SHIP_PRIOR_FLG | SHIP_SHORT_WF_DONE | SHIP_TO_CUST_ID | SHIP_TYPE_ID | SHIP_UOM_CONV_FLAG | SINGLE_SHIP_FLAG | SOFT_ALLOC_FLG | SOURCE_BUS_UNIT | SPEEDTYPE_KEY | STORAGE_AREA | STOR_LEVEL_1 | STOR_LEVEL_2 | STOR_LEVEL_3 | STOR_LEVEL_4 | SUP_PEG_STATUS | TAX_EXEMPT_FLG | TRANSACTION_CODE | TRANSFER_CALC_TYPE | TRANSFER_COST | TRANSFER_YIELD | UNIT_MEASURE_STD | UNIT_OF_MEASURE | VMI_DESTIN_SHIPTO | VMI_OM_BU,Achats & Fournisseurs,0.5,"['Achats & Fournisseurs', 'Finance & Contrôle']",coin_flip_reject
1123287,IN_FL_ORD_TAO,PS_IN_FL_ORD_TAO,BUSINESS_UNIT | DEMAND_SOURCE | EIP_CTL_ID | ORDER_NO | PRIORITY_NBR | PRIORITY_RANK | PROCESS_INSTANCE | SCHED_DTTM | SOURCE_BUS_UNIT,Supply Chain / Logistique / Production,0.5,"['Supply Chain / Logistique / Production', 'IT & Sécurité']",coin_flip_reject
1123316,IN_FL_STG_TAO,PS_IN_FL_STG_TAO,ACCOUNT | ACTIVITY_ID | AFFILIATE | AFFILIATE_INTRA1 | AFFILIATE_INTRA2 | ALTACCT | ANALYSIS_TYPE | BUDGET_REF | BUSINESS_UNIT | BUSINESS_UNIT_PC | BUSINESS_UNIT_PO | CANCEL_NETTABLE | CHARTFIELD1 | CHARTFIELD2 | CHARTFIELD3 | CLASS_FLD | COMBO_VALID_FLG | CONFIG_CODE | CONSIGNED_FLAG | CONTAINER_ID | CONTAINER_TYPE | CONVERSION_RATE | DEPTID | DISTRIB_LINE_NUM | DISTRIB_SEQ_NUM | DISTRIB_TYPE | DT_TIMESTAMP | EXPIRATION_DATE | FROM_STOR_AREA | FROM_STOR_LEV1 | FROM_STOR_LEV2 | FROM_STOR_LEV3 | FROM_STOR_LEV4 | FROM_UOM | FUND_CODE | INSPECTION_ID | INSPECT_STATUS | INTERUNIT_ID | INTERUNIT_LINE | INV_ITEM_ID | INV_LOT_ID | INV_STOCK_TYPE | JOB_INSTANCE | LAST_PURCH_DATE | LOT_BIRTHDATE | MA_PRDN_ID_FLG | NON_OWN_FLAG | OPERATING_UNIT | OPRID | OP_SEQUENCE | PO_DT | PO_ID | PRDN_AREA_CODE | PROCESS_FLAG | PROCESS_INSTANCE | PRODUCT | PRODUCTION_ID | PRODUCTION_TYPE | PROGRAM_CODE | PROJECT_ID | PTWY_PLAN_ID | PTWYPLAN_LN_NBR | PURCH_LOT_ID | PUTAWAY_FLAG | PUTAWAY_STATUS | QTY | QTY_BASE | QTY_CODE | QTY_CONV_FLAG | RECEIPT_TYPE | RECEIVER_ID | RECV_LN_NBR | RECV_SHIP_SEQ_NBR | RESOURCE_CATEGORY | RESOURCE_SUB_CAT | RESOURCE_TYPE | RMA_ID | RMA_LINE_NBR | SERIAL_ID | SF_KANBAN_ID | SOURCE_BUS_UNIT | SPEEDTYPE_KEY | STAGED_DATE | STAGED_NUM | STAGED_TYPE | STAGING_ID | STORAGE_AREA | STORAGE_CODE | STOR_LEVEL_1 | STOR_LEVEL_2 | STOR_LEVEL_3 | STOR_LEVEL_4 | TEXT254 | TO_PRODUCTION_ID | TRANSFER_COST | TRANS_SOURCE | UNIT_OF_MEASURE | VENDOR_ID,Finance & Contrôle,0.5,"['Finance & Contrôle', 'Supply Chain / Logistique / Production']",coin_flip_reject
1123521,IN_IFRT_PRPT_EC,PS_IN_IFRT_PRPT_EC,DESCR254 | DEVICE_DTTIME | EIP_TRANS_SRC_SEQ | FRT_RPT_TYPE | URL,IT & Sécurité,0.5,"['Other', 'IT & Sécurité']",coin_flip_reject
1123620,IN_ITM_RECD_LST,PS_IN_ITM_RECD_LST,ITM_CHG_REC_LIST | OPRID | RECNAME | RUN_CNTL_ID | WHERE_CLAUSE_LONG2,IT & Sécurité,0.5,"['Other', 'IT & Sécurité']",coin_flip_reject
1123639,IN_ITMUOM_TAO,PS_IN_ITMUOM_TAO,INV_ITEM_ID | ITM_SETID | PROCESS_INSTANCE | QTY_PRECISION | ROUND_RULE | ROUND_TOL | UNIT_OF_MEASURE,IT & Sécurité,0.5,"['IT & Sécurité', 'Supply Chain / Logistique / Production']",coin_flip_reject
1123786,IN_PEGEWN_CTX,PS_IN_PEGEWN_CTX,BUSINESS_UNIT | DEMAND_LINE_NO | DEMAND_SOURCE | DESTIN_BU | EMAIL_ADDR | EMAIL_ADDRESS | EOEN_CATEGORY | EOEN_PRCS_NAME | IN_PEG_EMAIL_GROUP | IN_PEG_NOTIF_TO | INV_ITEM_ID | LOCATION | ORDER_INT_LINE_NO | ORDER_NO | SCHED_LINE_NBR | SEQ_NBR_EOEN | SOURCE_BUS_UNIT,Supply Chain / Logistique / Production,0.5,"['Supply Chain / Logistique / Production', 'IT & Sécurité']",coin_flip_reject
1123793,IN_PEGINS_TAO,PS_IN_PEGINS_TAO,BUSINESS_UNIT | BUSINESS_UNIT_SUP | DEMAND_LINE_NO | DEMAND_LINE_SUP | DEMAND_SOURCE | DISTRIB_LINE_NUM | DMD_DTTM | DMD_OPEN_QTY | DMD_ORDER_TYPE | HARD_PEG | INV_ITEM_ID | LINE_NBR | OP_SEQUENCE | ORDER_INT_LINE_NO | ORDER_INT_LINE_SUP | ORDER_NO | ORDER_NO_SUP | PEG_CREATED | PO_ID | PROCESS_INSTANCE | PRODUCTION_ID | QTY_PEGGED | REQ_ID | SCHED_LINE_NBR | SCHED_LINE_SUP | SCHED_NBR | SEQ_NUM | SOURCE_BUS_UNIT | SOURCE_BU_SUP | SUP_DTTM | SUP_OPEN_QTY | SUP_ORDER_TYPE,Supply Chain / Logistique / Production,0.5,"['Achats & Fournisseurs', 'Supply Chain / Logistique / Production']",coin_flip_reject
1123806,IN_PEG_PTWY_TMP,PS_IN_PEG_PTWY_TMP,DEMAND_HASH | DMD_ORDER_TYPE | IN_PEG_ACTION | JOBINSTANCE | MESSAGE_NBR | PEG_STATUS | PROCESS_INSTANCE | QTY_COMPLETE | QTY_RECEIVED | QTY_RESERVED | SUP_ORDER_TYPE | SUPPLY_HASH,Supply Chain / Logistique / Production,0.5,"['Supply Chain / Logistique / Production', 'IT & Sécurité']",coin_flip_reject
1123886,IN_PRCSN_RECS,PS_IN_PRCSN_RECS,ITEM_FIELDNAME | OBJECTOWNERID | QTY_FIELDNAME | RECNAME | SETID_BU_DRIVEN | UOM_FIELDNAME,Supply Chain / Logistique / Production,0.5,"['IT & Sécurité', 'Supply Chain / Logistique / Production']",coin_flip_reject
1123935,IN_PURGE_REQ,PS_IN_PURGE_REQ,BUSINESS_UNIT | COMMIT_BATCH | DAYS_SINCELASTACT | DESCR | DTTM_STAMP_SEC | OPRID | PROCESS_FLAG | PROCESS_FREQUENCY | PROCESS_INSTANCE | PROCESS_ORIG | PROCESS_STATUS | REQUEST_ID | REQUEST_NBR | RUN_CNTL_ID,Achats & Fournisseurs,0.5,"['Achats & Fournisseurs', 'IT & Sécurité']",coin_flip_reject
1124098,IN_RPDMD_TAO,PS_IN_RPDMD_TAO,AVERAGE_DEMAND | BUSINESS_UNIT | INV_ITEM_ID | PROCESS_INSTANCE | QTY_REQUESTED_BASE | SCHED_DATE,Supply Chain / Logistique / Production,0.5,"['IT & Sécurité', 'Supply Chain / Logistique / Production']",coin_flip_reject
1124142,IN_RULE_DTL,PS_IN_RULE_DTL,BACKORDER_ACTION | BACKORDER_ACTION2 | BACKORDER_ACTION3 | DTL_SEQ_NBR | HOLD_FLAG | MESSAGE_TEXT | NOTIFY | RESERVED_FLAG | RULE_CD | RULE_TYPE | SHIP_BCKORDR_ACTN | SHIP_BCKORDR_ACTN2,Supply Chain / Logistique / Production,0.5,"['Supply Chain / Logistique / Production', 'IT & Sécurité']",coin_flip_reject
1124166,IN_RUN_INTLOC,PS_IN_RUN_INTLOC,BUSINESS_UNIT | CART_GROUP | DESCR | INV_CART_ID | INV_EDI_OPTION | LOCATION | OPRID | POST_SHIP_INSTANCE | REGEN_MSG_FLG | REQUEST_ID | RUN_CNTL_ID | SEL_LOCATION_OPT | SHIP_ID | SOURCE_BUS_UNIT,Supply Chain / Logistique / Production,0.5,"['Supply Chain / Logistique / Production', 'IT & Sécurité']",coin_flip_reject
1124193,IN_SDA_COMBTMPL,PS_IN_SDA_COMBTMPL,APPROVED_FLAG | ASOFDATE | BUSINESS_UNIT | BUSINESS_UNIT_IN | CANCEL_FLAG | CART_GROUP | CHART_NBR | CHART_TITLE1 | CHARTTYPE5 | COMPLETED_FLG | DATE_FROM | DATE_RANGE_OPT1 | DATE_TO | DAYS_INTERVAL1 | DELETE_TEMPLATE | DENY_FLAG | DESCR60 | DISPATCH_FLG | IN_CHARTCOLOR1 | IN_CHARTCOLOR10 | IN_CHARTCOLOR2 | IN_CHARTCOLOR3 | IN_CHARTCOLOR4 | IN_CHARTCOLOR5 | IN_CHARTCOLOR6 | IN_CHARTCOLOR7 | IN_CHARTCOLOR8 | IN_CHARTCOLOR9 | IN_CHARTTMPL_TYPE | INCL_IUT_DEMAND | INCL_IUT_SUPPLY | INCL_MSR | INCL_MSR_DEMAND | INCL_MTL_RETURN | INCL_OTHER_DEMAND | INCL_PLANND_ORD | INCL_PO | INCL_PO_SUPPLY | INCL_PRDN_DEMAND | INCL_PRDN_SUPPLY | INCL_PURCHASING | INCL_RCPT_NOTPTWY | INCL_REQ | INCL_SO_DEMAND | INCL_WO_DMD | IN_FULFILL_STATE | INIT_FLG | INV_ITEM_GROUP | INV_ITEM_ID | INV_PROD_FAM_CD | LINE_APPROVED_FLAG | LINE_DENIED_FLG | LOCATION | NBR_INTERVALS1 | NUM_DAYS_AFTER1 | NUM_DAYS_BEFORE1 | OPEN_FLAG | OPRID | PEND_APPR_FLAG | PEND_CAN_FLG | PO_STATUS | PREVIEW_FLAG | PROD_STATUS | SAVE_TEMPLATE | SCM_ANALYTICS_SD1 | SEARCH_TEMPLATE | SEL_CMPL | SELECT_CONFIRMED | SELECT_DEPLETED | SELECT_PENDING | SELECT_RELEASABLE | SELECT_RELEASED | SELECT_SHIPPED | SELECT_UNFULFILLED | SEL_ENT | SEL_FIRM | SEL_IN_PROC | SEL_LAB | SEL_PEND | SEL_RELEASED | SOURCE_BUS_UNIT | X_AXIS_DATA_OPT1 | Y_AXIS_DATA_OPT1,Supply Chain / Logistique / Production,0.5,"['Supply Chain / Logistique / Production', 'Achats & Fournisseurs']",coin_flip_reject
1124541,INSTALLATION_PV,PS_INSTALLATION_PV,BUFFER_COUNT | CURRENCY_CD_COMM | EDI_FILENUM_LAST | EMAIL_FILENUM_LAST | ITMLD_LAST_ITEM_ID | MAX_ROW_REQ_APPR | MULTI_IMG | PANELNAME | PNLGRPNAME | PRICE_DECIMAL_CNTL | PV_ALLOW_ADD_FAV | PV_AUTO_ADD_FAV | PV_BU_CAT_CNTRL | PV_CAT_SRC_OPTN | PVCM_SW | PV_COMPARE_DATES | PV_CONFIGMODE | PV_CONNECT | PV_DISP_APPR_CHUNK | PV_EXCL_EXTERNAL | PV_INST_INV | PV_ITM_CONSOL | PV_LOCAL_NODE | PVLWC_LAST_UPDDTTM | PV_MAX_ROW_CHUNK | PV_NONDYNAMICRANGE | PV_NOTIFY | PV_OVERWRTE_CAT | PV_REMOTE_NODE | PV_RUN_TREE_UPDATE | PV_SEARCH_TYPE | PV_SPRO_INSTALL | PV_TPO_ALLOW_FAV | PV_TPO_ALLOW_SRCH | PV_TPO_MAX_ROW | QTY_PREC_CNTRL | SAVE_OPTIONS | SETID | SHOW_IMAGES | SRCH_IN_USE_SW | SUB_CAT_DISPLAY | TREE_NAME,IT & Sécurité,0.5,"['Other', 'IT & Sécurité']",coin_flip_reject
1124546,INSTALLATION_SP,PS_INSTALLATION_SP,BASE_UNIT_WK | BUFFER_COUNT | CNTRCT_ENABLED | DAYS_UOM | REGION_CATALOG | RES_ID_LAST_USED | SCH_EM | SHEET_ID_LAST_USED | SP_ADMIN_ENABLED | SPA_PERSONID_PREFX | SP_AUC_ENABLED | SPB_WOPO | SP_DISP_APPR_CHUNK | SP_EXPENSE_ENABLED | SPF_COMMENTS | SP_FULFILL_ENABLED | SP_HCMCORE_ENABLED | SP_HCM_ENABLED | SP_HCM_NODE | SP_HCM_TERM | SP_IN_APPR_MAX_ROW | SP_MAX_RESULTS | SP_MSP_FLAG | SP_REASCD_REQUIRED | SP_SETTLE_ENABLED | SP_TASK_INTG_ENBLD | UNIT_OF_MEASURE | USE_PAY_TYPES,IT & Sécurité,0.5,"['IT & Sécurité', 'RH']",coin_flip_reject
1124678,INTFC_APAM_RQST,PS_INTFC_APAM_RQST,BUSINESS_UNIT | BUSINESS_UNIT_LAST | CNTRCT_ID | CNTRCT_SETID | COMMIT_STEP | COMMIT_STEP_FLG | COMMIT_TEST | DTTM_STAMP_SEC | DUP_INVOICE_EDIT | EDIT_LOG_FLG | EDIT_STEP | GOTO_RUN_STATS | GRP_AP_ID | LAST_PRCS_INSTANCE | OPRID | ORIGIN | ORIGIN_SETID | PARALLEL_SW | PROCESS_INSTANCE | PROCESS_ORIGIN | PROCESS_STATUS | REASONABLE_DT_EDIT | REQUEST_ID | RUN_CNTL_ID | VENDOR_ID | VENDOR_SETID | VOUCHER_ID,Finance & Contrôle,0.5,"['Finance & Contrôle', 'IT & Sécurité']",coin_flip_reject
1124821,INTFC_PROJ_EST,PS_INTFC_PROJ_EST,ACCOUNT | ACCT_CD | ACTIVITY_ID | ACTUAL_PUB_DATE | AFFILIATE | AFFILIATE_INTRA1 | AFFILIATE_INTRA2 | ALTACCT | APPRV_PRCS_DTTM | BILLABLE_IND | BUDGET_REF | BUSINESS_UNIT | BUSINESS_UNIT_GL | BUSINESS_UNIT_PC | BUSINESS_UNIT_PF | CHARTFIELD1 | CHARTFIELD2 | CHARTFIELD3 | CLASS_FLD | COMPANY | COMP_RATECD | COUNTRY | CURRENCY_CD | CURRENCY_CD2 | CUSTOMER | DEPTID | DEPTID_CA | DILUTED_GROSS | DUR | EMPLID | EMPL_RCD | EST_GROSS | FROZEN_DATE | FROZEN_SW | FUND_CODE | JOBCODE | LBR_DIST_AMT | LOCALITY | LOCATION | MSGNODENAME | OPERATING_UNIT | OPRID | ORIG_SEQ_NBR | OVERRIDE_RATE | PAYABLE_STATUS | PAYROLL_REQ_NUM | PAY_SYSTEM | PC_DISTRIB_STATUS | POSITION_NBR | PROCESS_INSTANCE | PRODUCT | PROGRAM_CODE | PROJECT_ID | PUBLISH_SW | RECORD_ONLY_ADJ | RESOURCE_CATEGORY | RESOURCE_SUB_CAT | RESOURCE_TYPE | SEQ_NBR | SETID_ACTIVITY | SETID_DEPT | SETID_JOBCODE | SETID_LOCATION | SETID_RESOURCE | SHIFT_ID | SOURCE_IND | STATE | TASK | TASK_PRFL_TMPLT_ID | TL_QUANTITY | TL_TIME_TO_PAY | TRC | TRC_TYPE | UNIT_OF_MEASURE | USER_FIELD_1 | USER_FIELD_2 | USER_FIELD_3 | USER_FIELD_4 | USER_FIELD_5,Finance & Contrôle,0.5,"['Finance & Contrôle', 'RH']",coin_flip_reject
1124840,INTFC_TEAM_GEN,PS_INTFC_TEAM_GEN,ACTIVITY_ID | ACTIVITY_OBJECTID | ASSET_SUBTYPE | ASSET_TYPE | ASSGND_WORK | AVAIL_UNITS | BASELINE_WORK | BILL_CURRENCY_CD | BILL_RATE | BILL_RATE_TYPE_1 | BUSINESS_UNIT | BUSINESS_UNIT_AM | COST_RATE | CURRENCY_CD | ERR_REASON | INTFC_ID | INTFC_LINE_NUM | INTFC_STATUS | LOAD_STATUS | MFG_ID | MODEL | P6_MERGED_ASSIGNMT | P6_TSKRS_GUID | PC_DURATION | PGM_RATE_TYPE | PLAN_ENDDT | PLAN_STARTDT | PROCESS_INSTANCE | PROJECT_ID | PROJECT_OBJECTID | PROJ_ROLE | RESASSIGN_OBJECTID | SOURCE_FLAG | TEAM_MEMBER | TEAM_MEMBER_CLASS | TEAM_MEMBER_IND | UNIT_OF_MEASURE,RH,0.5,"['RH', 'IT & Sécurité']",coin_flip_reject
1124853,IN_TM_DEFN_FLD,PS_IN_TM_DEFN_FLD,DESCR254 | EDITTABLE | FIELDNAME | FIELDTYPE | IN_TM_APPEND_ROW | IN_TM_CATEGORY | IN_TM_CODE | IN_TM_FLD_DISPLAY | IN_TM_LST_FFLDNAME | IN_TM_LST_TFLDNAME | IN_TM_PRMT_FLDNAME | IN_TM_SHOW_TOFLG | IN_TM_SUB_CATEGORY | IN_TM_WHER_FLDNAME | IN_TM_XLATLONGNAME | LABEL_ID | LENGTH | REQUIRED_FIELD | SORT_SEQ_NBR | VALUE_REQUIRED,IT & Sécurité,0.5,"['Other', 'IT & Sécurité']",coin_flip_reject
1124878,IN_TM_OPR_CAT,PS_IN_TM_OPR_CAT,IN_TM_CATEGORY | IN_TM_CODE | IN_TM_DFLT_CAT | TEMPLATE_ID,IT & Sécurité,0.5,"['Other', 'IT & Sécurité']",coin_flip_reject
1124945,IN_TR_SL_TAO,PS_IN_TR_SL_TAO,AVAIL_STATUS | AVAIL_STATUS_TYPE | BUSINESS_UNIT | CUBIC_CHK_FLG | INV_ITEM_ID | ITEM_SELECTION | NETTABLE_FLG | NON_OWN_FLAG | PHYS_CYC_INV_FLG | PROCESS_INSTANCE | REASON_CD | RETEST_DATE | STORAGE_AREA | STOR_LEVEL_1 | STOR_LEVEL_2 | STOR_LEVEL_3 | STOR_LEVEL_4 | WEIGHT_CHK_FLG | WIP_LOC_FLG,Supply Chain / Logistique / Production,0.5,"['Supply Chain / Logistique / Production', 'IT & Sécurité']",coin_flip_reject
1125009,INV_CHG_REQ,PS_INV_CHG_REQ,ACTIVITY_ID | ADDRESS1 | ADDRESS2 | ADDRESS3 | ADDRESS4 | ADDRESS_SEQ_NUM | ADDR_FIELD1 | ADDR_FIELD2 | ADDR_FIELD3 | AFFILIATE | AFFILIATE_INTRA1 | AFFILIATE_INTRA2 | ALLOW_SUB_ITEM_FLG | ANALYSIS_TYPE | BCKORDR_CNCL_FLAG | BUDGET_REF | BUSINESS_UNIT | BUSINESS_UNIT_PC | CARRIER_ID | CHANGE_LEVEL | CHARTFIELD1 | CHARTFIELD2 | CHARTFIELD3 | CITY | CLASS_FLD | CONFIG_CODE | COUNTRY | COUNTY | CUST_NAME | DEMAND_LINE_NO | DEMAND_SOURCE | DEPTID | DISTRIB_TYPE | EXPORT | FREIGHT_TERMS | FUND_CODE | GEO_CODE | HOUSE_TYPE | IN_CITY_LIMIT | INV_ITEM_ID | IST_TXN_FLG | LOAD_ID | LOCATION | NUM1 | NUM2 | OPERATING_UNIT | ORDER_INT_LINE_NO | ORDER_NO | PARTIAL_ORDER_FLAG | PARTIAL_QTY_FLAG | POSTAL | PRIORITY_NBR | PRODUCT | PROGRAM_CODE | PROJECT_ID | QTY | QTY1 | QTY2 | QTY3 | QTY_REQUESTED | REASON_CD | REQUEST_TYPE | RESOURCE_CATEGORY | RESOURCE_SUB_CAT | RESOURCE_TYPE | RETURN_CD | ROUTE_CD | ROUTE_STOP_NBR | SCHED_ARRV_DTTM | SCHED_DATE | SCHED_LINE_NO | SCHED_TIME | SHIP_CUST_NAME1 | SHIP_PRIOR_FLG | SHIP_TO_CUST_ID | SHIP_TYPE_ID | SINGLE_SHIP_FLAG | SOURCE_BUS_UNIT | STATE | UNIT_OF_MEASURE,Supply Chain / Logistique / Production,0.5,"['Achats & Fournisseurs', 'Supply Chain / Logistique / Production']",coin_flip_reject
1125018,INV_CHG_TMP,PS_INV_CHG_TMP,ACCOUNT | ACTIVITY_ID | ADDRESS1 | ADDRESS2 | ADDRESS3 | ADDRESS4 | ADDRESS_SEQ_NUM | ADDR_FIELD1 | ADDR_FIELD2 | ADDR_FIELD3 | ADDR_OVRD_LEVEL | AFFILIATE | AFFILIATE_INTRA1 | AFFILIATE_INTRA2 | ALLOW_OVERPICK_FLG | ALLOW_SUB_ITEM_FLG | ALTACCT | ANALYSIS_TYPE | APPROVED_FLAG | AUTO_TYPE | BCKORDER_FLAG | BCKORDR_CNCL_FLAG | BUDGET_REF | BUSINESS_UNIT | BUSINESS_UNIT_PC | CANCEL_FLAG | CARRIER_ID | CARTON_PRINTED | CHANGE_DEMAND_LINE | CHARGE_CODE | CHARGE_FLAG | CHARTFIELD1 | CHARTFIELD2 | CHARTFIELD3 | CITY | CLASS_FLD | CNTCT_SEQ_SHIP | CNTRCT_ID | COMBO_VALID_FLG | CONFIG_CODE | CONFIRMED_FLAG | COUNTRY | COUNTRY_CODE | COUNTY | CURRENCY_CD | CUST_CONTACT | CUST_ID | CUST_NAME | CUSTODIAN | DATE_LAST_MAINT | DEMAND_DATE | DEMAND_LINE_NO | DEMAND_SOURCE | DEPLETE_INV_FLG | DEPTID | DESCR254 | DESTIN_BU | DESTIN_GL_BU | DETAILS_PB | DIRECT_INVOICING | DISTRIB_TYPE | DP_KIT_PARENT_QTY | DP_KIT_PARENT_UOM | DT_TIMESTAMP | EMAILID | EXPORT | EXP_RETURN_DATE | EXTENSION | EXT_REF_LN_NBR | EXT_REF_NBR | FAX | FERC_CD | FREIGHT_TERMS | FROZEN_FLG | FULFILL_FLAG | FUND_CODE | GEO_CODE | HARD_ALLOC_FLAG | HOLD_CD | HOLD_FLAG | HOUSE_TYPE | IN_CITY_LIMIT | IN_FULFILL_STATE | IN_KIT_PROTECTED | IN_LINE_BO_RULE | IN_LINE_RESV_RULE | IN_LN_RESV_BO_RULE | IN_ORDER_RESV_RULE | IN_PROCESS_DATE | INTERUNIT_FLG | INTERUNIT_ID | INTERUNIT_LINE | INTERUNIT_STAT | IN_TPRC_OVRD_FLAG | INV_ITEM_ALIAS | INV_ITEM_ID | IST_TXN_FLG | KIT_LINE_NBR | LAST_MAINT_OPRID | LINE_FIELD_C10_A | LINE_FIELD_C10_B | LINE_FIELD_C10_C | LINE_FIELD_C10_D | LINE_FIELD_C1_A | LINE_FIELD_C1_B | LINE_FIELD_C1_C | LINE_FIELD_C1_D | LINE_FIELD_C2 | LINE_FIELD_C30_A | LINE_FIELD_C30_B | LINE_FIELD_C30_C | LINE_FIELD_C30_D | LINE_FIELD_C4 | LINE_FIELD_C6 | LINE_FIELD_C8 | LINE_FIELD_DTTM_A | LINE_FIELD_DTTM_B | LINE_FIELD_DTTM_C | LINE_FIELD_DTTM_D | LINE_FIELD_N11_A | LINE_FIELD_N11_B | LINE_FIELD_N11_C | LINE_FIELD_N11_D | LINE_FIELD_N15_A | LINE_FIELD_N15_B | LINE_FIELD_N15_C | LINE_FIELD_N15_D | LOAD_ID | LOCATION | LOT_ALLOC_FLG | MAX_PICK_TOLERANCE | NUM1 | NUM2 | OMB_PROCESS_DATE | OPERATING_UNIT | OPTIONAL_SHIP | ORDER_INT_LINE_NO | ORDER_NO | ORIG_BU | ORIG_INV_ITEM_ID | ORIG_OPRID | ORIG_SCHED_DATE | ORIG_SCHED_TIME | PACKAGING_CD | PARENT_PROD_ID | PARTIAL_ORDER_FLAG | PARTIAL_QTY_FLAG | PEG_STATUS | PHONE | PICK_BATCH_ID | PICK_DATE | PICKLIST_LINE_NO | POSTAL | PRICE_MARKUP_PCT | PRIORITY_NBR | PRODUCT | PRODUCT_ID | PROGRAM_CODE | PROJECT_FLG | PROJECT_ID | PUB_PROCESS_INST | QTY_ALLOCATED | QTY_ALLOC_BASE | QTY_BACKORDER | QTY_BACKORDER_BASE | QTY_CODE | QTY_COUNT | QTY_DELTA_BASE | QTY_NEW | QTY_NEW_BASE | QTY_PACK_BASE | QTY_PARENT_ORD | QTY_PER | QTY_PICKED | QTY_PICK_OVRIDE | QTY_REQUESTED | QTY_REQUESTED_BASE | QTY_SHIPPED | QTY_SHIPPED_CONV | REASON_CD | RECORD_COUNT | RECORD_IDENTIFIER | RECV_SHIP_SEQ_NBR | REQ_DISTRIB_NBR | REQ_ID | REQ_LINE_NBR | REQ_SCHED_NBR | REQUEST_DATE | RESERVED_DATE | RESERVED_FLAG | RESERVE_STATUS | RESOURCE_CATEGORY | RESOURCE_SUB_CAT | RESOURCE_TYPE | ROUTE_CD | ROUTE_STOP_NBR | SCHED_ARRV_DATE | SCHED_ARRV_DTTM | SCHED_ARRV_TIME | SCHED_DATE | SCHED_DTTM | SCHED_LINE_NBR | SCHED_TIME | SELECT_CB | SHIP_CUST_NAME1 | SHIP_CUST_NAME2 | SHIP_EARLY_DATE | SHIP_EARLY_DTTM | SHIP_EARLY_TIME | SHIP_ID | SHIP_LATE_DATE | SHIP_LATE_DTTM | SHIP_LATE_TIME | SHIPPED_FLAG | SHIPPING_PRINTED | SHIP_PRIOR_FLG | SHIP_TO_CUST_ID | SHIP_TYPE_ID | SINGLE_SHIP_FLAG | SOURCE_BUS_UNIT | STATE | SUP_PEG_STATUS | TAX_EXEMPT_FLG | TRANSFER_CALC_TYPE | TRANSFER_COST | TRANSFER_YIELD | UNIT_OF_MEASURE | USE_ROUTE_FLAG,Supply Chain / Logistique / Production,0.5,"['Supply Chain / Logistique / Production', 'Finance & Contrôle']",coin_flip_reject
1125217,IN_VMI_RCTL_AET,PS_IN_VMI_RCTL_AET,ALL_BU | BUSINESS_UNIT | DESCR | DT_TIMESTAMP | EIP_CTL_ID | OPRID | PROCESS_FREQUENCY | PROCESS_INSTANCE | REQUEST_ID | RUN_CNTL_ID | SEQ_NBR | SHIP_TO_CUST_ID | SOLD_TO_CUST_ID | TRANSACTION_CODE | VMI_OM_BU,Supply Chain / Logistique / Production,0.5,"['IT & Sécurité', 'Supply Chain / Logistique / Production']",coin_flip_reject
1125267,INV_PAR_CT_AET,PS_INV_PAR_CT_AET,BUSINESS_UNIT | OPRID | PROCESS_FREQUENCY | PROCESS_INSTANCE | REQUEST_ID | REQUEST_NBR | RUN_CNTL_ID,Finance & Contrôle,0.5,"['Other', 'Finance & Contrôle']",coin_flip_reject
1125573,IN_WTVOL_AET,PS_IN_WTVOL_AET,BUSINESS_UNIT | CHG_VALUE | DUMMY_FIELD | FINAL_FLAG | GET_LBS_CUF | PERCENT_CLAUSE | PERCENT_OR_STATIC | PROCESS_INSTANCE | RECNAME | SETID | SETID_BU_ATTRIBUTE | SETID_INV_ITEMS | SETID_ITEM_UOM | SIGN_ADJUSTER | UNIT_MEASURE_VOL | UNIT_MEASURE_WT | WHERE_CLAUSE | WT_VOL_OPTION,Supply Chain / Logistique / Production,0.5,"['Supply Chain / Logistique / Production', 'IT & Sécurité']",coin_flip_reject
1125687,IST_CNTRY_EXCPN,PS_IST_CNTRY_EXCPN,COUNTRY | IST_CNTRY_REQD | IST_COMMCODE_REQD | IST_DLVYTRM1_REQD | IST_DLVYTRM2_REQD | IST_EXCPN_CD | IST_EXCPN_TYPE | IST_FLOW | IST_INVAMT_REQD | IST_NETMASS_REQD | IST_NOTC1_REQD | IST_NOTC2_REQD | IST_ORIGIN_REQD | IST_PORT_REQD | IST_REGION_REQD | IST_STATVAL_REQD | IST_SUNIT_REQD | IST_TMODE_REQD | IST_TPRTNR_REQD,Supply Chain / Logistique / Production,0.5,"['Supply Chain / Logistique / Production', 'Other']",coin_flip_reject
1125847,ITA_VAT_TXN_RQ,PS_ITA_VAT_TXN_RQ,CUR_RT_TYPE | OPRID | PROCESS_INSTANCE | PROCESSINSTANCE | REQUEST_NBR | RUN_CNTL_ID | VAT_ENTITY,Finance & Contrôle,0.5,"['Finance & Contrôle', 'IT & Sécurité']",coin_flip_reject
1125930,ITEM_ALIAS_TBL,PS_ITEM_ALIAS_TBL,INV_ITEM_ID | ITEM_ALIAS | OPRID | SETID,Supply Chain / Logistique / Production,0.5,"['Supply Chain / Logistique / Production', 'IT & Sécurité']",coin_flip_reject
1125984,ITEM_DELINQ_STS,PS_ITEM_DELINQ_STS,BUSINESS_UNIT | DELINQ_CODE | EFFDT | EFF_STATUS | ITEM,Supply Chain / Logistique / Production,0.5,"['Other', 'Supply Chain / Logistique / Production']",coin_flip_reject
1126325,ITM_CAT_TBL,PS_ITM_CAT_TBL,ACCOUNT | ALTACCT | CATEGORY_CD | CATEGORY_ID | CATEGORY_TYPE | COMMENTS_LONG | CUM_SRC_RUN_LEVEL | CURRENCY_CD | DESCR60 | DESCRSHORT | EFFDT | EFF_STATUS | EXT_PRC_TOL | EXT_PRC_TOL_L | HIST_END_DT | HIST_NBR_MTHS | HIST_START_DT | HIST_START_MTH | INSPECT_CD | INSPECT_UOM_TYPE | LEAD_TIME | LEAD_TIME_IMP | MARKETCODE | MERCH_AMT_CAT_TOT | NBR_OF_ITMS | PCT_EXT_PRC_TOL | PCT_EXT_PRC_TOL_L | PCT_UNDER_QTY | PCT_UNIT_PRC_TOL | PCT_UNIT_PRC_TOL_L | PHYSICAL_NATURE | PRICE_IMP | PRIMARY_BUYER | PROFILE_ID | QTY_RECV_TOL_PCT | RECV_PARTIAL_FLG | RECV_REQ | REJECT_DAYS | RFQ_REQ_FLAG | RJCT_OVER_TOL_FLAG | ROUTING_ID | SETID | SHIP_LATE_DAYS | SHIPTO_PR_IMP | SRC_METHOD | ULTIMATE_USE_CD | UNIT_PRC_TOL | UNIT_PRC_TOL_L | VAT_SVC_PERFRM_FLG | VNDR_PR_IMP | WF_PCT_PRC_TOL_OVR | WF_PCT_PRC_TOL_UND | WF_PRC_TOL_OVR | WF_PRC_TOL_UND,Achats & Fournisseurs,0.5,"['Achats & Fournisseurs', 'Supply Chain / Logistique / Production']",coin_flip_reject
1126435,ITM_SCH_GRP_LNG,PS_ITM_SCH_GRP_LNG,DESCR | LANGUAGE_CD | SCHED_GROUP_CD | SETID,Other,0.5,"['Other', 'Supply Chain / Logistique / Production']",coin_flip_reject
1126785,IT_SFTWR_CNTRCT,PS_IT_SFTWR_CNTRCT,BUSINESS_UNIT | EFFDT | EXPIRATION_DT | INCEPTION_DT | IT_CNTRCT_ID | IT_CNTRCT_NO | IT_CNTRCT_TYPE | PROCESS_INSTANCE | RENEWAL_NOTICE | STATUS | VENDOR_ID,IT & Sécurité,0.5,"['Achats & Fournisseurs', 'IT & Sécurité']",coin_flip_reject
1127793,KK_CLOSE_FROM,PS_KK_CLOSE_FROM,CF_GROUP_NBR | CFV_SET | CLOSING_SET | EFFDT | SETID,Finance & Contrôle,0.5,"['Other', 'Finance & Contrôle']",coin_flip_reject
1127807,KK_CLOSE_TO,PS_KK_CLOSE_TO,CF_GROUP_NBR | CF_VALUE_OPTION | CHARTFIELD_VALUE | CLOSING_SET | EFFDT | FIELDNAME | SETID,Finance & Contrôle,0.5,"['Finance & Contrôle', 'Other']",coin_flip_reject
1127907,KK_HYP_BCHK_REQ,PS_KK_HYP_BCHK_REQ,BUSINESS_UNIT | CERTALIAS | DTTM_STAMP_SEC | EXTERNALMESSAGEID | EXTERNAL_REPLY_TO | HYP_TRAN_ID_FROM | HYP_TRAN_ID_TO | IBEXTERNALUSERID | IB_REQNODENAME | KK_PROCESS_STATUS | KK_PROCESS_TYPE | KK_SOURCE_TRAN | OPRID | PROCESS_INSTANCE | RUN_CNTL_ID,IT & Sécurité,0.5,"['IT & Sécurité', 'Achats & Fournisseurs']",coin_flip_reject
1128001,KK_NTFY_EVENT,PS_KK_NTFY_EVENT,ACCOUNT | BUSINESS_UNIT | EVENT_SELECT_FLAG | LEDGER_GROUP | LINE_NBR | NTFYEVENT | OPRID,Finance & Contrôle,0.5,"['Finance & Contrôle', 'IT & Sécurité']",coin_flip_reject
1128003,KK_NTFY_SOURCE,PS_KK_NTFY_SOURCE,ACCOUNT | BUSINESS_UNIT | KK_SOURCE_TRAN | LEDGER_GROUP | LINE_NBR | OPRID | SOURCE_SELECT_FLG,Finance & Contrôle,0.5,"['Finance & Contrôle', 'IT & Sécurité']",coin_flip_reject
1128091,KK_SHDR_APACTLN,PS_KK_SHDR_APACTLN,APPL_JRNL_ID | BUSINESS_UNIT | KK_DATETIME_STAMP | KK_PROCESS_STATUS | KK_PROC_INSTANCE | KK_ROLLED_SEQ | KK_SOURCE_TRAN | KK_TRAN_DT | KK_TRAN_ID | PROCESS_INSTANCE | PYMNT_CNT | SEQUENCE_NBR_9 | UNPOST_SEQ | VOUCHER_ID,Finance & Contrôle,0.5,"['Finance & Contrôle', 'IT & Sécurité']",coin_flip_reject
1128093,KK_SHDR_APENC_H,PS_KK_SHDR_APENC_H,APPL_JRNL_ID | BUSINESS_UNIT | DST_ACCT_TYPE | KK_DATETIME_STAMP | KK_PROCESS_STATUS | KK_PROC_INSTANCE | KK_ROLLED_SEQ | KK_SOURCE_TRAN | KK_TRAN_DT | KK_TRAN_ID | PROCESS_INSTANCE | PSARCH_BATCHNUM | PSARCH_ID | PYMNT_CNT | SEQUENCE_NBR_9 | UNPOST_SEQ | VOUCHER_ID,Finance & Contrôle,0.5,"['Finance & Contrôle', 'IT & Sécurité']",coin_flip_reject
1128097,KK_SHDR_ARMPAY,PS_KK_SHDR_ARMPAY,DEPOSIT_BU | DEPOSIT_ID | KK_DATETIME_STAMP | KK_PROCESS_STATUS | KK_PROC_INSTANCE | KK_ROLLED_SEQ | KK_SOURCE_TRAN | KK_TRAN_DT | KK_TRAN_ID | PAYMENT_SEQ_NUM | PROCESS_INSTANCE | SEQUENCE_NBR_9,Finance & Contrôle,0.5,"['Finance & Contrôle', 'IT & Sécurité']",coin_flip_reject
1128098,KK_SHDR_ARMPY_H,PS_KK_SHDR_ARMPY_H,DEPOSIT_BU | DEPOSIT_ID | KK_DATETIME_STAMP | KK_PROCESS_STATUS | KK_PROC_INSTANCE | KK_ROLLED_SEQ | KK_SOURCE_TRAN | KK_TRAN_DT | KK_TRAN_ID | PAYMENT_SEQ_NUM | PROCESS_INSTANCE | PSARCH_BATCHNUM | PSARCH_ID | SEQUENCE_NBR_9,Finance & Contrôle,0.5,"['Finance & Contrôle', 'IT & Sécurité']",coin_flip_reject
1128122,KK_SHDR_HPENC,PS_KK_SHDR_HPENC,HP_BUDGET_YEAR | HP_FISCAL_YEAR | HP_KK_DOC_ID | KK_AMOUNT_TYPE | KK_DATETIME_STAMP | KK_PROCESS_STATUS | KK_PROC_INSTANCE | KK_ROLLED_SEQ | KK_SOURCE_TRAN | KK_TRAN_DT | KK_TRAN_ID | PROCESS_INSTANCE | SEQUENCE_NBR_9,Finance & Contrôle,0.5,"['Finance & Contrôle', 'IT & Sécurité']",coin_flip_reject
1128136,KK_SHDR_PORA,PS_KK_SHDR_PORA,ACCOUNTING_PERIOD | APPL_JRNL_ID | BUSINESS_UNIT | DISTRIB_LINE_NUM | DST_ACCT_TYPE | DT_TIMESTAMP | FISCAL_YEAR | KK_DATETIME_STAMP | KK_PROCESS_STATUS | KK_PROC_INSTANCE | KK_ROLLED_SEQ | KK_SOURCE_TRAN | KK_TRAN_DT | KK_TRAN_ID | ORIGINAL_TRANS | PROCESS_INSTANCE | RECEIVER_ID | RECV_LN_NBR | RECV_SHIP_SEQ_NBR | SEQUENCE_NBR_9,Finance & Contrôle,0.5,"['Finance & Contrôle', 'IT & Sécurité']",coin_flip_reject
1128137,KK_SHDR_PORA_H,PS_KK_SHDR_PORA_H,ACCOUNTING_PERIOD | APPL_JRNL_ID | BUSINESS_UNIT | DISTRIB_LINE_NUM | DST_ACCT_TYPE | DT_TIMESTAMP | FISCAL_YEAR | KK_DATETIME_STAMP | KK_PROCESS_STATUS | KK_PROC_INSTANCE | KK_ROLLED_SEQ | KK_SOURCE_TRAN | KK_TRAN_DT | KK_TRAN_ID | ORIGINAL_TRANS | PROCESS_INSTANCE | PSARCH_BATCHNUM | PSARCH_ID | RECEIVER_ID | RECV_LN_NBR | RECV_SHIP_SEQ_NBR | SEQUENCE_NBR_9,Finance & Contrôle,0.5,"['Finance & Contrôle', 'IT & Sécurité']",coin_flip_reject
1128168,KK_STATUS_FLDS,PS_KK_STATUS_FLDS,ERROR_VALUE | FIELDNAME | FIELDTYPE | KK_SOURCE_TRAN | VALID_VALUE,IT & Sécurité,0.5,"['IT & Sécurité', 'Other']",coin_flip_reject
1128473,LC_FNL4_T,PS_LC_FNL4_T,BUSINESS_UNIT | MISC_CHARGE_CODE | PROCESS_INSTANCE | QTY_VCHR_CNVT | QTY_VCHR_CNVT_TH | RECEIVER_ID | RECV_LN_NBR | RECV_SHIP_SEQ_NBR,Achats & Fournisseurs,0.5,"['Achats & Fournisseurs', 'IT & Sécurité']",coin_flip_reject
1128490,LC_LNE_STAT_T,PS_LC_LNE_STAT_T,BUSINESS_UNIT | LC_EXTRCT_STATUS | PROCESS_INSTANCE | VOUCHER_ID | VOUCHER_LINE_NUM,Finance & Contrôle,0.5,"['Finance & Contrôle', 'IT & Sécurité']",coin_flip_reject
1128498,LC_NEW_MSC_T,PS_LC_NEW_MSC_T,BUSINESS_UNIT | DST_ACCT_TYPE | LC_EXTRCT_STATUS | MISC_CHARGE_CODE | PROCESS_INSTANCE | RECEIVER_ID | RECV_LN_NBR | RECV_SHIP_SEQ_NBR,Supply Chain / Logistique / Production,0.5,"['Supply Chain / Logistique / Production', 'IT & Sécurité']",coin_flip_reject
1128518,LC_RPT_ST_TA2,PS_LC_RPT_ST_TA2,COUNTRY_VAT_RPTG | DESCR | DESCR1 | DESCR2 | DESCR3 | LC_RPT_OFFICIAL_ID | LC_RPT_URL1 | LC_RPT_USE1_FLG | LC_RPT_USE2_FLG | LC_RPT_USE3_FLG | NO_TOTAL_FLG | ORIG_PROC_INSTANCE | PROCESS_INSTANCE | RPT_DT | RPT_TXN_FRM_DT | RPT_TXN_THRU_DT | TRUNCATE_FLG | VAT_ENTITY | VAT_RGSTRN_ID | VAT_RPT_ID | VAT_RPT_LINE_NBR | VAT_RPT_TYP2,Finance & Contrôle,0.5,"['Finance & Contrôle', 'IT & Sécurité']",coin_flip_reject
1128525,LC_RTV_CST_T,PS_LC_RTV_CST_T,BUSINESS_UNIT_RTV | CURRENCY_CD_BASE | DISTRIB_LINE_NUM | INV_ITEM_ID | MERCH_AMT_VCHR | PROCESS_INSTANCE | QTY_SH_ACCPT_SUOM | QTY_VCHR | RTV_ID | RTV_LN_NBR | UNIT_PRICE,Finance & Contrôle,0.5,"['Finance & Contrôle', 'Supply Chain / Logistique / Production']",coin_flip_reject
1128799,LED_INQ_ADJPER,PS_LED_INQ_ADJPER,ACCOUNTING_PERIOD | INQUIRY_TYPE | OPRID | SAVED_SEARCH | SELECT_FLAG,Finance & Contrôle,0.5,"['Finance & Contrôle', 'IT & Sécurité']",coin_flip_reject
1128911,LOAD_SQL_TO1,PS_LOAD_SQL_TO1,FIELDNAME | FIELDNUM | FIELDTYPE | RECNAME | SUBRECORD,IT & Sécurité,0.5,"['Other', 'IT & Sécurité']",coin_flip_reject
1129040,MAINT_TYPE_LANG,PS_MAINT_TYPE_LANG,CONTRACT_NUM | CURRENCY_CD | DESCR | EFFDT | LANGUAGE_CD | MAINT_TYPE | RESPONSIBILITY | SERVICE_PROCEDURES | SETID,Achats & Fournisseurs,0.5,"['Achats & Fournisseurs', 'Other']",coin_flip_reject
1129074,MAS_ITMS_STG,PS_MAS_ITMS_STG,APPROVAL_DATE | APPROVAL_OPRID | AUDIT_ACTN | CATEGORY_CD | CATEGORY_ID | CHANGE_FIELD | CM_GROUP | CONSIGNED_FLAG | DATE_ADDED | DESCR | DESCR60 | DESCRSHORT | IN_PROCESS_FLG | INVENTORY_ITEM | INV_ITEM_GROUP | INV_ITEM_ID | INV_PROD_FAM_CD | ITEM_FIELD_C10_A | ITEM_FIELD_C10_B | ITEM_FIELD_C10_C | ITEM_FIELD_C10_D | ITEM_FIELD_C1_A | ITEM_FIELD_C1_B | ITEM_FIELD_C1_C | ITEM_FIELD_C1_D | ITEM_FIELD_C2 | ITEM_FIELD_C30_A | ITEM_FIELD_C30_B | ITEM_FIELD_C30_C | ITEM_FIELD_C30_D | ITEM_FIELD_C4 | ITEM_FIELD_C6 | ITEM_FIELD_C8 | ITEM_FIELD_N12_A | ITEM_FIELD_N12_B | ITEM_FIELD_N12_C | ITEM_FIELD_N12_D | ITEM_FIELD_N15_A | ITEM_FIELD_N15_B | ITEM_FIELD_N15_C | ITEM_FIELD_N15_D | ITM_STAT_DT_FUTURE | ITM_STATUS_CURRENT | ITM_STATUS_EFFDT | ITM_STATUS_FUTURE | LAST_DTTM_UPDATE | LAST_MAINT_OPRID | LOT_CONTROL | MATERIAL_RECON_FLG | NON_OWN_FLAG | ORIG_OPRID | ORIGPUBNODE | PHYSICAL_NATURE | PL_PRIO_FAMILY | PROCESS_INSTANCE | SERIAL_CONTROL | SERIAL_IN_PRDN | SETID | SHIP_SERIAL_CNTRL | STAGED_DATE_FLAG | TRACE_CHANGE | TRACE_USAGE | UNIT_MEASURE_STD | USG_TRCKNG_METHOD,Supply Chain / Logistique / Production,0.5,"['Supply Chain / Logistique / Production', 'IT & Sécurité']",coin_flip_reject
1129078,MASS_CHANGE_RUN,PS_MASS_CHANGE_RUN,AR_SPEC_CHKBX | AR_SPECIALIST | BROKER_ID | BUSINESS_UNIT | COLLECTION_STATUS | COLLECTOR | COLLECTOR_CHKBX | COLL_RSN_CHKBX | CONTACT_CHKBX | COUNT_ITEM_BTN | CR_ANALYST | CRDT_ANALYST_CHKBX | CUST_DATA_CHKBX | CUST_GROUP | CUST_ID | DED_REASON_CHKBX | DEDUCTION_STATUS | DISPUTE_RSN_CHKBX | DISPUTE_STATUS | DUE_DT | DUE_DT_CHKBX | LAST_RUN_DTM | NEW_AR_SPECIALIST | NEW_BROKER_ID | NEW_COLLECTOR | NEW_COLLECT_STATUS | NEW_CR_ANALYST | NEW_DED_STATUS | NEW_DISPUTE_STATUS | NEW_DUE_DT | NEW_PAYMENT_METHOD | NEW_PYMNT_TERMS_CD | NEW_SALES_PERSON | OPRID | PAYMENT_METHOD | PROCESS_INSTANCE | PROCESS_ORIG | PROCESS_STATUS | PYMNT_METHOD_CHKBX | PYMNT_TERMS_CD | PYMNT_TERMS_CHKBX | RUN_CNTL_ID | SALES_PERSON | SETID | SLS_PERSON_CHKBX | UPDATE_ACTIONS | UPDATE_BILLING_IND | UPDATE_OPEN_POSTED | UPDATE_UNPOSTED,Finance & Contrôle,0.5,"['Finance & Contrôle', 'IT & Sécurité']",coin_flip_reject
1129084,MASS_RPT_XX_LN,PS_MASS_RPT_XX_LN,BUSINESS_UNIT | MASS_REPORT_ID | MASS_REPORT_SEQ | PRCSNAME,Other,0.5,"['Other', 'IT & Sécurité']",coin_flip_reject
1129132,MBRCOMQUO_TEO3,PS_MBRCOMQUO_TEO3,COMM_PCT | CURRENCY_CD | DATE_FROM | DATE_TO | EO_FROM_CURRENCY | EO_PROCESS_INST | QUOTAS_AMT_FR | QUOTAS_AMT_TO | SETID | SUPPORT_TEAM_MBR,Finance & Contrôle,0.5,"['Finance & Contrôle', 'Ventes & Clients']",coin_flip_reject
1129155,MC_CUS_TAO,PS_MC_CUS_TAO,BROKER_ID | BUSINESS_UNIT | COLLECTOR | COLLECTOR_CHKBX | CONTACT_CHKBX | CR_ANALYST | CRDT_ANALYST_CHKBX | CUST_DATA_CHKBX | CUST_GROUP | CUST_ID | NEW_BROKER_ID | NEW_COLLECTOR | NEW_CR_ANALYST | PROCESS_INSTANCE | SETID,Ventes & Clients,0.5,"['IT & Sécurité', 'Ventes & Clients']",coin_flip_reject
1129167,MC_DEFN_CRIT,PS_MC_DEFN_CRIT,ARITH_OPERATION | DECIMAL_POSITIONS | FIELDNAME | FIELDTYPE | FORMAT | MC_DEFN_ID | MC_FIELD_LABEL | MC_FIELD_LENGTH | MC_STMNT_SEQ | RECNAME,IT & Sécurité,0.5,"['IT & Sécurité', 'Other']",coin_flip_reject
1129254,MC_GROUP,PS_MC_GROUP,MC_GROUP_ID | PS_OWNER,IT & Sécurité,0.5,"['IT & Sécurité', 'Other']",coin_flip_reject
1129256,MC_HIST_CRIT,PS_MC_HIST_CRIT,ARITH_OPERATION | DTTM_STAMP | FIELDNAME | MC_DEFN_ID | MC_FIELD_LABEL | MC_STMNT_SEQ | RECNAME,IT & Sécurité,0.5,"['Other', 'IT & Sécurité']",coin_flip_reject
1129361,MESSAGE_TBL,PS_MESSAGE_TBL,CWB_DISPLAY_OPT | DESCR | DESCR254 | EFFDT | EFF_STATUS | HOLD_CD | INCL_IN_PLAN | MESSAGE_ACTION | MESSAGE_CD | MESSAGE_CD_TYPE | PASS_HOLD_TO_BI | PASS_HOLD_TO_ID | PASS_HOLD_TO_IP | PASS_HOLD_TO_IR | PASS_HOLD_TO_IS | PASS_HOLD_TO_IU | PASS_TO_PURCH | SANCTION_MATCH_FLG | SETID,Other,0.5,"['Other', 'IT & Sécurité']",coin_flip_reject
1129602,MIN_BARCD_RLE_S,PS_MIN_BARCD_RLE_S,BARCD_AI_FLG | BARCD_AI_VLE_LEN | BARCD_AI_VLE_LN_TP | BARCD_CUST_FLG | BARCD_DATA_USG_TPE | BARCD_DATE_FLG | BARCD_DATE_FMT | BARCD_DATE_USG_TPE | BARCD_LINK_CHAR | BARCD_MOD_CHAR | BARCD_QTY_FMT_CHAR | BARCD_QTY_VAL_LEN | BARCD_REG_EXP | BARCD_TYPE | BARCD_TYPE_SEC_IDF | DESCR_LONG | PRIORITY_LVL | SETID | SHORT_DESCR,Supply Chain / Logistique / Production,0.5,"['Supply Chain / Logistique / Production', 'Other']",coin_flip_reject
1129929,MSR_HDR_INV,PS_MSR_HDR_INV,ACCOUNT | ACTIVITY_ID | ADDRESS1 | ADDRESS2 | ADDRESS3 | ADDRESS4 | ADDRESS_SEQ_NUM | ADDR_FIELD1 | ADDR_FIELD2 | ADDR_FIELD3 | AFFILIATE | AFFILIATE_INTRA1 | AFFILIATE_INTRA2 | ALTACCT | ANALYSIS_TYPE | BUDGET_REF | BUSINESS_UNIT | BUSINESS_UNIT_PC | CARRIER_ID | CHARTFIELD1 | CHARTFIELD2 | CHARTFIELD3 | CITY | CLASS_FLD | COMBO_VALID_FLG | COUNTRY | COUNTY | CUST_ID | CUST_NAME | DEPTID | DESTIN_BU | DESTIN_GL_BU | DIRECT_INVOICING | DISTRIB_TYPE | EXPORT | FUND_CODE | GEO_CODE | HOUSE_TYPE | IN_CITY_LIMIT | INTERUNIT_FLG | INTERUNIT_ID | LOAD_ID | LOCATION | NUM1 | NUM2 | OPERATING_UNIT | ORDER_NO | POSTAL | PRODUCT | PROGRAM_CODE | PROJECT_ID | RESOURCE_CATEGORY | RESOURCE_SUB_CAT | RESOURCE_TYPE | SCHED_DTTM | SHIP_CUST_NAME1 | SHIP_ID | SHIP_TO_CUST_ID | SHIP_TYPE_ID | SPEEDTYPE_KEY | STATE | VMI_DESTIN_SHIPTO | VMI_OM_BU,Finance & Contrôle,0.5,"['Finance & Contrôle', 'Supply Chain / Logistique / Production']",coin_flip_reject
1129983,MTCH_KEYVR_T,PS_MTCH_KEYVR_T,BUSINESS_UNIT | BUSINESS_UNIT_PO | BUSINESS_UNIT_RECV | LINE_NBR | PO_ID | PROCESS_INSTANCE | RECEIVER_ID | RECV_LN_NBR | SCHED_NBR | VOUCHER_ID | VOUCHER_LINE_NUM,Achats & Fournisseurs,0.5,"['Achats & Fournisseurs', 'IT & Sécurité']",coin_flip_reject
1130094,MTM_RUN_CNTLBU,PS_MTM_RUN_CNTLBU,BUSINESS_UNIT | LANGUAGE_CD | LANGUAGE_OPTION | MTM_FN_USAGE | MTM_MODEL | OPRID | RUN_CNTL_ID | TREAS_HEADER_ID,Finance & Contrôle,0.5,"['Finance & Contrôle', 'IT & Sécurité']",coin_flip_reject
1130151,MT_RTDFLT_TAO,PS_MT_RTDFLT_TAO,EFFDT | END_EFFDT | FROM_CUR | PROCESS_INSTANCE | RATE_DIV | RATE_MULT | RT_TYPE | TO_CUR,Finance & Contrôle,0.5,"['Finance & Contrôle', 'IT & Sécurité']",coin_flip_reject
1130179,NAME_SUFFIX_LNG,PS_NAME_SUFFIX_LNG,DESCR | DESCRSHORT | LANGUAGE_CD | NAME_SUFFIX,RH,0.5,"['RH', 'Other']",coin_flip_reject
1130269,NET_RULE_SELLNG,PS_NET_RULE_SELLNG,COMMENT_AP | COMMENT_AR | DESCR | LANGUAGE_CD | NETTING_RULE_ID,Finance & Contrôle,0.5,"['Finance & Contrôle', 'Other']",coin_flip_reject
1130409,OCH_CARR_TAO,PS_OCH_CARR_TAO,ADJUST_MINUTE | CARRIER_ID | DTTM_FROM | DTTM_TO | EFFDT | EFF_STATUS | EXCPTN_TYPE | NO_DRIVE | NO_PICKUP | PROCESS_INSTANCE | SETID,Supply Chain / Logistique / Production,0.5,"['Supply Chain / Logistique / Production', 'IT & Sécurité']",coin_flip_reject
1130411,OCH_CSTEX_TAO,PS_OCH_CSTEX_TAO,DTTM_FROM | DTTM_TO | EXCPTN_TYPE | PROCESS_INSTANCE | SETID_CUSTOMER | SHIP_TO_CUST_ID,Supply Chain / Logistique / Production,0.5,"['Supply Chain / Logistique / Production', 'IT & Sécurité']",coin_flip_reject
1130417,OCH_DMD_TAO,PS_OCH_DMD_TAO,ACCOUNT | ACTIVITY_ID | ADDRESS_SEQ_NUM | ADDRESS_UPD | ADDR_OVRD_LEVEL | ADDR_SEQ_ERR_FLAG | ADDR_SEQ_UPD | AFFILIATE | AFFILIATE_INTRA1 | AFFILIATE_INTRA2 | ALLOW_ITEM_SUB_UPD | ALLOW_OVERPICK_FLG | ALLOW_SUB_ITEM_FLG | ALTACCT | ANALYSIS_TYPE | APPROVED_FLAG | ARVL_DTTM_UPD | AUTO_PICK_FLAG | AUTO_SHIP_FLAG | AUTO_TYPE | BACKORDER_CREATED | BCKORDER_FLAG | BCKORDR_CNCL_FLAG | BILL_OF_LADING | BUDGET_DT | BUDGET_REF | BUSINESS_UNIT | BUSINESS_UNIT_BI | BUSINESS_UNIT_PC | BUSINESS_UNIT_PO | CANCEL_BO_ERR_FLG | CANCEL_BO_UPD | CANCEL_DTTM | CANCEL_FLAG | CARRIER_EXP_UPD | CARRIER_ID | CARRIER_UPD | CARTON_PRINTED | CHARGE_CODE | CHARGE_FLAG | CHARTFIELD1 | CHARTFIELD2 | CHARTFIELD3 | CLAIM_ID | CLASS_FLD | CNTCT_SEQ_SHIP | CNTRCT_ID | COMBO_VALID_FLG | CONFIG_CODE | CONFIRMED_FLAG | COSTED_FLAG | COUNTRY_CODE | CURRENCY_CD | CURRENCY_CD_DEST | CUST_CONTACT | CUST_ID | CUST_NAME | CUSTODIAN | CUSTOMER_PO | CUST_PO_UPD | DATE_LAST_MAINT | DELIVERY_ID | DELIV_UNIT_VOL | DELIV_UNIT_VOL_CNV | DELIV_UNIT_WT | DELIV_UNIT_WT_CNV | DELIV_UOM_SHIP_VOL | DELIV_UOM_SHIP_WT | DELIV_UOM_VOL | DELIV_UOM_WT | DELIV_USE_UOM_SHIP | DEMAND_DATE | DEMAND_LINE_NO | DEMAND_SOURCE | DEMAND_STATUS | DEPLETED_DTTM | DEPLETE_INV_FLG | DEPTID | DESTIN_BU | DESTIN_GL_BU | DIRECT_INVOICING | DISTRIB_FLAG | DISTRIB_TYPE | DISTRIB_UPD | DP_KIT_PARENT_QTY | DP_KIT_PARENT_UOM | DT_TIMESTAMP | EDI_DT_TIME | EXPORT | EXPORT_UPD | EXP_RETURN_DATE | EXTENSION | EXT_REF_LN_NBR | EXT_REF_NBR | FERC_CD | FORM_DISTRIB_STAT | FREIGHT_AMT | FREIGHT_TERMS | FROZEN_FLG | FRT_CHRG_METHOD | FRT_CHRG_OVERRIDE | FRT_RULE_CD | FRT_TRM_EXP_UPD | FRT_TRM_UPD | FSS_ACTIVITY_DT | FULFILL_FLAG | FULFILLMENT_DTTM | FUND_CODE | HARD_ALLOC_FLAG | HOLD_CD | HOLD_FLAG | IN_ADDL_FEE | IN_ADDL_FEE_DEST | IN_DEFER_DEPLETION | IN_FULFILL_STATE | IN_KIT_PROTECTED | IN_LINE_BO_RULE | IN_LINE_RESV_RULE | IN_LN_BO_RULE_UPD | IN_LN_RESV_BO_RULE | IN_LN_RESV_BO_UPD | IN_LN_RESV_RUL_UPD | IN_ORDER_RESV_RULE | IN_ORD_RES_RUL_UPD | IN_PRIOR_STATE | IN_PROCESS_DATE | INTERUNIT_FLG | INTERUNIT_ID | INTERUNIT_INSERT | INTERUNIT_LINE | INTERUNIT_STAT | IN_TPRC_OVRD_FLAG | INTRASTAT_UPD | INV_ITEM_ALIAS | INV_ITEM_ID | IN_ZERO_PICKED_FLG | IST_DISTRIB_STATUS | IST_RETURN_FLG_IUT | IST_TXN_FLG | KIT_LINE_NBR | LAST_MAINT_OPRID | LAST_PROCESS_INST | LAST_QTY_SHIP | LAST_QTY_SHIP_BASE | LINE_FIELD_C10_A | LINE_FIELD_C10_B | LINE_FIELD_C10_C | LINE_FIELD_C10_D | LINE_FIELD_C1_A | LINE_FIELD_C1_B | LINE_FIELD_C1_C | LINE_FIELD_C1_D | LINE_FIELD_C2 | LINE_FIELD_C30_A | LINE_FIELD_C30_B | LINE_FIELD_C30_C | LINE_FIELD_C30_D | LINE_FIELD_C4 | LINE_FIELD_C6 | LINE_FIELD_C8 | LINE_FIELD_DTTM_A | LINE_FIELD_DTTM_B | LINE_FIELD_DTTM_C | LINE_FIELD_DTTM_D | LINE_FIELD_N11_A | LINE_FIELD_N11_B | LINE_FIELD_N11_C | LINE_FIELD_N11_D | LINE_FIELD_N15_A | LINE_FIELD_N15_B | LINE_FIELD_N15_C | LINE_FIELD_N15_D | LOAD_ID | LOAD_UPD | LOCATION | LOCK_ACQUIRED | LOT_ALLOC_FLG | MAX_PICK_TOLERANCE | NET_UNIT_PRICE | OMB_PROCESS_DATE | OM_FLG | OPERATING_UNIT | OPTIONAL_SHIP | ORDER_INT_LINE_NO | ORDER_NO | ORDER_ROW_FLAG | ORDER_STAT_ERR_FLG | ORDER_STATUS | ORDER_STATUS_UPD | ORIG_BU | ORIG_INV_ITEM_ID | ORIG_OPRID | ORIG_SCHED_DTTM | ORIG_UOM | PACKAGING_CD | PARENT_PROD_ID | PARTIAL_ORDER_FLAG | PARTIAL_QTY_FLAG | PART_ORD_ERR_FLG | PART_ORD_UPD | PART_QTY_ERR_FLG | PART_QTY_UPD | PEG_STATUS | PHONE | PICK_BATCH_ID | PICK_CONFIRM_DTTM | PICK_DTTM | PICKLIST_LINE_NO | PICKLIST_PRINTED | PICK_RELEASE_ID | POST_SHIP_INSTANCE | PREF_CARRIER_FLAG | PREV_SCHED_DTTM | PRICE_MARKUP_PCT | PRICE_PO | PRIORITY_EXP_UPD | PRIORITY_NBR | PRIORITY_SHIP_FROM | PRIORITY_UPD | PROCESS_INSTANCE | PRODUCT | PRODUCT_ID | PROGRAM_CODE | PROJECT_FLG | PROJECT_ID | PROJECT_UPD | PRO_NUMBER | PSSH_NONOWN_FLAG | PUB_PROCESS_INST | QTY_ALLOCATED | QTY_ALLOC_BASE | QTY_BACKORDER | QTY_BACKORDER_BASE | QTY_CODE | QTY_PACK_BASE | QTY_PER | QTY_PICK_BASE | QTY_PICKED | QTY_PICK_OVR_BASE | QTY_PICK_OVRIDE | QTY_PROMISED_BASE | QTY_REQUESTED | QTY_REQUESTED_BASE | QTY_SHIP_BASE | QTY_SHIPPED | QTY_SHIPPED_CONV | QTY_UPD | QTY_VERIFY_MSG | REASON_CD | REASON_CD_UPD | RECV_SHIP_SEQ_NBR | RELEASE_INSTANCE | REPLACEMENT_FLG | REQ_ARRIVAL_DTTM | REQ_DISTRIB_NBR | REQ_ID | REQ_LINE_NBR | REQ_SCHED_NBR | REQUEST_DATE | RESERVED_DATE | RESERVED_DTTM | RESERVED_FLAG | RESERVE_STATUS | RESOURCE_CATEGORY | RESOURCE_SUB_CAT | RESOURCE_TYPE | ROUTE_CD | ROUTE_STOP_NBR | ROUTE_STOP_UPD | ROUTE_UPD | RTV_DISTRIB_NUM | RTV_ID | RTV_LN_NBR | SCHED_ARRV_DTTM | SCHED_DTTM | SCHED_LINE_NBR | SDN_PUBLISH_DATE | SHIP_CUST_NAME1 | SHIP_CUST_NAME2 | SHIP_DTTM | SHIP_EARLY_DAYS | SHIP_EARLY_DTTM | SHIP_EARLY_UPD | SHIP_ID | SHIP_ID_EST | SHIP_LATE_DAYS | SHIP_LATE_DTTM | SHIP_LATE_UPD | SHIP_LINE_NO | SHIPPED_FLAG | SHIPPED_MESSAGE | SHIPPING_PRINTED | SHIP_PRIOR_FLG | SHIP_PRIOR_UPD | SHIP_PROCESS_TYP | SHIP_SHORT_WF_DONE | SHIP_TO_CUST_ID | SHIP_TYPE_ID | SHIP_UOM_CONV_FLAG | SHP_DTTM_UPD | SHP_TYP_EXP_UPD | SHP_TYP_UPD | SINGLE_SHIP_FLAG | SING_SHIP_UPD | SOURCE_BUS_UNIT | SPEEDTYPE_KEY | STOCK_DTTM | STOP_ERROR_FLAG | STORAGE_AREA | STOR_LEVEL_1 | STOR_LEVEL_2 | STOR_LEVEL_3 | STOR_LEVEL_4 | SUP_PEG_STATUS | TARGET_INVOICE | TAX_CD_VAT | TAX_EXEMPT_FLG | TMS_EXT_REF_ID | TMS_EXT_REF_LN_NBR | TMS_LOAD_STP_NBR | TMS_PROCESS_FLG | TRANSFER_CALC_TYPE | TRANSFER_COST | TRANSFER_COST_DEST | TRANSFER_YIELD | UNIT_MEASURE_SHIP | UNIT_MEASURE_VOL | UNIT_MEASURE_WT | UNIT_OF_MEASURE | UPDATE_RESTRCT_LVL | UPD_FLG1 | VAT_APPLICABILITY | VAT_TXN_TYPE_CD | VMI_DESTIN_SHIPTO | VMI_OM_BU | VMI_ORDER_LINK,Supply Chain / Logistique / Production,0.5,"['Supply Chain / Logistique / Production', 'Finance & Contrôle']",coin_flip_reject
1130422,OCH_HTRNS_TAO,PS_OCH_HTRNS_TAO,BUSINESS_UNIT | ORDER_DATE | ORDER_NO | PROCESS_INSTANCE | REQ_ARRIVAL_DTTM | SOLD_TO_CUST_ID,Supply Chain / Logistique / Production,0.5,"['Supply Chain / Logistique / Production', 'IT & Sécurité']",coin_flip_reject
1130449,OCH_SEL_AET,PS_OCH_SEL_AET,ADDRESS_SEQ_NUM | AE_LONG_CHUNK6 | AE_LONG_CHUNK7 | BUSINESS_UNIT | BUSINESS_UNIT_OM | CARRIER_ID | CNTRCT_ID | CUSTOMER_PO | DELIVERY_ID | DEMAND_SOURCE | FROM_REQ_SHIP_DTTM | FROM_SCHED_NUM | FROM_SCH_SHIP_DTTM | FR_ORD_INT_LINE_NO | FR_REQ_ARRIVAL_DTM | FR_SCHED_ARRV_DTTM | FR_SCHED_DATE | FR_SCHED_TIME | INV_ITEM_ID | LOAD_ID | OPRID | ORDER_INT_LINE_NO | ORDER_NO | ORDER_NO_TO | PARENT_PROD_ID | PROCESS_INSTANCE | PRODUCT_ID | REQ_ARRIVAL_DTTM | REQ_SHIP_DTTM | ROUTE_CD | ROUTE_STOP_NBR | RUN_CNTL_ID | RUN_DELIVERIES | RUN_FREIGHT | RUN_OM_BACKGRND | RUN_OMCREDIT | RUN_OMDEMAND | RUN_OMHOLD | RUN_OM_PRICING | RUN_RESERVATIONS | SCHED_ARRV_DTTM | SCHED_DATE | SCHED_LINE_NBR | SCHED_SHIP_DTTM | SCHED_TIME | SECTION_ID | SHIP_FROM_BU | SHIP_TO_CUST_ID | SHIP_TYPE_ID | SOURCE_BUS_UNIT | TO_ORD_INT_LINE_NO | TO_REQ_ARRIVAL_DTM | TO_REQ_SHIP_DTTM | TO_SCHED_ARRV_DTTM | TO_SCHED_DATE | TO_SCHED_NUM | TO_SCHED_TIME | TO_SCH_SHIP_DTTM | VAT_UPD_CHCK,Supply Chain / Logistique / Production,0.5,"['Supply Chain / Logistique / Production', 'IT & Sécurité']",coin_flip_reject
1130462,OCHTRPTREGTAO,PS_OCHTRPTREGTAO,BUSINESS_UNIT | EFFDT | EFF_STATUS | GLOBAL_FLAG | ORDER_NO | PROCESS_INSTANCE | REGION_CD | SETID | SHIP_TO_CUST_ID,Supply Chain / Logistique / Production,0.5,"['Supply Chain / Logistique / Production', 'IT & Sécurité']",coin_flip_reject
1130612,OI_TFLT_CF1,PS_OI_TFLT_CF1,CHARTFIELD1 | FIELD_DESC | OTBI_SRC_INSTANCE | SETCNTRLVALUE | SETID | SETID_TREE | TLVL1 | TLVL10 | TLVL10_DESC | TLVL11 | TLVL11_DESC | TLVL12 | TLVL12_DESC | TLVL13 | TLVL13_DESC | TLVL14 | TLVL14_DESC | TLVL15 | TLVL15_DESC | TLVL1_DESC | TLVL2 | TLVL2_DESC | TLVL3 | TLVL3_DESC | TLVL4 | TLVL4_DESC | TLVL5 | TLVL5_DESC | TLVL6 | TLVL6_DESC | TLVL7 | TLVL7_DESC | TLVL8 | TLVL8_DESC | TLVL9 | TLVL9_DESC | TNODE1 | TNODE10 | TNODE10_DESC | TNODE11 | TNODE11_DESC | TNODE12 | TNODE12_DESC | TNODE13 | TNODE13_DESC | TNODE14 | TNODE14_DESC | TNODE15 | TNODE15_DESC | TNODE1_DESC | TNODE2 | TNODE2_DESC | TNODE3 | TNODE3_DESC | TNODE4 | TNODE4_DESC | TNODE5 | TNODE5_DESC | TNODE6 | TNODE6_DESC | TNODE7 | TNODE7_DESC | TNODE8 | TNODE8_DESC | TNODE9 | TNODE9_DESC | TREE_EFFDT | TREE_NAME | TREE_NAME_OTBI,Other,0.5,"['Other', 'IT & Sécurité']",coin_flip_reject
1130613,OI_TFLT_CF2,PS_OI_TFLT_CF2,CHARTFIELD2 | FIELD_DESC | OTBI_SRC_INSTANCE | SETCNTRLVALUE | SETID | SETID_TREE | TLVL1 | TLVL10 | TLVL10_DESC | TLVL11 | TLVL11_DESC | TLVL12 | TLVL12_DESC | TLVL13 | TLVL13_DESC | TLVL14 | TLVL14_DESC | TLVL15 | TLVL15_DESC | TLVL1_DESC | TLVL2 | TLVL2_DESC | TLVL3 | TLVL3_DESC | TLVL4 | TLVL4_DESC | TLVL5 | TLVL5_DESC | TLVL6 | TLVL6_DESC | TLVL7 | TLVL7_DESC | TLVL8 | TLVL8_DESC | TLVL9 | TLVL9_DESC | TNODE1 | TNODE10 | TNODE10_DESC | TNODE11 | TNODE11_DESC | TNODE12 | TNODE12_DESC | TNODE13 | TNODE13_DESC | TNODE14 | TNODE14_DESC | TNODE15 | TNODE15_DESC | TNODE1_DESC | TNODE2 | TNODE2_DESC | TNODE3 | TNODE3_DESC | TNODE4 | TNODE4_DESC | TNODE5 | TNODE5_DESC | TNODE6 | TNODE6_DESC | TNODE7 | TNODE7_DESC | TNODE8 | TNODE8_DESC | TNODE9 | TNODE9_DESC | TREE_EFFDT | TREE_NAME | TREE_NAME_OTBI,Other,0.5,"['Other', 'IT & Sécurité']",coin_flip_reject
1130620,OI_TFLT_FUNDCD,PS_OI_TFLT_FUNDCD,FIELD_DESC | FUND_CODE | OTBI_SRC_INSTANCE | SETCNTRLVALUE | SETID | SETID_TREE | TLVL1 | TLVL10 | TLVL10_DESC | TLVL11 | TLVL11_DESC | TLVL12 | TLVL12_DESC | TLVL13 | TLVL13_DESC | TLVL14 | TLVL14_DESC | TLVL15 | TLVL15_DESC | TLVL1_DESC | TLVL2 | TLVL2_DESC | TLVL3 | TLVL3_DESC | TLVL4 | TLVL4_DESC | TLVL5 | TLVL5_DESC | TLVL6 | TLVL6_DESC | TLVL7 | TLVL7_DESC | TLVL8 | TLVL8_DESC | TLVL9 | TLVL9_DESC | TNODE1 | TNODE10 | TNODE10_DESC | TNODE11 | TNODE11_DESC | TNODE12 | TNODE12_DESC | TNODE13 | TNODE13_DESC | TNODE14 | TNODE14_DESC | TNODE15 | TNODE15_DESC | TNODE1_DESC | TNODE2 | TNODE2_DESC | TNODE3 | TNODE3_DESC | TNODE4 | TNODE4_DESC | TNODE5 | TNODE5_DESC | TNODE6 | TNODE6_DESC | TNODE7 | TNODE7_DESC | TNODE8 | TNODE8_DESC | TNODE9 | TNODE9_DESC | TREE_EFFDT | TREE_NAME | TREE_NAME_OTBI,Finance & Contrôle,0.5,"['Finance & Contrôle', 'Other']",coin_flip_reject
1130662,OM_ADD_TAO,PS_OM_ADD_TAO,ADDRESS1 | ADDRESS2 | ADDRESS3 | ADDRESS4 | ADDRESS_SEQ_NUM | ADDR_FIELD1 | ADDR_FIELD2 | ADDR_FIELD3 | ALT_NAME1 | ALT_NAME2 | CITY | COUNTRY | COUNTRY_CODE | COUNTY | EFFDT | EFF_STATUS | EXTENSION | FAX | GEO_CODE | HOUSE_TYPE | IN_CITY_LIMIT | LAST_MAINT_OPRID | NUM1 | NUM2 | PHONE | POSTAL | PROCESS_INSTANCE | SETID | SHIP_TO_CUST_ID | STATE | TAX_CD,Ventes & Clients,0.5,"['Other', 'IT & Sécurité']",coin_flip_reject
1130773,OMB_HADD_TAO,PS_OMB_HADD_TAO,ADDRESS1 | ADDRESS2 | ADDRESS3 | ADDRESS4 | ADDRESS_SEQ_NUM | ADDR_FIELD1 | ADDR_FIELD2 | ADDR_FIELD3 | ALT_NAME1 | ALT_NAME2 | CITY | COUNTRY | COUNTRY_CODE | COUNTY | EFFDT | EFF_STATUS | EXTENSION | FAX | GEO_CODE | HOUSE_TYPE | IN_CITY_LIMIT | LAST_MAINT_OPRID | NUM1 | NUM2 | PHONE | POSTAL | PROCESS_INSTANCE | SETID | SHIP_TO_CUST_ID | STATE | TAX_CD,Ventes & Clients,0.5,"['Other', 'IT & Sécurité']",coin_flip_reject
1130796,OMBI_DFTY_AET,PS_OMBI_DFTY_AET,BILL_BY_ID | BILL_SOURCE_ID | BILL_TO_CUST_ID | BILL_TYPE_ID | BUSINESS_UNIT_OM | PROCESS_INSTANCE | SETID,Finance & Contrôle,0.5,"['Finance & Contrôle', 'IT & Sécurité']",coin_flip_reject
1130797,OMBI_DISTRB_TMP,PS_OMBI_DISTRB_TMP,DISTRIB_SET_ID | DST_ID_DIS | DST_ID_REV | DST_ID_SUR | DST_PCT_DIS | DST_PCT_REV | DST_PCT_SUR | INTFC_ID | INTFC_LINE_NUM | PROCESS_INSTANCE | TRANS_TYPE_BI | TRANS_TYPE_BI_SEQ,Finance & Contrôle,0.5,"['Finance & Contrôle', 'IT & Sécurité']",coin_flip_reject
1130844,OMBI_INTFC_HTMP,PS_OMBI_INTFC_HTMP,ADDRESS1 | ADDRESS2 | ADDRESS3 | ADDRESS4 | ADDR_FIELD1 | ADDR_FIELD2 | ADDR_FIELD3 | BUSINESS_UNIT_OM | CC_PROF_TOKEN | CITY | COUNTRY | COUNTRY_VAT_BILLFR | COUNTRY_VAT_BILLTO | COUNTY | CR_CARD_A_DTTM | CR_CARD_AUTH_CD | CR_CARD_AUTH_DTTM | CR_CARD_AUTH_STAT | CR_CARD_DIGITS | CR_CARD_EXPMO | CR_CARD_EXPYR | CR_CARD_FNAME | CR_CARD_LNAME | CR_CARD_MSG1 | CR_CARD_MSG2 | CR_CARD_MSG3 | CR_CARD_NBR | CR_CARD_RQST_ID | CR_CARD_TYPE | CR_CARD_VENDOR | DFLTS_APPLIED | EMAILID | EXPIRATION_DT | GEO_CODE | HDR_FIELDS_KEY | HDR_TRANS_TYPE | HOUSE_TYPE | IN_CITY_LIMIT | INTFC_ID | INTFC_LINE_NUM | LOAD_STATUS_BI | NAME_EXACT | NUM1 | NUM2 | ORDER_NO | PHONE | POSTAL | PROCESS_INSTANCE | PROVINCE | STATE | VAT_CALC_GROSS_NET | VAT_DCLRTN_DT | VAT_DCLRTN_DT_SRC | VAT_DCLRTN_POINT | VAT_DST_ACCT_TYPE | VAT_EXCPTN_CERTIF | VAT_EXCPTN_TYPE | VAT_RECALC_FLG | VAT_RGSTRN_BUYER | VAT_RGSTRN_SELLER | VAT_ROUND_RULE | VAT_TREATMENT_SAL,Finance & Contrôle,0.5,"['IT & Sécurité', 'Finance & Contrôle']",coin_flip_reject
1130863,OMBI_PRC2_TAO,PS_OMBI_PRC2_TAO,BILLED_QTY | BUSINESS_UNIT | INVOICED_QTY | ORDER_INT_LINE_NO | ORDER_NO | PRC_SCHED_NBR | PROCESS_INSTANCE | SCHED_LINE_NBR,Supply Chain / Logistique / Production,0.5,"['IT & Sécurité', 'Achats & Fournisseurs']",coin_flip_reject
1130874,OMBI_STO2_TAO,PS_OMBI_STO2_TAO,BUSINESS_UNIT_OM | DELETE_FLAG | DEPOSIT_BU | EIP_CTL_ID_SHIP | OPRID_OWNER | ORDER_NO | PROCESS_INSTANCE | RECEIPT_NBR | SHIP_FROM_BU | TARGET_INVOICE | VAT_FLAG,Supply Chain / Logistique / Production,0.5,"['IT & Sécurité', 'Supply Chain / Logistique / Production']",coin_flip_reject
1130939,OMB_SBRK_TAO,PS_OMB_SBRK_TAO,BUSINESS_UNIT | DATE_BEGIN | DATE_END | EFF_STATUS | ORDER_INT_LINE_NO | ORDER_NO | PRIORITY_NBR | PROCESS_INSTANCE | PRODUCT_ID | PRODUCT_KIT_FLAG | QTY_AVAILABLE | SEQ_NUM | TRFT_DISPOSITION | TRFT_PRIORITY | TRFT_RULE_CD | TRFT_SET_ID | TRFT_SRC_TYPE | TRFT_SRC_VALUE | UNIT_OF_MEASURE,Supply Chain / Logistique / Production,0.5,"['Supply Chain / Logistique / Production', 'IT & Sécurité']",coin_flip_reject
1130948,OMB_SSRC_TAO,PS_OMB_SSRC_TAO,ACTION_FLG | BUSINESS_UNIT | DATE_BEGIN | DATE_END | EFF_STATUS | ORDER_INT_LINE_NO | ORDER_NO | PRIORITY | PRIORITY_NBR | PROCESS_INSTANCE | PRODUCT_ID | PRODUCT_KIT_FLAG | QTY_AVAILABLE | SEQ_NUM | SHIP_FROM_BU | TRFT_DISPOSITION | TRFT_PRIORITY | TRFT_RULE_CD | TRFT_SET_ID | TRFT_SRC_TYPE | TRFT_SRC_VALUE | UNIT_OF_MEASURE,Supply Chain / Logistique / Production,0.5,"['Supply Chain / Logistique / Production', 'IT & Sécurité']",coin_flip_reject
1130974,OMC_AGE_TAO,PS_OMC_AGE_TAO,AGING_CATEGORY | AGING_ID | BILL_TO_CUST_ID | PROCESS_INSTANCE | SETID,Finance & Contrôle,0.5,"['Finance & Contrôle', 'IT & Sécurité']",coin_flip_reject
1131059,OMC_TSHP_TAO,PS_OMC_TSHP_TAO,BUSINESS_UNIT | EXTENDED_NET_PRICE | EXT_NET_PRC_BASE | ORDER_INT_LINE_NO | ORDER_NO | PROCESS_INSTANCE | SCHED_LINE_NBR | SCHED_SHIP_DTTM,Ventes & Clients,0.5,"['Ventes & Clients', 'Finance & Contrôle']",coin_flip_reject
1131069,OM_DELDMD_TAO,PS_OM_DELDMD_TAO,ACCOUNT | ACTIVITY_ID | ADDRESS_SEQ_NUM | ADDR_OVRD_LEVEL | AFFILIATE | AFFILIATE_INTRA1 | AFFILIATE_INTRA2 | ALLOW_OVERPICK_FLG | ALLOW_SUB_ITEM_FLG | ALTACCT | ANALYSIS_TYPE | APPROVED_FLAG | AUTO_TYPE | BACKORDER_CREATED | BCKORDER_FLAG | BCKORDR_CNCL_FLAG | BILL_OF_LADING | BUDGET_DT | BUDGET_REF | BUSINESS_UNIT | BUSINESS_UNIT_BI | BUSINESS_UNIT_PC | BUSINESS_UNIT_PO | CANCEL_DTTM | CARRIER_ID | CARTON_PRINTED | CHARGE_CODE | CHARGE_FLAG | CHARTFIELD1 | CHARTFIELD2 | CHARTFIELD3 | CLAIM_ID | CLASS_FLD | CNTCT_SEQ_SHIP | CNTRCT_ID | COMBO_VALID_FLG | CONFIG_CODE | CONFIRMED_FLAG | COSTED_FLAG | CURRENCY_CD | CURRENCY_CD_DEST | CUST_ID | CUST_NAME | CUSTODIAN | DATE_LAST_MAINT | DELIVERY_ID | DELIVERY_ID2 | DELIV_UNIT_VOL | DELIV_UNIT_VOL_CNV | DELIV_UNIT_WT | DELIV_UNIT_WT_CNV | DELIV_UOM_SHIP_VOL | DELIV_UOM_SHIP_WT | DELIV_UOM_VOL | DELIV_UOM_WT | DELIV_USE_UOM_SHIP | DEMAND_DATE | DEMAND_LINE_NO | DEMAND_SOURCE | DEPLETED_DTTM | DEPLETE_INV_FLG | DEPTID | DESTIN_BU | DESTIN_GL_BU | DIRECT_INVOICING | DISTRIB_FLAG | DISTRIB_TYPE | DMD_DLV_LOAD_SRC | DP_KIT_PARENT_QTY | DP_KIT_PARENT_UOM | DT_TIMESTAMP | EDI_DT_TIME | EXPORT | EXP_RETURN_DATE | EXT_REF_LN_NBR | EXT_REF_NBR | FERC_CD | FORM_DISTRIB_STAT | FREIGHT_TERMS | FROZEN_FLG | FRT_CHRG_METHOD | FRT_CHRG_OVERRIDE | FRT_RULE_CD | FSS_ACTIVITY_DT | FULFILL_FLAG | FULFILLMENT_DTTM | FUND_CODE | HARD_ALLOC_FLAG | HOLD_CD | HOLD_FLAG | IN_ADDL_FEE | IN_ADDL_FEE_DEST | IN_DEFER_DEPLETION | IN_FULFILL_STATE | IN_KIT_PROTECTED | IN_LINE_BO_RULE | IN_LINE_RESV_RULE | IN_LN_RESV_BO_RULE | IN_ORDER_RESV_RULE | IN_PRIOR_STATE | IN_PROCESS_DATE | INTERUNIT_FLG | INTERUNIT_ID | INTERUNIT_INSERT | INTERUNIT_LINE | INTERUNIT_STAT | IN_TPRC_OVRD_FLAG | INV_ITEM_ALIAS | INV_ITEM_ID | IN_ZERO_PICKED_FLG | IST_DISTRIB_STATUS | IST_RETURN_FLG_IUT | IST_TXN_FLG | KIT_LINE_NBR | LAST_MAINT_OPRID | LAST_PROCESS_INST | LAST_QTY_SHIP | LAST_QTY_SHIP_BASE | LINE_FIELD_C10_A | LINE_FIELD_C10_B | LINE_FIELD_C10_C | LINE_FIELD_C10_D | LINE_FIELD_C1_A | LINE_FIELD_C1_B | LINE_FIELD_C1_C | LINE_FIELD_C1_D | LINE_FIELD_C2 | LINE_FIELD_C30_A | LINE_FIELD_C30_B | LINE_FIELD_C30_C | LINE_FIELD_C30_D | LINE_FIELD_C4 | LINE_FIELD_C6 | LINE_FIELD_C8 | LINE_FIELD_DTTM_A | LINE_FIELD_DTTM_B | LINE_FIELD_DTTM_C | LINE_FIELD_DTTM_D | LINE_FIELD_N11_A | LINE_FIELD_N11_B | LINE_FIELD_N11_C | LINE_FIELD_N11_D | LINE_FIELD_N15_A | LINE_FIELD_N15_B | LINE_FIELD_N15_C | LINE_FIELD_N15_D | LOAD_ID | LOCATION | LOT_ALLOC_FLG | MAX_PICK_TOLERANCE | NET_UNIT_PRICE | OMB_PROCESS_DATE | OM_FLG | OPERATING_UNIT | OPTIONAL_SHIP | ORDER_INT_LINE_NO | ORDER_NO | ORIG_BU | ORIG_INV_ITEM_ID | ORIG_OPRID | ORIG_SCHED_DTTM | ORIG_UOM | PACKAGING_CD | PARENT_PROD_ID | PARTIAL_ORDER_FLAG | PARTIAL_QTY_FLAG | PEG_STATUS | PICK_BATCH_ID | PICK_CONFIRM_DTTM | PICK_DTTM | PICKLIST_LINE_NO | PICKLIST_PRINTED | PICK_RELEASE_ID | POST_SHIP_INSTANCE | PREF_CARRIER_FLAG | PRICE_MARKUP_PCT | PRICE_PO | PRIORITY_NBR | PRIORITY_SHIP_FROM | PROCESS_INSTANCE | PRODUCT | PRODUCT_ID | PROGRAM_CODE | PROJECT_ID | PRO_NUMBER | PSSH_NONOWN_FLAG | PUB_PROCESS_INST | QTY_ALLOCATED | QTY_ALLOC_BASE | QTY_BACKORDER | QTY_BACKORDER_BASE | QTY_CODE | QTY_PACK_BASE | QTY_PER | QTY_PICK_BASE | QTY_PICKED | QTY_PICK_OVR_BASE | QTY_PICK_OVRIDE | QTY_PROMISED_BASE | QTY_REQUESTED | QTY_REQUESTED_BASE | QTY_SHIP_BASE | QTY_SHIPPED | QTY_SHIPPED_CONV | QTY_VERIFY_MSG | REASON_CD | RECV_SHIP_SEQ_NBR | RELEASE_INSTANCE | REPLACEMENT_FLG | REQ_DISTRIB_NBR | REQ_ID | REQ_LINE_NBR | REQ_SCHED_NBR | REQUEST_DATE | RESERVED_DTTM | RESERVE_STATUS | RESOURCE_CATEGORY | RESOURCE_SUB_CAT | RESOURCE_TYPE | ROUTE_CD | ROUTE_STOP_NBR | RTV_DISTRIB_NUM | RTV_ID | RTV_LN_NBR | SCHED_ARRV_DTTM | SCHED_DTTM | SCHED_LINE_NBR | SDN_PUBLISH_DATE | SHIP_CUST_NAME1 | SHIP_CUST_NAME2 | SHIP_DTTM | SHIP_EARLY_DTTM | SHIP_ID | SHIP_ID_EST | SHIP_LATE_DTTM | SHIP_LINE_NO | SHIPPED_MESSAGE | SHIPPING_PRINTED | SHIP_PRIOR_FLG | SHIP_PROCESS_TYP | SHIP_SHORT_WF_DONE | SHIP_TO_CUST_ID | SHIP_TYPE_ID | SHIP_UOM_CONV_FLAG | SINGLE_SHIP_FLAG | SOURCE_BUS_UNIT | SPEEDTYPE_KEY | STOCK_DTTM | STORAGE_AREA | STOR_LEVEL_1 | STOR_LEVEL_2 | STOR_LEVEL_3 | STOR_LEVEL_4 | SUP_PEG_STATUS | TARGET_INVOICE | TAX_CD_VAT | TAX_EXEMPT_FLG | TMS_EXT_REF_ID | TMS_EXT_REF_LN_NBR | TMS_LOAD_STP_NBR | TMS_PROCESS_FLG | TRANSFER_CALC_TYPE | TRANSFER_COST | TRANSFER_COST_DEST | TRANSFER_YIELD | UNIT_MEASURE_SHIP | UNIT_MEASURE_VOL | UNIT_MEASURE_WT | UNIT_OF_MEASURE | UPDATE_RESTRCT_LVL | VAT_APPLICABILITY | VAT_TXN_TYPE_CD | VMI_DESTIN_SHIPTO | VMI_OM_BU | VMI_ORDER_LINK,Supply Chain / Logistique / Production,0.5,"['Supply Chain / Logistique / Production', 'Finance & Contrôle']",coin_flip_reject
1131166,OM_DST_ACCT_AET,PS_OM_DST_ACCT_AET,BUSINESS_UNIT | DISTRIB_SET_ID | DISTRIB_TYPE | DST_ID_DIS | DST_ID_REV | DST_ID_SUR | DST_PCT_DIS | DST_PCT_REV | DST_PCT_SUR | DST_RULE_CD | OM_DACCT2_TAO_NAME | OM_DACCT_TAO_NAME | OM_DSET_TAO_NAME | OM_FLAG | OM_HDR_TAO_NAME | OM_LINE_TAO_NAME | OM_RLSET_TAO_NAME | OM_SCH_TAO_NAME | OPRID | ORDER_INT_LINE_NO | ORDER_NO | ORDER_NO_TO | PROCESS_INSTANCE | SCHED_LINE_NBR | SEQ_NUM | SEQUENCE_NBR | SETID_CUST_GRP | SETID_CUSTOMER | SETID_DST_RULE | SETID_PRDGP_ACT | SETID_PROD_GRP | SETID_PRODUCT | SETID_REGION,Finance & Contrôle,0.5,"['Finance & Contrôle', 'IT & Sécurité']",coin_flip_reject
1131170,OME_ADR_TAO,PS_OME_ADR_TAO,ADDRESS1 | ADDRESS2 | ADDRESS3 | ADDRESS4 | ADDR_FIELD1 | ADDR_FIELD2 | ADDR_FIELD3 | AUDIT_ACTN | BUSINESS_UNIT | CITY | CNTCT_NAME1 | COUNTRY | COUNTRY_CODE | COUNTY | CUST_ADDR_TYPE | DATETIME_ADDED | EIP_CTL_ID | EIP_DTA_STATUS | EIP_PROGRAM | EMAILID | EXTENSION | FAX | GEO_CODE | HOUSE_TYPE | IN_CITY_LIMIT | LAST_MAINT_OPRID | LASTUPDDTTM | NAME1 | NUM1 | NUM2 | ORDER_INT_LINE_NO | ORDER_NO | PHONE | POSTAL | PROCESS_INSTANCE | SCHED_LINE_NBR | SEQ_NUM | STATE,Ventes & Clients,0.5,"['Ventes & Clients', 'Other']",coin_flip_reject
1131398,OMETRPTPRDTAO,PS_OMETRPTPRDTAO,BUSINESS_UNIT | EFFDT | EFF_STATUS | GLOBAL_FLAG | ORDER_DATE | ORDER_INT_LINE_NO | ORDER_NO | PROCESS_INSTANCE | PRODUCT_GROUP | PRODUCT_ID | SETID,Ventes & Clients,0.5,"['Ventes & Clients', 'IT & Sécurité']",coin_flip_reject
1131399,OMETRPTREGTAO,PS_OMETRPTREGTAO,BUSINESS_UNIT | EFFDT | EFF_STATUS | GLOBAL_FLAG | ORDER_NO | PROCESS_INSTANCE | REGION_CD | SETID | SHIP_TO_CUST_ID,Supply Chain / Logistique / Production,0.5,"['Supply Chain / Logistique / Production', 'IT & Sécurité']",coin_flip_reject
1131605,OMPB_BOOK_OUT,PS_OMPB_BOOK_OUT,AUDIT_ACTN | BUSINESS_UNIT | CURRENCY_CD | CUST_ID | EFFDT_CATALOG | END_DATE | IN_PROCESS_FLG | NAME1 | OMPB_BOOK_DEFN_ID | OMPB_BOOK_DESCR | OMPB_BOOK_FOR_FLG | OMPB_BOOK_FOR_FLGX | OMPB_BOOK_FOR_OPR | OMPB_BOOK_FOR_OPRX | OMPB_BOOK_FOR_TO | OMPB_BOOK_FOR_VAL | OMPB_BOOK_ID | OMPB_BOOK_TYPE | OMPB_BOOK_TYPEX | OMPB_CATALOG_FLG | OMPB_CATALOG_FLGX | OMPB_CATALOG_OPR | OMPB_CATALOG_OPRX | OMPB_CATALOG_TO | OMPB_CATALOG_VAL | OMPB_COMMON_FLG | OMPB_COMMON_FLGX | OMPB_DEFN_DESCR | OMPB_DELTA_BK_FLG | OMPB_DELTA_BK_FLGX | OMPB_EFFDT | OMPB_INACTPRD_FLG | OMPB_INACTPRD_FLGX | OMPB_INBU_OPR | OMPB_INBU_OPRX | OMPB_INBU_TO | OMPB_INBU_VAL | OMPB_INSTANCE | OMPB_LISTPRC_FLG | OMPB_LISTPRC_FLGX | OMPB_NOVALMCH_FLG | OMPB_NOVALMCH_FLGX | OMPB_PRICELST_OPR | OMPB_PRICELST_OPRX | OMPB_PRICELST_TO | OMPB_PRICELST_VAL | OMPB_PRODUCT_FLG | OMPB_PRODUCT_FLGX | OMPB_PRODUCT_OPR | OMPB_PRODUCT_OPRX | OMPB_PRODUCT_TO | OMPB_PRODUCT_VAL | OMPB_SCON_OPR | OMPB_SCON_OPRX | OMPB_SCON_TO | OMPB_SCON_VAL | OMPB_SRC_INSTANCE | OPRID | PROCESS_INSTANCE | PROCESS_NAME | RATE_DATE | RT_TYPE | RUN_DTTM | SETID | START_DT | TMPLDEFN_ID,IT & Sécurité,0.5,"['IT & Sécurité', 'Finance & Contrôle']",coin_flip_reject
1131641,OMPB_DATE_TAO,PS_OMPB_DATE_TAO,END_DATE | PROCESS_INSTANCE | PRODUCT_ID | SOLD_TO_CUST_ID | START_DT | UNIT_OF_MEASURE,Ventes & Clients,0.5,"['Ventes & Clients', 'IT & Sécurité']",coin_flip_reject
1131696,OMPB_PROD_TAO,PS_OMPB_PROD_TAO,CATALOG_NBR | CURRENCY_CD | CURRENCY_CD_BASE | CUST_ID | DESCR | EFF_STATUS | INV_ITEM_ID | PROCESS_INSTANCE | PRODUCT_ID | RATE_DATE | RT_TYPE | SETID,Finance & Contrôle,0.5,"['Finance & Contrôle', 'IT & Sécurité']",coin_flip_reject
1131698,OMPB_QTY_TAO,PS_OMPB_QTY_TAO,END_DATE | PROCESS_INSTANCE | PRODUCT_ID | QTY_MAX | QTY_MIN | SOLD_TO_CUST_ID | START_DT | UNIT_OF_MEASURE,Supply Chain / Logistique / Production,0.5,"['Ventes & Clients', 'Supply Chain / Logistique / Production']",coin_flip_reject
1131704,OMPB_RULE,PS_OMPB_RULE,BUSINESS_UNIT | EOEP_ACTION_TYPE | EOEP_ADJ_METHOD | EOEP_ALTCSTUSE_FLG | EOEP_APP_CD | EOEP_BAUSE_FLG | EOEP_CHILD_CDS | EOEP_COSTUSE_FLG | EOEP_LISTUSE_FLG | EOEP_LONG | EOEP_MAXQTY_UOM | EOEP_MAX_QUANTITY | EOEP_MEPR_FLG | EOEP_ONETIME_FLG | EOEP_PRCBASE_FLG | EOEP_PRC_MATCH_FLG | EOEP_PTD_FLG | EOEP_ROLLUP_FLG | EOEP_ROLLUP_RULE | EOEP_ROUND_FLG | EOEP_ROUND_ID | EOEP_RULE_ID | EOEP_RULE_STATUS | EOEP_RULEXCL_FLG | EOEP_SOURCE | EOEP_STOP_FLG | EOEP_TD_PROMO_CD | EOEP_TIERED_FLG | EOEP_TIERED_INCRE | EOEP_UOMROLLUP_FLG | EOEP_USE_GRC_DAYS | MERCH_TYPE | OMPB_ACTIVE_ROW | OMPB_BOOK_DEFN_ID | OMPB_BOOK_ID | OMPB_INSTANCE | PRICEPGM_FLAG,Finance & Contrôle,0.5,"['Finance & Contrôle', 'Other']",coin_flip_reject
1131790,OM_PWCLC_TAO,PS_OM_PWCLC_TAO,BUSINESS_UNIT_IN | COST_EFF_DTTM | CURRENCY_CD | DATE_SEL_DT | EFFDT | INV_ITEM_ID | PROCESS_INSTANCE | PRODUCT_ID | SETID | SETID_PROFILE | UNIT_COST | UNIT_OF_MEASURE,Supply Chain / Logistique / Production,0.5,"['Supply Chain / Logistique / Production', 'Finance & Contrôle']",coin_flip_reject
1131861,OM_RUN_PPRC_OUT,PS_OM_RUN_PPRC_OUT,BUSINESS_UNIT | BUSINESS_UNIT_IN | CATALOG_NBR | CUST_ID | CUSTOMER_GROUP | DESCR | EFFDT | OM_PARM_SEL_OPT | OM_PARM_SEL_TYPE | OPRID | PRICE_LIST_ID | PRODUCT_GROUP | REQUEST_ID | RUN_CNTL_ID,Ventes & Clients,0.5,"['Ventes & Clients', 'Finance & Contrôle']",coin_flip_reject
1131893,OM_TRFT_AET,PS_OM_TRFT_AET,BLANK | BUSINESS_UNIT | BUSINESS_UNIT_IN | BUSINESS_UNIT_OLD | BUSINESS_UNIT_OM | CARRIER_ID | CARRIER_ID_EXP | CATEGORY_CD | CNTRCT_ID | COMMODITY_CD | COUNTER | COUNTRY | CURRENCY_CD | CURRENCY_CD_BASE | CUST_GROUP_FLAG | CUSTOMER_GROUP | DELETE_FLG | EXT_NET_PRC_BASE | FLAG | FREIGHT_AMT | FREIGHT_AMT_BSE | FREIGHT_CHARGE | FREIGHT_CHARGE_BSE | FREIGHT_TAX_AMT | FREIGHT_TAX_BASE | FREIGHT_TAX_PCT | FREIGHT_TERMS | FREIGHT_TERMS_EXP | FRT_BREAK_ID | FRT_CHRG_METHOD | HARMONIZED_CD | INVENTORY_ITEM | INV_ITEM_GROUP | INV_ITEM_ID | LOAD_ID | LOCATION | OPRID | ORDER_DATE | ORDER_GRP | ORDER_INT_LINE_NO | ORDER_NO | PACKING_VOLUME | PACKING_WEIGHT | PO_ID | PROCESS_INSTANCE | PROC_FREIGHT | PRODUCT_GROUP | PRODUCT_GROUP_FLAG | PRODUCT_ID | PRODUCT_KIT_FLAG | QTY_AVAILABLE | QTY_ORDERED | RECNAME_1 | RECNAME_2 | REGION_CD | REGION_FLAG | ROUTE_CD | RUN_CNTL_ID | SCHED_SHIP_DTTM | SEQ_NUM | SETID_CUST_GRP | SETID_CUSTOMER | SETID_INV_ITEM | SETID_PROD_GRP | SETID_PRODUCT | SETID_REGION | SETID_TRFT | SHIP_FROM_BU | SHIP_ID_EST | SHIPPING_VOLUME | SHIPPING_WEIGHT | SHIP_PRIORITY_ID | SHIP_TO_CUST_ID | SHIPTO_ID | SHIP_TYPE_ID | SHIP_TYPE_ID_EXP | SKIP_EXTFRT_FLAG | SOLD_TO_CUST_ID | SOURCE_CD | SOURCE_CODE | SQL_WHERE_001 | STATE | TEMP_FLD | TOTAL_VOLUME | TOTAL_WEIGHT | TRFT_FEATURE_CD | TRFT_RULE_CD | TRFT_SET_ID | TRFT_SRC_SORT | TRFT_SRC_TYPE | UNIT_MEASURE_SHIP | UNIT_MEASURE_STD | UNIT_MEASURE_VOL | UNIT_MEASURE_WT | UNIT_OF_MEASURE | VENDOR_ID | VNDR_FRT_GROUP | VNDR_LOC | WHERE_CLAUSE_LONG | X_VENDOR_ID | X_VNDR_LOC,Supply Chain / Logistique / Production,0.5,"['Finance & Contrôle', 'Supply Chain / Logistique / Production']",coin_flip_reject
1132803,ORD_STAT_AET,PS_ORD_STAT_AET,BILL_BACK_AMT | BILL_BACK_AMT_BASE | BUSINESS_UNIT | CR_CARD_NBR | CR_CARD_NBR_E | INB_RUN_DATE | LAST_DTTM_UPD_FROM | LAST_DTTM_UPD_TO | LAST_RUN_DTM | LAST_RUN_INDICATOR | OFF_INVOICE_AMT | OFF_INVOICE_AMT_BS | OM_FLAG | OPRID | ORDER_DATE | ORDER_DATE_TO | ORDER_INT_LINE_NO | ORDER_NO | ORDER_NO_TO | ORDER_TYPE_CD | ORD_STAT_CANCELED | ORD_STAT_CLOSED | ORD_STAT_OPEN | ORD_STAT_PENDING | PROCESS_INSTANCE | REQUEST_ID | RUN_CNTL_ID | SCHED_LINE_NBR | SOLD_TO_CUST_ID | SOURCE_CD | TOTAL_EXTRACT | WHERE_LONG,Finance & Contrôle,0.5,"['Ventes & Clients', 'Finance & Contrôle']",coin_flip_reject
1132806,ORDSTAT_CP_HDR,PS_ORDSTAT_CP_HDR,AUDIT_ACTN | BUSINESS_UNIT | BUSINESS_UNIT_IN | BUSINESS_UNIT_PO | COMP_OCCUR | CONFIG_CODE | CP_COMP_SEQ | CP_MODE | CP_TEMPLATE_ID | CUST_ID | IN_PROCESS_FLG | INV_ITEM_ID | LASTUPDDTTM | MFG_PROCESS_FLG | MFG_PURCH_FLG | OPTIONAL_SHIP | ORDER_INT_LINE_NO | ORDER_NO | PARENT_ITEM_ID | PO_DISTRIB_STATUS | PRDN_AREA_CODE | PRICE_REQ | PROCESS_INSTANCE | PRODUCT_ID | PRODUCTION_ID | QTY_CODE | QTY_PER | QTY_REQ | REQ_ID | REQ_LINE_NBR | REQ_SCHED_NBR | SCHED_ARRV_DTTM | SETID | SOURCE_CD | UNIT_OF_MEASURE,Achats & Fournisseurs,0.5,"['Achats & Fournisseurs', 'Supply Chain / Logistique / Production']",coin_flip_reject
1132843,ORDTAXDTL_TEOA,PS_ORDTAXDTL_TEOA,ASOF_DT | DTTM_STAMP | EO_AUDIT_FLG | EXCEPTION_INFO | FIELDNAME | FIELD_VALUE | FROM_CURRENCY | KEY10_FLDNAME | KEY10_FLD_VAL | KEY11_FLDNAME | KEY11_FLD_VAL | KEY12_FLDNAME | KEY12_FLD_VAL | KEY13_FLDNAME | KEY13_FLD_VAL | KEY14_FLDNAME | KEY14_FLD_VAL | KEY15_FLDNAME | KEY15_FLD_VAL | KEY16_FLDNAME | KEY16_FLD_VAL | KEY1_FLDNAME | KEY1_FLD_VAL | KEY2_FLDNAME | KEY2_FLD_VAL | KEY3_FLDNAME | KEY3_FLD_VAL | KEY4_FLDNAME | KEY4_FLD_VAL | KEY5_FLDNAME | KEY5_FLD_VAL | KEY6_FLDNAME | KEY6_FLD_VAL | KEY7_FLDNAME | KEY7_FLD_VAL | KEY8_FLDNAME | KEY8_FLD_VAL | KEY9_FLDNAME | KEY9_FLD_VAL | OPRID | PROCESS_INSTANCE | PROC_GRP_ID | RATE_DIV | RATE_MULT | RECNAME | RT_DIV_FLDNAME | RT_MULT_FLDNAME | RULE_INSTNC_NBR | RUN_CNTL_ID | TO_CURRENCY,Finance & Contrôle,0.5,"['Finance & Contrôle', 'IT & Sécurité']",coin_flip_reject
1132918,ORG_DOC_NBR_SER,PS_ORG_DOC_NBR_SER,DESCR1 | EXD_DOC_NBR_SER | EXD_OVERWRITE_FLG | EXD_TXN_TYPE | SETID,IT & Sécurité,0.5,"['IT & Sécurité', 'Other']",coin_flip_reject
1133079,P6_EX_TA5,PS_P6_EX_TA5,ACTIVITY_ID | AFFILIATE | AFFILIATE_INTRA1 | AFFILIATE_INTRA2 | ANALYSIS_TYPE | BILLING_ACTION | BUDGET_REF | BUSINESS_UNIT_GL | BUSINESS_UNIT_PC | CHARTFIELD1 | CHARTFIELD2 | CHARTFIELD3 | CLASS_FLD | COUNTRY | DATE_UNDER_RPT | DEPTID | DT_TIMESTAMP | EMPLID | EMPL_RCD | FUND_CODE | LOCALITY | OPERATING_UNIT | P6_TIME_STS_DTTM | PERIOD_END_DT | PROCESS_INSTANCE | PRODUCT | PROGRAM_CODE | PROJECT_ID | RESOURCE_CATEGORY | RESOURCE_SUB_CAT | RESOURCE_TYPE | RSRCHOUR_OBJECTID | SETID | STATE | TIME_QUANTITY | TIME_SHEET_ID | TRC | UNIT_OF_MEASURE | VERSION_NUM,RH,0.5,"['RH', 'Finance & Contrôle']",coin_flip_reject
1133187,P6_RSRC_DEPT,PS_P6_RSRC_DEPT,AE_APPLID | DEPTID | OPRID | REQUEST_NBR | RUN_CNTL_ID,RH,0.5,"['RH', 'IT & Sécurité']",coin_flip_reject
1133372,PAM_ERR,PS_PAM_ERR,BUSINESS_UNIT | BUSINESS_UNIT_GL | DISTRIB_LINE_NUM | FUND_CODE | PROCESS_INSTANCE | VOUCHER_ID | VOUCHER_LINE_NUM,Finance & Contrôle,0.5,"['Finance & Contrôle', 'IT & Sécurité']",coin_flip_reject
1134023,PC_CPY_DEG_TAO,PS_PC_CPY_DEG_TAO,ACCOMPLISHMENT | BUSINESS_UNIT | MAJOR_CODE | PC_CPY_UNIQUEID | PROJECT_ID | TEAM_MEMBER | TEAM_MEMBER_CLASS | TEAM_MEMBER_IND | WEIGHT_POINTS,RH,0.5,"['RH', 'Other']",coin_flip_reject
1134025,PC_CPY_DESC_TAO,PS_PC_CPY_DESC_TAO,BUSINESS_UNIT | DESCR254 | DESCRLONG | DTTM_STAMP | OPRID | PC_CPY_UNIQUEID | PROJECT_ID,IT & Sécurité,0.5,"['IT & Sécurité', 'Other']",coin_flip_reject
1134030,PC_CPY_MEM_TAO,PS_PC_CPY_MEM_TAO,ACCOMPLISHMENT | BUSINESS_UNIT | PC_CPY_UNIQUEID | PROJECT_ID | TEAM_MEMBER | TEAM_MEMBER_CLASS | TEAM_MEMBER_IND | WEIGHT_POINTS,RH,0.5,"['Other', 'RH']",coin_flip_reject
1134051,PC_CPY_RES_REC,PS_PC_CPY_RES_REC,BUSINESS_UNIT | PC_RES_COPY_REC | PC_RES_REC_NAME | PC_TEMP_REC_NAME,IT & Sécurité,0.5,"['Other', 'IT & Sécurité']",coin_flip_reject
1134292,PC_GNT_CRITERIA,PS_PC_GNT_CRITERIA,DEPTID | FIELDNAME | FIELD_VALUE | INCENTIVE_ID | LOCATION | PROFILE_ID,RH,0.5,"['Other', 'RH']",coin_flip_reject
1134299,PC_GNT_SCHED,PS_PC_GNT_SCHED,APPROVAL_DATE | APPROVED_FLG | INCENTIVE_ID | MSTONE_SEQ | VERIFY_BTN,RH,0.5,"['Other', 'RH']",coin_flip_reject
1134514,PC_NEXTNUMBER,PS_PC_NEXTNUMBER,PCUSER_INSTANCE | PMREV_INSTANCE,IT & Sécurité,0.5,"['Other', 'IT & Sécurité']",coin_flip_reject
1134586,PC_PIC_ADD_TBL,PS_PC_PIC_ADD_TBL,BUSINESS_UNIT | DESCR | PC_PIC_EXPLANATION | PC_PIC_STEP_DESCR | PC_PIC_STEP_GRP_ID | PC_PIC_STEP_ID | PROJECT_ID | SEQ_NBR,Other,0.5,"['Other', 'IT & Sécurité']",coin_flip_reject
1134594,PC_PIC_EXPL_LNG,PS_PC_PIC_EXPL_LNG,BUSINESS_UNIT | DESCRLONG | LANGUAGE_CD | PC_PIC_STEP_GRP_ID | PC_PIC_STEP_ID | PROJECT_ID,IT & Sécurité,0.5,"['IT & Sécurité', 'Other']",coin_flip_reject
1134840,PC_RES_PA_TA8,PS_PC_RES_PA_TA8,ACTIVITY_ID | BUSINESS_UNIT | BUSINESS_UNIT_PO | CURRENCY_CD | DISTRIB_LINE_NUM | DST_ACCT_TYPE | LINE_NBR | PO_ID | PROCESS_INSTANCE | PROJECT_ID | RESOURCE_AMOUNT2 | RESOURCE_QUANTITY2 | SCHED_NBR,Achats & Fournisseurs,0.5,"['Achats & Fournisseurs', 'IT & Sécurité']",coin_flip_reject
1134882,PC_RT_D_L_TA1,PS_PC_RT_D_L_TA1,BUSINESS_UNIT | DESCR | DETAIL_NO | EFFDT | LINE_NO | OVERRIDE_SRC | PC_TEMPLATE_ID | PROCESS_INSTANCE | RATE_AMT | RATE_DEF_TYPE | RATE_NAME | RATE_OPTION | TEMPLATE_TYPE | TGT_AN_TYPE | TGT_RES_CATEGORY | TGT_RES_SUB_CAT | TGT_RES_TYPE | TGT_SEQ_NBR | TGT_VAR_ROW_ACT | TO_CUR,Finance & Contrôle,0.5,"['Finance & Contrôle', 'IT & Sécurité']",coin_flip_reject
1134885,PC_RT_DTL_TA1,PS_PC_RT_DTL_TA1,ACCOUNT | AFFILIATE | AFFILIATE_INTRA1 | AFFILIATE_INTRA2 | ALTACCT | ANALYSIS_TYPE | BUDGET_REF | BUSINESS_UNIT | BUSINESS_UNIT_GL | CHARTFIELD1 | CHARTFIELD2 | CHARTFIELD3 | CLASS_FLD | COST_PER_USE | CURRENCY_CD | DEPTID | DESCR254_MIXED | DETAIL_NO | EFFDT | EMPLID | FUND_CODE | JOBCODE | OPERATING_UNIT | OVERTIME_RATE | PC_MSP_RES_ID | PC_TEMPLATE_ID | PROCESS_INSTANCE | PRODUCT | PROGRAM_CODE | PROJ_ROLE | RESOURCE_CATEGORY | RESOURCE_SUB_CAT | RESOURCE_TYPE | SCH_LABOR_IND | SEQ_NBR | STANDARD_RATE | TEMPLATE_TYPE | TIME_RPTG_CD | UNIT_OF_MEASURE,Finance & Contrôle,0.5,"['Finance & Contrôle', 'RH']",coin_flip_reject
1134910,PC_SCH_PRODUCT,PS_PC_SCH_PRODUCT,DESCR | ODBC_ALIAS | PC_SCH_PRODUCT | PC_TRACE_LOG,IT & Sécurité,0.5,"['IT & Sécurité', 'Other']",coin_flip_reject
1135090,PC_TIER_TPL_SEQ,PS_PC_TIER_TPL_SEQ,PC_TRANS_ID | SEQ_NBR | SETID | TIER_TEMPLATE | UNIT_OF_MEASURE,Supply Chain / Logistique / Production,0.5,"['Other', 'Supply Chain / Logistique / Production']",coin_flip_reject
1135101,PC_TIP_LANG_WRK,PS_PC_TIP_LANG_WRK,AP | AR | BI | CA | DESCR80 | EX | GL | GM | INV | LANGUAGE_CD | OWNER_ID | PC | PO | TIP_STAGE,Finance & Contrôle,0.5,"['Other', 'Finance & Contrôle']",coin_flip_reject
1135137,PC_TP_TK_TAO,PS_PC_TP_TK_TAO,ACTIVITY_ID | ADJUSTED_FLAG | ADJUSTMENT_PCT | BUSINESS_UNIT | CHANGE_QUANTITY | CONTRACT_LINE_NUM | CONTRACT_NUM | LIMIT_FLAG | PC_TRANS_ID | PROCESS_INSTANCE | PROCESS_STATUS | PROJECT_ID | RATE_DEF_BIL | RATE_DEF_COST | RATE_DEF_REV | RATE_PLAN_TYPE | RESOURCE_CATEGORY | RESOURCE_ID | RESOURCE_SUB_CAT | RESOURCE_TYPE | SEQ_NBR | TEMPLATE_TYPE | UOM_TIER,Finance & Contrôle,0.5,"['Finance & Contrôle', 'IT & Sécurité']",coin_flip_reject
1135381,PG_CUSOPT_TAO,PS_PG_CUSOPT_TAO,BUSINESS_UNIT | CUST_ID | DST_ID_AR | EFFDT | EFFDT_TO | ENTRY_REASON | ENTRY_USE_ID | GROUP_BU | GROUP_ID | PROCESS_INSTANCE,Ventes & Clients,0.5,"['Ventes & Clients', 'IT & Sécurité']",coin_flip_reject
1135498,PGM_CHC_ACT_LG,PS_PGM_CHC_ACT_LG,ACTIVITY_ID | BUSINESS_UNIT | CHANGE_REQ_ID | COMMENTS_DETAIL | DESCR | LANGUAGE_CD | PROJECT_ID,IT & Sécurité,0.5,"['IT & Sécurité', 'Other']",coin_flip_reject
1135508,PGM_CHC_PRD_LG,PS_PGM_CHC_PRD_LG,BUSINESS_UNIT | CHANGE_REQ_ID | LANGUAGE_CD | PRJ_CHNG_DESCR | PROJECT_ID,IT & Sécurité,0.5,"['Other', 'IT & Sécurité']",coin_flip_reject
1135591,PGM_HLT2_TAO,PS_PGM_HLT2_TAO,AN_GRP_ACTV_BUD | AN_GRP_TOT_COSTS | BUSINESS_UNIT | EFFDT | PC_HEALTH | PC_HEALTH_CALC | PC_HEALTH_TYPE | PROCESS_INSTANCE | PROJECT_ID | SEQUENCE_NBR | TREE_NAME | TREE_NODE_NUM | TREE_NODE_NUM_END,Finance & Contrôle,0.5,"['Finance & Contrôle', 'IT & Sécurité']",coin_flip_reject
1135928,PI_RES_AREA_ID,PS_PI_RES_AREA_ID,AREA_ID | OLD_AREA_ID | PI_ID | PI_LINE_NUM,Achats & Fournisseurs,0.5,"['Achats & Fournisseurs', 'IT & Sécurité']",coin_flip_reject
1135943,PI_RESULTS,PS_PI_RESULTS,ASSET_ID | HAND_HELD_OPERATOR | INV_ASSET_SRC | MATCH_STATUS | MESSAGE_NBR | MESSAGE_NBR02 | MESSAGE_SET_NBR | PI_ERROR_DEPT_SW | PI_ERROR_SW | PI_ID | PI_LINE_NUM | REVIEW_SW,IT & Sécurité,0.5,"['IT & Sécurité', 'Other']",coin_flip_reject
1135969,PIR_TB_TMP,PS_PIR_TB_TMP,BANK_ACCT_KEY | BANK_CD | BANK_SETID | FUND_CODE | PROCESS_INSTANCE | PYMNT_ID | PYMNT_STATUS | SPS_BETC | SPS_TAS,Finance & Contrôle,0.5,"['Finance & Contrôle', 'IT & Sécurité']",coin_flip_reject
1136407,PL_MM_PPR_TAO,PS_PL_MM_PPR_TAO,BOM_CODE | BUSINESS_UNIT | INV_ITEM_ID | PL_PLAN_STATUS | PRIORITY_RANK | PROBINST | PROCESS_INSTANCE | RTG_CODE | STATUS | TARGET_DATE | TOTAL_QTY | VERSION,Supply Chain / Logistique / Production,0.5,"['Supply Chain / Logistique / Production', 'IT & Sécurité']",coin_flip_reject
1136436,PL_OCAL_INS_AET,PS_PL_OCAL_INS_AET,BUSINESS_UNIT | ENTIRE_DAY | PROCESS_INSTANCE | SHIP_DAY | TIME_FROM | TIME_TO | USE_FOR_RECV_FLG | USE_FOR_SHIP_FLAG,Supply Chain / Logistique / Production,0.5,"['Supply Chain / Logistique / Production', 'IT & Sécurité']",coin_flip_reject
1136745,PL_PROD_OP_AET,PS_PL_PROD_OP_AET,BUSINESS_UNIT | OP_SEQUENCE | PROCESS_INSTANCE | PRODUCTION_ID | QTY_SCRAPPED,Supply Chain / Logistique / Production,0.5,"['IT & Sécurité', 'Supply Chain / Logistique / Production']",coin_flip_reject
1136752,PL_PROD_OP_TMP,PS_PL_PROD_OP_TMP,BUSINESS_UNIT | FROZEN_FLG | OP_END_DT | OP_END_TIME | OP_SEQUENCE | OP_START_DT | OP_START_TIME | PRODUCTION_TASK,Supply Chain / Logistique / Production,0.5,"['IT & Sécurité', 'Supply Chain / Logistique / Production']",coin_flip_reject
1136811,PL_RN_MRP_REQ,PS_PL_RN_MRP_REQ,CALC_LLC | CANCEL_ENTERED_PR | CANCEL_FIRMED_PR | CANCEL_FIRM_PLPO | CANCEL_FIRM_PLPR | CANCEL_FIRM_PLTR | CANCEL_INPRCS_PR | CANCEL_PID | CANCEL_PO | CANCEL_RELEASED_PR | CANCEL_TRANSFER | COLLECT_FINISH_CNT | COLLECT_START_CNT | DEFER_SUPPLIES | IGNORE_SAFETY | MRP_INCL_DISTRIB | MRP_INCL_MASTER | MRP_INCL_MAT | OPRID | PLANNING_MODE | PROBINST | REGEN_FORECAST | RUN_CNTL_ID | START_PLUGIN | URL,Supply Chain / Logistique / Production,0.5,"['Achats & Fournisseurs', 'Supply Chain / Logistique / Production']",coin_flip_reject
1136936,PL_SRC_TMPL_DEL,PS_PL_SRC_TMPL_DEL,BOM_CODE | BUSINESS_UNIT | BUS_UNIT_SOURCE | BUYER_ID | INV_ITEM_ID | ITMV_PRIORITY_LOC | MG_ASSOCIATED_BOM | PL_OPTION_TYPE | PL_SRC_DEFAULT | PL_UNIT_COST | PRIORITY_NBR | PROBINST | QTY_MAXIMUM | QTY_MINIMUM | RTG_CODE | SHIP_TYPE_ID | VENDOR_ID | VENDOR_SETID | VERSION | VNDR_LOC,Supply Chain / Logistique / Production,0.5,"['Supply Chain / Logistique / Production', 'Achats & Fournisseurs']",coin_flip_reject
1136939,PL_SRC_TMPL_INF,PS_PL_SRC_TMPL_INF,BOM_CODE | BUSINESS_UNIT | BUS_UNIT_SOURCE | BUYER_ID | INV_ITEM_ID | ITMV_PRIORITY_LOC | MG_ASSOCIATED_BOM | PL_OPTION_TYPE | PL_SRC_DEFAULT | PL_UNIT_COST | PRIORITY_NBR | PROBINST | QTY_MAXIMUM | QTY_MINIMUM | RTG_CODE | SHIP_TYPE_ID | VENDOR_ID | VENDOR_SETID | VERSION | VNDR_LOC,Supply Chain / Logistique / Production,0.5,"['Supply Chain / Logistique / Production', 'Achats & Fournisseurs']",coin_flip_reject
1136952,PL_SR_TAO,PS_PL_SR_TAO,APPROVED_FLG | BUSINESS_UNIT | CANCEL_FLAG | CONFIG_CODE | DEMAND_LINE_NO | DEMAND_SOURCE | FROZEN_CD | FROZEN_FLG | INV_ITEM_ID | ORDER_INT_LINE_NO | ORDER_NO | ORIG_FROZEN_FLG | ORIG_PRIORITY | ORIG_QTY_REQ | ORIG_SCHED_DTTM | PEG_STATUS | PLAN_FROZEN_FLG | PL_SCHED_DTTM | PRIORITY_NBR | PRIORITY_RANK | PROBINST | PROCESS_INSTANCE | PSSH_COMPLETE | QTY_ALLOC_BASE | QTY_ALLOC_CURR | QTY_ALLOC_ORIG | QTY_REQ_ORIG_BASE | QTY_REQUESTED_BASE | RESCH_IN_FACTOR | RESCH_OUT_FACTOR | SCHED_ARRV_ORIG | SCHED_DTTM | SCHED_LINE_NO | SOURCE_BUS_UNIT | TOLERANCE_FLG,Supply Chain / Logistique / Production,0.5,"['Supply Chain / Logistique / Production', 'IT & Sécurité']",coin_flip_reject
1137061,PM_CLASSIFI_LNG,PS_PM_CLASSIFI_LNG,CLASSIFICATION | DESCR | DESCRSHORT | EFFDT | LANGUAGE_CD | SETID,RH,0.5,"['Other', 'RH']",coin_flip_reject
1137381,PMT_SEC_OPTIONS,PS_PMT_SEC_OPTIONS,PMT_SECURITY | PMT_SECURITY_LEVEL | PMT_SECURITY_SW,IT & Sécurité,0.5,"['Finance & Contrôle', 'IT & Sécurité']",coin_flip_reject
1137758,PO_CLMRECON_AET,PS_PO_CLMRECON_AET,ACCOUNTING_DT | AMT_CLAIM | CALLING_SRC | CB_CONTRACT_ID | CB_CONTRACT_SETID | CLAIM_ACTION | CLAIM_ID | CLAIM_RECON_OPT | CLAIM_SETTLE_SEQ | DISTRIB_LINE_NUM | LINE_NBR | MAX_SETTLE_SEQ | OPRID | PROCESS_INSTANCE | RUN_CNTL_ID | SETID | SETTLEMENT_METHOD | TEMP_FLD | TOTAL_CLAIM_AMT | TOT_CLAIM_VAT | VALID_ACCT_DT | VAT_AMT | VRBT_ID | WORKBENCH_ID,Finance & Contrôle,0.5,"['Achats & Fournisseurs', 'Finance & Contrôle']",coin_flip_reject
1137765,PO_CLM_VAT_T,PS_PO_CLM_VAT_T,ACCOUNT | AFFILIATE | AFFILIATE_INTRA1 | AFFILIATE_INTRA2 | ALTACCT | BUDGET_REF | BUSINESS_UNIT_DS | BUSINESS_UNIT_GL | BUSINESS_UNIT_VAT | CHARTFIELD1 | CHARTFIELD2 | CHARTFIELD3 | CLAIM_DT | CLAIM_ID | CLASS_FLD | COUNTRY | COUNTRY_LOC_BUYER | COUNTRY_LOC_SELLER | COUNTRY_SHIP_FROM | COUNTRY_SHIP_TO | COUNTRY_VAT_BILLFR | COUNTRY_VAT_BILLTO | COUNTRY_VAT_PERFRM | COUNTRY_VAT_SHIPTO | COUNTRY_VAT_SUPPLY | CURRENCY_CD | CURRENCY_CD_BASE | DEPTID | DISTRIB_LINE_NUM | DISTRIB_PCT | ERROR_FIELDNAME | ERROR_FLAG | FUND_CODE | IST_TXN_FLG | LINE_NBR | MERCHANDISE_AMT | MESSAGE_NBR | MESSAGE_SET_NBR | OPERATING_UNIT | PHYSICAL_NATURE | PRCS_OPTION_ID | PROCESS_INSTANCE | PRODUCT | PROGRAM_CODE | PROJECT_ID | PYMNT_TERMS_CD | RATE_DIV | RATE_MULT | SETID | STATE | STATE_LOC_BUYER | STATE_LOC_SELLER | STATE_SHIP_FROM | STATE_SHIP_TO | STATE_VAT_DEFAULT | STATE_VAT_PERFRM | STATE_VAT_SUPPLY | STATISTICS_CODE | SYSTEM_SOURCE | TAX_CD_VAT | TAX_CD_VAT_PCT | VAT_APORT_CNTRL | VAT_APPLICABILITY | VAT_APPLICABLE | VAT_CALC_FRGHT_FLG | VAT_CALC_GROSS_NET | VAT_CALC_MISC_FLG | VAT_CALC_TYPE | VAT_DCLRTN_POINT | VAT_DCLRTN_PT_GDS | VAT_DCLRTN_PT_SVC | VAT_DEFAULT_TYPE_C | VAT_DEFAULT_TYPE_T | VAT_DFLT_DONE_FLG | VAT_ENTITY | VAT_ENVIRONMENT | VAT_ERROR_FLAG | VAT_EXCPTN_CERTIF | VAT_EXCPTN_TYPE | VAT_NON_SUSP_FLG | VAT_RCRD_INPT_FLG | VAT_RCRD_OUTPT_FLG | VAT_REBATE_PCT | VAT_RECALC_FLG | VAT_RECOVERY_PCT | VAT_RGSTRN_SELLER | VAT_ROUND_RULE | VAT_RPT_CNTRY_SRC | VAT_RVRSE_CHG_GDS | VAT_SERVICE_TYPE | VAT_SUSPENSION_FLG | VAT_SVC_PERFRM_FLG | VAT_SVC_SUPPLY_FLG | VAT_TREATMENT | VAT_TREATMENT_GRP | VAT_TXN_TYPE_CD | VAT_USE_ID | VENDOR_ID | VENDOR_SETID | VNDR_LOC,Finance & Contrôle,0.5,"['Achats & Fournisseurs', 'Finance & Contrôle']",coin_flip_reject
1137928,PO_DFLT_DISTRIB,PS_PO_DFLT_DISTRIB,ACCOUNT | ACTIVITY_ID | AFFILIATE | AFFILIATE_INTRA1 | AFFILIATE_INTRA2 | ALTACCT | ANALYSIS_TYPE | BUDGET_DT | BUDGET_REF | BUSINESS_UNIT | BUSINESS_UNIT_AM | BUSINESS_UNIT_GL | BUSINESS_UNIT_IN | BUSINESS_UNIT_PC | CHARTFIELD1 | CHARTFIELD2 | CHARTFIELD3 | CLASS_FLD | COST_TYPE | DEPTID | DISTRIB_LINE_NUM | DISTRIB_PCT | ENTRY_EVENT | FINANCIAL_ASSET_SW | FUND_CODE | LOCATION | OPERATING_UNIT | PO_ID | PRODUCT | PROFILE_ID | PROGRAM_CODE | PROJECT_ID | RESOURCE_CATEGORY | RESOURCE_SUB_CAT | RESOURCE_TYPE | STATISTICS_CODE,Finance & Contrôle,0.5,"['Finance & Contrôle', 'Achats & Fournisseurs']",coin_flip_reject
1138005,PO_DSEXS_T,PS_PO_DSEXS_T,BAL_STATUS | BASE_CURRENCY | BUSINESS_UNIT | CSD_NRCVRY_AMT | CSD_NRCVRY_AMT_BSE | CSD_RCVRY_AMT | CSD_RCVRY_AMT_BSE | CSD_TAX_AMT | CSD_TAX_AMT_BSE | DISTRIB_LINE_NUM | DISTRIB_PCT | DST_ACCT_TYPE | EXD_BASIS_AMT | EXD_BASIS_AMT_BSE | EXD_BASIS_AMT_RPT | EXD_NRCVRY_AMT | EXD_NRCVRY_AMT_BSE | EXD_NRCVRY_AMT_RPT | EXD_RCVRY_AMT | EXD_RCVRY_AMT_BSE | EXD_RCVRY_AMT_RPT | EXD_TAX_AMT | EXD_TAX_AMT_BSE | EXD_TAX_AMT_RPT | EXS_CURRENCY_RPTG | LINE_NBR | PO_ID | PROCESS_INSTANCE | RATE_DIV | RATE_MULT | SCHED_NBR | STX_BASIS_AMT | STX_BASIS_AMT_BSE | STX_BASIS_AMT_RPT | STX_NRCVRY_AMT | STX_NRCVRY_AMT_BSE | STX_NRCVRY_AMT_RPT | STX_RCVRY_AMT | STX_RCVRY_AMT_BSE | STX_RCVRY_AMT_RPT | STX_TAX_AMT | STX_TAX_AMT_BSE | STX_TAX_AMT_RPT | TXN_CURRENCY_CD,Finance & Contrôle,0.5,"['Achats & Fournisseurs', 'Finance & Contrôle']",coin_flip_reject
1138100,PO_EXS_DWK_T,PS_PO_EXS_DWK_T,BAL_STATUS | BASE_CURRENCY | BUSINESS_UNIT | CSD_NRCVRY_AMT | CSD_NRCVRY_AMT_BSE | CSD_RCVRY_AMT | CSD_RCVRY_AMT_BSE | CSD_TAX_AMT | CSD_TAX_AMT_BSE | DISTRIB_LINE_NUM | DISTRIB_PCT | DST_ACCT_TYPE | EXD_BASIS_AMT | EXD_BASIS_AMT_BSE | EXD_BASIS_AMT_RPT | EXD_NRCVRY_AMT | EXD_NRCVRY_AMT_BSE | EXD_NRCVRY_AMT_RPT | EXD_RCVRY_AMT | EXD_RCVRY_AMT_BSE | EXD_RCVRY_AMT_RPT | EXD_TAX_AMT | EXD_TAX_AMT_BSE | EXD_TAX_AMT_RPT | EXS_CURRENCY_RPTG | LINE_NBR | PO_ID | PROCESS_INSTANCE | RATE_DIV | RATE_MULT | SCHED_NBR | STX_BASIS_AMT | STX_BASIS_AMT_BSE | STX_BASIS_AMT_RPT | STX_NRCVRY_AMT | STX_NRCVRY_AMT_BSE | STX_NRCVRY_AMT_RPT | STX_RCVRY_AMT | STX_RCVRY_AMT_BSE | STX_RCVRY_AMT_RPT | STX_TAX_AMT | STX_TAX_AMT_BSE | STX_TAX_AMT_RPT | TXN_CURRENCY_CD,Finance & Contrôle,0.5,"['Achats & Fournisseurs', 'Finance & Contrôle']",coin_flip_reject
1138275,PO_ITMLOAD2_AET,PS_PO_ITMLOAD2_AET,EIP_CTL_ID | EIP_CTL_ID_FROM | EIP_CTL_ID_TO | OPRID | PROCESS_INSTANCE | RUN_CNTL_ID,Achats & Fournisseurs,0.5,"['Achats & Fournisseurs', 'IT & Sécurité']",coin_flip_reject
1138290,PO_ITM_STG_SUTD,PS_PO_ITM_STG_SUTD,BUSINESS_UNIT | CURRENCY_CD | CURRENCY_CD_BASE | LINE_NBR | PO_ID | PO_STG_ID | PO_STG_TYPE | PROCESS_INSTANCE | SCHED_NBR | SEQNBR | SUT_PRODUCT_TYPE | TAX_AMT | TAX_AMT_BSE | TAX_AUTHORITY_CD | TAX_BASIS_AMT | TAX_BASIS_AMT_BSE | TAX_CD_TYPE | TAX_JUR_NAME | TAX_PCT,Finance & Contrôle,0.5,"['Finance & Contrôle', 'Achats & Fournisseurs']",coin_flip_reject
1138404,PO_LN_DIST_EXSB,PS_PO_LN_DIST_EXSB,BUSINESS_UNIT | CSD_NRCVRY_AMT | CSD_NRCVRY_AMT_BSE | CSD_RCVRY_AMT | CSD_RCVRY_AMT_BSE | CSD_TAX_AMT | CSD_TAX_AMT_BSE | CURRENCY_CD | CURRENCY_CD_BASE | DISTRIB_LINE_NUM | DST_ACCT_TYPE | EXD_BASIS_AMT | EXD_BASIS_AMT_BSE | EXD_BASIS_AMT_RPT | EXD_NRCVRY_AMT | EXD_NRCVRY_AMT_BSE | EXD_NRCVRY_AMT_RPT | EXD_RCVRY_AMT | EXD_RCVRY_AMT_BSE | EXD_RCVRY_AMT_RPT | EXD_TAX_AMT | EXD_TAX_AMT_BSE | EXD_TAX_AMT_RPT | EXS_CURRENCY_RPTG | EXS_TAX_AMT_TTL | LINE_NBR | PO_ID | PROCESS_INSTANCE | SCHED_NBR | STX_BASIS_AMT | STX_BASIS_AMT_BSE | STX_BASIS_AMT_RPT | STX_NRCVRY_AMT | STX_NRCVRY_AMT_BSE | STX_NRCVRY_AMT_RPT | STX_RCVRY_AMT | STX_RCVRY_AMT_BSE | STX_RCVRY_AMT_RPT | STX_TAX_AMT | STX_TAX_AMT_BSE | STX_TAX_AMT_RPT,Finance & Contrôle,0.5,"['Achats & Fournisseurs', 'Finance & Contrôle']",coin_flip_reject
1138724,PO_PREPOST_WK5,PS_PO_PREPOST_WK5,ACCOUNT | ACTIVITY_ID | AFFILIATE | AFFILIATE_INTRA1 | AFFILIATE_INTRA2 | ALTACCT | ANALYSIS_TYPE | BUDGET_DT | BUDGET_LINE_STATUS | BUDGET_REF | BUSINESS_UNIT | BUSINESS_UNIT_AM | BUSINESS_UNIT_GL | BUSINESS_UNIT_IN | BUSINESS_UNIT_PC | BUSINESS_UNIT_REQ | CAP_NUM | CAP_SEQUENCE | CHARTFIELD1 | CHARTFIELD2 | CHARTFIELD3 | CHARTFIELD_STATUS | CLASS_FLD | CLOSE_AMOUNT | CLOSE_AMOUNT_BSE | CURRENCY_CD | CURRENCY_CD_BASE | DEPTID | DIST_PROCESSED_FLG | DISTRIB_LINE_NUM | DISTRIB_LN_STATUS | DISTRIB_PCT | DISTRIB_TYPE | DST_ACCT_TYPE | EMPLID | FINANCIAL_ASSET_SW | FUND_CODE | INVOICE_CLOSE_IND | LINE_NBR | LOCATION | MERCH_AMT_BSE | MERCHANDISE_AMT | MONETARY_AMOUNT | MONETARY_AMT_BSE | OPERATING_UNIT | PC_DISTRIB_AMT | PC_DISTRIB_AMT_BSE | PC_DISTRIB_STATUS | PO_FRT_ALLOC | PO_FRT_AMT | PO_FRT_RND | PO_ID | PO_POST_AMT | PO_POST_AMT_BSE | PO_POST_STATUS | PO_SCHED_AMT | PO_TAX_ALLOC | PO_TAX_AMT | PO_TAX_RND | PO_WRK_PI | PROCESS_INSTANCE | PROCESS_MAN_CLOSE | PRODUCT | PROFILE_ID | PROGRAM_CODE | PROJECT_ID | QTY_PO | QTY_REQ | RATE_DIV | RATE_MULT | REPLEN_OPT | REQ_DISTRIB_NBR | REQ_ID | REQ_LINE_NBR | REQ_SCHED_NBR | RESOURCE_CATEGORY | RESOURCE_SUB_CAT | RESOURCE_TYPE | RT_TYPE | SALETX_AMT | SALETX_AMT_BSE | SCHED_NBR | STATISTIC_AMOUNT | STATISTICS_CODE | SUT_APPLICABILITY | SYSTEM_SOURCE | TAX_CD_SUT | TAX_CD_SUT_PCT | TAX_CD_VAT | TAX_CD_VAT_PCT | USETAX_AMT | USETAX_AMT_BSE | VAT_AMT | VAT_AMT_BASE | VAT_APPLICABILITY | VAT_BASIS_AMT | VAT_BASIS_AMT_BSE | VAT_RCVRY_AMT | VAT_RCVRY_AMT_BSE | VAT_REBATE_AMT | VAT_REBATE_AMT_BSE | VAT_REBATE_PCT | VAT_RECOVERY_PCT | VAT_TXN_TYPE_CD | VAT_USE_ID,Finance & Contrôle,0.5,"['Achats & Fournisseurs', 'Finance & Contrôle']",coin_flip_reject
1138854,POREQHDR_TEOA,PS_POREQHDR_TEOA,ASOF_DT | DTTM_STAMP | EO_AUDIT_FLG | EXCEPTION_INFO | FIELDNAME | FIELD_VALUE | FROM_CURRENCY | KEY10_FLDNAME | KEY10_FLD_VAL | KEY11_FLDNAME | KEY11_FLD_VAL | KEY12_FLDNAME | KEY12_FLD_VAL | KEY13_FLDNAME | KEY13_FLD_VAL | KEY14_FLDNAME | KEY14_FLD_VAL | KEY15_FLDNAME | KEY15_FLD_VAL | KEY16_FLDNAME | KEY16_FLD_VAL | KEY1_FLDNAME | KEY1_FLD_VAL | KEY2_FLDNAME | KEY2_FLD_VAL | KEY3_FLDNAME | KEY3_FLD_VAL | KEY4_FLDNAME | KEY4_FLD_VAL | KEY5_FLDNAME | KEY5_FLD_VAL | KEY6_FLDNAME | KEY6_FLD_VAL | KEY7_FLDNAME | KEY7_FLD_VAL | KEY8_FLDNAME | KEY8_FLD_VAL | KEY9_FLDNAME | KEY9_FLD_VAL | OPRID | PROCESS_INSTANCE | PROC_GRP_ID | RATE_DIV | RATE_MULT | RECNAME | RT_DIV_FLDNAME | RT_MULT_FLDNAME | RULE_INSTNC_NBR | RUN_CNTL_ID | TO_CURRENCY,Achats & Fournisseurs,0.5,"['Achats & Fournisseurs', 'IT & Sécurité']",coin_flip_reject
1138861,POREQLNDIS_TEO3,PS_POREQLNDIS_TEO3,ACCOUNT | ACTIVITY_ID | AFFILIATE | AFFILIATE_INTRA1 | AFFILIATE_INTRA2 | ALTACCT | AMT_OPEN | AMT_OPEN_BSE | ANALYSIS_TYPE | BUDGET_DT | BUDGET_LINE_STATUS | BUDGET_REF | BUSINESS_UNIT | BUSINESS_UNIT_AM | BUSINESS_UNIT_GL | BUSINESS_UNIT_IN | BUSINESS_UNIT_PC | BUSINESS_UNIT_REQ | CAP_NUM | CAP_SEQUENCE | CHARTFIELD1 | CHARTFIELD2 | CHARTFIELD3 | CHARTFIELD_STATUS | CLASS_FLD | CLOSE_AMOUNT | CLOSE_AMT_BSE | COST_TYPE | CURRENCY_CD | CURRENCY_CD_BASE | CUSTOM_C100_D1 | CUSTOM_C100_D2 | CUSTOM_C100_D3 | CUSTOM_C100_D4 | CUSTOM_C1_D | CUSTOM_DATE_D | DEPTID | DIST_PROCESSED_FLG | DISTRIB_LINE_NUM | DISTRIB_LN_STATUS | DISTRIB_PCT | DISTRIB_TYPE | EMPLID | ENTRY_EVENT | EO_FROM_CURRENCY | EO_PROCESS_INST | FINANCIAL_ASSET_SW | FUND_CODE | KK_CLOSE_FLAG | LINE_NBR | LOCATION | MERCH_AMT_BSE | MERCHANDISE_AMT | MONETARY_AMOUNT | MONETARY_AMT_BSE | OPERATING_UNIT | PC_DISTRIB_AMT | PC_DISTRIB_AMT_BSE | PC_DISTRIB_STATUS | PEG_STATUS | PO_POST_AMT | PO_POST_AMT_BSE | PO_POST_STATUS | PROCESS_INSTANCE | PROCESS_MAN_CLOSE | PRODUCT | PROFILE_ID | PROGRAM_CODE | PROJECT_ID | QTY_OPEN | QTY_OPEN_STD | QTY_REQ | QTY_REQ_STD | RATE_DIV | RATE_MULT | REQ_ID | RESOURCE_CATEGORY | RESOURCE_SUB_CAT | RESOURCE_TYPE | RT_TYPE | SCHED_NBR | STATISTICS_CODE | TAG_NUMBER | UNIT_MEASURE_STD | USER_DIST_CHAR1,Finance & Contrôle,0.5,"['Finance & Contrôle', 'Achats & Fournisseurs']",coin_flip_reject
1138979,PO_ROLLO_NP_STG,PS_PO_ROLLO_NP_STG,ACCOUNT | ACTIVITY_ID | AFFILIATE | AFFILIATE_INTRA1 | AFFILIATE_INTRA2 | ALTACCT | ANALYSIS_TYPE | BUDGET_DT | BUDGET_LINE_STATUS | BUDGET_REF | BUSINESS_UNIT | BUSINESS_UNIT_GL | BUSINESS_UNIT_PC | BUSINESS_UNIT_REQ | CHARTFIELD1 | CHARTFIELD2 | CHARTFIELD3 | CHARTFIELD_STATUS | CLASS_FLD | CURRENCY_CD | CURRENCY_CD_BASE | DEPTID | DIST_PROCESSED_FLG | DISTRIB_LINE_NUM | DISTRIB_LN_STATUS | DST_ACCT_TYPE | FUND_CODE | KK_CLOSE_FLAG | KK_PROCESS_PRIOR | LINE_NBR | LOCATION | MERCH_AMT_BSE | MERCHANDISE_AMT | MONETARY_AMOUNT | MONETARY_AMT_BSE | OPERATING_UNIT | PO_ID | PROCESS_INSTANCE | PROCESS_MAN_CLOSE | PRODUCT | PROGRAM_CODE | PROJECT_ID | QTY_PO | RESOURCE_CATEGORY | RESOURCE_SUB_CAT | RESOURCE_TYPE | SCHED_NBR | STATISTIC_AMOUNT | STATISTICS_CODE | SYSTEM_SOURCE,Finance & Contrôle,0.5,"['Finance & Contrôle', 'Achats & Fournisseurs']",coin_flip_reject
1139278,POS_IMPCT_HDG_T,PS_POS_IMPCT_HDG_T,PERIOD_END_DT | PERIOD_START_DT | POS_IMPCT_ORIG | SEQ_NUM | SOURCE_SET | TIME_SET,Finance & Contrôle,0.5,"['Finance & Contrôle', 'Other']",coin_flip_reject
1139520,POS_SOURCE_KEYS,PS_POS_SOURCE_KEYS,DRILL_TO_FLAG | FIELDNAME_SOURCE | FIELDNAME_TO | LABEL_ID | PMT_VIEW_KEY_FLG | POS_SOURCE_ID | RANK_FLAG | SETID,IT & Sécurité,0.5,"['Other', 'IT & Sécurité']",coin_flip_reject
1139699,POST_REQ_TMP,PS_POST_REQ_TMP,BUSINESS_UNIT | CALC_DATE_OPT | CALC_EFFDT | CALC_PERIOD | CALC_YEAR | CALENDAR_ID | DSO90_PERIOD | DSO90_YEAR | NUMBER_OF_PERIODS | POST_FR_DT | POSTNOW_TYPE | POST_TO_DT | PROCESS_D_HIST | PROCESS_FREQUENCY | PROCESS_INSTANCE | PROCESS_P_HIST | PROCESS_U_HIST | SETID | SUBCUST_USE,IT & Sécurité,0.5,"['IT & Sécurité', 'Achats & Fournisseurs']",coin_flip_reject
1139842,PO_VAT_DF_T,PS_PO_VAT_DF_T,ACCOUNT | ACTIVITY_ID | ADDRESS_SEQ_NUM | AFFILIATE | AFFILIATE_INTRA1 | AFFILIATE_INTRA2 | ALTACCT | ANALYSIS_TYPE | BUDGET_REF | BUSINESS_UNIT | BUSINESS_UNIT_DS | BUSINESS_UNIT_GL | BUSINESS_UNIT_VAT | CATEGORY_CD | CATEGORY_ID | CHARTFIELD1 | CHARTFIELD2 | CHARTFIELD3 | CLASS_FLD | CNTRCT_ID | CNTRCT_LINE_NBR | CNTRCT_SETID | COUNTRY | COUNTRY_LOC_BUYER | COUNTRY_LOC_SELLER | COUNTRY_SHIP_FROM | COUNTRY_SHIP_TO | COUNTRY_VAT_BILLFR | COUNTRY_VAT_BILLTO | COUNTRY_VAT_PERFRM | COUNTRY_VAT_SHIPTO | COUNTRY_VAT_SUPPLY | CURRENCY_CD | CURRENCY_CD_BASE | DEPTID | DISTRIB_LINE_NUM | DISTRIB_PCT | DROP_SHIP_FLAG | DSCNT_PCT | DUE_DT | ERROR_FIELDNAME | ERROR_FLAG | FREIGHT_AMT | FUND_CODE | INV_ITEM_ID | IST_TXN_FLG | ITM_SETID | LINE_NBR | LOCATION | LOC_SETID | MERCHANDISE_AMT | MESSAGE_NBR | MESSAGE_SET_NBR | MISC_AMT | OPERATING_UNIT | PHYSICAL_NATURE | PO_DT | PO_ID | PO_STG_ID | PO_STG_TYPE | PRCS_OPTION_ID | PROCESS_INSTANCE | PRODUCT | PROGRAM_CODE | PROJECT_ID | PYMNT_TERMS_CD | RATE_DIV | RATE_MULT | REQ_ID | REQ_LINE_NBR | REQ_SCHED_NBR | RESOURCE_CATEGORY | RESOURCE_SUB_CAT | RESOURCE_TYPE | SCHED_NBR | SETID | SHIPTO_ID | SHIPTO_SETID | STATE | STATE_LOC_BUYER | STATE_LOC_SELLER | STATE_SHIP_FROM | STATE_SHIP_TO | STATE_VAT_DEFAULT | STATE_VAT_PERFRM | STATE_VAT_SUPPLY | STATISTICS_CODE | SYSTEM_SOURCE | TAX_CD_VAT | TAX_CD_VAT_PCT | TAX_CD_VAT_RVC | TAX_CD_VAT_RVC_PCT | VAT_AMT_RVC | VAT_AMT_RVC_BSE | VAT_APORT_CNTRL | VAT_APPLICABILITY | VAT_APPLICABLE | VAT_CALC_FRGHT_FLG | VAT_CALC_GROSS_NET | VAT_CALC_MISC_FLG | VAT_CALC_TYPE | VAT_DCLRTN_POINT | VAT_DCLRTN_PT_GDS | VAT_DCLRTN_PT_SVC | VAT_DEFAULT_TYPE_C | VAT_DEFAULT_TYPE_T | VAT_DFLT_DONE_FLG | VAT_ENTITY | VAT_ENVIRONMENT | VAT_ERROR_FLAG | VAT_EXCPTN_CERTIF | VAT_EXCPTN_TYPE | VAT_NON_SUSP_FLG | VAT_RCRD_INPT_FLG | VAT_RCRD_OUTPT_FLG | VAT_REBATE_PCT | VAT_RECALC_FLG | VAT_RECOVERY_PCT | VAT_RGSTRN_SELLER | VAT_ROUND_RULE | VAT_RPT_CNTRY_SRC | VAT_RVRSE_CHG_GDS | VAT_SERVICE_TYPE | VAT_SUBJ_RVRSE_CHG | VAT_SUSPENSION_FLG | VAT_SVC_PERFRM_FLG | VAT_SVC_SUPPLY_FLG | VAT_TREATMENT | VAT_TREATMENT_GRP | VAT_TXN_TYPE_CD | VAT_USE_ID | VENDOR_ID | VENDOR_SETID | VNDR_LOC,Finance & Contrôle,0.5,"['Achats & Fournisseurs', 'Finance & Contrôle']",coin_flip_reject
1139915,PO_XMLP_BOE_AET,PS_PO_XMLP_BOE_AET,AS_OF_DATE | LANGUAGE_CD | OPRID | PROCESS_INSTANCE | REPORT_DEFN_ID | RUN_CNTL_ID | TMPLDEFN_ID,Achats & Fournisseurs,0.5,"['IT & Sécurité', 'Achats & Fournisseurs']",coin_flip_reject
1139917,PO_XMLP_CNT_AET,PS_PO_XMLP_CNT_AET,AS_OF_DATE | LANGUAGE_CD | OPRID | PROCESS_INSTANCE | REPORT_DEFN_ID | RUN_CNTL_ID | TMPLDEFN_ID,IT & Sécurité,0.5,"['IT & Sécurité', 'Achats & Fournisseurs']",coin_flip_reject
1139920,PO_XMLP_DEL_AET,PS_PO_XMLP_DEL_AET,AS_OF_DATE | LANGUAGE_CD | OPRID | PROCESS_INSTANCE | REPORT_DEFN_ID | RUN_CNTL_ID | TMPLDEFN_ID,Achats & Fournisseurs,0.5,"['Achats & Fournisseurs', 'IT & Sécurité']",coin_flip_reject
1140010,PP_MET_FUNC_TBL,PS_PP_MET_FUNC_TBL,ALGORITHM_GROUP | CURRENCY_CD | EFFDT | PP_MAIN_BU | PP_MAIN_CUSTID | PP_MAIN_SYSFUNC | PP_MAIN_TOL | PP_MAIN_TOL_PER | PP_MAIN_USE | PP_METHOD | PP_MODULE | PP_REVIEW_SW | PP_SEQ_NUM | PP_TAG_SW | PP_USAGE | SETID,Supply Chain / Logistique / Production,0.5,"['Supply Chain / Logistique / Production', 'Other']",coin_flip_reject
1140268,PRCR_TXN_HST_RC,PS_PRCR_TXN_HST_RC,END_PERIOD | END_YEAR | OPRID | PRCR_PER_TYPE | REL_END_PER | REL_START_PER | REPORT_ENTITY | RUN_CNTL_ID | START_PERIOD | START_YEAR,Finance & Contrôle,0.5,"['Achats & Fournisseurs', 'Finance & Contrôle']",coin_flip_reject
1140278,PRCR_UPD_TMP1H,PS_PRCR_UPD_TMP1H,AMT_CANCELED | AMT_INVOICED | AMT_ORDERED | AMT_RECEIVED | AMT_REJECTED | AMT_RETURNED | BANK_CD | BANK_SETID | BUSINESS_UNIT_AP | BUSINESS_UNIT_PO | BUYER_ID | CATEGORY_ID | CURRENCY_CD | CURRENCY_PYMNT | DESCR | EARLY_SHIPMENTS | INV_ITEM_ID | ITM_SETID | LAST_DTTM_UPDATE | LATE_SHIPMENTS | LEAD_TIME | LEAD_TIME_MAD | NUM_DAYS_DEVIATION | NUM_OF_ORDERS | NUM_OF_RECEIPTS | NUM_OF_RETURNS | OVER_SHIPMENTS | PAID_AMT | PAID_AMT_GROSS | PRCR_PERIOD | PRCR_YEAR | PRICE_LIST | PROCESS_INSTANCE | QTY_CANCEL | QTY_DEFECTIVE | QTY_EARLY | QTY_LATE | QTY_OPEN | QTY_PO | QTY_RETURN | QTY_SH_RECVD_SUOM | QTY_SH_REJCT_SUOM | QTY_VCHR | REPORT_ENTITY | SHIPTO_ID | SHIPTO_SETID | UNDER_SHIPMENTS | UNIT_MEASURE_STD | UNIT_MEASURE_WT | VENDOR_ID | VENDOR_SETID | WT_CANCELED | WT_ORDERED | WT_RECEIVED | WT_REJECTED | WT_RETURNED,Finance & Contrôle,0.5,"['Finance & Contrôle', 'Achats & Fournisseurs']",coin_flip_reject
1140281,PRCR_UPD_TMP1Q,PS_PRCR_UPD_TMP1Q,BANK_CD | BANK_SETID | BUSINESS_UNIT_AP | BUSINESS_UNIT_PO | CATEGORY_ID | CURRENCY_CD | CURRENCY_PYMNT | INV_ITEM_ID | ITM_SETID | PAID_AMT | PAID_AMT_GROSS | PRCR_PERIOD | PRCR_YEAR | PROCESS_INSTANCE | REPORT_ENTITY | SHIPTO_ID | SHIPTO_SETID | UNIT_MEASURE_STD | VENDOR_ID | VENDOR_SETID,Finance & Contrôle,0.5,"['Finance & Contrôle', 'Achats & Fournisseurs']",coin_flip_reject
1140388,PRCSPURGELIST,PS_PRCSPURGELIST,DAYSBEFOREPURGE | ENABLED | RUNSTATUS,IT & Sécurité,0.5,"['IT & Sécurité', 'Achats & Fournisseurs']",coin_flip_reject
1140506,PRDPRCBU_UP_AET,PS_PRDPRCBU_UP_AET,BUSINESS_UNIT_IN | CURRENCY_CD | DATETIME_ADDED | LAST_MAINT_OPRID | LASTUPDDTTM | PROCESS_INSTANCE | PRODUCT_ID | SETID | UNIT_OF_MEASURE,IT & Sécurité,0.5,"['IT & Sécurité', 'Achats & Fournisseurs']",coin_flip_reject
1140549,PRD_SRCH_UPNTMP,PS_PRD_SRCH_UPNTMP,INV_ITEM_ID | LASTUPDDTTM | PROCESS_INSTANCE | PRODUCT_ID | SETID | UNIT_OF_MEASURE | UPN_ID | UPN_TYPE_CD,Supply Chain / Logistique / Production,0.5,"['Supply Chain / Logistique / Production', 'IT & Sécurité']",coin_flip_reject
1140578,PRG_USR_PROFILE,PS_PRG_USR_PROFILE,DESCR100 | EMPLID | LASTUPDDTTM | LASTUPDOPRID | OPRDEFNDESC | OPRID | USRPROF_PURGE_STAT,RH,0.5,"['RH', 'IT & Sécurité']",coin_flip_reject
1140583,PRICE_ADJ_RULE,PS_PRICE_ADJ_RULE,ADJUST_ON_SHIPTO | ADJUST_ON_UOM | CURRENCY_CD | DFLT_UOM_ADJUST | EFFDT | FINAL_PRICE | HARD_PRICE | IGNORE_IF_OTHER | INV_ITEM_ID | PRICE_ADJUST_SEQ | SETID | SHIPTO_ID | SHIPTO_SETID | UNIT_OF_MEASURE | VENDOR_ID | VENDOR_SETID | VNDR_LOC,Achats & Fournisseurs,0.5,"['Achats & Fournisseurs', 'Finance & Contrôle']",coin_flip_reject
1140867,PROD_ITEM,PS_PROD_ITEM,ACTIVITY_ID | ADJUST_ALTCOST_FLG | ADJUST_ALTCOST_PCT | APPLIES_TO | BP_DTL_TMPL_ID | BUSINESS_UNIT_PC | CA_AP_TMPL_ID | CA_BP_TMPL_ID | CATALOG_NBR | CFG_CODE_OPT | CFG_KIT_FLAG | COMM_FLAG | COMM_PCT | COST_ELEMENT | CP_TEMPLATE_ID | CP_TREE_DIST | DATETIME_ADDED | DESCR | DESCR254 | DROP_SHIP_FLAG | EFF_STATUS | EOEP_MRGBASE_FLG | EXPORT_LIC_REQ | FORECAST_ITEM_FLAG | HOLD_UPDATE_SW | INV_ITEM_ID | LAST_MAINT_OPRID | LASTUPDDTTM | LOWER_MARGIN_PCT | MODEL_NBR | PERCENTAGE | PHYSICAL_NATURE | PRICE_KIT_FLAG | PRICING_STRUCTURE | PROD_BRAND | PROD_CATEGORY | PROD_FIELD_C10_A | PROD_FIELD_C10_B | PROD_FIELD_C10_C | PROD_FIELD_C10_D | PROD_FIELD_C1_A | PROD_FIELD_C1_B | PROD_FIELD_C1_C | PROD_FIELD_C1_D | PROD_FIELD_C2 | PROD_FIELD_C30_A | PROD_FIELD_C30_B | PROD_FIELD_C30_C | PROD_FIELD_C30_D | PROD_FIELD_C4 | PROD_FIELD_C6 | PROD_FIELD_C8 | PROD_FIELD_N12_A | PROD_FIELD_N12_B | PROD_FIELD_N12_C | PROD_FIELD_N12_D | PROD_FIELD_N15_A | PROD_FIELD_N15_B | PROD_FIELD_N15_C | PROD_FIELD_N15_D | PRODUCT_ID | PRODUCT_KIT_FLAG | PRODUCT_USE | PROJECT_ID | RENEWABLE | RENEWAL_ACTION | RETURN_FLAG | REV_RECOG_METHOD | RNW_TEMPLATE_ID | SETID | TAX_PRODUCT_NBR | TAX_TRANS_SUB_TYPE | TAX_TRANS_TYPE | THIRD_PARTY_FLG | UPPER_MARGIN_PCT | VAT_SVC_PERFRM_FLG,Supply Chain / Logistique / Production,0.5,"['Supply Chain / Logistique / Production', 'Finance & Contrôle']",coin_flip_reject
1140894,PROD_ITM_CUR_EC,PS_PROD_ITM_CUR_EC,AUDIT_ACTN | CURRENCY_CD | DATETIME_ADDED | EIP_CTL_ID | IN_PROCESS_FLG | LAST_MAINT_OPRID | LASTUPDDTTM | LOWER_MARGIN_AMT | PRODUCT_ID | SETID | UPPER_MARGIN_AMT,Finance & Contrôle,0.5,"['Supply Chain / Logistique / Production', 'Finance & Contrôle']",coin_flip_reject
1140990,PRODPRCBU_TEO1,PS_PRODPRCBU_TEO1,BUSINESS_UNIT_IN | CURRENCY_CD | DATETIME_ADDED | EO_FROM_CURRENCY | EO_PROCESS_INST | LAST_MAINT_OPRID | LASTUPDDTTM | PRODUCT_ID | SETID | UNIT_OF_MEASURE,Finance & Contrôle,0.5,"['Finance & Contrôle', 'IT & Sécurité']",coin_flip_reject
1140991,PRODPRCBU_TEO2,PS_PRODPRCBU_TEO2,BUSINESS_UNIT_IN | CURRENCY_CD | DATETIME_ADDED | EO_FROM_CURRENCY | EO_PROCESS_INST | LAST_MAINT_OPRID | LASTUPDDTTM | PRODUCT_ID | SETID | UNIT_OF_MEASURE,Achats & Fournisseurs,0.5,"['Achats & Fournisseurs', 'IT & Sécurité']",coin_flip_reject
1141056,PRODUCT_TBL,PS_PRODUCT_TBL,ACCOUNTING_OWNER | BUDGETARY_ONLY | DESCR | DESCRLONG | DESCRSHORT | EFFDT | EFF_STATUS | PRODUCT | RTBL_DATA | SETID | SYNCDTTM | SYNCID,Supply Chain / Logistique / Production,0.5,"['Other', 'Supply Chain / Logistique / Production']",coin_flip_reject
1141058,PROD_UOM_CUR_EC,PS_PROD_UOM_CUR_EC,AUDIT_ACTN | CURRENCY_CD | DATETIME_ADDED | EIP_CTL_ID | IN_PROCESS_FLG | MIN_PRICE | PRODUCT_ID | SETID | UNIT_OF_MEASURE,Supply Chain / Logistique / Production,0.5,"['Supply Chain / Logistique / Production', 'Finance & Contrôle']",coin_flip_reject
1141059,PROD_UOM_CURR,PS_PROD_UOM_CURR,CURRENCY_CD | DATETIME_ADDED | LAST_MAINT_OPRID | LASTUPDDTTM | MIN_PRICE | PRODUCT_ID | SETID | UNIT_OF_MEASURE,Supply Chain / Logistique / Production,0.5,"['Supply Chain / Logistique / Production', 'Finance & Contrôle']",coin_flip_reject
1141129,PROFILE_TBL,PS_PROFILE_TBL,ACQUISITION_CD | ARO_SW | ASSET_CLASS | ASSET_RESOURCE_SW | ASSET_SUBTYPE | ASSET_TYPE | CAP_THRSHLD_ID | DEFAULT_DESCR | DESCR | FINANCIAL_ASSET_SW | INDEX_DETAIL_NAME | INDEX_NAME | PROFILE_ACTIVE_SW | PROFILE_ID | RD_PLANT_ASSET | RD_START_DT | RD_USE_NBV | SETID | TAGGABLE_SW,Finance & Contrôle,0.5,"['Other', 'Finance & Contrôle']",coin_flip_reject
1141369,PROJ_FUND_TEO2,PS_PROJ_FUND_TEO2,ANALYSIS_GROUP | ANALYSIS_TYPE | BUSINESS_UNIT | CURRENCY_CD | EFFSEQ | EFF_STATUS | EO_FROM_CURRENCY | EO_PROCESS_INST | FINALIZE_SW | PC_FUND_FINALIZED | PC_SEND_TO_KK | POST_OPTION | PROJECT_ID | PROJECT_ID_TO | PROJ_FUND | TRANS_DT,Finance & Contrôle,0.5,"['Finance & Contrôle', 'Other']",coin_flip_reject
1141889,PSA_PLANS_TA0,PS_PSA_PLANS_TA0,ACCT_PLAN_ID | BUSINESS_UNIT_CA | CA_FEE_TYPE | CA_TXN_SOURCE | CONTRACT_LINE_NUM | CONTRACT_NUM | DST_ID | EVENT_NUM | HOLD_UNPAID_REV | PROCESS_INSTANCE | RT_TYPE | SEPARATE_BIL_REV,Finance & Contrôle,0.5,"['Finance & Contrôle', 'IT & Sécurité']",coin_flip_reject
1141992,PSA_RULES_LVL,PS_PSA_RULES_LVL,BUSINESS_UNIT | CRIT_SEQ | INTER_ORG_LEVEL,Other,0.5,"['Other', 'IT & Sécurité']",coin_flip_reject
1142478,PSDMT_SRCHI_AUX,PS_PSDMT_SRCHI_AUX,BUSINESS_UNIT | CURRENCY_CD | FIELDNUM | FIELDVALUE_AMT1 | FIELDVALUE_CHAR1 | FIELDVALUE_CHAR1P | FIELDVALUE_CHR_DD1 | FIELDVALUE_DEC1 | FIELDVALUE_DT1 | FIELDVALUE_DT1P | FIELDVALUE_NUM1 | FIELDVALUE_NUM1P | KEY_CHAR_30_01 | KEY_DATE_01 | KEY_SIGN_NUM_28_0 | PSDMUNIT_ID | PS_OWNER | RECNAME_SETID | SELECT_SW | SETID | SETID_FIELD | UPPER_SW,Finance & Contrôle,0.5,"['Other', 'Finance & Contrôle']",coin_flip_reject
1142499,PSDMT_UNITJOIN,PS_PSDMT_UNITJOIN,PSDMT_FIELDNAME1 | PSDMT_FIELDNAME2 | PSDMT_RECNAME1 | PSDMT_RECNAME2 | PSDMUNIT_ID | PSDMUNIT_SEQ | PS_OWNER,IT & Sécurité,0.5,"['Other', 'IT & Sécurité']",coin_flip_reject
1145333,PTAI_DOCINDB,PS_PTAI_DOCINDB,ATTACHSYSFILENAME | FILE_DATA | FILE_SEQ | FILE_SIZE | LASTUPDDTTM | LASTUPDOPRID | VERSION,IT & Sécurité,0.5,"['IT & Sécurité', 'Other']",coin_flip_reject
1145418,PTAI_QUES_LNG,PS_PTAI_QUES_LNG,LANGUAGE_CD | PTAI_LIST_ID | PTAI_QUES_HELP | PTAI_QUESTION | PTAI_QUESTION_ID,IT & Sécurité,0.5,"['Other', 'IT & Sécurité']",coin_flip_reject
1145556,PTBR_OBJECT_TBL,PS_PTBR_OBJECT_TBL,LAST_UPDATE_DTTM | LASTUPDOPRID | PTBR_CONTENT | PTBR_OBJNAME | PTBR_OBJTYPE | PTBR_VERSION,IT & Sécurité,0.5,"['Other', 'IT & Sécurité']",coin_flip_reject
1145566,PTBR_THEME_DEL,PS_PTBR_THEME_DEL,MSGNODENAME | PTBR_THEME_ID | STYLESHEETNAME | VERSION,IT & Sécurité,0.5,"['Other', 'IT & Sécurité']",coin_flip_reject
1145756,PTCS_PARAMSLANG,PS_PTCS_PARAMSLANG,LANGUAGE_CD | PTCS_DESCR128 | PTCS_PARAMETERNAME | PTCS_SERVICEID,IT & Sécurité,0.5,"['IT & Sécurité', 'Other']",coin_flip_reject
1145826,PT_CTI_QUEUE,PS_PT_CTI_QUEUE,PT_CTI_QUEUE | PT_CTI_QUEUEDES,IT & Sécurité,0.5,"['Other', 'IT & Sécurité']",coin_flip_reject
1145836,PTCXM_DISPLAY,PS_PTCXM_DISPLAY,PORTAL_NAME | PORTAL_OBJNAME | PTCXM_FORCE_MIN | PTCXM_MINIMIZED | PTCXM_OBJNAME | PTCXM_SETFOCUS | PTCXM_TRANS_ATTR | SEQNUM,IT & Sécurité,0.5,"['Other', 'IT & Sécurité']",coin_flip_reject
1145859,PTDM_XMLDATA,PS_PTDM_XMLDATA,ATTACHSYSFILENAME | FILE_DATA | FILE_SEQ | FILE_SIZE | LASTUPDDTTM | LASTUPDOPRID | VERSION,IT & Sécurité,0.5,"['IT & Sécurité', 'Other']",coin_flip_reject
1145906,PTFP_DATATYPE,PS_PTFP_DATATYPE,ACTIVE_FLAG | APPCLASSID | CREATEDTTM | CREATEOPRID | DESCR | DESCRLONG | LASTUPDDTTM | LASTUPDOPRID | PACKAGEID | PTFP_DATATYPE_ID | QUALIFYPATH,IT & Sécurité,0.5,"['Other', 'IT & Sécurité']",coin_flip_reject
1145913,PTFP_DTYPE_ATTR,PS_PTFP_DTYPE_ATTR,HTMLAREA | PTFP_DATATYPE_ID | PTFP_FIELD_NAME | PTFP_VALUE,IT & Sécurité,0.5,"['IT & Sécurité', 'Other']",coin_flip_reject
1145931,PTFP_PARMS,PS_PTFP_PARMS,DESCR | ORDERNO | PTFP_FEED_ID | PTFP_FIELD_NAME | PTFP_USAGE_TYPE | PTFP_VALUE | REQUIRED_FLG,IT & Sécurité,0.5,"['IT & Sécurité', 'Other']",coin_flip_reject
1146043,PTIACUSTCALCOPT,PS_PTIACUSTCALCOPT,PTIACALCSTARTTIME | PTIACALCSTOPTIME | PTIADIRTYFLAG | PTIAIMPTCALCOPTION | PTIAINCCALCCRIT1 | PTIAINCCALCCRIT2 | PTIAINCCALCCRIT3 | PTIAINCCALCCRIT4 | PTIATRESHLDVAL,IT & Sécurité,0.5,"['Other', 'IT & Sécurité']",coin_flip_reject
1146136,PTIASPOBJDPENDS,PS_PTIASPOBJDPENDS,OBJECTID1 | OBJECTID2 | OBJECTID3 | OBJECTID4 | OBJECTTYPE | OBJECTVALUE1 | OBJECTVALUE2 | OBJECTVALUE3 | OBJECTVALUE4 | PTIASPRPTFIXDT | PTIASPRPTFIXDTPRE | PTIASPRPTNO | PTIASPRPTNOPRE,Other,0.5,"['Other', 'IT & Sécurité']",coin_flip_reject
1146217,PTIASPSRCHDEFN,PS_PTIASPSRCHDEFN,PTIASPSEARCHNAME | PTIASPSRCHCATSEQ | PTIASPSRCHCRITERIA | PTIASPSRCHCRITSEQ | PTIASPSRCHVALUE1 | PTIASPSRCHVALUE2 | PTIASPSRCHVALUE3 | PTIASPSRCHVALUE4 | PTIASPSRCHVALUE5 | PTIASPSRCHVALUE6 | PTIASPSRCHVALUE7 | PTIASPSRCHVALUE8,IT & Sécurité,0.5,"['IT & Sécurité', 'Other']",coin_flip_reject
1146546,PTOBI_RPT_DEFN,PS_PTOBI_RPT_DEFN,PTOBI_DEFN_LOADED | PTOBI_DESCRIPTION | PTOBI_LAST_MODDATE | PTOBI_LOADED_DATE | PTOBI_REPORT_ID | PTOBI_REPORT_NAME | PTOBI_REPORT_OWNER | PTOBI_REPORT_PATH | PTOBI_SERVER_NAME,IT & Sécurité,0.5,"['Other', 'IT & Sécurité']",coin_flip_reject
1146751,PTPPB_HTML_LANG,PS_PTPPB_HTML_LANG,CREATEDTTM | CREATEOPRID | DESCR | HTMLAREA | LANGUAGE_CD | LASTUPDDTTM | LASTUPDOPRID | PTPPB_PAGELET_ID,IT & Sécurité,0.5,"['Other', 'IT & Sécurité']",coin_flip_reject
1147090,PTSF_CATPSFTSDL,PS_PTSF_CATPSFTSDL,DESCR254 | LANGUAGE_CD | MSGNODENAME | PTSF_SBO_NAME | PTSF_SRCCAT_NAME,IT & Sécurité,0.5,"['IT & Sécurité', 'Other']",coin_flip_reject
1147092,PTSF_CAT_SES_SD,PS_PTSF_CAT_SES_SD,DESCR254 | PTSF_SBO_NAME | PTSF_SRCCAT_NAME | PTSF_SRCH_ENG_INS,IT & Sécurité,0.5,"['IT & Sécurité', 'Other']",coin_flip_reject
1147237,PTSF_SES_SD_ATR,PS_PTSF_SES_SD_ATR,PTSF_SBO_NAME | PTSF_SD_LOCAL_ATTR | PTSF_SRCATTR_NAME | PTSF_SRCH_ENG_INS,IT & Sécurité,0.5,"['IT & Sécurité', 'Other']",coin_flip_reject
1147303,PTUN_DDMENUCFG,PS_PTUN_DDMENUCFG,DESCR30 | MSGNODENAME | PORTAL_NAME | PORTAL_OBJNAME | PORTAL_OBJNAME1 | PORTAL_OBJNAME2,IT & Sécurité,0.5,"['IT & Sécurité', 'Other']",coin_flip_reject
1147379,PTVCH_MSG_TMP,PS_PTVCH_MSG_TMP,BUSINESS_UNIT | ORDERBYNUM | PROCESS_INSTANCE | PYMNT_CNT | PYMNT_MESSAGE_CD | VOUCHER_ID,Finance & Contrôle,0.5,"['Finance & Contrôle', 'IT & Sécurité']",coin_flip_reject
1147384,PTWC_INST_KEYS,PS_PTWC_INST_KEYS,PTWC_ID | PTWC_KEYID | PTWC_KEYNAME | PTWC_KEYTYPE | PTWC_KEYVALUE,IT & Sécurité,0.5,"['Other', 'IT & Sécurité']",coin_flip_reject
1147733,PV_CAT_SOURCE,PS_PV_CAT_SOURCE,CATALOG_TYPE | DESCR254 | PV_ENABLED | RECORDNAME,IT & Sécurité,0.5,"['IT & Sécurité', 'Other']",coin_flip_reject
1147763,PV_CC_RECON_TM7,PS_PV_CC_RECON_TM7,BUSINESS_UNIT | ITM_ID_VNDR | LINE_NBR | MATCH_LINE_FLG | MERCHANDISE_AMT | PO_ID,Achats & Fournisseurs,0.5,"['Achats & Fournisseurs', 'Finance & Contrôle']",coin_flip_reject
1147807,PV_CHNG_RST_DTL,PS_PV_CHNG_RST_DTL,APPR_STATUS | BUSINESS_UNIT | BUSINESS_UNIT_PO | CHNG_CHAR_VALUE | CHNG_DATE_VALUE | CHNG_DTTM | CHNG_NBR_VALUE | CHNG_SOURCE | CHNG_TYPE | FIELDNAME | LAST_DTTM_UPDATE | LINE_NBR | MESSAGE_NBR | MESSAGE_SET_NBR | OPRID_MODIFIED_BY | PO_CHNG_DTTM | PO_ID | PO_LINE_NBR | PO_SCHED_NBR | PRIOR_CHAR_VALUE | PRIOR_DATE_VALUE | PRIOR_NBR_VALUE | PROCESS_INSTANCE | REASON_SEQ | REQ_CHNG_STATUS | REQ_ID | SCHED_NBR,Achats & Fournisseurs,0.5,"['Achats & Fournisseurs', 'IT & Sécurité']",coin_flip_reject
1147981,PV_EG_POSHP_TMP,PS_PV_EG_POSHP_TMP,BUSINESS_UNIT | CANCEL_STATUS | LINE_NBR | PO_ID | PROCESS_INSTANCE | SCHED_NBR,Achats & Fournisseurs,0.5,"['Achats & Fournisseurs', 'IT & Sécurité']",coin_flip_reject
1147982,PV_EG_REQDL_TMP,PS_PV_EG_REQDL_TMP,BUDGET_LINE_STATUS | BUSINESS_UNIT | DISTRIB_LINE_NUM | DISTRIB_LN_STATUS | LINE_NBR | PC_DISTRIB_STATUS | PROCESS_INSTANCE | PROCESS_MAN_CLOSE | REQ_ID | SCHED_NBR,IT & Sécurité,0.5,"['IT & Sécurité', 'Achats & Fournisseurs']",coin_flip_reject
1148029,PV_FAVSGRP_LANG,PS_PV_FAVSGRP_LANG,DESCRIPTION | LANGUAGE_CD | PV_REQ_FAVS_GRP | REQUESTOR_ID,IT & Sécurité,0.5,"['IT & Sécurité', 'Other']",coin_flip_reject
1148089,PV_INTEGRAT_AET,PS_PV_INTEGRAT_AET,ABORT_FLAG | ACCOUNTING_DT | BUSINESS_UNIT | COUNTER1 | DBNAME | DBTYPE | DIRTY_FLAG | EMPLID_FROM | EMPLID_TO | LASTUPDOPRID | OPERPSWD | OPRID | PROCESS_INSTANCE | PV_BB_ACTION_TYPE | PV_BB_CF_FLAG | PV_BB_DATA_GROUP | PV_BB_ITEM_FLAG | PV_BB_MFG_FLAG | PV_BB_SETID_FLAG | PV_BB_USER_FLAG | PV_BB_VNDR_FLAG | PV_CUSTOM_SQL | PV_DBLINK | PV_DBLINK_NAME | PV_DELETE_OPTN | PV_RECNAME_FLDLST | PV_SERVER_SW | RECNAME | RECNAME_SOURCE | RECNAME_TARGET | RUN_CNTL_ID | SERVER | SETID | SQL_STMT | SQL_STMT_254 | SUBRECNAME | TABLE_NAME | TEMP_FLD | WHERE_CLAUSE | WHERE_CLAUSE2 | WHERE_CLAUSE3,RH,0.5,"['RH', 'IT & Sécurité']",coin_flip_reject
1148102,PV_ITEM_RQST_WL,PS_PV_ITEM_RQST_WL,ACTIVITYNAME | BUSINESS_UNIT | BUSPROCNAME | EVENTNAME | INSTANCEID | LINE_NBR | REQ_ID | TRANSACTIONID | WORKLIST_DESCR | WORKLISTNAME,IT & Sécurité,0.5,"['IT & Sécurité', 'Achats & Fournisseurs']",coin_flip_reject
1148127,PV_ITMCAT_INDEX,PS_PV_ITMCAT_INDEX,CATEGORY_ID | CURRENCY_CD | DESCR | DESCR60 | INV_ITEM_ID | ITM_ID_VNDR | MFG_ID | MFG_ITM_ID | MFG_NAME | PREF_VENDOR_SW | PRICE_LIST | PRICE_VNDR | SETID | TREE_NAME | UNIT_MEASURE_STD | VENDOR_ID | VENDOR_SETID | VNDR_LOC | VNDR_NAME1,Achats & Fournisseurs,0.5,"['Supply Chain / Logistique / Production', 'Achats & Fournisseurs']",coin_flip_reject
1148200,PV_LINE_OUT_BIX,PS_PV_LINE_OUT_BIX,AUDIT_ACTN | BUSINESS_UNIT | CNTRCT_ID | CNTRCT_LINE_NBR | EIP_CTL_ID | IN_PROCESS_FLG | INV_ITEM_HEIGHT | INV_ITEM_ID | INV_ITEM_LENGTH | INV_ITEM_VOLUME | INV_ITEM_WEIGHT | INV_ITEM_WIDTH | ITM_ID_VNDR | LINE_NBR | MFG_ID | MFG_ITM_ID | PO_ID | PROCESS_INSTANCE | RELEASE_NBR | UNIT_OF_MEASURE | VNDR_CATALOG_ID,Supply Chain / Logistique / Production,0.5,"['Supply Chain / Logistique / Production', 'Achats & Fournisseurs']",coin_flip_reject
1148247,PV_MOB_CHGL_WRK,PS_PV_MOB_CHGL_WRK,BUSINESS_UNIT | CHNG_CHAR_VALUE | CHNG_DATE_VALUE | CHNG_DTTM_VALUE | CHNG_NBR_VALUE | CHNG_ORD_BATCH | CHNG_ORD_SEQ | CHNG_TIME_VALUE | CHNG_TYPE | DESCR60 | FIELDNAME | LAST_DTTM_UPDATE | LINE_NBR | OPRID_MODIFIED_BY | PV_LINE_COMMENTS | REASON_CD | REASON_SEQ | REQ_ID | VALUE_CHAR | VALUE_CHAR1,IT & Sécurité,0.5,"['IT & Sécurité', 'Other']",coin_flip_reject
1148463,PV_PODIS_AT_TMP,PS_PV_PODIS_AT_TMP,ATTACH_FILE_NAME | ATTACHMENT_NUM | BUSINESS_UNIT | FTP_PSWD | FTP_SERVER | FTP_USER | IN_PROCESS | LINE_NBR | PO_ID,Achats & Fournisseurs,0.5,"['Achats & Fournisseurs', 'IT & Sécurité']",coin_flip_reject
1148590,PV_RECV_SR_LANG,PS_PV_RECV_SR_LANG,LANGUAGE_CD | PV_LEFTNAV_LBL | PV_RECV_SRCH_FLD,Other,0.5,"['Other', 'IT & Sécurité']",coin_flip_reject
1148873,PV_SES_OPTIONS,PS_PV_SES_OPTIONS,PTSF_SRCCAT_NAME | PV_SHOW_FILTERS,IT & Sécurité,0.5,"['Other', 'IT & Sécurité']",coin_flip_reject
1148901,PV_SRCH_DISP_PF,PS_PV_SRCH_DISP_PF,BUFFER_COUNT | OPRID | PV_AUTO_EXPAND_ACC | PV_FLOATING_CART | PV_SHOW_IMAGES | PV_SHOW_ITEMID | PV_SHOW_LEADTIME | PV_SHOW_MFG | PV_SHOW_MFGID | PV_SHOW_MFGITEM | PV_SHOW_PRICE | PV_SHOW_UOM | PV_SHOW_UPNID | PV_SHOW_VENDOR | PV_SHOW_VNDITEM | PV_SHOW_VNDRID,Ventes & Clients,0.5,"['Ventes & Clients', 'Achats & Fournisseurs']",coin_flip_reject
1148926,PV_SRCH_SET_TBL,PS_PV_SRCH_SET_TBL,CATEGORY_ID | DESCR_CAT | INV_ITEM_ID | ITM_ID_VNDR | LEAD_TIME_FLAG | MFG_ID | MFG_ITM_ID | MFG_NAME | PRICES | PV_BASIC_SRCH_OPT | PV_INCL_TPO_SRCH | PV_ITM_DESCR_FLG | PV_ITM_VNDR_FLG | PV_MATCH_CASE | PV_MODEL_FLAG | PV_SORTBY_ITEM | PV_SORT_DESC | PV_SORT_MFGNAME | PV_SORT_MKTPLACE | PV_SORT_PRICE | PV_SORT_VNDRNAME | PV_SP_CATEGORY_ID | PV_SP_DESCR | PV_SPELL_CHECK | PV_SP_ITM_ID_VNDR | PV_SP_MFG_ID | PV_SP_MFG_ITM_ID | PV_SP_VENDOR_ID | PV_SYNONYMS | PV_USE_ITEM_MFG | UPN_ID | VENDOR_ID | VENDOR_NAME,Achats & Fournisseurs,0.5,"['Achats & Fournisseurs', 'Supply Chain / Logistique / Production']",coin_flip_reject
1148969,PV_TEMPLATES,PS_PV_TEMPLATES,DESCRIPTION | PV_PUBLIC_GRP | PV_SHARE_GRP | PV_TEMPLATE | REQUESTOR_ID,IT & Sécurité,0.5,"['Achats & Fournisseurs', 'IT & Sécurité']",coin_flip_reject
1149029,PV_USBANKTYPE1,PS_PV_USBANKTYPE1,SBTABANK | SBTBCYCL | SBTBTYPE | SBTCACCT | SBTCMPNY | SBTCTS | SBTDATE | SBTTYPE1 | SBTY1LL,Finance & Contrôle,0.5,"['Other', 'Finance & Contrôle']",coin_flip_reject
1149145,PYCYCL_A4_TAO,PS_PYCYCL_A4_TAO,ADDRESS_SEQ_NUM | BANK_ACCT_KEY | BANK_CD | BANK_SETID | CURRENCY_PYMNT | PAY_CYCLE | PAY_CYCLE_SEQ_NUM | PROCESS_INSTANCE | REMIT_SETID | REMIT_VENDOR | VNDR_LOC,Finance & Contrôle,0.5,"['Finance & Contrôle', 'Achats & Fournisseurs']",coin_flip_reject
1149146,PYCYCL_AE_RQST,PS_PYCYCL_AE_RQST,BUSINESS_UNIT | BUSINESS_UNIT_LAST | CNTRCT_ID | CNTRCT_SETID | COMMIT_STEP | COMMIT_STEP_FLG | COMMIT_TEST | DESCR | DTTM_STAMP_SEC | DUP_INVOICE_EDIT | EDIT_LOG_FLG | EDIT_STEP | GOTO_RUN_STATS | GRP_AP_ID | LAST_PRCS_INSTANCE | OPRID | ORIGIN | ORIGIN_SETID | PARALLEL_SW | PAY_CYCLE | PROCESS_APAM_OPTN | PROCESS_FREQUENCY | PROCESS_INSTANCE | PROCESS_ORIGIN | PROCESS_STATUS | PYCYCL_PROC_OPTION | REASONABLE_DT_EDIT | REQUEST_ID | RUN_CNTL_ID | VENDOR_ID | VENDOR_SETID | VOUCHER_ID,Achats & Fournisseurs,0.5,"['Achats & Fournisseurs', 'IT & Sécurité']",coin_flip_reject
1149167,PYCYCL_CK_RQST,PS_PYCYCL_CK_RQST,BANK_ACCT_KEY | BANK_CD | BANK_SETID | BUSINESS_UNIT | BUSINESS_UNIT_LAST | CLNTDESTFILE | CLNTDESTPRINTER | CNTRCT_ID | CNTRCT_SETID | COMMIT_STEP | COMMIT_STEP_FLG | COMMIT_TEST | DESCR | DTTM_STAMP_SEC | DUP_INVOICE_EDIT | EDIT_LOG_FLG | EDIT_STEP | GOTO_RUN_STATS | GRP_AP_ID | LANGUAGE_CD | LAST_PRCS_INSTANCE | OPRID | OPSYS | ORIGIN | ORIGIN_SETID | OUTDESTFORMAT | OUTDESTTYPE | OUTPUTDEST | PARALLEL_SW | PAY_CYCLE | PAY_CYCLE_SEQ_NUM | PRCSNAME_LONG | PROCESS_APAM_OPTN | PROCESS_FREQUENCY | PROCESS_INSTANCE | PROCESS_ORIGIN | PROCESS_STATUS | PYCYCL_PROC_OPTION | PYMNT_FILENAME | PYMNT_METHOD | REASONABLE_DT_EDIT | REQUEST_ID | RUN_CNTL_ID | RUNCNTLID | RUNLOCATION | SERVERNAME | SRVRDESTFILE | SRVRDESTPRINTER | VENDOR_ID | VENDOR_SETID | VOUCHER_ID,Finance & Contrôle,0.5,"['Finance & Contrôle', 'IT & Sécurité']",coin_flip_reject
1149218,PYCYCL_MAP_DTL,PS_PYCYCL_MAP_DTL,CONSTANT_IN | CONST_TYPE_IN | FIELDNAME | FIELDNAME_IN | FIELDNAME_OUT | KEY_FLG | MAP_ACTION | MAP_TYPE | MAP_TYPE_IN | SOURCE_TXN,IT & Sécurité,0.5,"['Other', 'IT & Sécurité']",coin_flip_reject
1149220,PYCYCL_MAP_HDR,PS_PYCYCL_MAP_HDR,DESCR | MAP_CHILD_REC_FLAG | MAP_TYPE | RECNAME | RECNAME_UPDATE | RECNAME_UPD_CPY | SOURCE_TXN,Other,0.5,"['Other', 'Finance & Contrôle']",coin_flip_reject
1149235,PYCYCL_N03_DATA,PS_PYCYCL_N03_DATA,BUSINESS_UNIT | NET_REF_ID | NET_RESET_ACTION | PAY_CYCLE | PAY_CYCLE_SEQ_NUM | PYMNT_CNT | VOUCHER_ID,RH,0.5,"['RH', 'Finance & Contrôle']",coin_flip_reject
1149326,PYCY_NGB1_TMP,PS_PYCY_NGB1_TMP,BUSINESS_UNIT | PAY_CYCLE | PAY_CYCLE_SEQ_NUM | PROCESS_INSTANCE,RH,0.5,"['IT & Sécurité', 'RH']",coin_flip_reject
1149513,PYMT_ARC_RP_HDR,PS_PYMT_ARC_RP_HDR,LANGUAGE_CD | OPRID | RUN_CNTL_ID,Finance & Contrôle,0.5,"['Finance & Contrôle', 'IT & Sécurité']",coin_flip_reject
1150107,RA_STATUS_TAO,PS_RA_STATUS_TAO,BUSINESS_UNIT | CUST_ID | ITEM | ITEM_LINE | PROCESS_INSTANCE | STATUS_AGE_TYPE,Other,0.5,"['Other', 'IT & Sécurité']",coin_flip_reject
1150114,RATING_MDL_TBL,PS_RATING_MDL_TBL,DESCR | DESCRSHORT | EFFDT | EFF_STATUS | GVT_OPM_PATTERN | RATING_MODEL,Finance & Contrôle,0.5,"['Finance & Contrôle', 'Other']",coin_flip_reject
1150153,RBT_SCON_TMP,PS_RBT_SCON_TMP,CNTRCT_ID | CURRENCY_CD | LINE_NBR | PROCESS_INSTANCE | REBATE_AMT | REBATE_FLAG | SETID | SOLD_TO_CUST_ID,Finance & Contrôle,0.5,"['Finance & Contrôle', 'Ventes & Clients']",coin_flip_reject
1150159,RC_CASETYPE_TBL,PS_RC_CASETYPE_TBL,CASE_TYPE | CASE_VISIBILITY | LONG_DESC | RC_DESCR_SS | RC_SHORT_DESCR | RC_SS_IND | SETID | SHOW_ACCOUNT_FLG | SHOW_PRODUCTS_FLG | SOLUTION_ID,Other,0.5,"['Other', 'IT & Sécurité']",coin_flip_reject
1150273,RE_AM_LRDEF_TBL,PS_RE_AM_LRDEF_TBL,LS_ADMIN | PRTFL_MGR,Other,0.5,"['Other', 'IT & Sécurité']",coin_flip_reject
1150288,RE_AMND_TYPE,PS_RE_AMND_TYPE,AMND_TYPE_CD | EFFDT | EFF_STATUS | END_EFFDT | INSTANCE_DESCR | INSTANCE_NAME | SETID,RH,0.5,"['RH', 'Other']",coin_flip_reject
1150498,RE_CHG_GROUP,PS_RE_CHG_GROUP,CAPITALIZE_SW | CHG_GRP_CD | EFFDT | EFF_STATUS | END_EFFDT | INSTANCE_DESCR | INSTANCE_NAME | INTERIM_RENT_SW | RENT_TYPE | SETID | TXN_GRP | TXN_ROUTE_CD,Finance & Contrôle,0.5,"['Finance & Contrôle', 'Other']",coin_flip_reject
1150574,RECV_AOHD_EC,PS_RECV_AOHD_EC,ASN_SEQ_NBR | BILL_OF_LADING | BUSINESS_UNIT_PO | EIP_CTL_ID | ORDER_NO | PO_ID | PRO_NUMBER | SHIP_DATE | SHIPMENT_NO,Supply Chain / Logistique / Production,0.5,"['Achats & Fournisseurs', 'Supply Chain / Logistique / Production']",coin_flip_reject
1150578,RECV_AOLN_T,PS_RECV_AOLN_T,ASN_DEFAULT_KEY | ASN_DESCR | ASN_INV_ITEM_ID | ASN_SCHED_NBR | ASN_SEQ_NBR | ASN_STATUS | BILL_OF_LADING | BUSINESS_UNIT_PO | BUSINESS_UNIT_RECV | CONTAINER_ID | CONTRACT_ID | CONVERSION_RATE | CONVERT_STK_TO_STD | CONVERT_TO_PO | CONVERT_TO_STK | CURRENCY_CD | CUSTOMER_ITEM_NBR | DEMAND_LINE_NO | DESCR254_MIXED | DEVICE_TRACKING | EIP_CTL_ID | ERS_ACTION | INV_ITEM_ID | INVOICE_ID | ITM_SETID | LINE_NBR | LOT_CONTROL | MESSAGE_NBR | ORDER_INT_LINE_NO | ORDER_NO | PARENT_PROD_DESCR | PARENT_PROD_ID | PO_ID | PROCESS_INSTANCE | PRO_NUMBER | QTY_CODE | QTY_PER | QTY_SHIPPED_CONV | QTY_TOTAL_RECV | RECEIVER_ID | RECV_LN_NBR | RECV_SHIP_SEQ_NBR | RECV_STOCK_UOM | REVISION | REV_OVERRIDE | SCHED_LINE_NO | SCHED_NBR | SERIAL_CONTROL | SHIPMENT_NO | SHIPTO_ID | SHIPTO_SETID | STD_ID_NUM_SHIPTO | STD_ID_NUM_VNDR | TOT_QTY | UNIT_MEASURE_SHIP | UNIT_MEASURE_STD | UNIT_OF_MEASURE | UPN_ID | VENDOR_ID | VENDOR_SETID,Supply Chain / Logistique / Production,0.5,"['Supply Chain / Logistique / Production', 'Achats & Fournisseurs']",coin_flip_reject
1151187,RE_LS_CNTCT,PS_RE_LS_CNTCT,CNTCT_ID | COMM_METHOD | FMS_DTTM_STAMP | FMS_LASTUPDDTTM | FMS_LASTUPDOPRID | FMS_OPRID | LS_KEY | PARTY_KEY | PARTY_TYPE | PARTY_TYPE_CD | PREFERRED_LANGUAGE | ROLE_TYP,RH,0.5,"['IT & Sécurité', 'RH']",coin_flip_reject
1151234,RE_LS_NOTE,PS_RE_LS_NOTE,ASSET_SEQ_NBR | ATTACHSYSFILENAME | ATTACHUSERFILE | DESCRLONG | FMS_DTTM_STAMP | FMS_LASTUPDDTTM | FMS_LASTUPDOPRID | FMS_OPRID | LS_KEY | NOTE_DT | NOTE_ID | NOTE_TITLE | SYSTEM_NOTE,IT & Sécurité,0.5,"['Other', 'IT & Sécurité']",coin_flip_reject
1151440,RE_OPEX_XREF,PS_RE_OPEX_XREF,COMMENTS | EOAWDEFN_ID | EOAWDTTM_MODIFIED | EOAWPARENT_THREAD | EOAWPRCS_ID | EOAWREQUESTOR_ID | EOAWTHREAD_ID | EOAWTHREAD_STATUS | OPEXAUDIT_ID | ORIGINATORID | RECNAME,Finance & Contrôle,0.5,"['Finance & Contrôle', 'IT & Sécurité']",coin_flip_reject
1151453,RE_OPT_RECIP,PS_RE_OPT_RECIP,COMPLETED | DT_COMPLETED | LS_KEY | LS_OPTION_SEQ | OPT_RECIP_SEQ | PARTY_KEY | PARTY_TYPE_CD,Achats & Fournisseurs,0.5,"['Achats & Fournisseurs', 'Ventes & Clients']",coin_flip_reject
1151999,RE_SAR_DETAIL,PS_RE_SAR_DETAIL,ACTUAL_COMP_DT | APPROVER | BUSINESS_UNIT | DESCRLONG | ESTIMATED_COMP_DT | FMS_DTTM_STAMP | FMS_LASTUPDDTTM | FMS_LASTUPDOPRID | FMS_OPRID | PRTFL_MGR | REGION_CD | RE_SPECIALIST | SAR_ID | SAR_NAME | SAR_START_DT | SAR_STATUS | SITE_TYPE | VNDR_LOC,Achats & Fournisseurs,0.5,"['Achats & Fournisseurs', 'Other']",coin_flip_reject
1152151,RESP_COMM_HF,PS_RESP_COMM_HF,AUC_COMMENTS_2000 | AUC_ID | AUC_ROUND | AUC_VERSION | BIDDER_ID | BIDDER_LOC | BIDDER_SETID | BIDDER_TYPE | BID_FACTOR_CD | BID_FACTOR_NBR | BIDNUM | BUSINESS_UNIT | COMMENT_NBR | LINE_NBR | RESP_COMMENT_TYPE,Achats & Fournisseurs,0.5,"['Achats & Fournisseurs', 'Other']",coin_flip_reject
1152158,RESP_DISALLOW,PS_RESP_DISALLOW,ACTION_DTTM | AUC_ID | AUC_ROUND | AUC_VERSION | BIDDER_ID | BIDDER_LOC | BIDDER_SETID | BIDDER_TYPE | BIDNUM | BUSINESS_UNIT | COMMENTS | DESCR50 | EFFDT | EMAIL_FLG | REASON_CD | REASON_TYPE | SETID,Achats & Fournisseurs,0.5,"['Achats & Fournisseurs', 'IT & Sécurité']",coin_flip_reject
1152201,RESP_INQ_IB_GRD,PS_RESP_INQ_IB_GRD,AUC_ALL_LINES_FLG | AUC_BID_STATUS | AUC_DTTM_FINISH | AUC_DTTM_PREVIEW | AUC_DTTM_START | AUC_EDIT_RESP | AUC_EXTENSION_FLAG | AUC_EXTENSION_LAST | AUC_EXTENSION_LEN | AUC_EXTENSION_QTY | AUC_EXTENSION_TYPE | AUC_FORMAT | AUC_ID | AUC_NAME | AUC_ROUND | AUC_STATUS | AUC_TMPLTE_FLG | AUC_TYPE | AUC_VERSION | BIDDER_ID | BIDDER_LOC | BIDDER_SETID | BIDDER_TYPE | BIDNUM | BILL_LOCATION | BLIND_FLG | BUSINESS_UNIT | BUYER_ID | CURRENCY_CD | EXTENSION_LEN_TYPE | MULTIPLE_BIDS_FLG | OPRID_ENTERED_BY | OPRID_LAST_UPDT | OPRID_MODIFIED_BY | ORIGIN | PAYMENT_METHOD | PYMNT_TERMS_CD | RATE_DATE | REQUESTOR_ID | RESP_DTTM_FIRST | RESP_DTTM_POST | RESP_DTTM_SAVE | RT_TYPE | TAX_EXEMPT | TAX_EXEMPT_ID,Achats & Fournisseurs,0.5,"['IT & Sécurité', 'Achats & Fournisseurs']",coin_flip_reject
1152261,RE_STGLE_TAO,PS_RE_STGLE_TAO,BUSINESS_UNIT | DESCR40 | DESCRIPTION | GL_BU | PROCESS_INSTANCE | SEQ_NBR | STLINE_KEY | STLINE_SCH_KEY | TXN_DEST | TXN_GRP | TXN_ROUTE_CD,Finance & Contrôle,0.5,"['Finance & Contrôle', 'IT & Sécurité']",coin_flip_reject
1152367,RE_TXN_INTFC,PS_RE_TXN_INTFC,AP | BI | BUSINESS_UNIT | LS_KEY | OPRID | RE_INV_DT_OPTION | RUN_CNTL_ID,IT & Sécurité,0.5,"['IT & Sécurité', 'Finance & Contrôle']",coin_flip_reject
1152684,RMA_NOTE_LANG,PS_RMA_NOTE_LANG,BUSINESS_UNIT | LANGUAGE_CD | RMA_ID | RMA_LINE_NBR | SEQ_NUM | TEXT254,Supply Chain / Logistique / Production,0.5,"['Ventes & Clients', 'Supply Chain / Logistique / Production']",coin_flip_reject
1152817,ROUTE_CAL_INV,PS_ROUTE_CAL_INV,BUSINESS_UNIT | ROUTE_CAL_CURR_YR | ROUTE_CD | ROUTE_CLOSED_FLG | ROUTE_CLOSE_TIME | ROUTE_SCHED_DATE,Supply Chain / Logistique / Production,0.5,"['Other', 'Supply Chain / Logistique / Production']",coin_flip_reject
1153050,RS_AGG_RUN,PS_RS_AGG_RUN,BUSINESS_UNIT | DESCR | END_DT | FCST_ACT | OPRID | RANGE_FROM | RANGE_TO | REPORT_WEEKS | RUN_CNTL_ID | START_DT | TREE_NAME | TREE_NODE,IT & Sécurité,0.5,"['Other', 'IT & Sécurité']",coin_flip_reject
1153269,RS_DF_AVA_DT_W,PS_RS_DF_AVA_DT_W,SCHED_DATE | SESSION_ID,IT & Sécurité,0.5,"['IT & Sécurité', 'Other']",coin_flip_reject
1153302,RS_DMD_CACH,PS_RS_DMD_CACH,APPLICATION | APPLICATION_AREA | BUSINESS_UNIT | CATEGORY_IND | DATE_ENTERED | DEMAND_CAT | DEMAND_ID | DEMAND_SRC | DESCR | EFFORT | FULL_TIME_RES_DMD | MONTH_SCP | PROGRAM | PROJECT_TYPE | PROJ_ROLE | RELEASE | REQUEST_DT | REQUESTOR_NAME | SETID_ROLE | STATUS | UOM_SCP | YEAR_NUM,RH,0.5,"['Other', 'RH']",coin_flip_reject
1153439,RS_FR_SUP_CAC1,PS_RS_FR_SUP_CAC1,CAPACITY | DATE_ENTERED | FMS_DTTM_STAMP | FMS_LASTUPDDTTM | FMS_LASTUPDOPRID | FMS_OPRID | FORECAST_ID_SUP | FULL_TIME_RES_SUP | MONTH_SCP | PER_STATUS | POOL_ID | PROBINST | PROJ_ROLE | REGION_CD | SETID_REGION | SETID_ROLE | YEAR_NUM,RH,0.5,"['Other', 'RH']",coin_flip_reject
1153440,RS_FR_SUP_CACH,PS_RS_FR_SUP_CACH,CAPACITY | DATE_ENTERED | FMS_DTTM_STAMP | FMS_LASTUPDDTTM | FMS_LASTUPDOPRID | FMS_OPRID | FORECAST_ID_SUP | FULL_TIME_RES_SUP | MONTH_SCP | PER_STATUS | POOL_ID | PROBINST | PROJ_ROLE | REGION_CD | SETID_REGION | SETID_ROLE | YEAR_NUM,RH,0.5,"['Other', 'RH']",coin_flip_reject
1153444,RS_FR_SUP_HIST,PS_RS_FR_SUP_HIST,CAPACITY | COMMENTS | FMS_DTTM_STAMP | FMS_LASTUPDDTTM | FMS_LASTUPDOPRID | FMS_OPRID | FORECAST_ID_SUP | FROM_DATE | FROM_MONTH_SCP | FROM_YEAR | FULL_TIME_RES_SUP | PER_STATUS | POOL_ID | PROJ_ROLE | REGION_CD | SEQ_NUMBER | SETID_REGION | SETID_ROLE | TO_DATE | TO_MONTH_SCP | TO_YEAR | UOM_SCP | UPDATE_ACTION,Achats & Fournisseurs,0.5,"['Achats & Fournisseurs', 'Other']",coin_flip_reject
1153451,RS_FR_SUP_TAO,PS_RS_FR_SUP_TAO,CAPACITY | DESCR | FORECAST_ID_SUP | FROM_DATE | FULL_TIME_RES_SUP | PER_STATUS | POOL_ID | PROCESS_INSTANCE | PROJ_ROLE | REGION_CD | SETID_REGION | SETID_ROLE | TO_DATE | UOM_SCP,Achats & Fournisseurs,0.5,"['Achats & Fournisseurs', 'Other']",coin_flip_reject
1153476,RS_GRR_SCHED,PS_RS_GRR_SCHED,BUSINESS_UNIT | DESCR | END_DT | GRR_ID | GRR_STATUS | PROJ_ROLE | SCHED_NUM | START_DT,RH,0.5,"['Other', 'RH']",coin_flip_reject
1153560,RS_MEMBER_DATES,PS_RS_MEMBER_DATES,CAP_PERCENT | END_DATE | FMS_DTTM_STAMP | FMS_LASTUPDDTTM | FMS_LASTUPDOPRID | FMS_OPRID | MEMBER_ID | POOL_ID | POOL_ID_FROM | START_DATE,RH,0.5,"['IT & Sécurité', 'RH']",coin_flip_reject
1153665,RS_PE_RCNT_SOS,PS_RS_PE_RCNT_SOS,BUSINESS_UNIT | CUST_ID | FROM_DT | OPRID | PROJECT_ID | SO_STATUS | TO_DT,Ventes & Clients,0.5,"['Ventes & Clients', 'IT & Sécurité']",coin_flip_reject
1153768,RS_RR_RQ_AT_VAL,PS_RS_RR_RQ_AT_VAL,BUSINESS_UNIT | RS_ATTRIBUTE_ID | RS_ATTR_VAL_ID | SO_ID | SO_LINE | WEIGHT_POINTS,Achats & Fournisseurs,0.5,"['Other', 'Achats & Fournisseurs']",coin_flip_reject
1153784,RS_RSRCGRP_SHOP,PS_RS_RSRCGRP_SHOP,BUSINESS_UNIT | OPRID_ENTERED_BY | RS_RSRCGRP_NAME | SHOP_ID | SYSTEM_SOURCE,Other,0.5,"['Other', 'IT & Sécurité']",coin_flip_reject
1153838,RS_SEARCH_POOLS,PS_RS_SEARCH_POOLS,DESCR | MANAGER_ID | POOL_ID | SELECT_CB | SELECTED_POOL,Other,0.5,"['Other', 'IT & Sécurité']",coin_flip_reject
1154015,RS_SUP_DTL_TMP,PS_RS_SUP_DTL_TMP,ALLOCATED_DEMAND | CAPACITY | DATE_ENTERED | FORECAST_ID_SUP | FULL_TIME_RES_SUP | OVERALLOCATED_SW | PROJ_ROLE | REGION_CD | SETID_REGION | SETID_ROLE | VARIANCE_SCP,Achats & Fournisseurs,0.5,"['Other', 'Achats & Fournisseurs']",coin_flip_reject
1154030,RS_SYNEMPLTMP,PS_RS_SYNEMPLTMP,CALENDAR_SYSTEM | EMPLID | ENABLED | FOLDER_NAME | NAMESPACE | PROCESS_INSTANCE | RS_LOGFILENAME | RS_NOTESPASSWORD | RS_NOTESSERVER | RS_NOTESUSERNAME | RS_TRACE_TYPE | SYNCH_FLAG,RH,0.5,"['RH', 'IT & Sécurité']",coin_flip_reject
1154331,RTBL_CAF_MAPREG,PS_RTBL_CAF_MAPREG,CAF_CONFIG_ID | CAF_CONFIG_TYPE | CAF_FACTOR_ID | RTBL_CAF_FCT_TYPE | RTBL_CAF_PR_REC_NM | RTBL_PAGELET_ID,IT & Sécurité,0.5,"['Other', 'IT & Sécurité']",coin_flip_reject
1154535,RTBL_SCE_CAF_ID,PS_RTBL_SCE_CAF_ID,CAF_CONFIG_ID | CAF_CONFIG_TYPE | SCE_ID,IT & Sécurité,0.5,"['IT & Sécurité', 'Other']",coin_flip_reject
1154574,RTBL_SRCOBJ,PS_RTBL_SRCOBJ,OBJNAME | SCE_ID,IT & Sécurité,0.5,"['Other', 'IT & Sécurité']",coin_flip_reject
1154618,RT_DFLT_TAO,PS_RT_DFLT_TAO,EFFDT | FROM_CUR | PROCESS_INSTANCE | RATE_DIV | RATE_MULT | RT_TYPE | TO_CUR,Finance & Contrôle,0.5,"['Finance & Contrôle', 'IT & Sécurité']",coin_flip_reject
1154619,RT_DFLT_TMP,PS_RT_DFLT_TMP,BEGIN_DT | EFFDT | END_DT | FROM_CUR | PROCESS_INSTANCE | RATE_DIV | RATE_MULT | RT_TYPE | TO_CUR,Finance & Contrôle,0.5,"['Finance & Contrôle', 'IT & Sécurité']",coin_flip_reject
1154647,RT_EXCEL_IMPORT,PS_RT_EXCEL_IMPORT,DATETIME_MODIFIED | EXCEL_BEG_ROW | EXCEL_EFFDT | EXCEL_END_ROW | EXCEL_FROM_CUR | EXCEL_IMPORT_FLG | EXCEL_MACRO_TXT | EXCEL_RT_RATE | EXCEL_RT_TYPE | EXCEL_TERM | EXCEL_TO_CUR | OPRID | RT_RATE_INDEX,Finance & Contrôle,0.5,"['Other', 'IT & Sécurité']",coin_flip_reject
1154651,R_TFLT_CF1,PS_R_TFLT_CF1,OTBI_SRC_INSTANCE | RANGE_FROM | RANGE_TO | SETCNTRLVALUE | SETID | SETID_TREE | TREE_EFFDT | TREE_NAME,IT & Sécurité,0.5,"['Other', 'IT & Sécurité']",coin_flip_reject
1154655,R_TFLT_DEPTID,PS_R_TFLT_DEPTID,OTBI_SRC_INSTANCE | RANGE_FROM | RANGE_TO | SETCNTRLVALUE | SETID | SETID_TREE | TREE_EFFDT | TREE_NAME,IT & Sécurité,0.5,"['Other', 'IT & Sécurité']",coin_flip_reject
1154657,R_TFLT_OPRUNIT,PS_R_TFLT_OPRUNIT,OTBI_SRC_INSTANCE | RANGE_FROM | RANGE_TO | SETCNTRLVALUE | SETID | SETID_TREE | TREE_EFFDT | TREE_NAME,IT & Sécurité,0.5,"['Other', 'IT & Sécurité']",coin_flip_reject
1154716,RT_RATE_TAO,PS_RT_RATE_TAO,FROM_CUR | PROCESS_INSTANCE | RATE_DIV | RATE_INDEX | RATE_MULT | RT_TYPE | TO_CUR,Finance & Contrôle,0.5,"['Finance & Contrôle', 'IT & Sécurité']",coin_flip_reject
1154747,RTV_COMMENTS,PS_RTV_COMMENTS,ALLOW_MODIFY | APPR_JUSTIFY_FLG | ATTACH_DESCR | ATT_VERSION | BUSINESS_UNIT | COMMENT_ID | COMMENT_TYPE | FILE_EXTENSION | FILENAME | OPRID | PUBLIC_FLG | PUBLIC_FLG_ATTACH | RANDOM_CMMT_NBR | RECV_VIEW_FLG | RTV_ID | RTV_LN_NBR | SCM_ATTACH_ID | SOURCE_BU_SETID | SOURCE_FROM | SOURCE_ID | SOURCE_LINE_NBR | STATUS | VCHR_VIEW_FLG,Achats & Fournisseurs,0.5,"['Achats & Fournisseurs', 'Other']",coin_flip_reject
1154758,RTV_DISPSHIP_EC,PS_RTV_DISPSHIP_EC,AUDIT_ACTN | BUSINESS_UNIT | EIP_CTL_ID | IN_PROCESS_FLG | PROCESS_INSTANCE | PRO_NUMBER | RTV_ID | RTV_LN_NBR | SHIP_SEQ_NBR | VENDOR_ID | VENDOR_SETID | VNDR_LOC,Supply Chain / Logistique / Production,0.5,"['Supply Chain / Logistique / Production', 'Achats & Fournisseurs']",coin_flip_reject
1154770,RTV_HDR,PS_RTV_HDR,ACTIVITY_DATE | ADDRESS_SEQ_NUM | BILL_OF_LADING | BUSINESS_UNIT | BUYER_ID | CARRIER_ID | CNTCT_SEQ_NUM | CUSTOM_C100_A1 | CUSTOM_C100_A2 | CUSTOM_C100_A3 | CUSTOM_C100_A4 | CUSTOM_C1_A | CUSTOM_DATE_A | DISPATCH_FLAG | ENTERED_BY | ENTERED_DT | FREIGHT_TERMS | IN_PROCESS_FLG | MODIFIED_DT | NOTIFY_INV_MGR_FLG | NOTIFY_INV_STAT | OPRID_MODIFIED_BY | PROCESS_INSTANCE | RETURN_SETID | RETURN_VENDOR | RTV_ADJ_FEES | RTV_ADJ_FLG | RTV_ADJ_SOURCE | RTV_DEBIT_MEMO | RTV_DISPATCH_METH | RTV_DISPATCH_OPT | RTV_ID | RTV_NOTIFY_METH | RTV_STATUS | SHIP_TYPE_ID | USER_HDR_CHAR1 | VCHR_ADJ_STATUS | VENDOR_ID | VENDOR_SETID | VNDR_LOC,Supply Chain / Logistique / Production,0.5,"['Supply Chain / Logistique / Production', 'Achats & Fournisseurs']",coin_flip_reject
1154829,RUN_AM_BKC_RSET,PS_RUN_AM_BKC_RSET,ACCOUNT | ACCT_ENT_TMPL_ID | CATEGORY | COST_TYPE | COST_TYPE_ALL_SW | OPRID | PROCESS_FREQUENCY | REQUEST_ID | RUN_CNTL_ID | SETID | SETID1 | TRANS_CODE | TRANS_CODE_ALL_SW | TRANS_TYPE,Finance & Contrôle,0.5,"['Finance & Contrôle', 'IT & Sécurité']",coin_flip_reject
1154884,RUN_BI_LOC,PS_RUN_BI_LOC,ADD_DT | BUSINESS_UNIT | CUST_ID | EXPORT_FLG | INVOICE_ACTION | LANGUAGE_CD | LC_ID | LOC_RANGE_OPT | OPRID | PRINT_DETAILS | RANGE_SELECTION_ID | RUN_CNTL_ID | RUN_DTTM | SEQ_NUM,IT & Sécurité,0.5,"['Finance & Contrôle', 'IT & Sécurité']",coin_flip_reject
1154958,RUN_CNTL_AP_BU,PS_RUN_CNTL_AP_BU,BUSINESS_UNIT | OPRID | RUN_CNTL_ID,Finance & Contrôle,0.5,"['Finance & Contrôle', 'IT & Sécurité']",coin_flip_reject
1154980,RUN_CNTL_CA_FEE,PS_RUN_CNTL_CA_FEE,AE_APPLID | CA_FEE_SOURCE | CA_PLAN_ID | CONTRACT_NUM | OPRID | RUN_CNTL_ID,Finance & Contrôle,0.5,"['Finance & Contrôle', 'IT & Sécurité']",coin_flip_reject
1155012,RUN_CNTL_EM,PS_RUN_CNTL_EM,BASIS_DATE | DESCR | EM_BUSINESS_UNIT | EM_PROPOSAL_PROC | EM_REPORT_PROC | EM_VCHR_PROC | EM_VENDOR_PROC | EXPIRE_DT | FISCAL_YEAR | OPRID | PROPOSE_ID | PYMNT_TERMS_CD | REQUEST_ID | RT_TYPE | RUN_CNTL_ID | SETID | TEMPLATE_ID | URL_1 | VENDOR_ID | VENDOR_SETID | VNDR_LOC | WHERE_CLAUSE,IT & Sécurité,0.5,"['IT & Sécurité', 'Achats & Fournisseurs']",coin_flip_reject
1155019,RUN_CNTL_EM_XML,PS_RUN_CNTL_EM_XML,OPRID | REQUEST_ID | RUN_CNTL_ID | VENDOR_ID | VENDOR_SETID | VNDR_LOC,Achats & Fournisseurs,0.5,"['Achats & Fournisseurs', 'IT & Sécurité']",coin_flip_reject
1155036,RUN_CNTL_FC_BU,PS_RUN_CNTL_FC_BU,BUSINESS_UNIT_GL | LOAD_PRIOR_FC | LOAD_RM | OPRID | RUN_CNTL_ID,Finance & Contrôle,0.5,"['Finance & Contrôle', 'IT & Sécurité']",coin_flip_reject
1155052,RUN_CNTL_IHB,PS_RUN_CNTL_IHB,BANK_ACCOUNT_NUM | BANK_STMT_DT | BNK_ID_NBR | END_DATE | OPRID | RUN_CNTL_ID | START_DATE | TR_RPT_PARM_RFT,Finance & Contrôle,0.5,"['Finance & Contrôle', 'IT & Sécurité']",coin_flip_reject
1155081,RUN_CNTL_PBM,PS_RUN_CNTL_PBM,BUSINESS_UNIT | CURRENCY_CD | CUST_ID | DESCR | END_DATE | FO_BRANCH | NUM_HOURS | OPRID | PAY_END_DT | PAY_PERIOD | PROJECT_ID | RUN_CNTL_ID | SALES_PERSON | START_DATE | USER_ORDER_TYPE,RH,0.5,"['RH', 'IT & Sécurité']",coin_flip_reject
1155094,RUN_CNTL_PORO,PS_RUN_CNTL_PORO,ACCOUNTING_DT | ASOFDATE | BUDGET_DT | BUDGET_DT_FROM | BUDGET_DT_TO | BUSINESS_UNIT | ERROR_FLAG | FINALIZE_SW | FROM_DATE | LEDGER_GROUP | OPRID | PO_ID | PROCESS_FREQUENCY | PROCESS_OPTION | PROCESS_STATUS | ROLL_ENC_OPTION | ROLL_STAT_M | ROLL_STAT_P | ROLL_STAT_R | ROLL_STATUS | RUN_CNTL_ID | RUN_DT | SEQ_NUM | SEQ_NUM_TO | VENDOR_ID,Finance & Contrôle,0.5,"['Finance & Contrôle', 'IT & Sécurité']",coin_flip_reject
1155126,RUN_CNTL_SRS_EM,PS_RUN_CNTL_SRS_EM,EMPLID | NAME | OPRID | RUN_CNTL_ID,RH,0.5,"['RH', 'IT & Sécurité']",coin_flip_reject
1155155,RUN_CNTL_WTHD,PS_RUN_CNTL_WTHD,CALENDAR_ID | CALENDAR_SETID | EMPL_STATUS_FLAG | FILE_NAME_SHORT | FISCAL_YEAR | INFO_CORRECT_FLAG | JPN_CPY_FLAG | LANGUAGE_CD | MEDIA_TYPE | NIL_RETURN_FLAG | OPRID | ORIGINAL_SENT_MODE | PERIOD | REPLACE_CHAR | RUN_CNTL_ID | SUBC_VERIFY_FLAG | WTHD_FILE_TYPE | WTHD_RPT_ID | WTHD_RPT_OPT,RH,0.5,"['RH', 'IT & Sécurité']",coin_flip_reject
1155164,RUN_CTL_ITL_XTR,PS_RUN_CTL_ITL_XTR,BUSINESS_UNIT | CURRENCY_CD | DECLARATION_YEAR | OPRID | REPORT_ID | RUN_CNTL_ID | RUN_DTTM | THRESHOLD_AMT,Finance & Contrôle,0.5,"['Finance & Contrôle', 'IT & Sécurité']",coin_flip_reject
1155190,RUN_FAIREPORTS,PS_RUN_FAIREPORTS,ACCT_FROM_DT | ACCT_TO_DT | AS_OF_DATE | BUSINESS_UNIT | DESCR | EXT_SYSTEM_ID | LANGUAGE_CD | OPRID | PROCESS_FREQUENCY | PROCESS_INSTANCE | REQUEST_NBR | RUN_CNTL_ID,Finance & Contrôle,0.5,"['Finance & Contrôle', 'IT & Sécurité']",coin_flip_reject
1155287,RUN_OM_CREDIT,PS_RUN_OM_CREDIT,CUST_HIERARCHY_PB | INCL_EXCL_TYPE | LANGUAGE_CD | OPRID | RUN_CNTL_ID | RUN_DELIVERIES | RUN_FREIGHT | RUN_OM_BACKGRND | RUN_OMCREDIT | RUN_OMDEMAND | RUN_OMHOLD | RUN_OM_PRICING | RUN_RESERVATIONS | SETID,Supply Chain / Logistique / Production,0.5,"['Supply Chain / Logistique / Production', 'IT & Sécurité']",coin_flip_reject
1155291,RUN_OM_DEMAND,PS_RUN_OM_DEMAND,BUSINESS_UNIT_IN | BUSINESS_UNIT_OM | LANGUAGE_CD | OPRID | ORDER_NO | ORDER_NO_TO | RESTART_PI | RUN_CNTL_ID | RUN_DELIVERIES | RUN_FREIGHT | RUN_OM_BACKGRND | RUN_OMCREDIT | RUN_OMDEMAND | RUN_OMHOLD | RUN_OM_PRICING | RUN_RESERVATIONS | SOURCE_CD,Supply Chain / Logistique / Production,0.5,"['Supply Chain / Logistique / Production', 'IT & Sécurité']",coin_flip_reject
1155308,RUN_OM_ORDCOPY,PS_RUN_OM_ORDCOPY,BUSINESS_UNIT | COPY_ENTIRE_QUOTE | LANGUAGE_CD | OPRID | ORDER_NO | ORDER_NO_TO | ORDER_TYPE_CD | ORDER_TYPE_CD_TO | RUN_CNTL_ID | RUN_DELIVERIES | RUN_FREIGHT | RUN_OM_BACKGRND | RUN_OMCREDIT | RUN_OMDEMAND | RUN_OMHOLD | RUN_OM_PRICING | RUN_RESERVATIONS | WHERE_LONG,Ventes & Clients,0.5,"['Ventes & Clients', 'IT & Sécurité']",coin_flip_reject
1155313,RUN_OM_SRBT,PS_RUN_OM_SRBT,BUSINESS_UNIT | CALC_PERIODS | CALENDAR_METHOD | CUST_ID | CUSTOMER_GROUP | END_DATE | LANGUAGE_CD | NUMBER_OF_PERIODS | OPRID | RUN_CNTL_ID | SRBT_ID | START_DATE,IT & Sécurité,0.5,"['Other', 'IT & Sécurité']",coin_flip_reject
1155367,RUN_TRC1014,PS_RUN_TRC1014,BUSINESS_UNIT | FROM_DATE | OPRID | PYMNT_SELCT_STATUS | RUN_CNTL_ID | TO_DATE,Finance & Contrôle,0.5,"['Finance & Contrôle', 'IT & Sécurité']",coin_flip_reject
1155481,SAC_BBIX_LOG,PS_SAC_BBIX_LOG,BBIX_FILTER_HASH | BBIX_ID | BBIX_LASTPUBDTTM | RECNAME,IT & Sécurité,0.5,"['Other', 'IT & Sécurité']",coin_flip_reject
1155592,SAC_NODE_ASSOC,PS_SAC_NODE_ASSOC,SRCNODE | TGTNODE,IT & Sécurité,0.5,"['IT & Sécurité', 'Other']",coin_flip_reject
1155828,SCD_EVAL_HD_LNG,PS_SCD_EVAL_HD_LNG,LANGUAGE_CD | SCD_COMMENTS_LONG | SCD_EVALUATION_ID | SCD_EVALUATOR_ID,Other,0.5,"['Other', 'IT & Sécurité']",coin_flip_reject
1155978,SCD_TMPSECQ_LNG,PS_SCD_TMPSECQ_LNG,LANGUAGE_CD | SCD_INSTRUCTIONS | SCD_QUESTION_ID | SCD_SECTION_ID | SCD_TEMPLATE_ID | SCD_VERSION_NBR,Other,0.5,"['Other', 'IT & Sécurité']",coin_flip_reject
1156626,SCR_LOC_ATT_DFT,PS_SCR_LOC_ATT_DFT,ATTACH_DESCR | ATTACHSYSFILENAME | ATTACHUSERFILE | ATT_VERSION | ERR_MSG_NBR | FMS_DTTM_STAMP | FMS_LASTUPDDTTM | FMS_LASTUPDOPRID | FMS_OPRID | MSG_SEVERITY | SCM_ATTACH_ID | SCR_CHNG_TYPE | SCR_ID | SCR_SEQ_NUM | SERVER_ID | SERVER_PATH | SERVER_TYPE | SETID | SHOW_APPROVAL | VENDOR_ID | VNDR_LOC,Achats & Fournisseurs,0.5,"['Achats & Fournisseurs', 'IT & Sécurité']",coin_flip_reject
1156627,SCR_LOC_ATT_HST,PS_SCR_LOC_ATT_HST,ATTACH_DESCR | ATTACHSYSFILENAME | ATTACHUSERFILE | ATT_VERSION | ENTERED_DTTM | SCM_ATTACH_ID | SCR_ID | SCR_REMOVE | SCR_SEQ_NUM | SEQNUM | SERVER_ID | SERVER_PATH | SERVER_TYPE | SHOW_APPROVAL | USERID | VNDR_LOC,IT & Sécurité,0.5,"['Achats & Fournisseurs', 'IT & Sécurité']",coin_flip_reject
1156800,SDK_RP_INPUT,PS_SDK_RP_INPUT,SDK_RP_ORDEREQDATE | SDK_RP_ORDQUANTITY | SDK_RP_PARTNAME | SDK_RP_PROMISEDATE | SDK_RP_QUERY | SDK_RP_RSERVERNAME | SDK_RP_RSERVERPORT | SDK_RP_SERVERNAME | SDK_RP_SITENAME,Supply Chain / Logistique / Production,0.5,"['Supply Chain / Logistique / Production', 'Other']",coin_flip_reject
1157245,SEC_LEDGER_CLS,PS_SEC_LEDGER_CLS,LEDGER | LEDGER_GROUP | LEDGER_TYPE | OPRCLASS,Finance & Contrôle,0.5,"['Finance & Contrôle', 'IT & Sécurité']",coin_flip_reject
1157849,SF_ITMU_MSG_STG,PS_SF_ITMU_MSG_STG,AUDIT_ACTN | CONTAINER_TYPE | CONVERSION_RATE | DFLT_UOM_REQ | DFLT_UOM_STOCK | EIP_CTL_ID | IN_PROCESS_FLG | INV_ITEM_ID | LAST_DTTM_UPDATE | LAST_MAINT_OPRID | PACKAGING_CD | PACKING_CD | PACKING_VOLUME | PACKING_WEIGHT | PROCESS_INSTANCE | QTY_PRECISION | ROUND_RULE | SETID | SHIPPING_VOLUME | SHIPPING_WEIGHT | UNIT_MEASURE_VOL | UNIT_MEASURE_WT | UNIT_OF_MEASURE,IT & Sécurité,0.5,"['IT & Sécurité', 'Supply Chain / Logistique / Production']",coin_flip_reject
1157873,SF_MATRDY_AET,PS_SF_MATRDY_AET,AE_APPLID | AE_SECTION | ATP_INCL_CO_BY | ATP_INCL_COMP | ATP_INCL_EPR_FLG | ATP_INCL_PPRD_FLG | ATP_INCL_PPRS_FLG | ATP_INCL_PPUR_FLG | ATP_INCL_PTRD_FLG | ATP_INCL_PTRS_FLG | ATP_INCL_REQ | ATP_INCL_UNPRMS | ATP_INCL_WIP | ATP_INCL_WO | ATP_LEAD_DAYS | ATP_PPRD_APPR_CD | ATP_PPRD_FRZ_CD | ATP_PPRD_STAT_CD | ATP_PPRS_APPR_CD | ATP_PPRS_FRZ_CD | ATP_PPRS_STAT_CD | ATP_PPUR_APPR_CD | ATP_PPUR_FRZ_CD | ATP_PPUR_STAT_CD | ATP_PTRD_APPR_CD | ATP_PTRD_FRZ_CD | ATP_PTRD_STAT_CD | ATP_PTRS_APPR_CD | ATP_PTRS_FRZ_CD | ATP_PTRS_STAT_CD | BUSINESS_UNIT | BU_SOFT_ALLOC_FLG | COMP_MR_BREAK | COMP_MR_BREAK2 | COMP_MR_ORD | COMP_MR_ORD2 | COMP_MR_SORT | COMP_MR_SORT2 | COMPONENT_ID | COMP_REPORT | COMP_SORT_OPT | CONFIG_CODE | CONVERSION_RATE | CURR_SCHED_QTY | CUST_ID | DEMAND_LINE_NO | DEMAND_SOURCE | DESCR | DISPLAY_PEGS | DISTRIB_LINE_NUM | DMD_OPEN_QTY | DT_TIMESTAMP | DUE_DATE_FLG | EXCL_UNAVAIL_COMPS | FROM_CLAUSE | FUTURE_DMD_DATE | FUTURE_DMD_DAYS | FUTURE_SUP_DATE | FUTURE_SUP_DAYS | INCL_DEMAND | INCL_DETAIL | INCL_SCHED_TIME | INCL_SUPPLY | INV_ITEM_ID | ISSUE_METHOD | ISSUE_QTY | ITM_SETID | JOBINSTANCE | LANGUAGE_CD | LINE_NBR | MESSAGE_PARM | MG_ORIG_COMP_ID | MG_OUTPUT_QTY_CODE | MG_OUTPUT_TYPE | MSR_PRIORITY | MULTI_DESCR | OPRID | OP_SEQUENCE | OP_START_DT | OP_START_TIME | ORDERBY | ORDER_INT_LINE_NO | ORDER_KEY | ORDER_NO | ORD_PRIORITY | ORD_TYPE | PA_ITEM_FROM | PA_ITEM_OPT | PA_ITEM_TO | PA_PA_FROM | PA_PA_OPT | PA_PA_TO | PAST_DUE_DMD_DAYS | PAST_DUE_SUP_DAYS | PEG_KEY_SEPARATOR | PEG_ORDER_KEY | PEG_STATUS | PEND_CONSUME_QTY | PEND_LOSS_QTY | PICKING_DT_FROM | PICKING_DT_TO | PICKING_DT_TYPE | PICKING_LEAD_DAYS | PICK_QTY | PICK_SHIFT_FROM | PICK_SHIFT_TO | PID_ITEM_FROM | PID_ITEM_OPT | PID_ITEM_TO | PID_PA_FROM | PID_PA_OPT | PID_PA_TO | PID_PID_FROM | PID_PID_OPT | PID_PID_TO | PO_ID | PPRD_PRIORITY | PRDN_MR_BREAK | PRDN_MR_BREAK2 | PRDN_MR_BREAK3 | PRDN_MR_BREAK4 | PRDN_MR_ORD | PRDN_MR_ORD2 | PRDN_MR_ORD3 | PRDN_MR_ORD4 | PRDN_MR_SORT | PRDN_MR_SORT2 | PRDN_MR_SORT3 | PRDN_MR_SORT4 | PRDN_PRIORITY | PRDN_SCH_DESCR | PRI_ORDER_DESCR | PROCESS_FREQUENCY | PROCESS_INSTANCE | PROD_REPORT | PRODUCTION_ID | PS_PRINT_FIRM | PS_PRINT_RELEASED | PTRD_PRIORITY | QTY_ALLOC_BASE | QTY_CODE | QTY_PEGGED | QTY_PICK_BASE | QTY_PRECISION | QTY_REQUESTED | READY_FLG | REP_DEMAND | REPORT_READY | REPORT_UNREADY | REP_SUPPLY | REQ_ID | REQUEST_ID | ROUND_RULE | RUN_CNTL_ID | SALES_PRIORITY | SCHED_DATE | SCHED_DTTM | SCHED_LINE_NBR | SCHED_NBR | SCHED_TIME | SEL_PA | SEL_PID | SHIP_CUST_NAME1 | SOFT_ALLOC_FLG | SOURCE_BUS_UNIT | STAGED_DESCR | STAGED_FLAG | START_DMD_DATE | START_SUP_DATE | TIME_ZERO | TOTAL_DEMAND | TRANS_PRIORITY | UNIT_MEASURE_STD | UNIT_OF_MEASURE | UNREADY_COMP_FLG | UPDATE_CLAUSE | VENDOR_ID | VENDOR_NAME_SHORT | VENDOR_SETID | WHERE_CLAUSE | WHERE_CLAUSE1 | WHERE_CLAUSE_LONG | WO_PRIORITY | YIELD | YIELD_QTY,Supply Chain / Logistique / Production,0.5,"['Supply Chain / Logistique / Production', 'IT & Sécurité']",coin_flip_reject
1157883,SF_MR_DSI_TAO,PS_SF_MR_DSI_TAO,AVAIL_QTY | BUSINESS_UNIT | CONFIG_CODE | CUST_ID | DEMAND_LINE_NO | DEMAND_SOURCE | DISTRIB_LINE_NUM | EXCLUDE | INV_ITEM_ID | ISSUE_METHOD | LINE_NBR | MG_ORIG_COMP_ID | MG_OUTPUT_QTY_CODE | MG_OUTPUT_TYPE | MULTI_PEG | OP_SEQUENCE | OP_START_ORIG | ORDER_INT_LINE_NO | ORDER_KEY | ORDER_NO | ORD_PRIORITY | ORD_TYPE | PEG_CUST_NAME | PEG_ORDER_KEY | PEG_ORDER_TYPE | PEG_STATUS | PO_ID | PRIOR_DEMAND | PRIOR_SUPPLY | PROCESS_INSTANCE | PRODUCTION_ID | QTY_ALLOC_BASE | QTY_CODE | QTY_PEGGED | QTY_PICK_BASE | QTY_REQUESTED_BASE | REQ_ID | RES_LN_NBR | SCHED_DTTM | SCHED_LINE_NBR | SCHED_NBR | SHIP_CUST_NAME1 | SOURCE_BUS_UNIT | STAGED_FLAG | VENDOR_ID | VENDOR_NAME_SHORT | VENDOR_SETID | WO_ID | WO_TASK_ID,Supply Chain / Logistique / Production,0.5,"['Supply Chain / Logistique / Production', 'IT & Sécurité']",coin_flip_reject
1157888,SF_MR_LCI_TAO,PS_SF_MR_LCI_TAO,BUSINESS_UNIT | CONFIG_CODE | INV_ITEM_ID | PROCESS_INSTANCE | QTY_AVAILABLE,Supply Chain / Logistique / Production,0.5,"['IT & Sécurité', 'Supply Chain / Logistique / Production']",coin_flip_reject
1157906,SF_OP_ATT_ARCH,PS_SF_OP_ATT_ARCH,BUSINESS_UNIT | DESCR | DOCUMENT_NAME | FILE_EXTENSION | OP_SEQUENCE | PRODUCTION_ID,Supply Chain / Logistique / Production,0.5,"['Other', 'Supply Chain / Logistique / Production']",coin_flip_reject
1157933,SF_OP_LLT_TMP,PS_SF_OP_LLT_TMP,ASSY_STARTS_QTY | BUSINESS_UNIT | COUNT_POINT | EXPECTD_CMPL_QTY | FIXED_SCRAP_QTY | FXRUN_LT | INTRANS_LT | MACHINE_CODE | OP_COMPLETED | OP_END_DT | OP_END_SHIFT | OP_END_TIME | OPERATION_YIELD | OP_OVERLAP | OP_PRDN_END_DT | OP_PRDN_END_SHFT | OP_PRDN_RUN_ST_DT | OP_PRDN_RUN_ST_SH | OP_PRDN_START_DT | OP_PRDN_START_SHFT | OP_RUN_START_DT | OP_RUN_START_SHIFT | OP_RUN_START_TIME | OP_SEQUENCE | OP_START_DT | OP_START_SHIFT | OP_START_TIME | OVERLAP_FLG | PERCENT_COMP | PLAN_FROZEN_FLG | POST_PROD_EARNED | PRODUCTION_ID | QTY_COMP_AND_AT | QTY_COMP_AND_THRU | QTY_ISS_TO_OP | QTY_SCRAPPED | QUEUE_ADJ_LT | QUEUE_LT | RUN_RATE | SEND_AHEAD_QTY | SETUP_EARNED | SETUP_LT | SETUP_NO_LT | SIM_SETUP_QUEUE | SUBCONTRACTED | TASK_CODE | TASK_INTENSITY | TOT_RUN_LT | VENDOR_ID | WORK_CENTER_CODE,Supply Chain / Logistique / Production,0.5,"['IT & Sécurité', 'Supply Chain / Logistique / Production']",coin_flip_reject
1158029,SF_PA_SCH_TMPS,PS_SF_PA_SCH_TMPS,BUSINESS_UNIT | PRDN_AREA_CODE | PRDN_DUE_SHIFT | QTY_FRIDAY | QTY_MONDAY | QTY_SATURDAY | QTY_SUNDAY | QTY_THURSDAY | QTY_TUESDAY | QTY_WEDNESDAY,Supply Chain / Logistique / Production,0.5,"['Other', 'Supply Chain / Logistique / Production']",coin_flip_reject
1158395,SF_TRC_HDR,PS_SF_TRC_HDR,CONFIG_CODE | CREATEDTTM | INV_ITEM_ID | LAST_DTTIME | LOT_ID | OPRID | SERIAL_ID | SETID,Supply Chain / Logistique / Production,0.5,"['Supply Chain / Logistique / Production', 'IT & Sécurité']",coin_flip_reject
1158443,SF_TRC_VAL2_T,PS_SF_TRC_VAL2_T,BUSINESS_UNIT | INV_ITEM_ID | INV_LOT_ID | PROCESS_INSTANCE | PRODUCTION_ID | SERIAL_ID,Supply Chain / Logistique / Production,0.5,"['IT & Sécurité', 'Supply Chain / Logistique / Production']",coin_flip_reject
1158828,SII_REQBU_TAO,PS_SII_REQBU_TAO,BUSINESS_UNIT | BUSINESS_UNIT_GL | PROCESS_INSTANCE | REQUEST_NBR | VAT_SOURCE_DEFN,Finance & Contrôle,0.5,"['Achats & Fournisseurs', 'IT & Sécurité']",coin_flip_reject
1158898,SJ_TMPL_CPY_RNC,PS_SJ_TMPL_CPY_RNC,DESCR | OPRID | PB_ACTION | RUN_CNTL_ID | SJ_JOURNAL_TYPE | SJ_TEMPLATE_ID,Finance & Contrôle,0.5,"['Finance & Contrôle', 'IT & Sécurité']",coin_flip_reject
1159281,SPA_PLOG_ATTACH,PS_SPA_PLOG_ATTACH,ATT_VERSION | BUSINESS_UNIT | PLOG_ID | SCM_ATTACH_ID,Supply Chain / Logistique / Production,0.5,"['IT & Sécurité', 'Supply Chain / Logistique / Production']",coin_flip_reject
1159318,SPA_PROJ_TAO,PS_SPA_PROJ_TAO,BUSINESS_UNIT | DESCR | EFF_STATUS | END_DT | INTEGRATION_TMPL | IN_USE_SW | LAST_ACTIVITY_ID | OPRID | PC_ACT_OPTION | PROJECT_ID | PROJECT_TYPE | SET_OVERRIDE | SORTCODE | START_DT | SUMMARY_PRJ | SYSTEM_SOURCE | TEMPLATE_ID | TEMPLATE_SW,IT & Sécurité,0.5,"['IT & Sécurité', 'Other']",coin_flip_reject
1159429,SPA_TIME_APR_AU,PS_SPA_TIME_APR_AU,BUSINESS_UNIT | COMMENTS | DATETIME_STAMP | LINE_NBR | NAME | REASON_CD | REASON_TYPE | SEQNUM | TIME_LINE_STATUS | TIME_SHEET_ID | WORK_ORDER_ID,RH,0.5,"['RH', 'Other']",coin_flip_reject
1159501,SPA_TRULE_HOL,PS_SPA_TRULE_HOL,COUNTRY | EFFDT | HOLIDAY_SCHEDULE | SETID | SPA_AMOUNT_THRESH | SPA_BLACKOUT_DT | SPA_NO_PAYOUT | SPA_OVERRIDE_UOM | SPA_RULE_SEQ | SPA_RULE_STEP | SPA_START_TIME | SPA_STOP_TIME | SPA_TIME_RULE_ID | SPA_TIME_THRESH | SPA_TIME_THRESH_MX | TRC,Finance & Contrôle,0.5,"['Finance & Contrôle', 'RH']",coin_flip_reject
1159510,SPA_TS_APR_XREF,PS_SPA_TS_APR_XREF,BUSINESS_UNIT | COMMENTS | EOAWDEFN_ID | EOAWDTTM_MODIFIED | EOAWPARENT_THREAD | EOAWPRCS_ID | EOAWREQUESTOR_ID | EOAWTHREAD_ID | EOAWTHREAD_STATUS | LINE_NBR | ORIGINATORID | RECNAME | TIME_SHEET_ID | WORK_ORDER_ID,IT & Sécurité,0.5,"['Other', 'IT & Sécurité']",coin_flip_reject
1159601,SPBIDLN_PT_TEO1,PS_SPBIDLN_PT_TEO1,BID_ID | BUSINESS_UNIT | CURRENCY_CD | CURRENCY_CD_BASE | CURRENCY_CD_VNDR | EO_FROM_CURRENCY | EO_PROCESS_INST | LINE_ROW | SP_3RDPARTY_MARKUP | SP_3RDPARTY_VNDR | SP_3RDPTY_MKP_VNDR | SP_3RDPTY_MKUP_BSE | SP_3RDPTY_MKUP_PCT | SP_FIXED_COST | SP_FIXED_COST_BSE | SP_FIXED_COST_VNDR | SP_PAY_RATE | SP_PAY_RATE_BSE | SP_PAY_RATE_VNDR | SP_VNDR_MARKUP | SP_VNDR_MARKUP_BSE | SP_VNDR_MARKUP_PCT | SP_VNDR_MKUP_VNDR,Finance & Contrôle,0.5,"['Finance & Contrôle', 'Achats & Fournisseurs']",coin_flip_reject
1159603,SPBIDLN_PT_TEO3,PS_SPBIDLN_PT_TEO3,BID_ID | BUSINESS_UNIT | CURRENCY_CD | CURRENCY_CD_BASE | CURRENCY_CD_VNDR | EO_FROM_CURRENCY | EO_PROCESS_INST | LINE_ROW | SP_3RDPARTY_MARKUP | SP_3RDPARTY_VNDR | SP_3RDPTY_MKP_VNDR | SP_3RDPTY_MKUP_BSE | SP_3RDPTY_MKUP_PCT | SP_FIXED_COST | SP_FIXED_COST_BSE | SP_FIXED_COST_VNDR | SP_PAY_RATE | SP_PAY_RATE_BSE | SP_PAY_RATE_VNDR | SP_VNDR_MARKUP | SP_VNDR_MARKUP_BSE | SP_VNDR_MARKUP_PCT | SP_VNDR_MKUP_VNDR,Finance & Contrôle,0.5,"['Finance & Contrôle', 'Achats & Fournisseurs']",coin_flip_reject
1159788,SPB_REPLAEM_LOG,PS_SPB_REPLAEM_LOG,BUSINESS_UNIT | COMMENTS_254 | EM_REPLACE_TXNTYPE | ENGAGEMENT_MNGR | INCL_CLOSED | INCL_FINALIZED | LINE_NBR | ROW_CREATE_USER | RUN_DTTM | SCHD_REPLACESC_EM | SEQNUM | SP_REQ_ID | TO_ENGAGEMENT_MNGR | WORK_ORDER_ID,IT & Sécurité,0.5,"['IT & Sécurité', 'Other']",coin_flip_reject
1160807,SPF_ATTACHMENT,PS_SPF_ATTACHMENT,ATTACH_BOX | ATTACHSYSFILENAME | ATTACHUSERFILE | PERSON_ID,IT & Sécurité,0.5,"['IT & Sécurité', 'Other']",coin_flip_reject
1160897,SPF_IDET_TAO,PS_SPF_IDET_TAO,BUSINESS_UNIT | GROSS_AMT | INVOICE_DT | INVOICE_ID | PROCESS_INSTANCE | VENDOR_ID,Finance & Contrôle,0.5,"['Finance & Contrôle', 'Achats & Fournisseurs']",coin_flip_reject
1160932,SPF_INVDTL_TAO,PS_SPF_INVDTL_TAO,BUSINESS_UNIT | COMMENTS | CURRENCY_CD | INV_EXP_AMT | INV_LINE_ADJAMT | INV_LINE_ADJEXP | INV_LINE_ADJHOURS | INV_LINE_ADJRATE | INV_LINE_AMT | INV_LINE_STATUS | INVOICE_ID | INVOICE_LINE | LINE_NBR | PERIOD_END_DT | PROCESS_INSTANCE | TIME_QUANTITY | TIME_SHEET_ID | UNIT_OF_MEASURE | WO_RATE | WORK_ORDER_ID,Finance & Contrôle,0.5,"['Supply Chain / Logistique / Production', 'Finance & Contrôle']",coin_flip_reject
1161094,SPF_RUNCTL_CINP,PS_SPF_RUNCTL_CINP,BUSINESS_UNIT | END_DATE | INVOICE_ID_FROM | INVOICE_ID_TO | INVOICE_STATUS | OPRID | RUN_CNTL_ID | SPF_CURRENCY | START_DATE | VENDOR_ID,Achats & Fournisseurs,0.5,"['Achats & Fournisseurs', 'Finance & Contrôle']",coin_flip_reject
1161227,SPF_WOALRT_LANG,PS_SPF_WOALRT_LANG,BUSINESS_UNIT | LANGUAGE_CD | SP_ALERT_DESCR | SP_ALERT_SEQ_NUM | WORK_ORDER_ID,IT & Sécurité,0.5,"['Other', 'IT & Sécurité']",coin_flip_reject
1161235,SPF_WOBDFTR_LST,PS_SPF_WOBDFTR_LST,AUC_BF_LIST_LINE | BID_FACTOR_CD | BID_FACTOR_NBR | BID_LIST_ITEM | BUSINESS_UNIT | WEIGHTING | WORK_ORDER_ID,Supply Chain / Logistique / Production,0.5,"['Supply Chain / Logistique / Production', 'Other']",coin_flip_reject
1161579,SPL_MAP_VALS,PS_SPL_MAP_VALS,PROBINST,IT & Sécurité,0.5,"['IT & Sécurité', 'Other']",coin_flip_reject
1162023,SPREQLN_PT_TEO2,PS_SPREQLN_PT_TEO2,BUSINESS_UNIT | CURRENCY_CD | CURRENCY_CD_BASE | EO_FROM_CURRENCY | EO_PROCESS_INST | LINE_NBR | SP_3RDPARTY_MARKUP | SP_3RDPARTY_VNDR | SP_3RDPTY_MKUP_BSE | SP_3RDPTY_MKUP_PCT | SP_FIXED_COST | SP_FIXED_COST_BSE | SP_PAY_RATE | SP_PAY_RATE_BSE | SP_REQ_ID | SP_VNDR_MARKUP | SP_VNDR_MARKUP_BSE | SP_VNDR_MARKUP_PCT,Finance & Contrôle,0.5,"['Finance & Contrôle', 'Achats & Fournisseurs']",coin_flip_reject
1162093,SPR_EXP_TAO,PS_SPR_EXP_TAO,ACCOUNT | APPROVAL_OPRID | BUSINESS_UNIT | CURRENCY_CD | DEPTID | DISTRIB_LINE_NUM | DISTRIB_TYPE | POAMOUNT | PO_ID | PROCESS_INSTANCE | PROJECT_ID | PROJ_ROLE | SPR_BILL_ID | SPR_BILL_TYPE | SPR_STATUS | SPR_TOTAL_AMT | SPR_TOTAL_EXPNS | VENDOR_ID | WO_CLIID | WO_CONID | WORK_ORDER_ID,Finance & Contrôle,0.5,"['Achats & Fournisseurs', 'Finance & Contrôle']",coin_flip_reject
1162111,SPR_LOS_TAO,PS_SPR_LOS_TAO,BUSINESS_UNIT | BUSINESS_UNIT_PC | DEPTID | DISTRIB_LINE_NUM | END_DATE | EX_DURATION_DAYS | LENGTH_OF_STAY | OPRID | PO_ID | PROCESS_INSTANCE | PROJECTED_END_DATE | PROJECT_ID | PROJ_ROLE | START_DATE | TE_APPROVER | VENDOR_ID | WO_CLIID | WO_CONID | WORK_ORDER_ID,Achats & Fournisseurs,0.5,"['Achats & Fournisseurs', 'IT & Sécurité']",coin_flip_reject
1162146,SPR_RQLIN_TAO,PS_SPR_RQLIN_TAO,APPROVAL_DT | BUSINESS_UNIT | BUSINESS_UNIT_PC | CONTRACT_FOR_HIRE | CURRENCY_CD | CURRENCY_CD_BASE | CURRENCY_CD_SPLR | DAYS_UOM | DEPTID | DURATION | EDUCATION_LVL | END_DATE | EXPENSES_INCLUDED | FIRSTDAY_CONTAC_ID | HEALTH_CONTACT_ID | HOLD_STATUS | IN_PROCESS_FLG | INTERVIEWREQUIRED | LINE_NBR | LOCATION | MS_RATE | MS_RATE_BSE | OPRID_APPROVED_BY | OVERTIME_PERMITTED | PROCESS_INSTANCE | PROJECT_ID | PROJ_ROLE | RATE_DIV | RATE_EFFDT | RATE_MULT | RECRUITER | REQUESTOR_ID | ROLE_TYPE | ROW_CREATE_DATE | ROW_CREATE_USER | ROW_MODIFY_DATE | ROW_MODIFY_USER | RT_TYPE | SERVICE_METHOD | SHIFT_ID | SPA_USE_EXPENSES | SP_BILL_METHOD | SP_DURATION | SP_EXP_APPROVER | SP_EXP_RATE_UOM | SP_EXTENDED_FLG | SPF_CUST_COMPANY | SPF_EXP_AMT_BSE | SPF_EXPENSE_AMT | SPF_EXPENSE_RATE | SPF_EXP_RATE_BSE | SPF_EXTERNAL | SPF_FILL_CURR_CD | SPF_LN_FILL_TOTAL | SPF_LN_FIL_TOT_BSE | SPF_LN_TOTAL_BSE | SPF_RATE | SPF_RATE_BSE | SPF_RATE_FILL | SPF_RATE_FILL_BSE | SPF_REQ_LN_TOTAL | SPF_SPLR_AMT | SPF_SPLR_RATE | SPF_YRS_EXPERIENCE | SP_LINKED_LINENUM | SP_LINKED_REQ_ID | SP_MSP_PERCENT | SP_NUM_FILLED_POS | SP_NUM_OF_POSITION | SP_ORIGIN_TYPE | SP_RATE_UOM | SP_REPORT_TO_ID | SP_REQ_ID | SP_REQ_STATUS | SP_REQ_TYPE | SP_SAFETY_YESNO | SP_SHOW_BID | SP_SPLR_RATE_UOM | SP_UTILIZATION | SRC_ASSIGNED | START_DATE | TEAM_ID | TE_APPROVER | TELECOMMUTE | TRAVEL_FREQUENCY | TRAVEL_REQUIRED | UNIT_OF_MEASURE | WO_CONID,Finance & Contrôle,0.5,"['Finance & Contrôle', 'Achats & Fournisseurs']",coin_flip_reject
1162156,SPR_SRC_TAO,PS_SPR_SRC_TAO,BUSINESS_UNIT | CONTRACTOR | DATEDIFF | FILL_DATE | LINE_NBR | PROCESS_INSTANCE | RESPONSE_DATE | SOURCING_DATE | SPR_APPROVAL_TIME | SP_REQ_ID | SPR_TIME_TO_FILL | SUBMITAL_NUMBER | VENDOR_ID,Achats & Fournisseurs,0.5,"['RH', 'Achats & Fournisseurs']",coin_flip_reject
1162470,SRBT_PROD_TBL,PS_SRBT_PROD_TBL,BUSINESS_UNIT | CONVERT_UOM_FLG | PRODUCT_GROUP | PRODUCT_ID | SRBT_ID | UNIT_OF_MEASURE,Supply Chain / Logistique / Production,0.5,"['Other', 'Supply Chain / Logistique / Production']",coin_flip_reject
1162474,SRBT_REBATE_TMP,PS_SRBT_REBATE_TMP,BUSINESS_UNIT | CURRENCY_CD | CUST_ID | END_DATE | PROCESS_INSTANCE | REBATE_AMT | REBATE_FLAG | SRBT_ID,Finance & Contrôle,0.5,"['Ventes & Clients', 'Finance & Contrôle']",coin_flip_reject
1162495,SRCH_CONFIG_REC,PS_SRCH_CONFIG_REC,RCD_ALIAS | RECNAME | SEQ_NUM | SQL_TEXT_LONG | SRCH_CONFIG_ID,IT & Sécurité,0.5,"['Other', 'IT & Sécurité']",coin_flip_reject
1162520,SR_CONS_CUST,PS_SR_CONS_CUST,ATTACHSYSFILENAME | ATTACHUSERFILE | BUSINESS_UNIT | DESCR | PC_EMAIL_TEXT | PC_MAIL_BCC | PC_MAIL_CC | PC_MAIL_FROM | PC_MAIL_SUBJECT | PC_MAIL_TO | PROJECT_ID,Ventes & Clients,0.5,"['Ventes & Clients', 'Other']",coin_flip_reject
1162662,SSO_SURPLUS_WRK,PS_SSO_SURPLUS_WRK,PROBINST | SSO_BOUND_INDEX | SSO_SURPLUS_VAL,Other,0.5,"['Other', 'IT & Sécurité']",coin_flip_reject
1163044,STX_FORM_TBL,PS_STX_FORM_TBL,OPRID | REQUEST_ID | RUN_CNTL_ID | STX_AP_VCHR_FLG | STX_AR_OPEN_FLG | STX_BILL_FIN_FLG | STX_IUT_RCPT_FLG | STX_IUT_SHIP_FLG | STX_SELECT_ALL_FLG,Finance & Contrôle,0.5,"['Other', 'Finance & Contrôle']",coin_flip_reject
1163559,SUT_DFLT_TBL,PS_SUT_DFLT_TBL,CATEGORY_ID | INV_ITEM_ID | ITM_SETID | SALETX_CD | SETID | SHIPTO_ID | SORT_SEQ_NBR | SUT_APPL_FLG | ULTIMATE_USE_CD | USETAX_CD | VENDOR_ID | VENDOR_SETID | VNDR_LOC,Supply Chain / Logistique / Production,0.5,"['Supply Chain / Logistique / Production', 'Achats & Fournisseurs']",coin_flip_reject
1163813,TD_CHECK_DATA,PS_TD_CHECK_DATA,SETID | TD_CHECKBOOK_ID | TD_LAST_REFRESH | TD_TREE_EFFDT_CUST | TD_TREE_ID_CUST,Finance & Contrôle,0.5,"['Finance & Contrôle', 'Other']",coin_flip_reject
1163898,TD_FINUP_SETID,PS_TD_FINUP_SETID,OPRID | RUN_CNTL_ID | SETID,Finance & Contrôle,0.5,"['Finance & Contrôle', 'IT & Sécurité']",coin_flip_reject
1164278,TEST_REQ,PS_TEST_REQ,BTF_PRCS_TYPE | BTF_RUN_TYPE | BTFSERVERNAME | DESCR | DTTM_STAMP_SEC | LOAD_EXPECTED | OPRID | PROCESS_FREQUENCY | PROCESS_INSTANCE | PROCESS_ORIG | PROCESS_STATUS | REQUEST_NBR | RUN_CNTL_ID | TEST_CASE | TEST_SET,IT & Sécurité,0.5,"['IT & Sécurité', 'Achats & Fournisseurs']",coin_flip_reject
1164407,TMS_HLDCK_TAO,PS_TMS_HLDCK_TAO,BUSINESS_UNIT | DEMAND_LINE_NO | DEMAND_SOURCE | HOLD_STATUS | INV_ITEM_ID | ORDER_INT_LINE_NO | ORDER_NO | PROCESS_INSTANCE | SCHED_LINE_NBR | SOURCE_BUS_UNIT,Supply Chain / Logistique / Production,0.5,"['Supply Chain / Logistique / Production', 'IT & Sécurité']",coin_flip_reject
1164558,TRAN_DT_TMP,PS_TRAN_DT_TMP,ACCOUNTING_DT | ASSET_ID | BOOK | BUSINESS_UNIT | CALC_DEPR_STATUS | CALC_DIST_STATUS | CALC_REPT_STATUS | CONVENTION | DTTM_STAMP | EFFDT | GROUP_ASSET_ID | MAX_DTTM_STAMP | MEM_IN_SERVICE_DT | MIN_DTTM_STAMP | OPEN_TRANS_ID | OPRID | PROCESS_INSTANCE | REQUEST_ID | SUM_GROUP_STATUS | TRANS_DT | TRANSFER_ASSET_ID | TRANSFER_BOOK | TRANSFER_BU | TRANS_IN_OUT | TRANS_TYPE,Finance & Contrôle,0.5,"['Finance & Contrôle', 'IT & Sécurité']",coin_flip_reject
1164559,TRAN_EXCLUD_DET,PS_TRAN_EXCLUD_DET,SETID | TRAN_EXCLUDE_CODE | TRANS_CODE,IT & Sécurité,0.5,"['IT & Sécurité', 'Other']",coin_flip_reject
1164730,TR_DASH_03_CFG,PS_TR_DASH_03_CFG,ASOFDATE | COMPLETE | CUR_EFFDT | DISPLAY_CURRENCY | END_DT | OPRID | RT_RATE_INDEX | RT_TYPE | START_DT | TR_DASH_TM_INTRVL | TR_TERM,Finance & Contrôle,0.5,"['Other', 'IT & Sécurité']",coin_flip_reject
1165192,TR_ID_DISP_CUR,PS_TR_ID_DISP_CUR,CURRENCY_CD | OPRID | RT_RATE_INDEX | RT_TYPE | TERM_DAYS | TR_ROUND_TYPE,Finance & Contrôle,0.5,"['Finance & Contrôle', 'IT & Sécurité']",coin_flip_reject
1165783,TSE_JHDR_FLD,PS_TSE_JHDR_FLD,BUSINESS_UNIT | JOURNAL_DATE | JOURNAL_ID | MESSAGE_NBR | MESSAGE_PARM | MESSAGE_PARM2 | MESSAGE_PARM3 | MESSAGE_SET_NBR | TSE_EDIT_TYPE | TSE_FIELDNAME | TSE_JOBID | TSE_PROC_INSTANCE | TSE_SET_NBR | UNPOST_SEQ,Finance & Contrôle,0.5,"['Finance & Contrôle', 'IT & Sécurité']",coin_flip_reject
1165796,TSE_JLN_SUS_TMP,PS_TSE_JLN_SUS_TMP,APPLY_2_ALL_SW | BUSINESS_UNIT | FIELD_VALUE_NEW | JOURNAL_DATE | JOURNAL_ID | JOURNAL_LINE | MESSAGE_NBR | MESSAGE_PARM | MESSAGE_PARM2 | MESSAGE_PARM3 | MESSAGE_SET_NBR | MESSAGE_TEXT | TSE_FIELDNAME | TSE_JOBID,Finance & Contrôle,0.5,"['Other', 'Finance & Contrôle']",coin_flip_reject
1165938,TV_MYRESV_DTL,PS_TV_MYRESV_DTL,ARRIVAL_LOC | CONFIRM_STATUS | DEPARTURE_DTTM | DEPARTURE_LOC | EMPLID | FLIGHT_NUM | ITINERARY_ID | LEG_ID | RESERVATION_NBR | SEAT | TRAVEL_PARTNER,Other,0.5,"['Other', 'RH']",coin_flip_reject
1165976,UA_VNDRWTHD_TMP,PS_UA_VNDRWTHD_TMP,ADDRESS1 | ADDRESS2 | ADDRESS3 | ADDRESS4 | ADDRESS_SEQ_NUM | ADDR_FIELD1 | ADDR_FIELD2 | ADDR_FIELD3 | BIRTHDATE | BIRTHPLACE | BOND_PREMIUM | BOND_PREMIUM_TAXEX | CERTIFICATE_EXP_DT | CERTIFICATE_NUM | CERTIFICATE_TYPE | CITY | COMPANY_FLG | COUNTRY | COUNTRY_PAID | COUNTY | DIRECT_SALES | EFFDT | EFF_STATUS | FATCA_INDICATOR | FLAG | FOREIGN_TAX_PAID | GBR_REG_NO | GBR_VENDOR_TYPE | GBR_VERIFY | GBR_VERIFY_DATE | GBR_VERIFY_NBR | GEO_CODE | HOUSE_TYPE | IN_CITY_LIMIT | MARKET_DISCOUNT | NAME1 | NAME2 | NUM1 | NUM2 | NUM_CHILDREN | POSTAL | PRCNT_WTHHLD | PRIVATE_BOND_INT | PROFESSION | REPORT_BOND_PREM | SECOND_TIN | SETID | SEX | STATE | STATE_TAX_WH | TAX_DIST_REF | TAX_EXMPT_INTEREST | TIN | TIN_TYPE | TRADE_BUS_INC | VENDOR_ID | VNDR_LOC | WTHD_CONTROL_NAME | WTHD_ENTITY | WTHD_IND | WTHD_PAN_NUM | WTHD_PAN_WARD,Finance & Contrôle,0.5,"['Finance & Contrôle', 'Achats & Fournisseurs']",coin_flip_reject
1166051,UNPOST_GRP_TMP,PS_UNPOST_GRP_TMP,CUST_ID | ENTRY_TYPE | GROUP_BU | GROUP_ID | ITEM,Other,0.5,"['Other', 'Finance & Contrôle']",coin_flip_reject
1166078,UPG2_TMDT_TAO,PS_UPG2_TMDT_TAO,ADJUSTMENT | DATE_UNDER_RPT | LINE_NBR | LINE_NBR_MAX | PROCESS_INSTANCE | REF_TIME_SHEET_ADJ | TIME_QUANTITY | TIME_SHEET_ID | TIME_SHEET_STATUS | UNIT_OF_MEASURE | UNPOST_SEQ | VERSION_NUM,RH,0.5,"['RH', 'IT & Sécurité']",coin_flip_reject
1166093,UPG_AM840_PC_CF,PS_UPG_AM840_PC_CF,FIELDNAME | FIELDNAME1 | RUN_CNTL_ID,IT & Sécurité,0.5,"['IT & Sécurité', 'Other']",coin_flip_reject
1166174,UPG_CONV_TBL,PS_UPG_CONV_TBL,BI_CURRENCY_CD | COUNTRY | CURRENCY_CD | CUR_RT_TYPE | DAYS_UOM | DOC_TYPE_IU | PUBLIC_SECTOR | RT_TYPE | START_DT | TAX_COMPANY | UPG_PLAN_DATA | UPGRADE_DT | UPG_RELEASE | WTHD_TYPE,Finance & Contrôle,0.5,"['Other', 'Finance & Contrôle']",coin_flip_reject
1166219,UPG_DM_AET,PS_UPG_DM_AET,ACTION_CODE | ACTION_OWNER | ACTION_STATUS | ADDRESS_SEQ_NUM | AE_EXISTS | AR_SPECIALIST | ASSN_OPRID | BILL_OF_LADING | BROKER_ID | BUSINESS_UNIT | BUSINESS_UNIT_BI | BUSINESS_UNIT_OM | CARRIER_ID | CFSTRING1 | CFSTRING2 | CLAIM_DT | CLAIM_NO | CLASS_OF_TRADE | COMPLETION_DATE | CONTRACT_NUM | CR_ANALYST | CUST_ID | DEDUCTION_DT | DEDUCTION_STATUS | DESCR254 | DESCR254_MIXED | DIVISION | DM_ACTION_CODE | DM_ACTION_STATUS | DM_ACTION_TYPE | DM_CREATE_DTTM | DOCUMENT | DT_INVOICED | DUE_DT | EFFDT | ENTRY_TYPE | ENTRY_TYPE_WRK | ENTRY_USE_ID | GROUP_SEQ_NUM | INVOICE | INVOICE_BU | INV_PROD_FAM_CD | ITEM | ITEM_DUE_DT | ITEM_LINE | ITEM_LINE2 | LAST_MAINT_OPRID | LAST_UPDATE_DTTM | LINE_NBR | MAJOR_CLASS | MAX_WRITE_OFF_DAYS | MAX_WRITE_OFF_PCT | OPRID | ORDER_NO | OWNER_TYPE | PO_REF | PPRC_PROMO_CD | PROCESS_INSTANCE | PROOF_OF_DELIVERY | RECORD_COUNT | RUN_CNTL_ID | SALES_PERSON | SALES_PERSON2 | SETID | SHIP_FROM_BU | SHIP_TO_ADDR_NUM | SHIP_TO_CUST_ID | SOLD_TO_ADDR_NUM | SOLD_TO_CUST_ID | SPLIT_ID | SUB_GROUP_ID | UPG_RELEASE | USER1 | USER10 | USER2 | USER3 | USER4 | USER5 | USER6 | USER7 | USER8 | USER9 | USER_AMT1 | USER_AMT2 | USER_AMT3 | USER_AMT4 | USER_AMT5 | USER_AMT6 | USER_AMT7 | USER_AMT8 | USER_DT1 | USER_DT2 | USER_DT3 | USER_DT4 | WS_WOT_OVERRIDE,Achats & Fournisseurs,0.5,"['Achats & Fournisseurs', 'IT & Sécurité']",coin_flip_reject
1166509,UPG_SUB_TOP_TBL,PS_UPG_SUB_TOP_TBL,DESCR | SETID | UPG_CONVER_SUB_TOP,IT & Sécurité,0.5,"['IT & Sécurité', 'Other']",coin_flip_reject
1166549,USBANKTYPE1,PS_USBANKTYPE1,SBTABANK | SBTBCYCL | SBTBTYPE | SBTCACCT | SBTCMPNY | SBTCTS | SBTDATE | SBTTYPE1 | SBTY1LL,Finance & Contrôle,0.5,"['Other', 'Finance & Contrôle']",coin_flip_reject
1166551,USBANKTYPE5,PS_USBANKTYPE5,SBTACCT | SBTBCURC | SBTCARR1 | SBTCARR2 | SBTCARR3 | SBTCARR4 | SBTCLAS1 | SBTCLAS2 | SBTCLAS3 | SBTCLAS4 | SBTDEST1 | SBTDEST2 | SBTDEST3 | SBTDEST4 | SBTDPDAT | SBTFCURA | SBTMACCT | SBTMACQN | SBTMCITY | SBTMCTRY | SBTMERDS | SBTMIDF | SBTMSTAT | SBTMZIP | SBTOCOD | SBTPASS | SBTPCOD | SBTPDATE | SBTPID | SBTREFN | SBTSCOD1 | SBTSCOD2 | SBTSCOD3 | SBTSCOD4 | SBTSCURC | SBTSIC | SBTTACOD | SBTTAMT | SBTTANAM | SBTTAX | SBTTDATE | SBTTICK | SBTTMEMO | SBTTRCOD | SBTTXCOD | SBTTY5LL | SBTTYPE5 | SBTY5LL,Finance & Contrôle,0.5,"['Other', 'Finance & Contrôle']",coin_flip_reject
1167151,VCHL_WTH_TMP,PS_VCHL_WTH_TMP,ADDRESS_SEQ_NUM | BASE_CURRENCY | BUSINESS_UNIT | MERCH_AMT_BSE | MERCHANDISE_AMT | PROCESS_INSTANCE | RATE_DIV | RATE_MULT | RT_TYPE | TIN | TXN_CURRENCY_CD | VENDOR_CATEGORY | VENDOR_ID | VENDOR_SETID | VNDR_LOC | VOUCHER_ID | VOUCHER_LINE_NUM | WTHD_IND | WTHD_RULE,Finance & Contrôle,0.5,"['Finance & Contrôle', 'Achats & Fournisseurs']",coin_flip_reject
1167229,VCHR_APPRVL_RUN,PS_VCHR_APPRVL_RUN,DESCR | FROM_DT | OPRID | PROCESS_INSTANCE | REQUEST_DT | REQUEST_ID | RUN_CNTL_ID | TO_DT | VCHR_APPR_OPTION | WHERE_CLAUSE | WHERE_CLAUSE2 | WHERE_CLAUSE3 | WHERE_CLAUSE4 | WHERE_CLAUSE5 | WHERE_CLAUSE6,IT & Sécurité,0.5,"['IT & Sécurité', 'Finance & Contrôle']",coin_flip_reject
1167240,VCHR_ARC_RP_HDR,PS_VCHR_ARC_RP_HDR,LANGUAGE_CD | OPRID | RUN_CNTL_ID,Finance & Contrôle,0.5,"['Finance & Contrôle', 'IT & Sécurité']",coin_flip_reject
1167255,VCHR_BATCH_SRC,PS_VCHR_BATCH_SRC,OPRID | PUB_VCHR_MSG | REQUEST_ID | RUN_CNTL_ID | VCHR_BATCH_INTFC | VCHR_BLD_CNT_OPT,Finance & Contrôle,0.5,"['Finance & Contrôle', 'IT & Sécurité']",coin_flip_reject
1167265,VCHR_BLD_CMDS,PS_VCHR_BLD_CMDS,BUSINESS_UNIT | BUSINESS_UNIT_PO | BUSINESS_UNIT_RECV | DISTRIB_LINE_NUM | MERCH_AMT_CNVT | PACKSLIP_NO | PO_ID | PROCESS_INSTANCE | QTY_VCHR_CNVT | RECEIPT_DT | RECEIVER_ID | RECV_LN_NBR,Achats & Fournisseurs,0.5,"['Achats & Fournisseurs', 'Finance & Contrôle']",coin_flip_reject
1167582,VCHR_MTCH_WS8,PS_VCHR_MTCH_WS8,BUSINESS_UNIT | BUSINESS_UNIT_PO | BUSINESS_UNIT_RECV | CURRENCY_CD | LINE_NBR | MERCH_AMT_RECV | MERCH_AMT_VCHR | PO_ID | QTY_ENTERED | QTY_SH_ACCPT_VUOM | QTY_VCHR | RECEIVER_ID | RECV_LN_NBR | RECV_SHIP_SEQ_NBR | SCHED_NBR | UNIT_OF_MEASURE | UNIT_PRICE | VOUCHER_ID | VOUCHER_LINE_NUM,Achats & Fournisseurs,0.5,"['Achats & Fournisseurs', 'Finance & Contrôle']",coin_flip_reject
1167905,VCHR_TMPL_WS4,PS_VCHR_TMPL_WS4,BUSINESS_UNIT_PO | BUSINESS_UNIT_RECV | CURRENCY_CD | LINE_NBR | MERCH_AMT_RECV | MERCH_AMT_VCHR | PO_ID | QTY_ENTERED | QTY_SH_ACCPT_VUOM | QTY_VCHR | RECEIVER_ID | RECV_LN_NBR | RECV_SHIP_SEQ_NBR | SCHED_NBR | UNIT_OF_MEASURE | UNIT_PRICE | VOUCHER_LINE_NUM,Achats & Fournisseurs,0.5,"['Achats & Fournisseurs', 'Finance & Contrôle']",coin_flip_reject
1168021,VDF_STA_TAO,PS_VDF_STA_TAO,COUNTRY_VAT_BILLTO | COUNTRY_VAT_RPTG | ERROR_FIELDNAME | ERROR_FLAG | MESSAGE_NBR | MESSAGE_SET_NBR | PROCESS_INSTANCE | STATE_LOC_BUYER | STATE_LOC_SELLER | STATE_SHIP_FROM | STATE_SHIP_TO | STATE_VAT_DEFAULT | STATE_VAT_PERFRM | VAT_ENTITY | VAT_RPT_CNTRY_SRC,Supply Chain / Logistique / Production,0.5,"['Other', 'IT & Sécurité']",coin_flip_reject
1168024,VDF_VCOTY_TAO,PS_VDF_VCOTY_TAO,ERROR_FIELDNAME | MESSAGE_NBR | MESSAGE_SET_NBR | PROCESS_INSTANCE | VAT_APPLICABILITY | VAT_DEFAULT_TYPE_C | VAT_TREATMENT,Finance & Contrôle,0.5,"['Finance & Contrôle', 'IT & Sécurité']",coin_flip_reject
1168026,VDL_VCH_TAO,PS_VDL_VCH_TAO,BUSINESS_UNIT | BUSINESS_UNIT_GL | ERROR_FLAG | PROCESS_INSTANCE | VOUCHER_ID,Finance & Contrôle,0.5,"['Finance & Contrôle', 'IT & Sécurité']",coin_flip_reject
1168030,VED_CHF_TAO,PS_VED_CHF_TAO,ALTACCT_OPTN | BUSINESS_UNIT_GL | COMBO_EDIT_TMPL | DONE_FLAG | LEDGER_GROUP | PROCESS_INSTANCE,Finance & Contrôle,0.5,"['Finance & Contrôle', 'IT & Sécurité']",coin_flip_reject
1168096,VED_VLDT_AET,PS_VED_VLDT_AET,BANK_ACCOUNT_NUM | BANK_ACCT_KEY | BANK_CD | BANK_SETID | BNK_ID_NBR | BRANCH_ID | BRANCH_NAME | BUSINESS_UNIT | BUSINESS_UNIT_GL | CHECK_DIGIT | DFI_ID_NUM | DISTRIB_LINE_NUM | DOC_SEQ_DATE | DOC_SEQ_NBR | DOC_SEQ_STATUS | DOC_TYPE | ENTRY_STATUS | LAST_PYMNT_ID_USED | MICR_LINE | OPRID | PROCESS_INSTANCE | PYMNT_CNT | PYMNT_ID | PYMNT_ID_REF | PYMNT_METHOD | SELECT_COUNT | TEMP_FLD | VCHR_LINE_APPR | VENDOR_ID | VENDOR_SETID | VENDOR_STATUS | VNDR_LOC | VOUCHER_ID | VOUCHER_LINE_NUM | XLATSHORTNAME,Finance & Contrôle,0.5,"['Finance & Contrôle', 'Achats & Fournisseurs']",coin_flip_reject
1168342,VMMT_REPLCE_TMP,PS_VMMT_REPLCE_TMP,FIELDNAME | FLD_TYPE | LINE_NBR | REPL_VALUE_DATE | REPL_VALUE_STR50,IT & Sécurité,0.5,"['IT & Sécurité', 'Other']",coin_flip_reject
1168873,VNDRWTHD_TEO1,PS_VNDRWTHD_TEO1,ADDRESS_SEQ_NUM | BIRTHDATE | BIRTHPLACE | BOND_PREMIUM | BOND_PREMIUM_TAXEX | CERTIFICATE_EXP_DT | CERTIFICATE_NUM | CERTIFICATE_TYPE | COMPANY_FLG | COUNTRY_PAID | DIRECT_SALES | EFFDT | EO_FROM_CURRENCY | EO_PROCESS_INST | FATCA_INDICATOR | FOREIGN_TAX_PAID | GBR_REG_NO | GBR_VENDOR_TYPE | GBR_VERIFY | GBR_VERIFY_DATE | GBR_VERIFY_NBR | MARKET_DISCOUNT | NUM_CHILDREN | PRIVATE_BOND_INT | PROFESSION | REPORT_BOND_PREM | SECOND_TIN | SETID | SEX | STATE_TAX_WH | TAX_DIST_REF | TAX_EXMPT_INTEREST | TIN | TIN_TYPE | TRADE_BUS_INC | VENDOR_ID | VNDR_LOC | WTHD_CONTROL_NAME | WTHD_ENTITY | WTHD_PAN_NUM | WTHD_PAN_WARD,Finance & Contrôle,0.5,"['Finance & Contrôle', 'Achats & Fournisseurs']",coin_flip_reject
1168876,VNDRWTHD_TEOA,PS_VNDRWTHD_TEOA,ASOF_DT | DTTM_STAMP | EO_AUDIT_FLG | EXCEPTION_INFO | FIELDNAME | FIELD_VALUE | FROM_CURRENCY | KEY10_FLDNAME | KEY10_FLD_VAL | KEY11_FLDNAME | KEY11_FLD_VAL | KEY12_FLDNAME | KEY12_FLD_VAL | KEY13_FLDNAME | KEY13_FLD_VAL | KEY14_FLDNAME | KEY14_FLD_VAL | KEY15_FLDNAME | KEY15_FLD_VAL | KEY16_FLDNAME | KEY16_FLD_VAL | KEY1_FLDNAME | KEY1_FLD_VAL | KEY2_FLDNAME | KEY2_FLD_VAL | KEY3_FLDNAME | KEY3_FLD_VAL | KEY4_FLDNAME | KEY4_FLD_VAL | KEY5_FLDNAME | KEY5_FLD_VAL | KEY6_FLDNAME | KEY6_FLD_VAL | KEY7_FLDNAME | KEY7_FLD_VAL | KEY8_FLDNAME | KEY8_FLD_VAL | KEY9_FLDNAME | KEY9_FLD_VAL | OPRID | PROCESS_INSTANCE | PROC_GRP_ID | RATE_DIV | RATE_MULT | RECNAME | RT_DIV_FLDNAME | RT_MULT_FLDNAME | RULE_INSTNC_NBR | RUN_CNTL_ID | TO_CURRENCY,Achats & Fournisseurs,0.5,"['Achats & Fournisseurs', 'IT & Sécurité']",coin_flip_reject
1168976,VRBT_CLAIM_WB,PS_VRBT_CLAIM_WB,ACCOUNTING_DT | CB_CONTRACT_ID | CB_CONTRACT_SETID | CLAIM_DUE_DT | CLAIM_ID | CLAIM_PRCS_ACCT_DT | CLAIM_STATUS | CLAIM_TYPE | DESCR | OPRID | OUTDESTFORMAT_VR | OUTDESTTYPE_VR | OVERDUE_FLG | RUNCNTLID | SERVERNAME | SETID | VENDOR_ID | VENDOR_SETID | VRBT_ID | WORKBENCH_ID,Achats & Fournisseurs,0.5,"['Achats & Fournisseurs', 'Finance & Contrôle']",coin_flip_reject
1168981,VRBT_CLMEWN_CTX,PS_VRBT_CLMEWN_CTX,ADD_DTTM | CB_CONTRACT_ID | CLAIM_DT | CLAIM_DUE_DT | CLAIM_ID | CLAIM_TOT_AMOUNT | DESCR | EOEN_CATEGORY | EOEN_PRCS_NAME | OPRID | REBATE_MGR | SEQ_NBR_EOEN | SETID | SETTLEMENT_MGR | VENDOR_ID | VENDOR_NAME | VENDOR_SETID | VNDR_LOC | VRBT_ID,Finance & Contrôle,0.5,"['Finance & Contrôle', 'Achats & Fournisseurs']",coin_flip_reject
1169020,VRBT_LINE,PS_VRBT_LINE,CATEGORY_ID | DESCR254_MIXED | INV_ITEM_ID | ITM_SETID | SETID | STATUS | VRBT_ID | VRBT_LINE_NBR | VRBT_LINE_TYPE,Supply Chain / Logistique / Production,0.5,"['Achats & Fournisseurs', 'Supply Chain / Logistique / Production']",coin_flip_reject
1169085,VTRT_PU_TAO,PS_VTRT_PU_TAO,COUNTRY_LOC_SELLER | COUNTRY_SHIP_FROM | COUNTRY_SHIP_TO | COUNTRY_VAT_BILLFR | COUNTRY_VAT_BILLTO | COUNTRY_VAT_SHIPTO | COUNTRY_VAT_SUPPLY | DROP_SHIP_FLAG | ERROR_FIELDNAME | MESSAGE_NBR | MESSAGE_SET_NBR | PHYSICAL_NATURE | PROCESS_INSTANCE | VAT_RVRSE_CHG_GDS | VAT_SUBJ_RVRSE_CHG | VAT_TREATMENT,Supply Chain / Logistique / Production,0.5,"['Supply Chain / Logistique / Production', 'Finance & Contrôle']",coin_flip_reject
1169341,WL_TEMPLATE_GLN,PS_WL_TEMPLATE_GLN,DESCR | LANGUAGE_CD | WL_INSTR_TXT | WL_MSG_TXT | WL_RESPONSE_TXT | WL_SUBJECT | WL_TEMPLATE_ID,Other,0.5,"['Other', 'IT & Sécurité']",coin_flip_reject
1169660,WM_DIST_TMPL,PS_WM_DIST_TMPL,BUSINESS_UNIT | DESCR | DESCRSHORT | DISTR_TMPL,Supply Chain / Logistique / Production,0.5,"['Other', 'Supply Chain / Logistique / Production']",coin_flip_reject
1169663,WM_DIST_TMPL_EF,PS_WM_DIST_TMPL_EF,BUSINESS_UNIT | DISTR_TMPL | EFFDT,Supply Chain / Logistique / Production,0.5,"['Supply Chain / Logistique / Production', 'Other']",coin_flip_reject
1169884,WM_INSP_SRCH,PS_WM_INSP_SRCH,ACTIVITY_ID | ACTL_DT_CD | ACTL_END_DT | ACTL_SRCH_CD | ACTL_START_DT | AREA_ID | ASSET_CRITICALITY | ASSET_DESCR | ASSET_ID | ASSET_LOCATION | ASSET_SUBTYPE | ASSET_TYPE | BASIS_DT_CD | BUSINESS_UNIT | BUSINESS_UNIT_AM | BUSINESS_UNIT_PC | BUSINESS_UNIT_WR | CAUSE_CD | CRAFT_ID | CREW_BU | CREW_FLG | CREW_ID | CREW_SHOP | EMPLID | ENTERED_BY | ENTERED_DT_FROM | ENTERED_DT_TO | LAST_VIEW_SW | LOCATION | LOCATION_IN_LIST | MAINT_TYPE | MFG_ID | MODEL | OPRID | PERIOD_START_DT | PM_SCHD_ID | PM_SRCH_CD | PROBLEM_CD | PROBLEM_GROUP | PROJECT_ID | PUBLIC_SW | REQ_DT_CD | REQ_END_DT | REQ_SRCH_CD | REQ_START_DT | RESOLUTION_CD | SCHED_DT_CD | SCHED_END_DT | SCHED_PERIOD | SCHED_SRCH_CD | SCHED_START_DT | SCHEDULING_STATUS | SHOP_ID | SRCH_OPR_1 | SRCH_OPR_2 | SRCH_OPR_3 | SRCH_OPR_4 | SRVC_GRP_ID | STANDING_WO_FLG | TASK_ACTION | TASK_DESCR | TOOLS_ASSET_SUBTYP | TOOLS_ASSET_TYPE | TOOLS_REQ_FLG | TSK_SRCH_CD | TSK_SRCH_VIEW | UNASSIGNED | VIEW_MODE | WM_CUR_EMPLID_SW | WM_SCHED_FROM | WM_SCHED_TO | WO_APPROVAL_STATUS | WO_ID | WO_INSPECT_STATUS | WO_TASK_ID | WO_TYPE | WR_ID,Other,0.5,"['Other', 'IT & Sécurité']",coin_flip_reject
1170092,WM_PM_BKP,PS_WM_PM_BKP,ASSET_ID | BUSINESS_UNIT | BUSINESS_UNIT_AM | END_DATE | NEXT_DUE_DT | PM_SCHD_ID | SEQ_NUM | START_DATE,Other,0.5,"['Other', 'IT & Sécurité']",coin_flip_reject
1170123,WM_PMLBRS_TAO,PS_WM_PMLBRS_TAO,ASSET_ID | ASSIGNMENT_ID | BUSINESS_UNIT | BUSINESS_UNIT_AM | CRAFT_ID | CURRENCY_CD | EMPLID | LABOR_BILL_RATE | LABOR_COST_RATE | LAST_DIST_LINE_NUM | LOOP_FLAG | MAINT_LOOP_ID | MAINT_TYPE | PM_SCHD_ID | PROCESS_INSTANCE | PROCURE_STATUS | REQ_DURATION | REQ_END_DT | REQ_START_DT | RES_LN_NBR | RQMT_LN_NBR | SCHED_COST_LBR | SCHED_DURATION | SCHED_END_TIME | SCHED_START_TIME | SEQ_NBR_5 | SETID | SHIFT_ID | SHOP_ID | WO_APPRVL_FLG | WO_ID | WO_TASK_ID | WO_TEMPLATE_ID,Supply Chain / Logistique / Production,0.5,"['Other', 'IT & Sécurité']",coin_flip_reject
1170168,WM_PM_PJC_HDR,PS_WM_PM_PJC_HDR,ASSET_ID | ASSET_UP_FLG | BUSINESS_UNIT | BUSINESS_UNIT_AM | CURRENCY_CD | DESCR254 | ENTERED_BY | ENTERED_DTTM | EST_COST_LBR | EST_COST_MAT | EST_COST_PO | EST_COST_TLS | GEN_CHARGEBACK | LANGUAGE_CD | LAST_TASK_ID | LAST_UPDATED_BY | LAST_UPDATE_DTTM | LOCATION | PARENT_WO_ID | PJC_ID | PM_SCHD_ID | PRIORITY_CD | PROCESS_INSTANCE | REQ_END_DT | REQ_START_DT | SCHEDULER_CODE | SHOP_ID | SRVC_GRP_ID | STATUS_CD | STATUS_DTTM | WO_APPROVAL_STATUS | WO_APPRVL_FLG | WO_DURATION | WO_TYPE,Finance & Contrôle,0.5,"['Finance & Contrôle', 'Achats & Fournisseurs']",coin_flip_reject
1170329,WM_RESCHED_HST,PS_WM_RESCHED_HST,BUSINESS_UNIT | CARRYOVER_FLG | COMPLETE_HRS | CREW_BU | CREW_ID | CREW_SCHED_STATUS | CREW_SHOP | DESCRLONG | LAST_UPDATED_BY | LAST_UPDATE_DT | PERIOD_START_DT | REASON_CD | REMAINING_MAN_HRS | RQMT_LN_NBR | SCHED_END_DT | SCHED_END_TIME | SCHED_PATTERN | SCHED_START_DT | SCHED_START_TIME | SEQ_NBR_5 | WO_ID | WO_SCHED_HRS | WO_TASK_ID,Supply Chain / Logistique / Production,0.5,"['Supply Chain / Logistique / Production', 'Other']",coin_flip_reject
1170410,WM_SHOP_HDR,PS_WM_SHOP_HDR,BUSINESS_UNIT | BUSINESS_UNIT_PC | CURRENCY_CD | EFFDT | EFF_STATUS | GEN_CHARGEBACK | GEN_CHARGEBACK_DEF | INTERNAL_STAT_COMM | INTERNAL_STAT_RSRV | LABOR_BILL_RATE | LABOR_COST_RATE | LABOR_RATE_DEF | LOCATION | MANAGER_ID | MAN_OVERBOOK_FLG | PC_TEMPLATE_ID | PC_TEMPLATE_ID_DEF | PRIORITY_NBR | RATE_SELECT | SCHED_CREW_FLG | SHIFT_ID | SHOP_ID | STD_HOURS_DAY | TIME_RPTR_METH | UPDATE_RS_CALENDAR | UPDT_CALENDAR_DEF | WO_APPRVL_DEF | WO_APPRVL_FLG | WO_EST_DEF | WO_EST_LABOR | WO_EST_MATERIAL | WO_EST_TOOLS | WO_INV_COMMIT_DEF | WO_INV_COMMIT_RULE | WO_PM_DAYS | WO_PM_DAYS_DEF | WO_RESERVE_DEF | WO_RESERVE_RULE | WO_SCHED_DEF | WO_SCHED_LABOR | WO_SCHED_MATERIAL | WO_SCHED_TOOLS,Supply Chain / Logistique / Production,0.5,"['Supply Chain / Logistique / Production', 'Finance & Contrôle']",coin_flip_reject
1170646,WM_WO_ATTACH,PS_WM_WO_ATTACH,ATTACHSYSFILENAME | ATTACHUSERFILE | BUSINESS_UNIT | CREATED_BY_USER | CREATED_DTTM | DESCR | SEQ_NBR_5 | WO_ID,Supply Chain / Logistique / Production,0.5,"['Other', 'Supply Chain / Logistique / Production']",coin_flip_reject
1170759,WM_WO_INSPC_NOT,PS_WM_WO_INSPC_NOT,BUSINESS_UNIT | CONTACT_EMPLID | CREATED_BY_USER | CREATED_DTTM | INSP_ACTIVITY_NBR | INSPECTION_ID | NOTES | NOTE_SOURCE | REPLY_STATUS | SEQ_NBR_5 | TITLE | VISIBLE_FLG | WO_ID | WO_TASK_ID,Supply Chain / Logistique / Production,0.5,"['Supply Chain / Logistique / Production', 'Other']",coin_flip_reject
1170798,WM_WO_IPINS_LG,PS_WM_WO_IPINS_LG,DESCRLONG | EFFDT | INSP_ACTIVITY_NBR | LANGUAGE_CD | SEQ_NBR_5 | SETID | WO_TEMPLATE_ID,Supply Chain / Logistique / Production,0.5,"['Supply Chain / Logistique / Production', 'Other']",coin_flip_reject
1170834,WM_WO_JTMPL_STP,PS_WM_WO_JTMPL_STP,DEPEND_TASK_ID | EFFDT | OVERLAP_PERCENT | SEQ_NBR_5 | SETID | WO_TASK_ID | WO_TASK_TMPLT_ID | WO_TEMPLATE_ID,Supply Chain / Logistique / Production,0.5,"['Other', 'Supply Chain / Logistique / Production']",coin_flip_reject
1170972,WM_WO_TTCKL_LNG,PS_WM_WO_TTCKL_LNG,DESCR254 | EFFDT | LANGUAGE_CD | SEQ_NBR_5 | SETID | WO_TEMPLATE_ID,Supply Chain / Logistique / Production,0.5,"['Supply Chain / Logistique / Production', 'Other']",coin_flip_reject
1170988,WM_WO_TTMPL_INS,PS_WM_WO_TTMPL_INS,DESCRLONG | EFFDT | LAST_UPDATED_BY | LAST_UPDATE_DTTM | SEQ_NBR_5 | SETID | STEP | WO_TEMPLATE_ID,Supply Chain / Logistique / Production,0.5,"['Other', 'Supply Chain / Logistique / Production']",coin_flip_reject
1170992,WM_WO_TTMPL_LLC,PS_WM_WO_TTMPL_LLC,ACCOMPLISHMENT | COUNTRY | EFFDT | RQMT_LN_NBR | SETID | STATE | WEIGHT_POINTS | WO_TEMPLATE_ID,Supply Chain / Logistique / Production,0.5,"['Other', 'Supply Chain / Logistique / Production']",coin_flip_reject
1170998,WM_WO_TTMPL_NOT,PS_WM_WO_TTMPL_NOT,EFFDT | NOTES | NOTE_SOURCE | SEQ_NBR_5 | SETID | TITLE | VISIBLE_FLG | WO_TEMPLATE_ID,Supply Chain / Logistique / Production,0.5,"['Supply Chain / Logistique / Production', 'Other']",coin_flip_reject
1171206,WTHD_AUTO_NUM,PS_WTHD_AUTO_NUM,BUSINESS_UNIT | EFFDT | WTHD_ENTITY | WTHD_LAST_NBR | WTHD_PRE_FIX_1 | WTHD_PRE_FIX_2 | WTHD_STRT_FROM_NBR,Finance & Contrôle,0.5,"['Other', 'Finance & Contrôle']",coin_flip_reject
1171237,WTHD_CALC1_AET,PS_WTHD_CALC1_AET,ACCUM_ADDSRCHRG1 | ACCUM_BASIS1 | ACCUM_SURCHRG1 | ACCUM_WTHD1 | ACCUM_WTHDCESSAMT1 | FIELDNAME | PAYMENT_DT | PROCESS_INSTANCE | WHERE_CLAUSE | WTHD_DECL_DATE | WTHD_RULE_EFFDT,Finance & Contrôle,0.5,"['Finance & Contrôle', 'RH']",coin_flip_reject
1171415,WTHD_VLN3_TMP,PS_WTHD_VLN3_TMP,BUSINESS_UNIT | COUNT_1 | PROCESS_INSTANCE | VOUCHER_ID | VOUCHER_LINE_NUM,Finance & Contrôle,0.5,"['IT & Sécurité', 'Finance & Contrôle']",coin_flip_reject
1171428,WTP2_RUN_CNTL,PS_WTP2_RUN_CNTL,FRM_PYMNT_DT | LANGUAGE_CD | OPRID | RUN_CNTL_ID | TO_PYMNT_DT | WTHD_ENTITY | WTHD_RPT_ID,Finance & Contrôle,0.5,"['Finance & Contrôle', 'IT & Sécurité']",coin_flip_reject
