asset_id,source_system,asset_type,technical_name,source_ref,field_count,nullable_field_count,non_nullable_field_count,numeric_field_count,date_field_count,text_field_count,large_text_field_count,avg_data_length,max_data_length,row_count,size_bytes,size_mb,has_profile_data,label_raw,label_normalized
1004275,oracle,oracle_table,SYSADM.MV_CAPABILITIES_TABLE,MV_CAPABILITIES_TABLE,0,0,0,0,0,0,0,,,0.0,0.0,0.0,VRAI,IT,Technique
1004276,oracle,oracle_table,SYSADM.PS_1099C_CUST_DATA,PS_1099C_CUST_DATA,29,2,27,4,1,24,1,26.068965517241377,55.0,0.0,0.0,0.0,VRAI,Finance,Finance
1004277,oracle,oracle_table,SYSADM.PS_1099_RPT_AET,PS_1099_RPT_AET,20,3,17,4,3,13,0,8.9,30.0,0.0,0.0,0.0,VRAI,Finance,Finance
1004278,oracle,oracle_table,SYSADM.PS_1099_RPT_TMP,PS_1099_RPT_TMP,75,6,69,18,6,51,0,13.96,55.0,0.0,0.0,0.0,VRAI,Finance,Finance
1004279,oracle,oracle_table,SYSADM.PS_AC_BUOPTS_TAO,PS_AC_BUOPTS_TAO,17,0,17,1,0,16,0,8.23529411764706,35.0,0.0,0.0,0.0,VRAI,Finance,Finance
1004280,oracle,oracle_table,SYSADM.PS_ACCESS_GRP_LANG,PS_ACCESS_GRP_LANG,4,1,3,0,0,4,1,13.25,30.0,0.0,0.0,0.0,VRAI,IT,Technique
1004281,oracle,oracle_table,SYSADM.PS_ACCESS_GRP_TBL,PS_ACCESS_GRP_TBL,3,1,2,0,0,3,1,16.666666666666664,30.0,525.0,40425.0,0.0385522842407226,VRAI,IT,Technique
1004282,oracle,oracle_table,SYSADM.PSACCESSLOG,PSACCESSLOG,0,0,0,0,0,0,0,,,1036500.0,43533000.0,41.51630401611328,VRAI,IT,Technique
1004283,oracle,oracle_table,SYSADM.PSACCESSPRFL,PSACCESSPRFL,0,0,0,0,0,0,0,,,0.0,0.0,0.0,VRAI,IT,Technique
1004284,oracle,oracle_table,SYSADM.PSACCESSPROFILE,PSACCESSPROFILE,0,0,0,0,0,0,0,,,1.0,462.0,0.0004405975341796,VRAI,IT,Technique
1004285,oracle,oracle_table,SYSADM.PS_ACCOMP_DEG_UPG,PS_ACCOMP_DEG_UPG,2,0,2,0,0,2,0,5.5,8.0,0.0,0.0,0.0,VRAI,HR,RH
1004286,oracle,oracle_table,SYSADM.PS_ACCOMPLISH_LANG,PS_ACCOMPLISH_LANG,12,1,11,0,1,11,0,19.33333333333333,50.0,0.0,0.0,0.0,VRAI,HR,RH
1004287,oracle,oracle_table,SYSADM.PS_ACCOMPLISHMENTS,PS_ACCOMPLISHMENTS,45,7,38,4,7,34,0,8.57777777777778,50.0,359.0,38772.0,0.0369758605957031,VRAI,HR,RH
1004288,oracle,oracle_table,SYSADM.PS_ACCOMP_TBL,PS_ACCOMP_TBL,18,1,17,3,1,14,0,9.777777777777777,90.0,225.0,14400.0,0.01373291015625,VRAI,HR,RH
1004289,oracle,oracle_table,SYSADM.PS_ACCOMP_TBL_LANG,PS_ACCOMP_TBL_LANG,5,0,5,0,0,5,0,28.2,90.0,0.0,0.0,0.0,VRAI,HR,RH
1004290,oracle,oracle_table,SYSADM.PS_ACCOMP_TST_UPG,PS_ACCOMP_TST_UPG,2,0,2,0,0,2,0,8.0,8.0,0.0,0.0,0.0,VRAI,HR,RH
1004291,oracle,oracle_table,SYSADM.PS_AC_CRCARD_TAO,PS_AC_CRCARD_TAO,15,0,15,7,0,8,0,12.666666666666666,30.0,0.0,0.0,0.0,VRAI,Finance,Finance
1004292,oracle,oracle_table,SYSADM.PS_AC_CSTSEQ_TAO,PS_AC_CSTSEQ_TAO,7,0,7,3,0,4,0,8.714285714285714,15.0,0.0,0.0,0.0,VRAI,Finance,Finance
1004293,oracle,oracle_table,SYSADM.PS_ACCT_ATTRIB_S,PS_ACCT_ATTRIB_S,4,0,4,0,0,4,0,19.75,30.0,0.0,0.0,0.0,VRAI,Finance,Finance
1004294,oracle,oracle_table,SYSADM.PS_ACCT_ATTRIB_TBL,PS_ACCT_ATTRIB_TBL,3,0,3,0,0,3,0,16.333333333333332,30.0,2.0,32.0,3.0517578125e-05,VRAI,Finance,Finance
1004295,oracle,oracle_table,SYSADM.PS_ACCTG_HDR_TAO,PS_ACCTG_HDR_TAO,27,4,23,4,4,19,0,13.814814814814817,60.0,0.0,0.0,0.0,VRAI,Finance,Finance
1004296,oracle,oracle_table,SYSADM.PS_ACCTG_HDR_TAO1,PS_ACCTG_HDR_TAO1,0,0,0,0,0,0,0,,,0.0,0.0,0.0,VRAI,Finance,Finance
1004297,oracle,oracle_table,SYSADM.PS_ACCTG_HDR_TAO2,PS_ACCTG_HDR_TAO2,0,0,0,0,0,0,0,,,0.0,0.0,0.0,VRAI,Finance,Finance
1004298,oracle,oracle_table,SYSADM.PS_ACCTG_HDR_TAO3,PS_ACCTG_HDR_TAO3,0,0,0,0,0,0,0,,,0.0,0.0,0.0,VRAI,Finance,Finance
1004299,oracle,oracle_table,SYSADM.PS_ACCTG_HDR_TAO4,PS_ACCTG_HDR_TAO4,0,0,0,0,0,0,0,,,0.0,0.0,0.0,VRAI,Finance,Finance
1004300,oracle,oracle_table,SYSADM.PS_ACCTG_HDR_TAO5,PS_ACCTG_HDR_TAO5,0,0,0,0,0,0,0,,,0.0,0.0,0.0,VRAI,Finance,Finance
1004301,oracle,oracle_table,SYSADM.PS_ACCTG_HDR_TAO6,PS_ACCTG_HDR_TAO6,0,0,0,0,0,0,0,,,0.0,0.0,0.0,VRAI,Finance,Finance
1004302,oracle,oracle_table,SYSADM.PS_ACCTG_HDR_TAO7,PS_ACCTG_HDR_TAO7,0,0,0,0,0,0,0,,,0.0,0.0,0.0,VRAI,Finance,Finance
1004303,oracle,oracle_table,SYSADM.PS_ACCTG_HDR_TAO8,PS_ACCTG_HDR_TAO8,0,0,0,0,0,0,0,,,0.0,0.0,0.0,VRAI,Finance,Finance
1004304,oracle,oracle_table,SYSADM.PS_ACCTG_LNE_TAO,PS_ACCTG_LNE_TAO,54,4,50,10,4,40,0,10.203703703703704,60.0,0.0,0.0,0.0,VRAI,Finance,Finance
1004305,oracle,oracle_table,SYSADM.PS_ACCTG_LNE_TAO1,PS_ACCTG_LNE_TAO1,0,0,0,0,0,0,0,,,0.0,0.0,0.0,VRAI,Finance,Finance
1004306,oracle,oracle_table,SYSADM.PS_ACCTG_LNE_TAO2,PS_ACCTG_LNE_TAO2,0,0,0,0,0,0,0,,,0.0,0.0,0.0,VRAI,Finance,Finance
1004307,oracle,oracle_table,SYSADM.PS_ACCTG_LNE_TAO3,PS_ACCTG_LNE_TAO3,0,0,0,0,0,0,0,,,0.0,0.0,0.0,VRAI,Finance,Finance
1004308,oracle,oracle_table,SYSADM.PS_ACCTG_LNE_TAO4,PS_ACCTG_LNE_TAO4,0,0,0,0,0,0,0,,,0.0,0.0,0.0,VRAI,Finance,Finance
1004309,oracle,oracle_table,SYSADM.PS_ACCTG_LNE_TAO5,PS_ACCTG_LNE_TAO5,0,0,0,0,0,0,0,,,0.0,0.0,0.0,VRAI,Finance,Finance
1004310,oracle,oracle_table,SYSADM.PS_ACCTG_LNE_TAO6,PS_ACCTG_LNE_TAO6,0,0,0,0,0,0,0,,,0.0,0.0,0.0,VRAI,Finance,Finance
1004311,oracle,oracle_table,SYSADM.PS_ACCTG_LNE_TAO7,PS_ACCTG_LNE_TAO7,0,0,0,0,0,0,0,,,0.0,0.0,0.0,VRAI,Finance,Finance
1004312,oracle,oracle_table,SYSADM.PS_ACCTG_LNE_TAO8,PS_ACCTG_LNE_TAO8,0,0,0,0,0,0,0,,,0.0,0.0,0.0,VRAI,Finance,Finance
1004313,oracle,oracle_table,SYSADM.PS_ACCTG_TAG_COMP,PS_ACCTG_TAG_COMP,4,0,4,0,0,4,0,9.75,18.0,25.0,575.0,0.0005483627319335,VRAI,Finance,Finance
1004314,oracle,oracle_table,SYSADM.PS_ACCTG_TAG_DT,PS_ACCTG_TAG_DT,31,0,31,3,1,27,0,8.064516129032258,20.0,87.0,7830.0,0.0074672698974609,VRAI,Finance,Finance
1004315,oracle,oracle_table,SYSADM.PS_ACCTG_TAG_DT2,PS_ACCTG_TAG_DT2,34,0,34,5,1,28,0,8.705882352941176,28.0,0.0,0.0,0.0,VRAI,Finance,Finance
1004316,oracle,oracle_table,SYSADM.PS_ACCTG_TAG_DT3,PS_ACCTG_TAG_DT3,34,0,34,5,1,28,0,8.705882352941176,28.0,0.0,0.0,0.0,VRAI,Finance,Finance
1004317,oracle,oracle_table,SYSADM.PS_ACCTG_TAG_FAV,PS_ACCTG_TAG_FAV,5,0,5,0,0,5,0,20.6,30.0,0.0,0.0,0.0,VRAI,Finance,Finance
1004318,oracle,oracle_table,SYSADM.PS_ACCTG_TAG_GRP,PS_ACCTG_TAG_GRP,5,1,4,0,0,5,1,10.2,30.0,5.0,505.0,0.0004816055297851,VRAI,Finance,Finance
1004319,oracle,oracle_table,SYSADM.PS_ACCTG_TAG_HD,PS_ACCTG_TAG_HD,8,1,7,0,1,7,0,10.625,30.0,23.0,759.0,0.0007238388061523,VRAI,Finance,Finance
1004320,oracle,oracle_table,SYSADM.PS_ACCTG_TAG_LNG,PS_ACCTG_TAG_LNG,7,2,5,0,1,6,1,11.142857142857142,30.0,0.0,0.0,0.0,VRAI,Finance,Finance
1004321,oracle,oracle_table,SYSADM.PS_ACCTG_TAG_PERM,PS_ACCTG_TAG_PERM,5,0,5,1,0,4,0,18.2,30.0,24.0,624.0,0.0005950927734375,VRAI,Finance,Finance
1004322,oracle,oracle_table,SYSADM.PS_ACCTG_TAG_PROD,PS_ACCTG_TAG_PROD,6,1,5,0,1,5,0,11.666666666666666,30.0,73.0,3139.0,0.0029935836791992,VRAI,Finance,Finance
1004323,oracle,oracle_table,SYSADM.PS_ACCTG_TAG_TBL,PS_ACCTG_TAG_TBL,13,2,11,1,2,10,1,8.615384615384615,30.0,24.0,2616.0,0.0024948120117187,VRAI,Finance,Finance
1004324,oracle,oracle_table,SYSADM.PS_ACCTG_VAT_TAO,PS_ACCTG_VAT_TAO,61,0,61,24,1,36,0,11.049180327868852,28.0,0.0,0.0,0.0,VRAI,Finance,Finance
1004325,oracle,oracle_table,SYSADM.PS_ACCTG_VAT_TAO1,PS_ACCTG_VAT_TAO1,0,0,0,0,0,0,0,,,0.0,0.0,0.0,VRAI,Finance,Finance
1004326,oracle,oracle_table,SYSADM.PS_ACCTG_VAT_TAO2,PS_ACCTG_VAT_TAO2,0,0,0,0,0,0,0,,,0.0,0.0,0.0,VRAI,Finance,Finance
1004327,oracle,oracle_table,SYSADM.PS_ACCTG_VAT_TAO3,PS_ACCTG_VAT_TAO3,0,0,0,0,0,0,0,,,0.0,0.0,0.0,VRAI,Finance,Finance
1004328,oracle,oracle_table,SYSADM.PS_ACCTG_VAT_TAO4,PS_ACCTG_VAT_TAO4,0,0,0,0,0,0,0,,,0.0,0.0,0.0,VRAI,Finance,Finance
1004329,oracle,oracle_table,SYSADM.PS_ACCTG_VAT_TAO5,PS_ACCTG_VAT_TAO5,0,0,0,0,0,0,0,,,0.0,0.0,0.0,VRAI,Finance,Finance
1004330,oracle,oracle_table,SYSADM.PS_ACCTG_VAT_TAO6,PS_ACCTG_VAT_TAO6,0,0,0,0,0,0,0,,,0.0,0.0,0.0,VRAI,Finance,Finance
1004331,oracle,oracle_table,SYSADM.PS_ACCTG_VAT_TAO7,PS_ACCTG_VAT_TAO7,0,0,0,0,0,0,0,,,0.0,0.0,0.0,VRAI,Finance,Finance
1004332,oracle,oracle_table,SYSADM.PS_ACCTG_VAT_TAO8,PS_ACCTG_VAT_TAO8,0,0,0,0,0,0,0,,,0.0,0.0,0.0,VRAI,Finance,Finance
1004333,oracle,oracle_table,SYSADM.PS_ACCTNG_DT_AET,PS_ACCTNG_DT_AET,15,0,15,11,0,4,0,3.9333333333333327,10.0,0.0,0.0,0.0,VRAI,Finance,Finance
1004334,oracle,oracle_table,SYSADM.PS_ACCT_TYPCD_LNG,PS_ACCT_TYPCD_LNG,7,0,7,0,1,6,0,9.857142857142856,30.0,0.0,0.0,0.0,VRAI,Finance,Finance
1004335,oracle,oracle_table,SYSADM.PS_ACCT_TYPE_LANG,PS_ACCT_TYPE_LANG,5,0,5,0,0,5,0,9.8,30.0,0.0,0.0,0.0,VRAI,Finance,Finance
1004336,oracle,oracle_table,SYSADM.PS_ACCT_TYPE_TBL,PS_ACCT_TYPE_TBL,5,0,5,0,0,5,0,9.4,30.0,41.0,1107.0,0.0010557174682617,VRAI,Finance,Finance
1004338,oracle,oracle_table,SYSADM.PS_AC_DEPID_TAO,PS_AC_DEPID_TAO,3,0,3,2,0,1,0,10.0,15.0,0.0,0.0,0.0,VRAI,Finance,Finance
1004339,oracle,oracle_table,SYSADM.PS_AC_DEP_TAO,PS_AC_DEP_TAO,23,0,23,5,3,15,0,9.34782608695652,35.0,0.0,0.0,0.0,VRAI,Finance,Finance
1004340,oracle,oracle_table,SYSADM.PSACECUBE,PSACECUBE,0,0,0,0,0,0,0,,,31.0,1395.0,0.0013303756713867,VRAI,IT,Technique
1004341,oracle,oracle_table,SYSADM.PSACECUBECOLL,PSACECUBECOLL,0,0,0,0,0,0,0,,,18.0,954.0,0.0009098052978515,VRAI,IT,Technique
1004342,oracle,oracle_table,SYSADM.PSACECUBECOLMAP,PSACECUBECOLMAP,0,0,0,0,0,0,0,,,171.0,14022.0,0.0133724212646484,VRAI,IT,Technique
1004343,oracle,oracle_table,SYSADM.PSACECUBEDIMS,PSACECUBEDIMS,0,0,0,0,0,0,0,,,173.0,7612.0,0.0072593688964843,VRAI,IT,Technique
1004344,oracle,oracle_table,SYSADM.PSACEDIM,PSACEDIM,0,0,0,0,0,0,0,,,53.0,2014.0,0.0019207000732421,VRAI,IT,Technique
1004345,oracle,oracle_table,SYSADM.PSACEEXPDIMS,PSACEEXPDIMS,0,0,0,0,0,0,0,,,61.0,1769.0,0.0016870498657226,VRAI,IT,Technique
1004346,oracle,oracle_table,SYSADM.PSACEEXPSET,PSACEEXPSET,0,0,0,0,0,0,0,,,4.0,84.0,8.01086425781e-05,VRAI,IT,Technique
1004347,oracle,oracle_table,SYSADM.PSACEMDLDEFN,PSACEMDLDEFN,0,0,0,0,0,0,0,,,7.0,665.0,0.0006341934204101,VRAI,IT,Technique
1004348,oracle,oracle_table,SYSADM.PSACEMDLDEFNDEL,PSACEMDLDEFNDEL,0,0,0,0,0,0,0,,,0.0,0.0,0.0,VRAI,IT,Technique
1004349,oracle,oracle_table,SYSADM.PSACEMDLDEFNLNG,PSACEMDLDEFNLNG,0,0,0,0,0,0,0,,,0.0,0.0,0.0,VRAI,IT,Technique
1004350,oracle,oracle_table,SYSADM.PSACEORGANIZER,PSACEORGANIZER,0,0,0,0,0,0,0,,,0.0,0.0,0.0,VRAI,IT,Technique
1004351,oracle,oracle_table,SYSADM.PSACEORGMAP,PSACEORGMAP,0,0,0,0,0,0,0,,,0.0,0.0,0.0,VRAI,IT,Technique
1004352,oracle,oracle_table,SYSADM.PSACERULE,PSACERULE,0,0,0,0,0,0,0,,,5.0,725.0,0.0006914138793945,VRAI,IT,Technique
1004353,oracle,oracle_table,SYSADM.PSACETREE,PSACETREE,0,0,0,0,0,0,0,,,0.0,0.0,0.0,VRAI,IT,Technique
1004354,oracle,oracle_table,SYSADM.PSACEUSRFUNC,PSACEUSRFUNC,0,0,0,0,0,0,0,,,2.0,112.0,0.0001068115234375,VRAI,IT,Technique
1004355,oracle,oracle_table,SYSADM.PS_AC_GRPID_TAO,PS_AC_GRPID_TAO,3,0,3,2,0,1,0,10.0,15.0,0.0,0.0,0.0,VRAI,Finance,Finance
1004356,oracle,oracle_table,SYSADM.PS_ACH_FILESEQ_TBL,PS_ACH_FILESEQ_TBL,6,1,5,1,1,4,0,13.666666666666666,35.0,2.0,82.0,7.82012939453e-05,VRAI,Finance,Finance
1004357,oracle,oracle_table,SYSADM.PS_ACH_LAYOUT_TBL,PS_ACH_LAYOUT_TBL,10,0,10,0,0,10,0,9.6,30.0,5.0,300.0,0.0002861022949218,VRAI,Finance,Finance
1004358,oracle,oracle_table,SYSADM.PS_ACH_LAY_TBL_LNG,PS_ACH_LAY_TBL_LNG,4,0,4,0,0,4,0,13.25,30.0,0.0,0.0,0.0,VRAI,Finance,Finance
1004359,oracle,oracle_table,SYSADM.PS_AC_IDCUST_TAO,PS_AC_IDCUST_TAO,17,0,17,3,0,14,0,14.294117647058824,40.0,0.0,0.0,0.0,VRAI,Finance,Finance
1004360,oracle,oracle_table,SYSADM.PS_AC_IDITEM_TAO,PS_AC_IDITEM_TAO,17,0,17,5,0,12,0,12.470588235294116,30.0,0.0,0.0,0.0,VRAI,Finance,Finance
1004361,oracle,oracle_table,SYSADM.PS_AC_ITMSEQ_TAO,PS_AC_ITMSEQ_TAO,9,0,9,4,0,5,0,10.777777777777777,30.0,0.0,0.0,0.0,VRAI,Finance,Finance
1004362,oracle,oracle_table,SYSADM.PS_ACL_PRCSRUNCNTL,PS_ACL_PRCSRUNCNTL,4,0,4,0,0,4,0,16.0,30.0,0.0,0.0,0.0,VRAI,IT,Technique
1004363,oracle,oracle_table,SYSADM.PS_AC_MSCDST_TAO,PS_AC_MSCDST_TAO,77,6,71,14,7,56,0,10.0,30.0,0.0,0.0,0.0,VRAI,Finance,Finance
1004364,oracle,oracle_table,SYSADM.PS_AC_PAYSEQ_TAO,PS_AC_PAYSEQ_TAO,5,0,5,3,0,2,0,9.0,15.0,0.0,0.0,0.0,VRAI,Finance,Finance
1004365,oracle,oracle_table,SYSADM.PS_AC_PAY_TAO,PS_AC_PAY_TAO,94,11,83,22,13,59,0,10.5,35.0,0.0,0.0,0.0,VRAI,Finance,Finance
1004366,oracle,oracle_table,SYSADM.PS_AC_PYITEM_TAO,PS_AC_PYITEM_TAO,108,6,102,37,6,65,0,13.092592592592592,40.0,0.0,0.0,0.0,VRAI,Finance,Finance
1004367,oracle,oracle_table,SYSADM.PS_ACQ_DET_TEO1,PS_ACQ_DET_TEO1,92,3,89,36,3,53,0,12.402173913043478,30.0,0.0,0.0,0.0,VRAI,Finance,Finance
1004368,oracle,oracle_table,SYSADM.PS_ACQ_DET_TEO2,PS_ACQ_DET_TEO2,92,3,89,36,3,53,0,12.402173913043478,30.0,0.0,0.0,0.0,VRAI,Finance,Finance
1004369,oracle,oracle_table,SYSADM.PS_ACQ_DET_TEO3,PS_ACQ_DET_TEO3,92,3,89,36,3,53,0,12.402173913043478,30.0,0.0,0.0,0.0,VRAI,Finance,Finance
1004370,oracle,oracle_table,SYSADM.PS_ACQ_DET_TEOA,PS_ACQ_DET_TEOA,50,2,48,4,2,44,0,27.62,50.0,0.0,0.0,0.0,VRAI,Finance,Finance
1004371,oracle,oracle_table,SYSADM.PS_ACQDT_STAGE_LG,PS_ACQDT_STAGE_LG,6,1,5,1,1,4,0,13.666666666666666,30.0,0.0,0.0,0.0,VRAI,Finance,Finance
1004380,oracle,oracle_table,SYSADM.PS_ACTIONS_CNVR_WF,PS_ACTIONS_CNVR_WF,12,3,9,1,3,8,0,20.08333333333333,40.0,0.0,0.0,0.0,VRAI,IT,Technique
1004381,oracle,oracle_table,SYSADM.PS_ACTIONS_CR_WF,PS_ACTIONS_CR_WF,12,2,10,3,2,7,0,18.33333333333333,40.0,0.0,0.0,0.0,VRAI,IT,Technique
1004382,oracle,oracle_table,SYSADM.PS_ACTIONS_ITEM_WF,PS_ACTIONS_ITEM_WF,20,2,18,4,2,14,0,12.15,30.0,83.0,6723.0,0.0064115524291992,VRAI,IT,Technique
1004383,oracle,oracle_table,SYSADM.PS_ACTION_TBL,PS_ACTION_TBL,15,2,13,1,2,12,0,9.266666666666666,30.0,26.0,2314.0,0.002206802368164,VRAI,HR,RH
1004385,oracle,oracle_table,SYSADM.PSACTIVEXLIC,PSACTIVEXLIC,0,0,0,0,0,0,0,,,4.0,508.0,0.0004844665527343,VRAI,IT,Technique
1004386,oracle,oracle_table,SYSADM.PSACTIVIMG,PSACTIVIMG,0,0,0,0,0,0,0,,,523.0,336812.0,0.3212089538574218,VRAI,IT,Technique
1004387,oracle,oracle_table,SYSADM.PSACTIVIMGLANG,PSACTIVIMGLANG,0,0,0,0,0,0,0,,,0.0,0.0,0.0,VRAI,IT,Technique
1004388,oracle,oracle_table,SYSADM.PSACTIVITYDEFN,PSACTIVITYDEFN,0,0,0,0,0,0,0,,,530.0,83210.0,0.079355239868164,VRAI,IT,Technique
1004389,oracle,oracle_table,SYSADM.PSACTIVITYDEL,PSACTIVITYDEL,0,0,0,0,0,0,0,,,0.0,0.0,0.0,VRAI,IT,Technique
1004390,oracle,oracle_table,SYSADM.PSACTIVITYLANG,PSACTIVITYLANG,0,0,0,0,0,0,0,,,0.0,0.0,0.0,VRAI,IT,Technique
1004391,oracle,oracle_table,SYSADM.PSACTIVITYLOG,PSACTIVITYLOG,0,0,0,0,0,0,0,,,0.0,0.0,0.0,VRAI,IT,Technique
1004393,oracle,oracle_table,SYSADM.PS_ACTN_REASON_TBL,PS_ACTN_REASON_TBL,16,0,16,0,1,15,0,4.75,30.0,156.0,10920.0,0.0104141235351562,VRAI,HR,RH
1004394,oracle,oracle_table,SYSADM.PS_ACTNREASONT_UPG,PS_ACTNREASONT_UPG,10,1,9,0,2,8,0,11.8,30.0,0.0,0.0,0.0,VRAI,HR,RH
1004395,oracle,oracle_table,SYSADM.PS_ACTN_RSN_LANG,PS_ACTN_RSN_LANG,6,0,6,0,1,5,0,9.83333333333333,30.0,0.0,0.0,0.0,VRAI,HR,RH
1004397,oracle,oracle_table,SYSADM.PS_ACV_ND_LINE_LNG,PS_ACV_ND_LINE_LNG,7,0,7,2,0,5,0,41.14285714285714,128.0,0.0,0.0,0.0,VRAI,IT,Technique
1004398,oracle,oracle_table,SYSADM.PS_ACV_ND_TMPL_LNG,PS_ACV_ND_TMPL_LNG,3,0,3,0,0,3,0,13.666666666666666,30.0,0.0,0.0,0.0,VRAI,IT,Technique
1004399,oracle,oracle_table,SYSADM.PS_ACV_ND_VIEW_LNG,PS_ACV_ND_VIEW_LNG,4,0,4,0,0,4,0,14.25,30.0,0.0,0.0,0.0,VRAI,IT,Technique
1004400,oracle,oracle_table,SYSADM.PS_ACV_NODE_LINE,PS_ACV_NODE_LINE,13,0,13,3,0,10,0,23.692307692307686,128.0,59.0,3481.0,0.0033197402954101,VRAI,IT,Technique
1004401,oracle,oracle_table,SYSADM.PS_ACV_NODE_TEMPL,PS_ACV_NODE_TEMPL,7,0,7,0,0,7,0,10.285714285714285,30.0,1.0,40.0,3.81469726562e-05,VRAI,IT,Technique
1004402,oracle,oracle_table,SYSADM.PS_ACV_NODE_VIEW,PS_ACV_NODE_VIEW,4,0,4,0,0,4,0,13.75,30.0,4.0,152.0,0.0001449584960937,VRAI,IT,Technique
1004403,oracle,oracle_table,SYSADM.PS_ACV_NODE_ZOOM,PS_ACV_NODE_ZOOM,6,0,6,3,0,3,0,5.5,16.0,8.0,240.0,0.0002288818359375,VRAI,IT,Technique
1004404,oracle,oracle_table,SYSADM.PS_ACV_USER_CONFIG,PS_ACV_USER_CONFIG,12,0,12,0,0,12,0,10.833333333333332,40.0,3.0,225.0,0.0002145767211914,VRAI,IT,Technique
1004405,oracle,oracle_table,SYSADM.PS_ADB_ACT_LG_LANG,PS_ADB_ACT_LG_LANG,7,0,7,2,0,5,0,8.0,30.0,0.0,0.0,0.0,VRAI,Finance,Finance
1004406,oracle,oracle_table,SYSADM.PS_ADB_ACTLG_TAO,PS_ADB_ACTLG_TAO,7,0,7,3,0,4,0,4.857142857142857,10.0,0.0,0.0,0.0,VRAI,Finance,Finance
1004407,oracle,oracle_table,SYSADM.PS_ADB_ACTLG_TAO1,PS_ADB_ACTLG_TAO1,0,0,0,0,0,0,0,,,0.0,0.0,0.0,VRAI,Finance,Finance
1004408,oracle,oracle_table,SYSADM.PS_ADB_ACTLG_TAO2,PS_ADB_ACTLG_TAO2,0,0,0,0,0,0,0,,,0.0,0.0,0.0,VRAI,Finance,Finance
1004409,oracle,oracle_table,SYSADM.PS_ADB_ACTLG_TAO3,PS_ADB_ACTLG_TAO3,0,0,0,0,0,0,0,,,0.0,0.0,0.0,VRAI,Finance,Finance
1004410,oracle,oracle_table,SYSADM.PS_ADB_ACTLG_TAO4,PS_ADB_ACTLG_TAO4,0,0,0,0,0,0,0,,,0.0,0.0,0.0,VRAI,Finance,Finance
1004411,oracle,oracle_table,SYSADM.PS_ADB_ACTLG_TAO5,PS_ADB_ACTLG_TAO5,0,0,0,0,0,0,0,,,0.0,0.0,0.0,VRAI,Finance,Finance
1004412,oracle,oracle_table,SYSADM.PS_ADB_ACTLG_TAO6,PS_ADB_ACTLG_TAO6,0,0,0,0,0,0,0,,,0.0,0.0,0.0,VRAI,Finance,Finance
1004413,oracle,oracle_table,SYSADM.PS_ADB_ACTLG_TAO7,PS_ADB_ACTLG_TAO7,0,0,0,0,0,0,0,,,0.0,0.0,0.0,VRAI,Finance,Finance
1004414,oracle,oracle_table,SYSADM.PS_ADB_ACT_LOG,PS_ADB_ACT_LOG,8,1,7,3,1,4,0,11.125,30.0,0.0,0.0,0.0,VRAI,Finance,Finance
1004415,oracle,oracle_table,SYSADM.PS_ADB_ACT_LOG_TAO,PS_ADB_ACT_LOG_TAO,7,0,7,3,0,4,0,4.857142857142857,10.0,0.0,0.0,0.0,VRAI,Finance,Finance
1004416,oracle,oracle_table,SYSADM.PS_ADB_ADJ_R_TAO,PS_ADB_ADJ_R_TAO,36,1,35,10,1,25,0,11.388888888888888,28.0,0.0,0.0,0.0,VRAI,Finance,Finance
1004417,oracle,oracle_table,SYSADM.PS_ADB_ADJ_R_TAO1,PS_ADB_ADJ_R_TAO1,0,0,0,0,0,0,0,,,0.0,0.0,0.0,VRAI,Finance,Finance
1004418,oracle,oracle_table,SYSADM.PS_ADB_ADJ_R_TAO2,PS_ADB_ADJ_R_TAO2,0,0,0,0,0,0,0,,,0.0,0.0,0.0,VRAI,Finance,Finance
1004419,oracle,oracle_table,SYSADM.PS_ADB_ADJ_R_TAO3,PS_ADB_ADJ_R_TAO3,0,0,0,0,0,0,0,,,0.0,0.0,0.0,VRAI,Finance,Finance
1004420,oracle,oracle_table,SYSADM.PS_ADB_ADJ_R_TAO4,PS_ADB_ADJ_R_TAO4,0,0,0,0,0,0,0,,,0.0,0.0,0.0,VRAI,Finance,Finance
1004421,oracle,oracle_table,SYSADM.PS_ADB_ADJ_R_TAO5,PS_ADB_ADJ_R_TAO5,0,0,0,0,0,0,0,,,0.0,0.0,0.0,VRAI,Finance,Finance
1004422,oracle,oracle_table,SYSADM.PS_ADB_ADJ_TAO,PS_ADB_ADJ_TAO,36,1,35,10,1,25,0,11.388888888888888,28.0,0.0,0.0,0.0,VRAI,Finance,Finance
1004423,oracle,oracle_table,SYSADM.PS_ADB_ADJ_TAO1,PS_ADB_ADJ_TAO1,0,0,0,0,0,0,0,,,0.0,0.0,0.0,VRAI,Finance,Finance
1004424,oracle,oracle_table,SYSADM.PS_ADB_ADJ_TAO2,PS_ADB_ADJ_TAO2,0,0,0,0,0,0,0,,,0.0,0.0,0.0,VRAI,Finance,Finance
1004425,oracle,oracle_table,SYSADM.PS_ADB_ADJ_TAO3,PS_ADB_ADJ_TAO3,0,0,0,0,0,0,0,,,0.0,0.0,0.0,VRAI,Finance,Finance
1004426,oracle,oracle_table,SYSADM.PS_ADB_ADJ_TAO4,PS_ADB_ADJ_TAO4,0,0,0,0,0,0,0,,,0.0,0.0,0.0,VRAI,Finance,Finance
1004427,oracle,oracle_table,SYSADM.PS_ADB_ADJ_TAO5,PS_ADB_ADJ_TAO5,0,0,0,0,0,0,0,,,0.0,0.0,0.0,VRAI,Finance,Finance
1004428,oracle,oracle_table,SYSADM.PS_ADB_ADJ_TBL,PS_ADB_ADJ_TBL,4,0,4,0,0,4,0,15.75,30.0,0.0,0.0,0.0,VRAI,Finance,Finance
1004429,oracle,oracle_table,SYSADM.PS_ADB_ADJ_U_TAO,PS_ADB_ADJ_U_TAO,36,1,35,10,1,25,0,11.388888888888888,28.0,0.0,0.0,0.0,VRAI,Finance,Finance
1004430,oracle,oracle_table,SYSADM.PS_ADB_ADJ_U_TAO1,PS_ADB_ADJ_U_TAO1,0,0,0,0,0,0,0,,,0.0,0.0,0.0,VRAI,Finance,Finance
1004431,oracle,oracle_table,SYSADM.PS_ADB_ADJ_U_TAO2,PS_ADB_ADJ_U_TAO2,0,0,0,0,0,0,0,,,0.0,0.0,0.0,VRAI,Finance,Finance
1004432,oracle,oracle_table,SYSADM.PS_ADB_ADJ_U_TAO3,PS_ADB_ADJ_U_TAO3,0,0,0,0,0,0,0,,,0.0,0.0,0.0,VRAI,Finance,Finance
1004433,oracle,oracle_table,SYSADM.PS_ADB_ADJ_U_TAO4,PS_ADB_ADJ_U_TAO4,0,0,0,0,0,0,0,,,0.0,0.0,0.0,VRAI,Finance,Finance
1004434,oracle,oracle_table,SYSADM.PS_ADB_ADJ_U_TAO5,PS_ADB_ADJ_U_TAO5,0,0,0,0,0,0,0,,,0.0,0.0,0.0,VRAI,Finance,Finance
1004435,oracle,oracle_table,SYSADM.PS_ADB_ALLDFN_LANG,PS_ADB_ALLDFN_LANG,3,0,3,0,0,3,0,14.333333333333332,30.0,0.0,0.0,0.0,VRAI,Finance,Finance
1004436,oracle,oracle_table,SYSADM.PS_ADB_AMT_TMP,PS_ADB_AMT_TMP,4,0,4,0,0,4,0,18.0,18.0,0.0,0.0,0.0,VRAI,Finance,Finance
1004437,oracle,oracle_table,SYSADM.PS_ADB_DEFN_LANG,PS_ADB_DEFN_LANG,5,1,4,0,0,5,1,9.6,30.0,0.0,0.0,0.0,VRAI,Finance,Finance
1004438,oracle,oracle_table,SYSADM.PS_ADB_DEFN_TBL,PS_ADB_DEFN_TBL,24,1,23,0,0,24,1,13.125,30.0,6.0,2286.0,0.0021800994873046,VRAI,Finance,Finance
1004439,oracle,oracle_table,SYSADM.PS_ADB_FLDS_TBL,PS_ADB_FLDS_TBL,8,0,8,1,0,7,0,10.375,18.0,22.0,946.0,0.0009021759033203,VRAI,Finance,Finance
1004440,oracle,oracle_table,SYSADM.PS_ADB_FLDV_TBL,PS_ADB_FLDV_TBL,5,0,5,1,0,4,0,15.6,30.0,16.0,368.0,0.0003509521484375,VRAI,Finance,Finance
1004441,oracle,oracle_table,SYSADM.PS_ADB_INCR_CONTRL,PS_ADB_INCR_CONTRL,3,0,3,0,0,3,0,5.333333333333333,10.0,27.0,459.0,0.0004377365112304,VRAI,Finance,Finance
1004442,oracle,oracle_table,SYSADM.PS_ADB_LOG_TAO,PS_ADB_LOG_TAO,7,0,7,3,0,4,0,4.857142857142857,10.0,0.0,0.0,0.0,VRAI,Finance,Finance
1004443,oracle,oracle_table,SYSADM.PS_ADB_REQ,PS_ADB_REQ,24,5,19,5,5,14,0,8.5,30.0,0.0,0.0,0.0,VRAI,Finance,Finance
1004445,oracle,oracle_table,SYSADM.PS_ADJ_CF_INV_TMP,PS_ADJ_CF_INV_TMP,24,0,24,0,0,24,0,7.541666666666665,15.0,0.0,0.0,0.0,VRAI,Finance,Finance
1004446,oracle,oracle_table,SYSADM.PS_ADJ_REASON_LG,PS_ADJ_REASON_LG,5,0,5,0,0,5,0,10.0,30.0,0.0,0.0,0.0,VRAI,Finance,Finance
1004447,oracle,oracle_table,SYSADM.PS_ADJ_REASON_OPT,PS_ADJ_REASON_OPT,7,0,7,0,1,6,0,4.7142857142857135,10.0,2.0,66.0,6.29425048828e-05,VRAI,Finance,Finance
1004448,oracle,oracle_table,SYSADM.PS_ADJ_REASON_TBL,PS_ADJ_REASON_TBL,4,0,4,0,0,4,0,11.75,30.0,2.0,56.0,5.34057617187e-05,VRAI,Finance,Finance
1004449,oracle,oracle_table,SYSADM.PS_ADJUST_TMP_INV,PS_ADJUST_TMP_INV,24,0,24,4,2,18,0,19.375,254.0,0.0,0.0,0.0,VRAI,Finance,Finance
1004450,oracle,oracle_table,SYSADM.PS_ADJUST_TYPE_EDR,PS_ADJUST_TYPE_EDR,6,0,6,0,3,3,0,14.166666666666666,30.0,0.0,0.0,0.0,VRAI,Finance,Finance
1004451,oracle,oracle_table,SYSADM.PS_ADJUST_TYPE_LAN,PS_ADJUST_TYPE_LAN,7,2,5,0,1,6,1,8.857142857142858,30.0,0.0,0.0,0.0,VRAI,Finance,Finance
1004452,oracle,oracle_table,SYSADM.PS_ADJUST_TYPE_TBL,PS_ADJUST_TYPE_TBL,7,1,6,0,1,6,1,8.571428571428571,30.0,2.0,108.0,0.0001029968261718,VRAI,Finance,Finance
1004453,oracle,oracle_table,SYSADM.PSADSCMPINSTST,PSADSCMPINSTST,0,0,0,0,0,0,0,,,11375.0,807625.0,0.7702112197875975,VRAI,IT,Technique
1004454,oracle,oracle_table,SYSADM.PSADSDEFAULTS,PSADSDEFAULTS,0,0,0,0,0,0,0,,,0.0,0.0,0.0,VRAI,IT,Technique
1004455,oracle,oracle_table,SYSADM.PSADSDEFN,PSADSDEFN,0,0,0,0,0,0,0,,,311.0,58157.0,0.0554628372192382,VRAI,IT,Technique
1004456,oracle,oracle_table,SYSADM.PSADSDEFNITEM,PSADSDEFNITEM,0,0,0,0,0,0,0,,,1165.0,51260.0,0.0488853454589843,VRAI,IT,Technique
1004457,oracle,oracle_table,SYSADM.PSADSDEFNLANG,PSADSDEFNLANG,0,0,0,0,0,0,0,,,0.0,0.0,0.0,VRAI,IT,Technique
1004458,oracle,oracle_table,SYSADM.PSADSDEL,PSADSDEL,0,0,0,0,0,0,0,,,0.0,0.0,0.0,VRAI,IT,Technique
1004459,oracle,oracle_table,SYSADM.PSADSEXCLUSIONS,PSADSEXCLUSIONS,0,0,0,0,0,0,0,,,0.0,0.0,0.0,VRAI,IT,Technique
1004460,oracle,oracle_table,SYSADM.PSADSGROUP,PSADSGROUP,0,0,0,0,0,0,0,,,193.0,12159.0,0.0115957260131835,VRAI,IT,Technique
1004461,oracle,oracle_table,SYSADM.PSADSGROUPLANG,PSADSGROUPLANG,0,0,0,0,0,0,0,,,0.0,0.0,0.0,VRAI,IT,Technique
1004462,oracle,oracle_table,SYSADM.PSADSGROUPMEMB,PSADSGROUPMEMB,0,0,0,0,0,0,0,,,498.0,32370.0,0.0308704376220703,VRAI,IT,Technique
1004463,oracle,oracle_table,SYSADM.PSADSGROUPPROP,PSADSGROUPPROP,0,0,0,0,0,0,0,,,230.0,13570.0,0.0129413604736328,VRAI,IT,Technique
1004464,oracle,oracle_table,SYSADM.PSADSMSGSTAT,PSADSMSGSTAT,0,0,0,0,0,0,0,,,0.0,0.0,0.0,VRAI,IT,Technique
1004465,oracle,oracle_table,SYSADM.PSADSMSGSTITEM,PSADSMSGSTITEM,0,0,0,0,0,0,0,,,0.0,0.0,0.0,VRAI,IT,Technique
1004466,oracle,oracle_table,SYSADM.PSADSOPRLOG,PSADSOPRLOG,0,0,0,0,0,0,0,,,4838.0,556370.0,0.5305957794189453,VRAI,IT,Technique
1004467,oracle,oracle_table,SYSADM.PSADSOPROPTLOG,PSADSOPROPTLOG,0,0,0,0,0,0,0,,,113414.0,7485324.0,7.138561248779297,VRAI,IT,Technique
1004468,oracle,oracle_table,SYSADM.PSADSPROPERTY,PSADSPROPERTY,0,0,0,0,0,0,0,,,20.0,4120.0,0.0039291381835937,VRAI,IT,Technique
1004469,oracle,oracle_table,SYSADM.PSADSPROPLANG,PSADSPROPLANG,0,0,0,0,0,0,0,,,0.0,0.0,0.0,VRAI,IT,Technique
1004470,oracle,oracle_table,SYSADM.PSADSPROPVALNG,PSADSPROPVALNG,0,0,0,0,0,0,0,,,0.0,0.0,0.0,VRAI,IT,Technique
1004471,oracle,oracle_table,SYSADM.PSADSPROPVALUE,PSADSPROPVALUE,0,0,0,0,0,0,0,,,16.0,976.0,0.0009307861328125,VRAI,IT,Technique
1004472,oracle,oracle_table,SYSADM.PSADSRELATION,PSADSRELATION,0,0,0,0,0,0,0,,,179.0,20048.0,0.0191192626953125,VRAI,IT,Technique
1004473,oracle,oracle_table,SYSADM.PSADSRELLANG,PSADSRELLANG,0,0,0,0,0,0,0,,,0.0,0.0,0.0,VRAI,IT,Technique
1004474,oracle,oracle_table,SYSADM.PSADSRELMAP,PSADSRELMAP,0,0,0,0,0,0,0,,,276.0,33396.0,0.0318489074707031,VRAI,IT,Technique
1004475,oracle,oracle_table,SYSADM.PSADSRELPROP,PSADSRELPROP,0,0,0,0,0,0,0,,,276.0,30084.0,0.0286903381347656,VRAI,IT,Technique
1004476,oracle,oracle_table,SYSADM.PSADS_REQUEST,PSADS_REQUEST,0,0,0,0,0,0,0,,,0.0,0.0,0.0,VRAI,IT,Technique
1004477,oracle,oracle_table,SYSADM.PSADSSQLREF,PSADSSQLREF,0,0,0,0,0,0,0,,,0.0,0.0,0.0,VRAI,IT,Technique
1004478,oracle,oracle_table,SYSADM.PSADSTRACKING,PSADSTRACKING,0,0,0,0,0,0,0,,,10957.0,2344798.0,2.236173629760742,VRAI,IT,Technique
1004479,oracle,oracle_table,SYSADM.PSADSTRACKITEM,PSADSTRACKITEM,0,0,0,0,0,0,0,,,39.0,1287.0,0.0012273788452148,VRAI,IT,Technique
1004480,oracle,oracle_table,SYSADM.PSADSVALINSTST,PSADSVALINSTST,0,0,0,0,0,0,0,,,8176.0,662256.0,0.6315765380859375,VRAI,IT,Technique
1004481,oracle,oracle_table,SYSADM.PS_ADVDIST_TEO1,PS_ADVDIST_TEO1,26,0,26,4,0,22,0,8.115384615384615,28.0,0.0,0.0,0.0,VRAI,Finance,Finance
1004482,oracle,oracle_table,SYSADM.PS_ADVDIST_TEO2,PS_ADVDIST_TEO2,26,0,26,4,0,22,0,8.115384615384615,28.0,0.0,0.0,0.0,VRAI,Finance,Finance
1004483,oracle,oracle_table,SYSADM.PS_ADVDIST_TEO3,PS_ADVDIST_TEO3,26,0,26,4,0,22,0,8.115384615384615,28.0,0.0,0.0,0.0,VRAI,Finance,Finance
1004484,oracle,oracle_table,SYSADM.PS_ADVDIST_TEOA,PS_ADVDIST_TEOA,50,2,48,4,2,44,0,27.62,50.0,0.0,0.0,0.0,VRAI,Finance,Finance
1004485,oracle,oracle_table,SYSADM.PS_ADVLINE_TEO1,PS_ADVLINE_TEO1,15,1,14,5,1,9,0,11.133333333333333,30.0,0.0,0.0,0.0,VRAI,Finance,Finance
1004486,oracle,oracle_table,SYSADM.PS_ADVLINE_TEO2,PS_ADVLINE_TEO2,15,1,14,5,1,9,0,11.133333333333333,30.0,0.0,0.0,0.0,VRAI,Finance,Finance
1004487,oracle,oracle_table,SYSADM.PS_ADVLINE_TEO3,PS_ADVLINE_TEO3,12,0,12,5,0,7,0,10.5,30.0,0.0,0.0,0.0,VRAI,Finance,Finance
1004488,oracle,oracle_table,SYSADM.PS_ADVLINE_TEOA,PS_ADVLINE_TEOA,50,2,48,4,2,44,0,27.62,50.0,0.0,0.0,0.0,VRAI,Finance,Finance
1004491,oracle,oracle_table,SYSADM.PS_ADVPY_AP_TAO,PS_ADVPY_AP_TAO,11,0,11,3,0,8,0,4.363636363636364,18.0,0.0,0.0,0.0,VRAI,Finance,Finance
1004492,oracle,oracle_table,SYSADM.PS_ADVPY_AP_TAO1,PS_ADVPY_AP_TAO1,0,0,0,0,0,0,0,,,0.0,0.0,0.0,VRAI,Finance,Finance
1004493,oracle,oracle_table,SYSADM.PS_ADVPY_AP_TAO10,PS_ADVPY_AP_TAO10,0,0,0,0,0,0,0,,,0.0,0.0,0.0,VRAI,Finance,Finance
1004494,oracle,oracle_table,SYSADM.PS_ADVPY_AP_TAO2,PS_ADVPY_AP_TAO2,0,0,0,0,0,0,0,,,0.0,0.0,0.0,VRAI,Finance,Finance
1004495,oracle,oracle_table,SYSADM.PS_ADVPY_AP_TAO3,PS_ADVPY_AP_TAO3,0,0,0,0,0,0,0,,,0.0,0.0,0.0,VRAI,Finance,Finance
1004496,oracle,oracle_table,SYSADM.PS_ADVPY_AP_TAO4,PS_ADVPY_AP_TAO4,0,0,0,0,0,0,0,,,0.0,0.0,0.0,VRAI,Finance,Finance
1004497,oracle,oracle_table,SYSADM.PS_ADVPY_AP_TAO5,PS_ADVPY_AP_TAO5,0,0,0,0,0,0,0,,,0.0,0.0,0.0,VRAI,Finance,Finance
1004498,oracle,oracle_table,SYSADM.PS_ADVPY_AP_TAO6,PS_ADVPY_AP_TAO6,0,0,0,0,0,0,0,,,0.0,0.0,0.0,VRAI,Finance,Finance
1004499,oracle,oracle_table,SYSADM.PS_ADVPY_AP_TAO7,PS_ADVPY_AP_TAO7,0,0,0,0,0,0,0,,,0.0,0.0,0.0,VRAI,Finance,Finance
1004500,oracle,oracle_table,SYSADM.PS_ADVPY_AP_TAO8,PS_ADVPY_AP_TAO8,0,0,0,0,0,0,0,,,0.0,0.0,0.0,VRAI,Finance,Finance
1004501,oracle,oracle_table,SYSADM.PS_ADVPY_AP_TAO9,PS_ADVPY_AP_TAO9,0,0,0,0,0,0,0,,,0.0,0.0,0.0,VRAI,Finance,Finance
1004502,oracle,oracle_table,SYSADM.PS_ADVPY_AR_TAO,PS_ADVPY_AR_TAO,11,0,11,3,0,8,0,4.363636363636364,18.0,0.0,0.0,0.0,VRAI,Finance,Finance
1004503,oracle,oracle_table,SYSADM.PS_ADVPY_AR_TAO1,PS_ADVPY_AR_TAO1,0,0,0,0,0,0,0,,,0.0,0.0,0.0,VRAI,Finance,Finance
1004504,oracle,oracle_table,SYSADM.PS_ADVPY_AR_TAO10,PS_ADVPY_AR_TAO10,0,0,0,0,0,0,0,,,0.0,0.0,0.0,VRAI,Finance,Finance
1004505,oracle,oracle_table,SYSADM.PS_ADVPY_AR_TAO2,PS_ADVPY_AR_TAO2,0,0,0,0,0,0,0,,,0.0,0.0,0.0,VRAI,Finance,Finance
1004506,oracle,oracle_table,SYSADM.PS_ADVPY_AR_TAO3,PS_ADVPY_AR_TAO3,0,0,0,0,0,0,0,,,0.0,0.0,0.0,VRAI,Finance,Finance
1004507,oracle,oracle_table,SYSADM.PS_ADVPY_AR_TAO4,PS_ADVPY_AR_TAO4,0,0,0,0,0,0,0,,,0.0,0.0,0.0,VRAI,Finance,Finance
1004508,oracle,oracle_table,SYSADM.PS_ADVPY_AR_TAO5,PS_ADVPY_AR_TAO5,0,0,0,0,0,0,0,,,0.0,0.0,0.0,VRAI,Finance,Finance
1004509,oracle,oracle_table,SYSADM.PS_ADVPY_AR_TAO6,PS_ADVPY_AR_TAO6,0,0,0,0,0,0,0,,,0.0,0.0,0.0,VRAI,Finance,Finance
1004510,oracle,oracle_table,SYSADM.PS_ADVPY_AR_TAO7,PS_ADVPY_AR_TAO7,0,0,0,0,0,0,0,,,0.0,0.0,0.0,VRAI,Finance,Finance
1004511,oracle,oracle_table,SYSADM.PS_ADVPY_AR_TAO8,PS_ADVPY_AR_TAO8,0,0,0,0,0,0,0,,,0.0,0.0,0.0,VRAI,Finance,Finance
1004512,oracle,oracle_table,SYSADM.PS_ADVPY_AR_TAO9,PS_ADVPY_AR_TAO9,0,0,0,0,0,0,0,,,0.0,0.0,0.0,VRAI,Finance,Finance
1004513,oracle,oracle_table,SYSADM.PS_AE_AMALLOC1_AET,PS_AE_AMALLOC1_AET,54,3,51,14,2,38,1,171.42592592592592,8192.0,0.0,0.0,0.0,VRAI,IT,Technique
1004514,oracle,oracle_table,SYSADM.PS_AE_AMALLOC2_AET,PS_AE_AMALLOC2_AET,5,1,4,1,0,4,1,807.0,4000.0,0.0,0.0,0.0,VRAI,IT,Technique
1004515,oracle,oracle_table,SYSADM.PS_AE_AMALLOC3_AET,PS_AE_AMALLOC3_AET,14,1,13,3,2,9,0,8.714285714285714,26.0,0.0,0.0,0.0,VRAI,IT,Technique
1004516,oracle,oracle_table,SYSADM.PS_AE_AMALLOC_AET,PS_AE_AMALLOC_AET,25,4,21,4,3,18,1,172.12,4000.0,0.0,0.0,0.0,VRAI,IT,Technique
1004517,oracle,oracle_table,SYSADM.PS_AE_AMALLOC_AET1,PS_AE_AMALLOC_AET1,29,2,27,5,2,22,0,11.206896551724135,28.0,0.0,0.0,0.0,VRAI,IT,Technique
1004518,oracle,oracle_table,SYSADM.PS_AE_AMCONV_AET,PS_AE_AMCONV_AET,9,0,9,1,0,8,0,6.222222222222222,30.0,0.0,0.0,0.0,VRAI,IT,Technique
1004519,oracle,oracle_table,SYSADM.PS_AE_AMCURCV2_AET,PS_AE_AMCURCV2_AET,2,1,1,1,0,1,1,2005.0,4000.0,0.0,0.0,0.0,VRAI,IT,Technique
1004520,oracle,oracle_table,SYSADM.PS_AE_AMCURCVN_AET,PS_AE_AMCURCVN_AET,59,4,55,11,3,45,1,77.3728813559322,4000.0,0.0,0.0,0.0,VRAI,IT,Technique
1004521,oracle,oracle_table,SYSADM.PS_AE_AMDPCLOS_AET,PS_AE_AMDPCLOS_AET,100,8,92,24,8,68,0,11.32,254.0,0.0,0.0,0.0,VRAI,IT,Technique
1004522,oracle,oracle_table,SYSADM.PS_AE_AMDPEXPD_AET,PS_AE_AMDPEXPD_AET,79,2,77,34,2,43,0,17.18987341772152,254.0,0.0,0.0,0.0,VRAI,IT,Technique
1004523,oracle,oracle_table,SYSADM.PS_AE_AMDPREP2_AET,PS_AE_AMDPREP2_AET,17,1,16,5,0,12,1,344.52941176470586,4000.0,0.0,0.0,0.0,VRAI,IT,Technique
1004524,oracle,oracle_table,SYSADM.PS_AE_AMDPREP3_AET,PS_AE_AMDPREP3_AET,22,1,21,7,0,15,1,221.3636363636364,4000.0,0.0,0.0,0.0,VRAI,IT,Technique
1004525,oracle,oracle_table,SYSADM.PS_AE_AMDPREPT_AET,PS_AE_AMDPREPT_AET,173,7,166,64,7,102,0,13.872832369942197,254.0,0.0,0.0,0.0,VRAI,IT,Technique
1004526,oracle,oracle_table,SYSADM.PS_AE_AMGRPCO2_AET,PS_AE_AMGRPCO2_AET,8,1,7,1,0,7,1,691.75,4000.0,0.0,0.0,0.0,VRAI,IT,Technique
1004527,oracle,oracle_table,SYSADM.PS_AE_AMGRPCO3_AET,PS_AE_AMGRPCO3_AET,2,1,1,1,0,1,1,4101.0,8192.0,0.0,0.0,0.0,VRAI,IT,Technique
1004528,oracle,oracle_table,SYSADM.PS_AE_AMGRPCON_AET,PS_AE_AMGRPCON_AET,108,11,97,18,11,79,0,9.296296296296296,30.0,0.0,0.0,0.0,VRAI,IT,Technique
1004529,oracle,oracle_table,SYSADM.PS_AE_AMGRPRRC_AET,PS_AE_AMGRPRRC_AET,16,3,13,2,3,11,0,12.0,30.0,0.0,0.0,0.0,VRAI,IT,Technique
1004530,oracle,oracle_table,SYSADM.PS_AE_AMINHIST_AET,PS_AE_AMINHIST_AET,5,0,5,1,0,4,0,17.4,30.0,0.0,0.0,0.0,VRAI,IT,Technique
1004531,oracle,oracle_table,SYSADM.PS_AE_AMOPNTRN_AET,PS_AE_AMOPNTRN_AET,19,3,16,1,3,15,0,23.157894736842103,254.0,0.0,0.0,0.0,VRAI,IT,Technique
1004532,oracle,oracle_table,SYSADM.PS_AE_AMPRFCHG_AET,PS_AE_AMPRFCHG_AET,38,3,35,7,3,28,0,36.21052631578947,254.0,0.0,0.0,0.0,VRAI,IT,Technique
1004533,oracle,oracle_table,SYSADM.PS_AE_AM_UPG2_AET,PS_AE_AM_UPG2_AET,22,3,19,10,3,9,0,6.090909090909091,17.0,0.0,0.0,0.0,VRAI,IT,Technique
1004534,oracle,oracle_table,SYSADM.PS_AE_AM_UPG_AET,PS_AE_AM_UPG_AET,63,4,59,9,3,51,1,84.14285714285714,4000.0,0.0,0.0,0.0,VRAI,IT,Technique
1004535,oracle,oracle_table,SYSADM.PSAEAPPLDEFN,PSAEAPPLDEFN,0,0,0,0,0,0,0,,,3510.0,1038960.0,0.9908294677734376,VRAI,IT,Technique
1004536,oracle,oracle_table,SYSADM.PSAEAPPLDEL,PSAEAPPLDEL,0,0,0,0,0,0,0,,,0.0,0.0,0.0,VRAI,IT,Technique
1004537,oracle,oracle_table,SYSADM.PSAEAPPLLANG,PSAEAPPLLANG,0,0,0,0,0,0,0,,,0.0,0.0,0.0,VRAI,IT,Technique
1004538,oracle,oracle_table,SYSADM.PSAEAPPLSTATE,PSAEAPPLSTATE,0,0,0,0,0,0,0,,,6192.0,167184.0,0.1594390869140625,VRAI,IT,Technique
1004539,oracle,oracle_table,SYSADM.PS_AE_APPL_TBL,PS_AE_APPL_TBL,25,3,22,3,3,19,0,8.12,30.0,0.0,0.0,0.0,VRAI,IT,Technique
1004540,oracle,oracle_table,SYSADM.PSAEAPPLTEMPTBL,PSAEAPPLTEMPTBL,0,0,0,0,0,0,0,,,7764.0,186336.0,0.177703857421875,VRAI,IT,Technique
1004541,oracle,oracle_table,SYSADM.PS_AE_APPL_TMP,PS_AE_APPL_TMP,24,2,22,3,2,19,0,7.375,30.0,0.0,0.0,0.0,VRAI,IT,Technique
1004542,oracle,oracle_table,SYSADM.PS_AE_BD_ITEM_AET,PS_AE_BD_ITEM_AET,6,0,6,1,0,5,0,14.333333333333332,30.0,0.0,0.0,0.0,VRAI,IT,Technique
1004543,oracle,oracle_table,SYSADM.PS_AE_CLOS_LST_AET,PS_AE_CLOS_LST_AET,64,5,59,9,5,50,0,10.984375,254.0,0.0,0.0,0.0,VRAI,IT,Technique
1004544,oracle,oracle_table,SYSADM.PS_AE_CV8_PAIR_TBL,PS_AE_CV8_PAIR_TBL,4,0,4,0,0,4,0,9.5,18.0,9.0,207.0,0.000197410583496,VRAI,IT,Technique
1004545,oracle,oracle_table,SYSADM.PS_AEDAEMONMGR_AET,PS_AEDAEMONMGR_AET,6,0,6,3,0,3,0,7.5,12.0,0.0,0.0,0.0,VRAI,IT,Technique
1004546,oracle,oracle_table,SYSADM.PS_AE_ERCREXP_AET,PS_AE_ERCREXP_AET,36,3,33,10,3,23,0,11.444444444444445,30.0,0.0,0.0,0.0,VRAI,IT,Technique
1004547,oracle,oracle_table,SYSADM.PS_AE_FRT_CALC_AET,PS_AE_FRT_CALC_AET,39,1,38,11,1,27,0,28.538461538461537,254.0,0.0,0.0,0.0,VRAI,IT,Technique
1004548,oracle,oracle_table,SYSADM.PS_AE_IN_BAL_AET,PS_AE_IN_BAL_AET,11,0,11,2,0,9,0,11.636363636363637,30.0,0.0,0.0,0.0,VRAI,IT,Technique
1004549,oracle,oracle_table,SYSADM.PS_AEINSTANCENBR,PS_AEINSTANCENBR,1,0,1,1,0,0,0,4.0,4.0,99.0,297.0,0.0002832412719726,VRAI,IT,Technique
1004550,oracle,oracle_table,SYSADM.PS_AE_INTTEST_AET,PS_AE_INTTEST_AET,18,0,18,16,0,2,0,8.11111111111111,15.0,0.0,0.0,0.0,VRAI,IT,Technique
1004551,oracle,oracle_table,SYSADM.PS_AE_KSEC_AET,PS_AE_KSEC_AET,14,0,14,2,0,12,0,13.214285714285714,30.0,0.0,0.0,0.0,VRAI,IT,Technique
1004552,oracle,oracle_table,SYSADM.PS_AELOCKMGR,PS_AELOCKMGR,1,0,1,0,0,1,0,1.0,1.0,1.0,2.0,1.9073486328e-06,VRAI,IT,Technique
1004553,oracle,oracle_table,SYSADM.PS_AEOLTEMPTBLMGR,PS_AEOLTEMPTBLMGR,12,1,11,5,1,6,0,12.166666666666666,30.0,0.0,0.0,0.0,VRAI,IT,Technique
1004554,oracle,oracle_table,SYSADM.PS_AEONLINEINST,PS_AEONLINEINST,7,0,7,3,0,4,0,14.571428571428571,30.0,10000.0,160000.0,0.152587890625,VRAI,IT,Technique
1004555,oracle,oracle_table,SYSADM.PS_AE_OPTIONS,PS_AE_OPTIONS,2,0,2,1,0,1,0,3.5,6.0,0.0,0.0,0.0,VRAI,IT,Technique
1004556,oracle,oracle_table,SYSADM.PS_AE_PTTSRPLC_AET,PS_AE_PTTSRPLC_AET,27,1,26,6,1,20,0,30.51851851851852,254.0,0.0,0.0,0.0,VRAI,IT,Technique
1004557,oracle,oracle_table,SYSADM.PS_AE_PTTSUNDO_AET,PS_AE_PTTSUNDO_AET,29,1,28,6,1,22,0,45.93103448275863,254.0,0.0,0.0,0.0,VRAI,IT,Technique
1004558,oracle,oracle_table,SYSADM.PS_AE_RECFIELD,PS_AE_RECFIELD,3,0,3,1,0,2,0,13.333333333333332,18.0,0.0,0.0,0.0,VRAI,IT,Technique
1004559,oracle,oracle_table,SYSADM.PS_AE_REQUEST,PS_AE_REQUEST,11,1,10,2,1,8,0,10.363636363636363,30.0,0.0,0.0,0.0,VRAI,IT,Technique
1004560,oracle,oracle_table,SYSADM.PS_AE_REQUEST_OPT,PS_AE_REQUEST_OPT,7,0,7,1,0,6,0,20.428571428571427,30.0,0.0,0.0,0.0,VRAI,IT,Technique
1004561,oracle,oracle_table,SYSADM.PS_AEREQUESTPARM,PS_AEREQUESTPARM,6,0,6,0,0,6,0,60.33333333333333,254.0,0.0,0.0,0.0,VRAI,IT,Technique
1004562,oracle,oracle_table,SYSADM.PS_AEREQUESTTBL,PS_AEREQUESTTBL,11,2,9,2,2,7,0,11.636363636363637,30.0,0.0,0.0,0.0,VRAI,IT,Technique
1004563,oracle,oracle_table,SYSADM.PS_AE_RUN_CONTROL,PS_AE_RUN_CONTROL,15,1,14,4,1,10,0,59.0,250.0,0.0,0.0,0.0,VRAI,IT,Technique
1004564,oracle,oracle_table,SYSADM.PS_AERUNCONTROL,PS_AERUNCONTROL,13,3,10,4,2,7,1,10.923076923076923,30.0,0.0,0.0,0.0,VRAI,IT,Technique
1004565,oracle,oracle_table,SYSADM.PS_AERUNCONTROLPC,PS_AERUNCONTROLPC,4,1,3,3,0,0,0,6.0,11.0,0.0,0.0,0.0,VRAI,IT,Technique
1004566,oracle,oracle_table,SYSADM.PSAESECTDEFN,PSAESECTDEFN,0,0,0,0,0,0,0,,,26894.0,1210230.0,1.154165267944336,VRAI,IT,Technique
1004567,oracle,oracle_table,SYSADM.PSAESECTDEL,PSAESECTDEL,0,0,0,0,0,0,0,,,0.0,0.0,0.0,VRAI,IT,Technique
1004568,oracle,oracle_table,SYSADM.PSAESECTDTLDEFN,PSAESECTDTLDEFN,0,0,0,0,0,0,0,,,27415.0,2823745.0,2.6929330825805664,VRAI,IT,Technique
1004569,oracle,oracle_table,SYSADM.PS_AE_SECTION_TBL,PS_AE_SECTION_TBL,10,0,10,1,1,8,0,6.5,30.0,0.0,0.0,0.0,VRAI,IT,Technique
1004570,oracle,oracle_table,SYSADM.PS_AE_SECTION_TMP,PS_AE_SECTION_TMP,10,0,10,1,1,8,0,6.5,30.0,0.0,0.0,0.0,VRAI,IT,Technique
1004571,oracle,oracle_table,SYSADM.PSAESQLTIMINGS,PSAESQLTIMINGS,0,0,0,0,0,0,0,,,0.0,0.0,0.0,VRAI,IT,Technique
1004572,oracle,oracle_table,SYSADM.PSAESTEPDEFN,PSAESTEPDEFN,0,0,0,0,0,0,0,,,119763.0,13533219.0,12.906283378601074,VRAI,IT,Technique
1004573,oracle,oracle_table,SYSADM.PSAESTEPMSGDEFN,PSAESTEPMSGDEFN,0,0,0,0,0,0,0,,,5704.0,422096.0,0.4025421142578125,VRAI,IT,Technique
1004574,oracle,oracle_table,SYSADM.PS_AE_STEP_TBL,PS_AE_STEP_TBL,24,1,23,1,1,22,0,4.5,30.0,0.0,0.0,0.0,VRAI,IT,Technique
1004575,oracle,oracle_table,SYSADM.PS_AE_STEP_TMP,PS_AE_STEP_TMP,24,1,23,1,1,22,0,4.5,30.0,0.0,0.0,0.0,VRAI,IT,Technique
1004576,oracle,oracle_table,SYSADM.PS_AE_STMT_B_TBL,PS_AE_STMT_B_TBL,9,0,9,1,1,7,0,32.77777777777778,254.0,0.0,0.0,0.0,VRAI,IT,Technique
1004577,oracle,oracle_table,SYSADM.PS_AE_STMT_B_TMP,PS_AE_STMT_B_TMP,9,0,9,1,1,7,0,32.77777777777778,254.0,0.0,0.0,0.0,VRAI,IT,Technique
1004578,oracle,oracle_table,SYSADM.PS_AE_STMT_COMPILE,PS_AE_STMT_COMPILE,10,2,8,1,1,8,1,823.2,8192.0,0.0,0.0,0.0,VRAI,IT,Technique
1004579,oracle,oracle_table,SYSADM.PSAESTMTDEFN,PSAESTMTDEFN,0,0,0,0,0,0,0,,,159112.0,14479192.0,13.808433532714844,VRAI,IT,Technique
1004580,oracle,oracle_table,SYSADM.PS_AE_STMT_TBL,PS_AE_STMT_TBL,11,1,10,1,1,9,1,748.4545454545455,8192.0,0.0,0.0,0.0,VRAI,IT,Technique
1004581,oracle,oracle_table,SYSADM.PS_AE_STMT_TBL_TMP,PS_AE_STMT_TBL_TMP,7,1,6,0,1,6,0,5.428571428571429,10.0,0.0,0.0,0.0,VRAI,IT,Technique
1004582,oracle,oracle_table,SYSADM.PS_AE_STMT_TMP,PS_AE_STMT_TMP,11,1,10,1,1,9,1,748.4545454545455,8192.0,0.0,0.0,0.0,VRAI,IT,Technique
1004583,oracle,oracle_table,SYSADM.PS_AE_SYNCGEN_AET,PS_AE_SYNCGEN_AET,6,0,6,2,0,4,0,14.5,30.0,0.0,0.0,0.0,VRAI,IT,Technique
1004584,oracle,oracle_table,SYSADM.PS_AETEMPTBLMGR,PS_AETEMPTBLMGR,10,1,9,4,1,5,0,13.0,30.0,0.0,0.0,0.0,VRAI,IT,Technique
1004585,oracle,oracle_table,SYSADM.PS_AE_TIMINGS_DT,PS_AE_TIMINGS_DT,25,0,25,14,0,11,0,23.48,100.0,0.0,0.0,0.0,VRAI,IT,Technique
1004586,oracle,oracle_table,SYSADM.PS_AE_TIMINGS_LG,PS_AE_TIMINGS_LG,11,2,9,6,2,3,0,17.18181818181818,30.0,0.0,0.0,0.0,VRAI,IT,Technique
1004587,oracle,oracle_table,SYSADM.PS_AE_TREURODL_AET,PS_AE_TREURODL_AET,5,0,5,2,0,3,0,8.6,15.0,0.0,0.0,0.0,VRAI,IT,Technique
1004588,oracle,oracle_table,SYSADM.PS_AE_TREUROFE_AET,PS_AE_TREUROFE_AET,16,3,13,9,3,4,0,11.875,28.0,0.0,0.0,0.0,VRAI,IT,Technique
1004589,oracle,oracle_table,SYSADM.PS_AE_UPG8IDX_AET,PS_AE_UPG8IDX_AET,4,0,4,2,0,2,0,7.75,15.0,0.0,0.0,0.0,VRAI,IT,Technique
1004590,oracle,oracle_table,SYSADM.PS_AE_UPG_AM_AET,PS_AE_UPG_AM_AET,67,5,62,9,4,54,1,79.71641791044776,4000.0,0.0,0.0,0.0,VRAI,IT,Technique
1004591,oracle,oracle_table,SYSADM.PS_AFFL_VENDOR,PS_AFFL_VENDOR,24,0,24,0,0,24,0,27.58333333333333,130.0,3.0,387.0,0.0003690719604492,VRAI,Procurement,Achats
1004592,oracle,oracle_table,SYSADM.PS_AFFL_VENDOR_PH,PS_AFFL_VENDOR_PH,6,0,6,0,0,6,0,8.666666666666666,24.0,3.0,90.0,8.58306884765e-05,VRAI,Procurement,Achats
1004593,oracle,oracle_table,SYSADM.PS_AGC_CAT_ASGNEE,PS_AGC_CAT_ASGNEE,12,0,12,0,1,11,1,26.58333333333333,127.0,0.0,0.0,0.0,VRAI,IT,Technique
1004594,oracle,oracle_table,SYSADM.PS_AGC_CAT_ASGNLNG,PS_AGC_CAT_ASGNLNG,6,2,4,0,1,5,1,12.166666666666666,30.0,0.0,0.0,0.0,VRAI,IT,Technique
1004595,oracle,oracle_table,SYSADM.PS_AGC_CAT_BTN,PS_AGC_CAT_BTN,9,0,9,2,1,6,1,12.555555555555555,32.0,1.0,122.0,0.0001163482666015,VRAI,IT,Technique
1004596,oracle,oracle_table,SYSADM.PS_AGC_CAT_BTN_LNG,PS_AGC_CAT_BTN_LNG,6,0,6,0,1,5,1,12.166666666666666,30.0,0.0,0.0,0.0,VRAI,IT,Technique
1004597,oracle,oracle_table,SYSADM.PS_AGC_CAT_CTX,PS_AGC_CAT_CTX,14,0,14,1,1,12,0,33.5,254.0,4.0,320.0,0.00030517578125,VRAI,IT,Technique
1004598,oracle,oracle_table,SYSADM.PS_AGC_CAT_CTXD,PS_AGC_CAT_CTXD,10,0,10,0,1,9,1,29.0,127.0,0.0,0.0,0.0,VRAI,IT,Technique
1004599,oracle,oracle_table,SYSADM.PS_AGC_CAT_CTXDLNG,PS_AGC_CAT_CTXDLNG,6,0,6,0,1,5,1,12.166666666666666,30.0,0.0,0.0,0.0,VRAI,IT,Technique
1004600,oracle,oracle_table,SYSADM.PS_AGC_CAT_CTXDTA,PS_AGC_CAT_CTXDTA,10,0,10,0,1,9,0,8.0,18.0,0.0,0.0,0.0,VRAI,IT,Technique
1004601,oracle,oracle_table,SYSADM.PS_AGC_CAT_CTX_LNG,PS_AGC_CAT_CTX_LNG,6,1,5,0,1,5,0,26.83333333333333,100.0,0.0,0.0,0.0,VRAI,IT,Technique
1004602,oracle,oracle_table,SYSADM.PS_AGC_CAT_IMG,PS_AGC_CAT_IMG,13,0,13,0,1,12,1,32.38461538461539,127.0,0.0,0.0,0.0,VRAI,IT,Technique
1004603,oracle,oracle_table,SYSADM.PS_AGC_CAT_IMG_LNG,PS_AGC_CAT_IMG_LNG,6,2,4,0,1,5,1,23.83333333333333,100.0,0.0,0.0,0.0,VRAI,IT,Technique
1004604,oracle,oracle_table,SYSADM.PS_AGC_CAT_LNG,PS_AGC_CAT_LNG,5,2,3,0,1,4,1,15.6,50.0,0.0,0.0,0.0,VRAI,IT,Technique
1004605,oracle,oracle_table,SYSADM.PS_AGC_CAT_NOT_DEF,PS_AGC_CAT_NOT_DEF,8,1,7,0,0,8,1,37.125,100.0,0.0,0.0,0.0,VRAI,IT,Technique
1004606,oracle,oracle_table,SYSADM.PS_AGC_CAT_NOT_LNG,PS_AGC_CAT_NOT_LNG,7,1,6,0,0,7,1,42.57142857142857,100.0,0.0,0.0,0.0,VRAI,IT,Technique
1004607,oracle,oracle_table,SYSADM.PS_AGC_CAT_NOT_TYP,PS_AGC_CAT_NOT_TYP,6,0,6,0,1,5,0,9.666666666666666,30.0,0.0,0.0,0.0,VRAI,IT,Technique
1004608,oracle,oracle_table,SYSADM.PS_AGC_CAT_SCRTY,PS_AGC_CAT_SCRTY,5,0,5,0,1,4,0,12.0,30.0,0.0,0.0,0.0,VRAI,IT,Technique
1004609,oracle,oracle_table,SYSADM.PS_AGC_CAT_STEP,PS_AGC_CAT_STEP,36,1,35,0,1,35,2,35.25,127.0,9.0,3132.0,0.0029869079589843,VRAI,IT,Technique
1004610,oracle,oracle_table,SYSADM.PS_AGC_CAT_STEPASG,PS_AGC_CAT_STEPASG,5,0,5,0,1,4,0,11.2,15.0,0.0,0.0,0.0,VRAI,IT,Technique
1004611,oracle,oracle_table,SYSADM.PS_AGC_CAT_STEPBTL,PS_AGC_CAT_STEPBTL,6,0,6,0,1,5,0,17.5,32.0,0.0,0.0,0.0,VRAI,IT,Technique
1004612,oracle,oracle_table,SYSADM.PS_AGC_CAT_STEPBTN,PS_AGC_CAT_STEPBTN,9,0,9,2,1,6,0,12.666666666666666,32.0,0.0,0.0,0.0,VRAI,IT,Technique
1004613,oracle,oracle_table,SYSADM.PS_AGC_CAT_STEPCTX,PS_AGC_CAT_STEPCTX,8,0,8,0,1,7,0,69.0,254.0,0.0,0.0,0.0,VRAI,IT,Technique
1004614,oracle,oracle_table,SYSADM.PS_AGC_CAT_STEPLNG,PS_AGC_CAT_STEPLNG,8,3,5,0,1,7,2,21.625,100.0,0.0,0.0,0.0,VRAI,IT,Technique
1004615,oracle,oracle_table,SYSADM.PS_AGC_CAT_TBL,PS_AGC_CAT_TBL,17,0,17,0,1,16,1,21.47058823529412,127.0,1.0,236.0,0.0002250671386718,VRAI,IT,Technique
1004616,oracle,oracle_table,SYSADM.PS_AGC_CTXDTA_FLDS,PS_AGC_CTXDTA_FLDS,9,0,9,0,0,9,0,20.666666666666664,100.0,0.0,0.0,0.0,VRAI,IT,Technique
1004617,oracle,oracle_table,SYSADM.PS_AGC_CTXDTA_FLNG,PS_AGC_CTXDTA_FLNG,5,0,5,0,0,5,0,27.2,100.0,0.0,0.0,0.0,VRAI,IT,Technique
1004618,oracle,oracle_table,SYSADM.PS_AGC_CTXDTA_LNG,PS_AGC_CTXDTA_LNG,5,1,4,0,0,5,1,26.6,100.0,0.0,0.0,0.0,VRAI,IT,Technique
1004619,oracle,oracle_table,SYSADM.PS_AGC_CTXDTA_RQFD,PS_AGC_CTXDTA_RQFD,3,0,3,0,0,3,0,11.333333333333332,18.0,0.0,0.0,0.0,VRAI,IT,Technique
1004620,oracle,oracle_table,SYSADM.PS_AGC_CTXDTA_TBL,PS_AGC_CTXDTA_TBL,6,1,5,0,0,6,1,24.33333333333333,100.0,0.0,0.0,0.0,VRAI,IT,Technique
1004621,oracle,oracle_table,SYSADM.PS_AGC_INST_QSTN,PS_AGC_INST_QSTN,4,0,4,1,0,3,0,10.5,30.0,0.0,0.0,0.0,VRAI,IT,Technique
1004622,oracle,oracle_table,SYSADM.PS_AGC_LISTS_TBL,PS_AGC_LISTS_TBL,6,0,6,0,0,6,0,31.0,100.0,0.0,0.0,0.0,VRAI,IT,Technique
1004623,oracle,oracle_table,SYSADM.PS_AGC_NOTF_STATUS,PS_AGC_NOTF_STATUS,7,1,6,1,1,5,0,14.0,31.0,0.0,0.0,0.0,VRAI,IT,Technique
1004624,oracle,oracle_table,SYSADM.PS_AGC_NOTIFY_AET,PS_AGC_NOTIFY_AET,7,0,7,1,0,6,0,47.0,254.0,0.0,0.0,0.0,VRAI,IT,Technique
1004625,oracle,oracle_table,SYSADM.PS_AGC_PRCS_NOTIF,PS_AGC_PRCS_NOTIF,4,0,4,0,0,4,0,20.5,30.0,0.0,0.0,0.0,VRAI,IT,Technique
1004626,oracle,oracle_table,SYSADM.PS_AGC_PRCSRUNCNTL,PS_AGC_PRCSRUNCNTL,6,0,6,0,0,6,0,53.16666666666666,254.0,0.0,0.0,0.0,VRAI,IT,Technique
1004627,oracle,oracle_table,SYSADM.PS_AGC_SRCHKEY_FLD,PS_AGC_SRCHKEY_FLD,5,0,5,1,0,4,0,7.6,18.0,0.0,0.0,0.0,VRAI,IT,Technique
1004628,oracle,oracle_table,SYSADM.PS_AGC_SRCHKEY_LNG,PS_AGC_SRCHKEY_LNG,3,0,3,0,0,3,0,27.666666666666664,50.0,0.0,0.0,0.0,VRAI,IT,Technique
1004629,oracle,oracle_table,SYSADM.PS_AGC_SRCHKEY_TBL,PS_AGC_SRCHKEY_TBL,13,0,13,0,0,13,0,18.307692307692307,50.0,0.0,0.0,0.0,VRAI,IT,Technique
1004630,oracle,oracle_table,SYSADM.PS_AGC_SRCHREC_TBL,PS_AGC_SRCHREC_TBL,2,0,2,0,0,2,0,8.0,15.0,0.0,0.0,0.0,VRAI,IT,Technique
1004631,oracle,oracle_table,SYSADM.PS_AGC_TILE_HPG,PS_AGC_TILE_HPG,4,0,4,0,0,4,0,11.75,30.0,0.0,0.0,0.0,VRAI,IT,Technique
1004632,oracle,oracle_table,SYSADM.PS_AGC_TILE_LNG,PS_AGC_TILE_LNG,3,0,3,0,0,3,0,16.0,30.0,0.0,0.0,0.0,VRAI,IT,Technique
1004633,oracle,oracle_table,SYSADM.PS_AGC_TILE_SEC,PS_AGC_TILE_SEC,3,0,3,0,0,3,0,15.333333333333332,30.0,0.0,0.0,0.0,VRAI,IT,Technique
1004634,oracle,oracle_table,SYSADM.PS_AGC_TILE_TBL,PS_AGC_TILE_TBL,15,0,15,1,0,14,0,24.4,127.0,0.0,0.0,0.0,VRAI,IT,Technique
1004635,oracle,oracle_table,SYSADM.PS_AGC_TILE_TMPL,PS_AGC_TILE_TMPL,3,0,3,0,0,3,0,7.666666666666665,15.0,0.0,0.0,0.0,VRAI,IT,Technique
1004636,oracle,oracle_table,SYSADM.PS_AGC_TMA_DATA,PS_AGC_TMA_DATA,49,0,49,1,0,48,0,18.97959183673469,20.0,0.0,0.0,0.0,VRAI,IT,Technique
1004637,oracle,oracle_table,SYSADM.PS_AGC_TMA_LNG,PS_AGC_TMA_LNG,3,0,3,0,0,3,0,24.33333333333333,50.0,0.0,0.0,0.0,VRAI,IT,Technique
1004638,oracle,oracle_table,SYSADM.PS_AGC_TMA_SKEY,PS_AGC_TMA_SKEY,4,0,4,1,0,3,0,13.25,30.0,0.0,0.0,0.0,VRAI,IT,Technique
1004639,oracle,oracle_table,SYSADM.PS_AGC_TMA_TBL,PS_AGC_TMA_TBL,6,1,5,0,1,5,0,23.666666666666664,50.0,0.0,0.0,0.0,VRAI,IT,Technique
1004640,oracle,oracle_table,SYSADM.PS_AGC_TMPL_BTNS,PS_AGC_TMPL_BTNS,5,1,4,0,1,4,0,12.6,30.0,1.0,28.0,2.67028808593e-05,VRAI,IT,Technique
1004641,oracle,oracle_table,SYSADM.PS_AGC_TMPL_BTNSL,PS_AGC_TMPL_BTNSL,5,1,4,0,1,4,0,13.0,30.0,0.0,0.0,0.0,VRAI,IT,Technique
1004642,oracle,oracle_table,SYSADM.PS_AGC_TMPL_LNG,PS_AGC_TMPL_LNG,6,2,4,0,1,5,2,20.0,100.0,0.0,0.0,0.0,VRAI,IT,Technique
1004643,oracle,oracle_table,SYSADM.PS_AGC_TMPL_NOTF,PS_AGC_TMPL_NOTF,7,0,7,1,1,5,0,7.571428571428571,30.0,0.0,0.0,0.0,VRAI,IT,Technique
1004644,oracle,oracle_table,SYSADM.PS_AGC_TMPL_PRIV,PS_AGC_TMPL_PRIV,6,0,6,0,1,5,0,13.166666666666666,30.0,2.0,130.0,0.0001239776611328,VRAI,IT,Technique
1004645,oracle,oracle_table,SYSADM.PS_AGC_TMPL_SBNR,PS_AGC_TMPL_SBNR,8,1,7,0,1,7,0,8.5,18.0,2.0,108.0,0.0001029968261718,VRAI,IT,Technique
1004646,oracle,oracle_table,SYSADM.PS_AGC_TMPL_STEPDP,PS_AGC_TMPL_STEPDP,5,0,5,0,1,4,0,16.0,31.0,0.0,0.0,0.0,VRAI,IT,Technique
1004647,oracle,oracle_table,SYSADM.PS_AGC_TMPL_STEPS,PS_AGC_TMPL_STEPS,22,1,21,2,1,19,1,18.090909090909086,150.0,10.0,1010.0,0.0009632110595703,VRAI,IT,Technique
1004648,oracle,oracle_table,SYSADM.PS_AGC_TMPL_STEPSL,PS_AGC_TMPL_STEPSL,7,1,6,0,1,6,1,43.0,150.0,0.0,0.0,0.0,VRAI,IT,Technique
1004649,oracle,oracle_table,SYSADM.PS_AGC_TMPL_STPASG,PS_AGC_TMPL_STPASG,7,0,7,1,1,5,0,11.857142857142856,31.0,0.0,0.0,0.0,VRAI,IT,Technique
1004650,oracle,oracle_table,SYSADM.PS_AGC_TMPL_TBL,PS_AGC_TMPL_TBL,25,2,23,1,1,23,2,9.48,100.0,1.0,220.0,0.0002098083496093,VRAI,IT,Technique
1004651,oracle,oracle_table,SYSADM.PS_AGE_HIGH_TMP,PS_AGE_HIGH_TMP,11,0,11,3,0,8,0,10.636363636363637,28.0,0.0,0.0,0.0,VRAI,Finance,Finance
1004652,oracle,oracle_table,SYSADM.PS_AGE_ITEM_TMP,PS_AGE_ITEM_TMP,16,1,15,3,1,12,0,9.375,30.0,0.0,0.0,0.0,VRAI,Finance,Finance
1004653,oracle,oracle_table,SYSADM.PS_AGENCY_LANG,PS_AGENCY_LANG,11,1,10,0,1,10,1,19.272727272727277,55.0,0.0,0.0,0.0,VRAI,Finance,Finance
1004654,oracle,oracle_table,SYSADM.PS_AGENCY_LOC_CD,PS_AGENCY_LOC_CD,31,0,31,1,0,30,0,15.193548387096774,55.0,10.0,1250.0,0.0011920928955078,VRAI,Finance,Finance
1004655,oracle,oracle_table,SYSADM.PS_AGENCY_LOC_CD2,PS_AGENCY_LOC_CD2,5,0,5,0,1,4,0,5.2,10.0,6.0,156.0,0.0001487731933593,VRAI,Finance,Finance
1004656,oracle,oracle_table,SYSADM.PS_AGENCY_LOC_LANG,PS_AGENCY_LOC_LANG,5,0,5,0,0,5,0,11.2,30.0,0.0,0.0,0.0,VRAI,Finance,Finance
1004657,oracle,oracle_table,SYSADM.PS_AGENCY_TBL,PS_AGENCY_TBL,11,1,10,0,1,10,1,19.090909090909086,55.0,1.0,127.0,0.0001211166381835,VRAI,Finance,Finance
1004658,oracle,oracle_table,SYSADM.PS_AGE_REQUEST_TMP,PS_AGE_REQUEST_TMP,14,2,12,3,2,9,0,4.285714285714286,10.0,0.0,0.0,0.0,VRAI,Finance,Finance
1004659,oracle,oracle_table,SYSADM.PS_AGING_CATEG_TBL,PS_AGING_CATEG_TBL,10,0,10,2,1,7,0,7.4,30.0,39.0,1794.0,0.0017108917236328,VRAI,Finance,Finance
1004660,oracle,oracle_table,SYSADM.PS_AGING_CATEGT_LG,PS_AGING_CATEGT_LG,7,0,7,0,1,6,0,9.285714285714285,30.0,0.0,0.0,0.0,VRAI,Finance,Finance
1004661,oracle,oracle_table,SYSADM.PS_AGING_REQUEST,PS_AGING_REQUEST,9,1,8,1,1,7,0,11.666666666666666,30.0,20.0,780.0,0.0007438659667968,VRAI,Finance,Finance
1004662,oracle,oracle_table,SYSADM.PS_AGING_TBL,PS_AGING_TBL,22,0,22,5,1,16,0,3.727272727272727,30.0,7.0,581.0,0.000554084777832,VRAI,Finance,Finance
1004663,oracle,oracle_table,SYSADM.PS_AGING_TBL_LG,PS_AGING_TBL_LG,6,0,6,0,1,5,0,10.5,30.0,0.0,0.0,0.0,VRAI,Finance,Finance
1004664,oracle,oracle_table,SYSADM.PS_AHLD_CUST_TMP,PS_AHLD_CUST_TMP,3,0,3,1,0,2,0,10.0,15.0,0.0,0.0,0.0,VRAI,Finance,Finance
1004665,oracle,oracle_table,SYSADM.PS_AHLD_HOLD_TMP,PS_AHLD_HOLD_TMP,14,2,12,5,2,7,0,7.285714285714285,26.0,0.0,0.0,0.0,VRAI,Finance,Finance
1004666,oracle,oracle_table,SYSADM.PS_AHLD_REMOVE_TMP,PS_AHLD_REMOVE_TMP,7,0,7,4,0,3,0,6.428571428571429,10.0,0.0,0.0,0.0,VRAI,Finance,Finance
1004667,oracle,oracle_table,SYSADM.PS_AHLD_RPT_TMP,PS_AHLD_RPT_TMP,14,0,14,9,0,5,0,12.642857142857142,18.0,0.0,0.0,0.0,VRAI,Finance,Finance
1004668,oracle,oracle_table,SYSADM.PS_AHLD_SEQ_TMP,PS_AHLD_SEQ_TMP,8,1,7,4,1,3,0,9.0,26.0,0.0,0.0,0.0,VRAI,Finance,Finance
1004669,oracle,oracle_table,SYSADM.PS_ALC_AMT_G,PS_ALC_AMT_G,25,1,24,4,1,20,0,15.68,28.0,,,,VRAI,Finance,Finance
1004670,oracle,oracle_table,SYSADM.PS_ALC_AMT_TAO,PS_ALC_AMT_TAO,25,1,24,4,1,20,0,15.68,28.0,0.0,0.0,0.0,VRAI,Finance,Finance
1004671,oracle,oracle_table,SYSADM.PS_ALC_AMT_TAO1,PS_ALC_AMT_TAO1,0,0,0,0,0,0,0,,,0.0,0.0,0.0,VRAI,Finance,Finance
1004672,oracle,oracle_table,SYSADM.PS_ALC_AMT_TAO2,PS_ALC_AMT_TAO2,0,0,0,0,0,0,0,,,0.0,0.0,0.0,VRAI,Finance,Finance
1004673,oracle,oracle_table,SYSADM.PS_ALC_AMT_TAO3,PS_ALC_AMT_TAO3,0,0,0,0,0,0,0,,,0.0,0.0,0.0,VRAI,Finance,Finance
1004674,oracle,oracle_table,SYSADM.PS_ALC_AMT_TAO4,PS_ALC_AMT_TAO4,0,0,0,0,0,0,0,,,0.0,0.0,0.0,VRAI,Finance,Finance
1004675,oracle,oracle_table,SYSADM.PS_ALC_AMT_TAO5,PS_ALC_AMT_TAO5,0,0,0,0,0,0,0,,,0.0,0.0,0.0,VRAI,Finance,Finance
1004676,oracle,oracle_table,SYSADM.PS_ALC_AMT_TAO6,PS_ALC_AMT_TAO6,0,0,0,0,0,0,0,,,0.0,0.0,0.0,VRAI,Finance,Finance
1004677,oracle,oracle_table,SYSADM.PS_ALC_AMT_TAO7,PS_ALC_AMT_TAO7,0,0,0,0,0,0,0,,,0.0,0.0,0.0,VRAI,Finance,Finance
1004678,oracle,oracle_table,SYSADM.PS_ALC_BASF_G,PS_ALC_BASF_G,13,1,12,3,1,9,0,8.692307692307693,20.0,,,,VRAI,Finance,Finance
1004679,oracle,oracle_table,SYSADM.PS_ALC_BASF_TAO,PS_ALC_BASF_TAO,13,1,12,3,1,9,0,8.692307692307693,20.0,0.0,0.0,0.0,VRAI,Finance,Finance
1004680,oracle,oracle_table,SYSADM.PS_ALC_BASF_TAO1,PS_ALC_BASF_TAO1,0,0,0,0,0,0,0,,,0.0,0.0,0.0,VRAI,Finance,Finance
1004681,oracle,oracle_table,SYSADM.PS_ALC_BASF_TAO2,PS_ALC_BASF_TAO2,0,0,0,0,0,0,0,,,0.0,0.0,0.0,VRAI,Finance,Finance
1004682,oracle,oracle_table,SYSADM.PS_ALC_BASF_TAO3,PS_ALC_BASF_TAO3,0,0,0,0,0,0,0,,,0.0,0.0,0.0,VRAI,Finance,Finance
1004683,oracle,oracle_table,SYSADM.PS_ALC_BASF_TAO4,PS_ALC_BASF_TAO4,0,0,0,0,0,0,0,,,0.0,0.0,0.0,VRAI,Finance,Finance
1004684,oracle,oracle_table,SYSADM.PS_ALC_BASF_TAO5,PS_ALC_BASF_TAO5,0,0,0,0,0,0,0,,,0.0,0.0,0.0,VRAI,Finance,Finance
1004685,oracle,oracle_table,SYSADM.PS_ALC_BASF_TAO6,PS_ALC_BASF_TAO6,0,0,0,0,0,0,0,,,0.0,0.0,0.0,VRAI,Finance,Finance
1004686,oracle,oracle_table,SYSADM.PS_ALC_BASF_TAO7,PS_ALC_BASF_TAO7,0,0,0,0,0,0,0,,,0.0,0.0,0.0,VRAI,Finance,Finance
1004687,oracle,oracle_table,SYSADM.PS_ALC_BASV_G,PS_ALC_BASV_G,10,1,9,4,1,5,0,12.9,30.0,,,,VRAI,Finance,Finance
1004688,oracle,oracle_table,SYSADM.PS_ALC_BASV_TAO,PS_ALC_BASV_TAO,10,1,9,4,1,5,0,12.9,30.0,0.0,0.0,0.0,VRAI,Finance,Finance
1004689,oracle,oracle_table,SYSADM.PS_ALC_BASV_TAO1,PS_ALC_BASV_TAO1,0,0,0,0,0,0,0,,,0.0,0.0,0.0,VRAI,Finance,Finance
1004690,oracle,oracle_table,SYSADM.PS_ALC_BASV_TAO2,PS_ALC_BASV_TAO2,0,0,0,0,0,0,0,,,0.0,0.0,0.0,VRAI,Finance,Finance
1004691,oracle,oracle_table,SYSADM.PS_ALC_BASV_TAO3,PS_ALC_BASV_TAO3,0,0,0,0,0,0,0,,,0.0,0.0,0.0,VRAI,Finance,Finance
1004692,oracle,oracle_table,SYSADM.PS_ALC_BASV_TAO4,PS_ALC_BASV_TAO4,0,0,0,0,0,0,0,,,0.0,0.0,0.0,VRAI,Finance,Finance
1004693,oracle,oracle_table,SYSADM.PS_ALC_BASV_TAO5,PS_ALC_BASV_TAO5,0,0,0,0,0,0,0,,,0.0,0.0,0.0,VRAI,Finance,Finance
1004694,oracle,oracle_table,SYSADM.PS_ALC_BASV_TAO6,PS_ALC_BASV_TAO6,0,0,0,0,0,0,0,,,0.0,0.0,0.0,VRAI,Finance,Finance
1004695,oracle,oracle_table,SYSADM.PS_ALC_BASV_TAO7,PS_ALC_BASV_TAO7,0,0,0,0,0,0,0,,,0.0,0.0,0.0,VRAI,Finance,Finance
1004696,oracle,oracle_table,SYSADM.PS_ALC_BASX_G,PS_ALC_BASX_G,9,1,8,3,1,5,0,13.555555555555555,30.0,,,,VRAI,Finance,Finance
1004697,oracle,oracle_table,SYSADM.PS_ALC_BASX_TAO,PS_ALC_BASX_TAO,9,1,8,3,1,5,0,13.555555555555555,30.0,0.0,0.0,0.0,VRAI,Finance,Finance
1004698,oracle,oracle_table,SYSADM.PS_ALC_BASX_TAO1,PS_ALC_BASX_TAO1,0,0,0,0,0,0,0,,,0.0,0.0,0.0,VRAI,Finance,Finance
1004699,oracle,oracle_table,SYSADM.PS_ALC_BASX_TAO2,PS_ALC_BASX_TAO2,0,0,0,0,0,0,0,,,0.0,0.0,0.0,VRAI,Finance,Finance
1004700,oracle,oracle_table,SYSADM.PS_ALC_BASX_TAO3,PS_ALC_BASX_TAO3,0,0,0,0,0,0,0,,,0.0,0.0,0.0,VRAI,Finance,Finance
1004701,oracle,oracle_table,SYSADM.PS_ALC_BASX_TAO4,PS_ALC_BASX_TAO4,0,0,0,0,0,0,0,,,0.0,0.0,0.0,VRAI,Finance,Finance
1004702,oracle,oracle_table,SYSADM.PS_ALC_BASX_TAO5,PS_ALC_BASX_TAO5,0,0,0,0,0,0,0,,,0.0,0.0,0.0,VRAI,Finance,Finance
1004703,oracle,oracle_table,SYSADM.PS_ALC_BASX_TAO6,PS_ALC_BASX_TAO6,0,0,0,0,0,0,0,,,0.0,0.0,0.0,VRAI,Finance,Finance
1004704,oracle,oracle_table,SYSADM.PS_ALC_BASX_TAO7,PS_ALC_BASX_TAO7,0,0,0,0,0,0,0,,,0.0,0.0,0.0,VRAI,Finance,Finance
1004705,oracle,oracle_table,SYSADM.PS_ALC_BU_G,PS_ALC_BU_G,4,0,4,1,0,3,0,4.75,10.0,,,,VRAI,Finance,Finance
1004706,oracle,oracle_table,SYSADM.PS_ALC_BU_G1,PS_ALC_BU_G1,0,0,0,0,0,0,0,,,,,,VRAI,Finance,Finance
1004707,oracle,oracle_table,SYSADM.PS_ALC_BU_G2,PS_ALC_BU_G2,0,0,0,0,0,0,0,,,,,,VRAI,Finance,Finance
1004708,oracle,oracle_table,SYSADM.PS_ALC_BU_G3,PS_ALC_BU_G3,0,0,0,0,0,0,0,,,,,,VRAI,Finance,Finance
1004709,oracle,oracle_table,SYSADM.PS_ALC_BU_G4,PS_ALC_BU_G4,0,0,0,0,0,0,0,,,,,,VRAI,Finance,Finance
1004710,oracle,oracle_table,SYSADM.PS_ALC_BU_G5,PS_ALC_BU_G5,0,0,0,0,0,0,0,,,,,,VRAI,Finance,Finance
1004711,oracle,oracle_table,SYSADM.PS_ALC_BULED_G,PS_ALC_BULED_G,11,0,11,1,0,10,0,4.181818181818182,10.0,,,,VRAI,Finance,Finance
1004712,oracle,oracle_table,SYSADM.PS_ALC_BULED_G1,PS_ALC_BULED_G1,0,0,0,0,0,0,0,,,,,,VRAI,Finance,Finance
1004713,oracle,oracle_table,SYSADM.PS_ALC_BULED_G2,PS_ALC_BULED_G2,0,0,0,0,0,0,0,,,,,,VRAI,Finance,Finance
1004714,oracle,oracle_table,SYSADM.PS_ALC_BULED_G3,PS_ALC_BULED_G3,0,0,0,0,0,0,0,,,,,,VRAI,Finance,Finance
1004715,oracle,oracle_table,SYSADM.PS_ALC_BULED_G4,PS_ALC_BULED_G4,0,0,0,0,0,0,0,,,,,,VRAI,Finance,Finance
1004716,oracle,oracle_table,SYSADM.PS_ALC_BULED_G5,PS_ALC_BULED_G5,0,0,0,0,0,0,0,,,,,,VRAI,Finance,Finance
1004717,oracle,oracle_table,SYSADM.PS_ALC_BULED_TAO,PS_ALC_BULED_TAO,11,0,11,1,0,10,0,4.181818181818182,10.0,0.0,0.0,0.0,VRAI,Finance,Finance
1004718,oracle,oracle_table,SYSADM.PS_ALC_BULED_TAO1,PS_ALC_BULED_TAO1,0,0,0,0,0,0,0,,,0.0,0.0,0.0,VRAI,Finance,Finance
1004719,oracle,oracle_table,SYSADM.PS_ALC_BULED_TAO2,PS_ALC_BULED_TAO2,0,0,0,0,0,0,0,,,0.0,0.0,0.0,VRAI,Finance,Finance
1004720,oracle,oracle_table,SYSADM.PS_ALC_BULED_TAO3,PS_ALC_BULED_TAO3,0,0,0,0,0,0,0,,,0.0,0.0,0.0,VRAI,Finance,Finance
1004721,oracle,oracle_table,SYSADM.PS_ALC_BULED_TAO4,PS_ALC_BULED_TAO4,0,0,0,0,0,0,0,,,0.0,0.0,0.0,VRAI,Finance,Finance
1004722,oracle,oracle_table,SYSADM.PS_ALC_BULED_TAO5,PS_ALC_BULED_TAO5,0,0,0,0,0,0,0,,,0.0,0.0,0.0,VRAI,Finance,Finance
1004723,oracle,oracle_table,SYSADM.PS_ALC_BU_TAO,PS_ALC_BU_TAO,4,0,4,1,0,3,0,4.75,10.0,0.0,0.0,0.0,VRAI,Finance,Finance
1004724,oracle,oracle_table,SYSADM.PS_ALC_BU_TAO1,PS_ALC_BU_TAO1,0,0,0,0,0,0,0,,,0.0,0.0,0.0,VRAI,Finance,Finance
1004725,oracle,oracle_table,SYSADM.PS_ALC_BU_TAO2,PS_ALC_BU_TAO2,0,0,0,0,0,0,0,,,0.0,0.0,0.0,VRAI,Finance,Finance
1004726,oracle,oracle_table,SYSADM.PS_ALC_BU_TAO3,PS_ALC_BU_TAO3,0,0,0,0,0,0,0,,,0.0,0.0,0.0,VRAI,Finance,Finance
1004727,oracle,oracle_table,SYSADM.PS_ALC_BU_TAO4,PS_ALC_BU_TAO4,0,0,0,0,0,0,0,,,0.0,0.0,0.0,VRAI,Finance,Finance
1004728,oracle,oracle_table,SYSADM.PS_ALC_BU_TAO5,PS_ALC_BU_TAO5,0,0,0,0,0,0,0,,,0.0,0.0,0.0,VRAI,Finance,Finance
1004729,oracle,oracle_table,SYSADM.PS_ALC_CLOG_G,PS_ALC_CLOG_G,45,0,45,11,0,34,0,10.466666666666669,28.0,,,,VRAI,Finance,Finance
1004730,oracle,oracle_table,SYSADM.PS_ALC_CLOG_G1,PS_ALC_CLOG_G1,0,0,0,0,0,0,0,,,,,,VRAI,Finance,Finance
1004731,oracle,oracle_table,SYSADM.PS_ALC_CLOG_G2,PS_ALC_CLOG_G2,0,0,0,0,0,0,0,,,,,,VRAI,Finance,Finance
1004732,oracle,oracle_table,SYSADM.PS_ALC_CLOG_G3,PS_ALC_CLOG_G3,0,0,0,0,0,0,0,,,,,,VRAI,Finance,Finance
1004733,oracle,oracle_table,SYSADM.PS_ALC_CLOG_G4,PS_ALC_CLOG_G4,0,0,0,0,0,0,0,,,,,,VRAI,Finance,Finance
1004734,oracle,oracle_table,SYSADM.PS_ALC_CLOG_G5,PS_ALC_CLOG_G5,0,0,0,0,0,0,0,,,,,,VRAI,Finance,Finance
1004735,oracle,oracle_table,SYSADM.PS_ALC_CLOG_TAO,PS_ALC_CLOG_TAO,45,0,45,11,0,34,0,10.466666666666669,28.0,0.0,0.0,0.0,VRAI,Finance,Finance
1004736,oracle,oracle_table,SYSADM.PS_ALC_CLOG_TAO1,PS_ALC_CLOG_TAO1,0,0,0,0,0,0,0,,,0.0,0.0,0.0,VRAI,Finance,Finance
1004737,oracle,oracle_table,SYSADM.PS_ALC_CLOG_TAO2,PS_ALC_CLOG_TAO2,0,0,0,0,0,0,0,,,0.0,0.0,0.0,VRAI,Finance,Finance
1004738,oracle,oracle_table,SYSADM.PS_ALC_CLOG_TAO3,PS_ALC_CLOG_TAO3,0,0,0,0,0,0,0,,,0.0,0.0,0.0,VRAI,Finance,Finance
1004739,oracle,oracle_table,SYSADM.PS_ALC_CLOG_TAO4,PS_ALC_CLOG_TAO4,0,0,0,0,0,0,0,,,0.0,0.0,0.0,VRAI,Finance,Finance
1004740,oracle,oracle_table,SYSADM.PS_ALC_CLOG_TAO5,PS_ALC_CLOG_TAO5,0,0,0,0,0,0,0,,,0.0,0.0,0.0,VRAI,Finance,Finance
1004741,oracle,oracle_table,SYSADM.PS_ALC_GL_B_G,PS_ALC_GL_B_G,41,1,40,10,1,30,0,10.951219512195122,33.0,,,,VRAI,Finance,Finance
1004742,oracle,oracle_table,SYSADM.PS_ALC_GL_B_G1,PS_ALC_GL_B_G1,0,0,0,0,0,0,0,,,,,,VRAI,Finance,Finance
1004743,oracle,oracle_table,SYSADM.PS_ALC_GL_B_G2,PS_ALC_GL_B_G2,0,0,0,0,0,0,0,,,,,,VRAI,Finance,Finance
1004744,oracle,oracle_table,SYSADM.PS_ALC_GL_B_G3,PS_ALC_GL_B_G3,0,0,0,0,0,0,0,,,,,,VRAI,Finance,Finance
1004745,oracle,oracle_table,SYSADM.PS_ALC_GL_B_G4,PS_ALC_GL_B_G4,0,0,0,0,0,0,0,,,,,,VRAI,Finance,Finance
1004746,oracle,oracle_table,SYSADM.PS_ALC_GL_B_G5,PS_ALC_GL_B_G5,0,0,0,0,0,0,0,,,,,,VRAI,Finance,Finance
1004747,oracle,oracle_table,SYSADM.PS_ALC_GL_BS_G,PS_ALC_GL_BS_G,40,1,39,9,1,30,0,10.4,28.0,,,,VRAI,Finance,Finance
1004748,oracle,oracle_table,SYSADM.PS_ALC_GL_BS_G1,PS_ALC_GL_BS_G1,0,0,0,0,0,0,0,,,,,,VRAI,Finance,Finance
1004749,oracle,oracle_table,SYSADM.PS_ALC_GL_BS_G2,PS_ALC_GL_BS_G2,0,0,0,0,0,0,0,,,,,,VRAI,Finance,Finance
1004750,oracle,oracle_table,SYSADM.PS_ALC_GL_BS_G3,PS_ALC_GL_BS_G3,0,0,0,0,0,0,0,,,,,,VRAI,Finance,Finance
1004751,oracle,oracle_table,SYSADM.PS_ALC_GL_BS_G4,PS_ALC_GL_BS_G4,0,0,0,0,0,0,0,,,,,,VRAI,Finance,Finance
1004752,oracle,oracle_table,SYSADM.PS_ALC_GL_BS_G5,PS_ALC_GL_BS_G5,0,0,0,0,0,0,0,,,,,,VRAI,Finance,Finance
1004753,oracle,oracle_table,SYSADM.PS_ALC_GL_BS_TAO,PS_ALC_GL_BS_TAO,40,1,39,9,1,30,0,10.4,28.0,0.0,0.0,0.0,VRAI,Finance,Finance
1004754,oracle,oracle_table,SYSADM.PS_ALC_GL_BS_TAO1,PS_ALC_GL_BS_TAO1,0,0,0,0,0,0,0,,,0.0,0.0,0.0,VRAI,Finance,Finance
1004755,oracle,oracle_table,SYSADM.PS_ALC_GL_BS_TAO2,PS_ALC_GL_BS_TAO2,0,0,0,0,0,0,0,,,0.0,0.0,0.0,VRAI,Finance,Finance
1004756,oracle,oracle_table,SYSADM.PS_ALC_GL_BS_TAO3,PS_ALC_GL_BS_TAO3,0,0,0,0,0,0,0,,,0.0,0.0,0.0,VRAI,Finance,Finance
1004757,oracle,oracle_table,SYSADM.PS_ALC_GL_BS_TAO4,PS_ALC_GL_BS_TAO4,0,0,0,0,0,0,0,,,0.0,0.0,0.0,VRAI,Finance,Finance
1004758,oracle,oracle_table,SYSADM.PS_ALC_GL_BS_TAO5,PS_ALC_GL_BS_TAO5,0,0,0,0,0,0,0,,,0.0,0.0,0.0,VRAI,Finance,Finance
1004759,oracle,oracle_table,SYSADM.PS_ALC_GL_B_TAO,PS_ALC_GL_B_TAO,41,1,40,10,1,30,0,10.951219512195122,33.0,0.0,0.0,0.0,VRAI,Finance,Finance
1004760,oracle,oracle_table,SYSADM.PS_ALC_GL_B_TAO1,PS_ALC_GL_B_TAO1,0,0,0,0,0,0,0,,,0.0,0.0,0.0,VRAI,Finance,Finance
1004761,oracle,oracle_table,SYSADM.PS_ALC_GL_B_TAO2,PS_ALC_GL_B_TAO2,0,0,0,0,0,0,0,,,0.0,0.0,0.0,VRAI,Finance,Finance
1004762,oracle,oracle_table,SYSADM.PS_ALC_GL_B_TAO3,PS_ALC_GL_B_TAO3,0,0,0,0,0,0,0,,,0.0,0.0,0.0,VRAI,Finance,Finance
1004763,oracle,oracle_table,SYSADM.PS_ALC_GL_B_TAO4,PS_ALC_GL_B_TAO4,0,0,0,0,0,0,0,,,0.0,0.0,0.0,VRAI,Finance,Finance
1004764,oracle,oracle_table,SYSADM.PS_ALC_GL_B_TAO5,PS_ALC_GL_B_TAO5,0,0,0,0,0,0,0,,,0.0,0.0,0.0,VRAI,Finance,Finance
1004765,oracle,oracle_table,SYSADM.PS_ALC_GL_O_G,PS_ALC_GL_O_G,72,4,68,17,4,51,0,13.84722222222222,30.0,,,,VRAI,Finance,Finance
1004766,oracle,oracle_table,SYSADM.PS_ALC_GL_O_G1,PS_ALC_GL_O_G1,0,0,0,0,0,0,0,,,,,,VRAI,Finance,Finance
1004767,oracle,oracle_table,SYSADM.PS_ALC_GL_O_G2,PS_ALC_GL_O_G2,0,0,0,0,0,0,0,,,,,,VRAI,Finance,Finance
1004768,oracle,oracle_table,SYSADM.PS_ALC_GL_O_G3,PS_ALC_GL_O_G3,0,0,0,0,0,0,0,,,,,,VRAI,Finance,Finance
1004769,oracle,oracle_table,SYSADM.PS_ALC_GL_O_G4,PS_ALC_GL_O_G4,0,0,0,0,0,0,0,,,,,,VRAI,Finance,Finance
1004770,oracle,oracle_table,SYSADM.PS_ALC_GL_O_G5,PS_ALC_GL_O_G5,0,0,0,0,0,0,0,,,,,,VRAI,Finance,Finance
1004771,oracle,oracle_table,SYSADM.PS_ALC_GL_OS_G,PS_ALC_GL_OS_G,68,4,64,14,4,50,0,12.823529411764705,30.0,,,,VRAI,Finance,Finance
1004772,oracle,oracle_table,SYSADM.PS_ALC_GL_OS_G1,PS_ALC_GL_OS_G1,0,0,0,0,0,0,0,,,,,,VRAI,Finance,Finance
1004773,oracle,oracle_table,SYSADM.PS_ALC_GL_OS_G2,PS_ALC_GL_OS_G2,0,0,0,0,0,0,0,,,,,,VRAI,Finance,Finance
1004774,oracle,oracle_table,SYSADM.PS_ALC_GL_OS_G3,PS_ALC_GL_OS_G3,0,0,0,0,0,0,0,,,,,,VRAI,Finance,Finance
1004775,oracle,oracle_table,SYSADM.PS_ALC_GL_OS_G4,PS_ALC_GL_OS_G4,0,0,0,0,0,0,0,,,,,,VRAI,Finance,Finance
1004776,oracle,oracle_table,SYSADM.PS_ALC_GL_OS_G5,PS_ALC_GL_OS_G5,0,0,0,0,0,0,0,,,,,,VRAI,Finance,Finance
1004777,oracle,oracle_table,SYSADM.PS_ALC_GL_OS_TAO,PS_ALC_GL_OS_TAO,68,4,64,14,4,50,0,12.823529411764705,30.0,0.0,0.0,0.0,VRAI,Finance,Finance
1004778,oracle,oracle_table,SYSADM.PS_ALC_GL_OS_TAO1,PS_ALC_GL_OS_TAO1,0,0,0,0,0,0,0,,,0.0,0.0,0.0,VRAI,Finance,Finance
1004779,oracle,oracle_table,SYSADM.PS_ALC_GL_OS_TAO2,PS_ALC_GL_OS_TAO2,0,0,0,0,0,0,0,,,0.0,0.0,0.0,VRAI,Finance,Finance
1004780,oracle,oracle_table,SYSADM.PS_ALC_GL_OS_TAO3,PS_ALC_GL_OS_TAO3,0,0,0,0,0,0,0,,,0.0,0.0,0.0,VRAI,Finance,Finance
1004781,oracle,oracle_table,SYSADM.PS_ALC_GL_OS_TAO4,PS_ALC_GL_OS_TAO4,0,0,0,0,0,0,0,,,0.0,0.0,0.0,VRAI,Finance,Finance
1004782,oracle,oracle_table,SYSADM.PS_ALC_GL_OS_TAO5,PS_ALC_GL_OS_TAO5,0,0,0,0,0,0,0,,,0.0,0.0,0.0,VRAI,Finance,Finance
1004783,oracle,oracle_table,SYSADM.PS_ALC_GL_O_TAO,PS_ALC_GL_O_TAO,72,4,68,17,4,51,0,13.84722222222222,30.0,0.0,0.0,0.0,VRAI,Finance,Finance
1004784,oracle,oracle_table,SYSADM.PS_ALC_GL_O_TAO1,PS_ALC_GL_O_TAO1,0,0,0,0,0,0,0,,,0.0,0.0,0.0,VRAI,Finance,Finance
1004785,oracle,oracle_table,SYSADM.PS_ALC_GL_O_TAO2,PS_ALC_GL_O_TAO2,0,0,0,0,0,0,0,,,0.0,0.0,0.0,VRAI,Finance,Finance
1004786,oracle,oracle_table,SYSADM.PS_ALC_GL_O_TAO3,PS_ALC_GL_O_TAO3,0,0,0,0,0,0,0,,,0.0,0.0,0.0,VRAI,Finance,Finance
1004787,oracle,oracle_table,SYSADM.PS_ALC_GL_O_TAO4,PS_ALC_GL_O_TAO4,0,0,0,0,0,0,0,,,0.0,0.0,0.0,VRAI,Finance,Finance
1004788,oracle,oracle_table,SYSADM.PS_ALC_GL_O_TAO5,PS_ALC_GL_O_TAO5,0,0,0,0,0,0,0,,,0.0,0.0,0.0,VRAI,Finance,Finance
1004789,oracle,oracle_table,SYSADM.PS_ALC_GL_P_G,PS_ALC_GL_P_G,42,1,41,9,1,32,0,10.38095238095238,28.0,,,,VRAI,Finance,Finance
1004790,oracle,oracle_table,SYSADM.PS_ALC_GL_P_G1,PS_ALC_GL_P_G1,0,0,0,0,0,0,0,,,,,,VRAI,Finance,Finance
1004791,oracle,oracle_table,SYSADM.PS_ALC_GL_P_G2,PS_ALC_GL_P_G2,0,0,0,0,0,0,0,,,,,,VRAI,Finance,Finance
1004792,oracle,oracle_table,SYSADM.PS_ALC_GL_P_G3,PS_ALC_GL_P_G3,0,0,0,0,0,0,0,,,,,,VRAI,Finance,Finance
1004793,oracle,oracle_table,SYSADM.PS_ALC_GL_P_G4,PS_ALC_GL_P_G4,0,0,0,0,0,0,0,,,,,,VRAI,Finance,Finance
1004794,oracle,oracle_table,SYSADM.PS_ALC_GL_P_G5,PS_ALC_GL_P_G5,0,0,0,0,0,0,0,,,,,,VRAI,Finance,Finance
1004795,oracle,oracle_table,SYSADM.PS_ALC_GL_P_TAO,PS_ALC_GL_P_TAO,42,1,41,9,1,32,0,10.38095238095238,28.0,0.0,0.0,0.0,VRAI,Finance,Finance
1004796,oracle,oracle_table,SYSADM.PS_ALC_GL_P_TAO1,PS_ALC_GL_P_TAO1,0,0,0,0,0,0,0,,,0.0,0.0,0.0,VRAI,Finance,Finance
1004797,oracle,oracle_table,SYSADM.PS_ALC_GL_P_TAO2,PS_ALC_GL_P_TAO2,0,0,0,0,0,0,0,,,0.0,0.0,0.0,VRAI,Finance,Finance
1004798,oracle,oracle_table,SYSADM.PS_ALC_GL_P_TAO3,PS_ALC_GL_P_TAO3,0,0,0,0,0,0,0,,,0.0,0.0,0.0,VRAI,Finance,Finance
1004799,oracle,oracle_table,SYSADM.PS_ALC_GL_P_TAO4,PS_ALC_GL_P_TAO4,0,0,0,0,0,0,0,,,0.0,0.0,0.0,VRAI,Finance,Finance
1004800,oracle,oracle_table,SYSADM.PS_ALC_GL_P_TAO5,PS_ALC_GL_P_TAO5,0,0,0,0,0,0,0,,,0.0,0.0,0.0,VRAI,Finance,Finance
1004801,oracle,oracle_table,SYSADM.PS_ALC_GL_TB_G,PS_ALC_GL_TB_G,67,4,63,12,4,51,0,12.791044776119405,30.0,,,,VRAI,Finance,Finance
1004802,oracle,oracle_table,SYSADM.PS_ALC_GL_TB_G1,PS_ALC_GL_TB_G1,0,0,0,0,0,0,0,,,,,,VRAI,Finance,Finance
1004803,oracle,oracle_table,SYSADM.PS_ALC_GL_TB_G2,PS_ALC_GL_TB_G2,0,0,0,0,0,0,0,,,,,,VRAI,Finance,Finance
1004804,oracle,oracle_table,SYSADM.PS_ALC_GL_TB_G3,PS_ALC_GL_TB_G3,0,0,0,0,0,0,0,,,,,,VRAI,Finance,Finance
1004805,oracle,oracle_table,SYSADM.PS_ALC_GL_TB_G4,PS_ALC_GL_TB_G4,0,0,0,0,0,0,0,,,,,,VRAI,Finance,Finance
1004806,oracle,oracle_table,SYSADM.PS_ALC_GL_TB_G5,PS_ALC_GL_TB_G5,0,0,0,0,0,0,0,,,,,,VRAI,Finance,Finance
1004807,oracle,oracle_table,SYSADM.PS_ALC_GL_TB_TAO,PS_ALC_GL_TB_TAO,67,4,63,12,4,51,0,12.791044776119405,30.0,0.0,0.0,0.0,VRAI,Finance,Finance
1004808,oracle,oracle_table,SYSADM.PS_ALC_GL_TB_TAO1,PS_ALC_GL_TB_TAO1,0,0,0,0,0,0,0,,,0.0,0.0,0.0,VRAI,Finance,Finance
1004809,oracle,oracle_table,SYSADM.PS_ALC_GL_TB_TAO2,PS_ALC_GL_TB_TAO2,0,0,0,0,0,0,0,,,0.0,0.0,0.0,VRAI,Finance,Finance
1004810,oracle,oracle_table,SYSADM.PS_ALC_GL_TB_TAO3,PS_ALC_GL_TB_TAO3,0,0,0,0,0,0,0,,,0.0,0.0,0.0,VRAI,Finance,Finance
1004811,oracle,oracle_table,SYSADM.PS_ALC_GL_TB_TAO4,PS_ALC_GL_TB_TAO4,0,0,0,0,0,0,0,,,0.0,0.0,0.0,VRAI,Finance,Finance
1004812,oracle,oracle_table,SYSADM.PS_ALC_GL_TB_TAO5,PS_ALC_GL_TB_TAO5,0,0,0,0,0,0,0,,,0.0,0.0,0.0,VRAI,Finance,Finance
1004813,oracle,oracle_table,SYSADM.PS_ALC_GL_T_G,PS_ALC_GL_T_G,72,4,68,17,4,51,0,13.84722222222222,30.0,,,,VRAI,Finance,Finance
1004814,oracle,oracle_table,SYSADM.PS_ALC_GL_T_G1,PS_ALC_GL_T_G1,0,0,0,0,0,0,0,,,,,,VRAI,Finance,Finance
1004815,oracle,oracle_table,SYSADM.PS_ALC_GL_T_G2,PS_ALC_GL_T_G2,0,0,0,0,0,0,0,,,,,,VRAI,Finance,Finance
1004816,oracle,oracle_table,SYSADM.PS_ALC_GL_T_G3,PS_ALC_GL_T_G3,0,0,0,0,0,0,0,,,,,,VRAI,Finance,Finance
1004817,oracle,oracle_table,SYSADM.PS_ALC_GL_T_G4,PS_ALC_GL_T_G4,0,0,0,0,0,0,0,,,,,,VRAI,Finance,Finance
1004818,oracle,oracle_table,SYSADM.PS_ALC_GL_T_G5,PS_ALC_GL_T_G5,0,0,0,0,0,0,0,,,,,,VRAI,Finance,Finance
1004819,oracle,oracle_table,SYSADM.PS_ALC_GL_TS_G,PS_ALC_GL_TS_G,68,4,64,14,4,50,0,12.823529411764705,30.0,,,,VRAI,Finance,Finance
1004820,oracle,oracle_table,SYSADM.PS_ALC_GL_TS_G1,PS_ALC_GL_TS_G1,0,0,0,0,0,0,0,,,,,,VRAI,Finance,Finance
1004821,oracle,oracle_table,SYSADM.PS_ALC_GL_TS_G2,PS_ALC_GL_TS_G2,0,0,0,0,0,0,0,,,,,,VRAI,Finance,Finance
1004822,oracle,oracle_table,SYSADM.PS_ALC_GL_TS_G3,PS_ALC_GL_TS_G3,0,0,0,0,0,0,0,,,,,,VRAI,Finance,Finance
1004823,oracle,oracle_table,SYSADM.PS_ALC_GL_TS_G4,PS_ALC_GL_TS_G4,0,0,0,0,0,0,0,,,,,,VRAI,Finance,Finance
1004824,oracle,oracle_table,SYSADM.PS_ALC_GL_TS_G5,PS_ALC_GL_TS_G5,0,0,0,0,0,0,0,,,,,,VRAI,Finance,Finance
1004825,oracle,oracle_table,SYSADM.PS_ALC_GL_TS_TAO,PS_ALC_GL_TS_TAO,68,4,64,14,4,50,0,12.823529411764705,30.0,0.0,0.0,0.0,VRAI,Finance,Finance
1004826,oracle,oracle_table,SYSADM.PS_ALC_GL_TS_TAO1,PS_ALC_GL_TS_TAO1,0,0,0,0,0,0,0,,,0.0,0.0,0.0,VRAI,Finance,Finance
1004827,oracle,oracle_table,SYSADM.PS_ALC_GL_TS_TAO2,PS_ALC_GL_TS_TAO2,0,0,0,0,0,0,0,,,0.0,0.0,0.0,VRAI,Finance,Finance
1004828,oracle,oracle_table,SYSADM.PS_ALC_GL_TS_TAO3,PS_ALC_GL_TS_TAO3,0,0,0,0,0,0,0,,,0.0,0.0,0.0,VRAI,Finance,Finance
1004829,oracle,oracle_table,SYSADM.PS_ALC_GL_TS_TAO4,PS_ALC_GL_TS_TAO4,0,0,0,0,0,0,0,,,0.0,0.0,0.0,VRAI,Finance,Finance
1004830,oracle,oracle_table,SYSADM.PS_ALC_GL_TS_TAO5,PS_ALC_GL_TS_TAO5,0,0,0,0,0,0,0,,,0.0,0.0,0.0,VRAI,Finance,Finance
1004831,oracle,oracle_table,SYSADM.PS_ALC_GL_T_TAO,PS_ALC_GL_T_TAO,72,4,68,17,4,51,0,13.84722222222222,30.0,0.0,0.0,0.0,VRAI,Finance,Finance
1004832,oracle,oracle_table,SYSADM.PS_ALC_GL_T_TAO1,PS_ALC_GL_T_TAO1,0,0,0,0,0,0,0,,,0.0,0.0,0.0,VRAI,Finance,Finance
1004833,oracle,oracle_table,SYSADM.PS_ALC_GL_T_TAO2,PS_ALC_GL_T_TAO2,0,0,0,0,0,0,0,,,0.0,0.0,0.0,VRAI,Finance,Finance
1004834,oracle,oracle_table,SYSADM.PS_ALC_GL_T_TAO3,PS_ALC_GL_T_TAO3,0,0,0,0,0,0,0,,,0.0,0.0,0.0,VRAI,Finance,Finance
1004835,oracle,oracle_table,SYSADM.PS_ALC_GL_T_TAO4,PS_ALC_GL_T_TAO4,0,0,0,0,0,0,0,,,0.0,0.0,0.0,VRAI,Finance,Finance
1004836,oracle,oracle_table,SYSADM.PS_ALC_GL_T_TAO5,PS_ALC_GL_T_TAO5,0,0,0,0,0,0,0,,,0.0,0.0,0.0,VRAI,Finance,Finance
1004837,oracle,oracle_table,SYSADM.PS_ALC_GL_TX_G,PS_ALC_GL_TX_G,67,4,63,13,4,50,0,12.880597014925373,30.0,,,,VRAI,Finance,Finance
1004838,oracle,oracle_table,SYSADM.PS_ALC_GL_TX_G1,PS_ALC_GL_TX_G1,0,0,0,0,0,0,0,,,,,,VRAI,Finance,Finance
1004839,oracle,oracle_table,SYSADM.PS_ALC_GL_TX_G2,PS_ALC_GL_TX_G2,0,0,0,0,0,0,0,,,,,,VRAI,Finance,Finance
1004840,oracle,oracle_table,SYSADM.PS_ALC_GL_TX_G3,PS_ALC_GL_TX_G3,0,0,0,0,0,0,0,,,,,,VRAI,Finance,Finance
1004841,oracle,oracle_table,SYSADM.PS_ALC_GL_TX_G4,PS_ALC_GL_TX_G4,0,0,0,0,0,0,0,,,,,,VRAI,Finance,Finance
1004842,oracle,oracle_table,SYSADM.PS_ALC_GL_TX_G5,PS_ALC_GL_TX_G5,0,0,0,0,0,0,0,,,,,,VRAI,Finance,Finance
1004843,oracle,oracle_table,SYSADM.PS_ALC_GL_TX_TAO,PS_ALC_GL_TX_TAO,67,4,63,13,4,50,0,12.880597014925373,30.0,0.0,0.0,0.0,VRAI,Finance,Finance
1004844,oracle,oracle_table,SYSADM.PS_ALC_GL_TX_TAO1,PS_ALC_GL_TX_TAO1,0,0,0,0,0,0,0,,,0.0,0.0,0.0,VRAI,Finance,Finance
1004845,oracle,oracle_table,SYSADM.PS_ALC_GL_TX_TAO2,PS_ALC_GL_TX_TAO2,0,0,0,0,0,0,0,,,0.0,0.0,0.0,VRAI,Finance,Finance
1004846,oracle,oracle_table,SYSADM.PS_ALC_GL_TX_TAO3,PS_ALC_GL_TX_TAO3,0,0,0,0,0,0,0,,,0.0,0.0,0.0,VRAI,Finance,Finance
1004847,oracle,oracle_table,SYSADM.PS_ALC_GL_TX_TAO4,PS_ALC_GL_TX_TAO4,0,0,0,0,0,0,0,,,0.0,0.0,0.0,VRAI,Finance,Finance
1004848,oracle,oracle_table,SYSADM.PS_ALC_GL_TX_TAO5,PS_ALC_GL_TX_TAO5,0,0,0,0,0,0,0,,,0.0,0.0,0.0,VRAI,Finance,Finance
1004849,oracle,oracle_table,SYSADM.PS_ALC_GRSTP_G,PS_ALC_GRSTP_G,7,1,6,2,1,4,0,7.428571428571427,10.0,,,,VRAI,Finance,Finance
1004850,oracle,oracle_table,SYSADM.PS_ALC_GRSTP_TAO,PS_ALC_GRSTP_TAO,7,1,6,2,1,4,0,7.428571428571427,10.0,0.0,0.0,0.0,VRAI,Finance,Finance
1004851,oracle,oracle_table,SYSADM.PS_ALC_GRSTP_TAO1,PS_ALC_GRSTP_TAO1,0,0,0,0,0,0,0,,,0.0,0.0,0.0,VRAI,Finance,Finance
1004852,oracle,oracle_table,SYSADM.PS_ALC_GRSTP_TAO2,PS_ALC_GRSTP_TAO2,0,0,0,0,0,0,0,,,0.0,0.0,0.0,VRAI,Finance,Finance
1004853,oracle,oracle_table,SYSADM.PS_ALC_GRSTP_TAO3,PS_ALC_GRSTP_TAO3,0,0,0,0,0,0,0,,,0.0,0.0,0.0,VRAI,Finance,Finance
1004854,oracle,oracle_table,SYSADM.PS_ALC_GRSTP_TAO4,PS_ALC_GRSTP_TAO4,0,0,0,0,0,0,0,,,0.0,0.0,0.0,VRAI,Finance,Finance
1004855,oracle,oracle_table,SYSADM.PS_ALC_GRSTP_TAO5,PS_ALC_GRSTP_TAO5,0,0,0,0,0,0,0,,,0.0,0.0,0.0,VRAI,Finance,Finance
1004856,oracle,oracle_table,SYSADM.PS_ALC_GRSTP_TAO6,PS_ALC_GRSTP_TAO6,0,0,0,0,0,0,0,,,0.0,0.0,0.0,VRAI,Finance,Finance
1004857,oracle,oracle_table,SYSADM.PS_ALC_GRSTP_TAO7,PS_ALC_GRSTP_TAO7,0,0,0,0,0,0,0,,,0.0,0.0,0.0,VRAI,Finance,Finance
1004858,oracle,oracle_table,SYSADM.PS_ALC_IPAC_FLDS,PS_ALC_IPAC_FLDS,7,2,5,1,2,4,0,7.857142857142858,18.0,44.0,1584.0,0.0015106201171875,VRAI,Finance,Finance
1004859,oracle,oracle_table,SYSADM.PS_ALC_JHDR_G,PS_ALC_JHDR_G,15,2,13,4,2,9,0,7.0,12.0,,,,VRAI,Finance,Finance
1004860,oracle,oracle_table,SYSADM.PS_ALC_JHDR_G1,PS_ALC_JHDR_G1,0,0,0,0,0,0,0,,,,,,VRAI,Finance,Finance
1004861,oracle,oracle_table,SYSADM.PS_ALC_JHDR_G2,PS_ALC_JHDR_G2,0,0,0,0,0,0,0,,,,,,VRAI,Finance,Finance
1004862,oracle,oracle_table,SYSADM.PS_ALC_JHDR_G3,PS_ALC_JHDR_G3,0,0,0,0,0,0,0,,,,,,VRAI,Finance,Finance
1004863,oracle,oracle_table,SYSADM.PS_ALC_JHDR_G4,PS_ALC_JHDR_G4,0,0,0,0,0,0,0,,,,,,VRAI,Finance,Finance
1004864,oracle,oracle_table,SYSADM.PS_ALC_JHDR_G5,PS_ALC_JHDR_G5,0,0,0,0,0,0,0,,,,,,VRAI,Finance,Finance
1004865,oracle,oracle_table,SYSADM.PS_ALC_JHDR_TAO,PS_ALC_JHDR_TAO,15,2,13,4,2,9,0,7.0,12.0,0.0,0.0,0.0,VRAI,Finance,Finance
1004866,oracle,oracle_table,SYSADM.PS_ALC_JHDR_TAO1,PS_ALC_JHDR_TAO1,0,0,0,0,0,0,0,,,0.0,0.0,0.0,VRAI,Finance,Finance
1004867,oracle,oracle_table,SYSADM.PS_ALC_JHDR_TAO2,PS_ALC_JHDR_TAO2,0,0,0,0,0,0,0,,,0.0,0.0,0.0,VRAI,Finance,Finance
1004868,oracle,oracle_table,SYSADM.PS_ALC_JHDR_TAO3,PS_ALC_JHDR_TAO3,0,0,0,0,0,0,0,,,0.0,0.0,0.0,VRAI,Finance,Finance
1004869,oracle,oracle_table,SYSADM.PS_ALC_JHDR_TAO4,PS_ALC_JHDR_TAO4,0,0,0,0,0,0,0,,,0.0,0.0,0.0,VRAI,Finance,Finance
1004870,oracle,oracle_table,SYSADM.PS_ALC_JHDR_TAO5,PS_ALC_JHDR_TAO5,0,0,0,0,0,0,0,,,0.0,0.0,0.0,VRAI,Finance,Finance
1004871,oracle,oracle_table,SYSADM.PS_ALC_OFFV_G,PS_ALC_OFFV_G,9,1,8,2,1,6,0,12.0,30.0,,,,VRAI,Finance,Finance
1004872,oracle,oracle_table,SYSADM.PS_ALC_OFFV_TAO,PS_ALC_OFFV_TAO,9,1,8,2,1,6,0,12.0,30.0,0.0,0.0,0.0,VRAI,Finance,Finance
1004873,oracle,oracle_table,SYSADM.PS_ALC_OFFV_TAO1,PS_ALC_OFFV_TAO1,0,0,0,0,0,0,0,,,0.0,0.0,0.0,VRAI,Finance,Finance
1004874,oracle,oracle_table,SYSADM.PS_ALC_OFFV_TAO2,PS_ALC_OFFV_TAO2,0,0,0,0,0,0,0,,,0.0,0.0,0.0,VRAI,Finance,Finance
1004875,oracle,oracle_table,SYSADM.PS_ALC_OFFV_TAO3,PS_ALC_OFFV_TAO3,0,0,0,0,0,0,0,,,0.0,0.0,0.0,VRAI,Finance,Finance
1004876,oracle,oracle_table,SYSADM.PS_ALC_OFFV_TAO4,PS_ALC_OFFV_TAO4,0,0,0,0,0,0,0,,,0.0,0.0,0.0,VRAI,Finance,Finance
1004877,oracle,oracle_table,SYSADM.PS_ALC_OFFV_TAO5,PS_ALC_OFFV_TAO5,0,0,0,0,0,0,0,,,0.0,0.0,0.0,VRAI,Finance,Finance
1004878,oracle,oracle_table,SYSADM.PS_ALC_OFFV_TAO6,PS_ALC_OFFV_TAO6,0,0,0,0,0,0,0,,,0.0,0.0,0.0,VRAI,Finance,Finance
1004879,oracle,oracle_table,SYSADM.PS_ALC_OFFV_TAO7,PS_ALC_OFFV_TAO7,0,0,0,0,0,0,0,,,0.0,0.0,0.0,VRAI,Finance,Finance
1004880,oracle,oracle_table,SYSADM.PS_ALC_PC_B_G,PS_ALC_PC_B_G,85,3,82,19,3,63,0,8.84705882352941,40.0,,,,VRAI,Finance,Finance
1004881,oracle,oracle_table,SYSADM.PS_ALC_PC_B_G1,PS_ALC_PC_B_G1,0,0,0,0,0,0,0,,,,,,VRAI,Finance,Finance
1004882,oracle,oracle_table,SYSADM.PS_ALC_PC_B_G2,PS_ALC_PC_B_G2,0,0,0,0,0,0,0,,,,,,VRAI,Finance,Finance
1004883,oracle,oracle_table,SYSADM.PS_ALC_PC_B_G3,PS_ALC_PC_B_G3,0,0,0,0,0,0,0,,,,,,VRAI,Finance,Finance
1004884,oracle,oracle_table,SYSADM.PS_ALC_PC_B_G4,PS_ALC_PC_B_G4,0,0,0,0,0,0,0,,,,,,VRAI,Finance,Finance
1004885,oracle,oracle_table,SYSADM.PS_ALC_PC_B_G5,PS_ALC_PC_B_G5,0,0,0,0,0,0,0,,,,,,VRAI,Finance,Finance
1004886,oracle,oracle_table,SYSADM.PS_ALC_PC_BS_G,PS_ALC_PC_BS_G,85,3,82,19,3,63,0,8.84705882352941,40.0,,,,VRAI,Finance,Finance
1004887,oracle,oracle_table,SYSADM.PS_ALC_PC_BS_G1,PS_ALC_PC_BS_G1,0,0,0,0,0,0,0,,,,,,VRAI,Finance,Finance
1004888,oracle,oracle_table,SYSADM.PS_ALC_PC_BS_G2,PS_ALC_PC_BS_G2,0,0,0,0,0,0,0,,,,,,VRAI,Finance,Finance
1004889,oracle,oracle_table,SYSADM.PS_ALC_PC_BS_G3,PS_ALC_PC_BS_G3,0,0,0,0,0,0,0,,,,,,VRAI,Finance,Finance
1004890,oracle,oracle_table,SYSADM.PS_ALC_PC_BS_G4,PS_ALC_PC_BS_G4,0,0,0,0,0,0,0,,,,,,VRAI,Finance,Finance
1004891,oracle,oracle_table,SYSADM.PS_ALC_PC_BS_G5,PS_ALC_PC_BS_G5,0,0,0,0,0,0,0,,,,,,VRAI,Finance,Finance
1004892,oracle,oracle_table,SYSADM.PS_ALC_PC_BS_TAO,PS_ALC_PC_BS_TAO,85,3,82,19,3,63,0,8.84705882352941,40.0,0.0,0.0,0.0,VRAI,Finance,Finance
1004893,oracle,oracle_table,SYSADM.PS_ALC_PC_BS_TAO1,PS_ALC_PC_BS_TAO1,0,0,0,0,0,0,0,,,0.0,0.0,0.0,VRAI,Finance,Finance
1004894,oracle,oracle_table,SYSADM.PS_ALC_PC_BS_TAO2,PS_ALC_PC_BS_TAO2,0,0,0,0,0,0,0,,,0.0,0.0,0.0,VRAI,Finance,Finance
1004895,oracle,oracle_table,SYSADM.PS_ALC_PC_BS_TAO3,PS_ALC_PC_BS_TAO3,0,0,0,0,0,0,0,,,0.0,0.0,0.0,VRAI,Finance,Finance
1004896,oracle,oracle_table,SYSADM.PS_ALC_PC_BS_TAO4,PS_ALC_PC_BS_TAO4,0,0,0,0,0,0,0,,,0.0,0.0,0.0,VRAI,Finance,Finance
1004897,oracle,oracle_table,SYSADM.PS_ALC_PC_BS_TAO5,PS_ALC_PC_BS_TAO5,0,0,0,0,0,0,0,,,0.0,0.0,0.0,VRAI,Finance,Finance
1004898,oracle,oracle_table,SYSADM.PS_ALC_PC_B_TAO,PS_ALC_PC_B_TAO,85,3,82,19,3,63,0,8.84705882352941,40.0,0.0,0.0,0.0,VRAI,Finance,Finance
1004899,oracle,oracle_table,SYSADM.PS_ALC_PC_B_TAO1,PS_ALC_PC_B_TAO1,0,0,0,0,0,0,0,,,0.0,0.0,0.0,VRAI,Finance,Finance
1004900,oracle,oracle_table,SYSADM.PS_ALC_PC_B_TAO2,PS_ALC_PC_B_TAO2,0,0,0,0,0,0,0,,,0.0,0.0,0.0,VRAI,Finance,Finance
1004901,oracle,oracle_table,SYSADM.PS_ALC_PC_B_TAO3,PS_ALC_PC_B_TAO3,0,0,0,0,0,0,0,,,0.0,0.0,0.0,VRAI,Finance,Finance
1004902,oracle,oracle_table,SYSADM.PS_ALC_PC_B_TAO4,PS_ALC_PC_B_TAO4,0,0,0,0,0,0,0,,,0.0,0.0,0.0,VRAI,Finance,Finance
1004903,oracle,oracle_table,SYSADM.PS_ALC_PC_B_TAO5,PS_ALC_PC_B_TAO5,0,0,0,0,0,0,0,,,0.0,0.0,0.0,VRAI,Finance,Finance
1004904,oracle,oracle_table,SYSADM.PS_ALC_PC_P_G,PS_ALC_PC_P_G,84,3,81,17,3,64,0,8.547619047619046,40.0,,,,VRAI,Finance,Finance
1004905,oracle,oracle_table,SYSADM.PS_ALC_PC_P_G1,PS_ALC_PC_P_G1,0,0,0,0,0,0,0,,,,,,VRAI,Finance,Finance
1004906,oracle,oracle_table,SYSADM.PS_ALC_PC_P_G2,PS_ALC_PC_P_G2,0,0,0,0,0,0,0,,,,,,VRAI,Finance,Finance
1004907,oracle,oracle_table,SYSADM.PS_ALC_PC_P_G3,PS_ALC_PC_P_G3,0,0,0,0,0,0,0,,,,,,VRAI,Finance,Finance
1004908,oracle,oracle_table,SYSADM.PS_ALC_PC_P_G4,PS_ALC_PC_P_G4,0,0,0,0,0,0,0,,,,,,VRAI,Finance,Finance
1004909,oracle,oracle_table,SYSADM.PS_ALC_PC_P_G5,PS_ALC_PC_P_G5,0,0,0,0,0,0,0,,,,,,VRAI,Finance,Finance
1004910,oracle,oracle_table,SYSADM.PS_ALC_PC_P_TAO,PS_ALC_PC_P_TAO,84,3,81,17,3,64,0,8.547619047619046,40.0,0.0,0.0,0.0,VRAI,Finance,Finance
1004911,oracle,oracle_table,SYSADM.PS_ALC_PC_P_TAO1,PS_ALC_PC_P_TAO1,0,0,0,0,0,0,0,,,0.0,0.0,0.0,VRAI,Finance,Finance
1004912,oracle,oracle_table,SYSADM.PS_ALC_PC_P_TAO2,PS_ALC_PC_P_TAO2,0,0,0,0,0,0,0,,,0.0,0.0,0.0,VRAI,Finance,Finance
1004913,oracle,oracle_table,SYSADM.PS_ALC_PC_P_TAO3,PS_ALC_PC_P_TAO3,0,0,0,0,0,0,0,,,0.0,0.0,0.0,VRAI,Finance,Finance
1004914,oracle,oracle_table,SYSADM.PS_ALC_PC_P_TAO4,PS_ALC_PC_P_TAO4,0,0,0,0,0,0,0,,,0.0,0.0,0.0,VRAI,Finance,Finance
1004915,oracle,oracle_table,SYSADM.PS_ALC_PC_P_TAO5,PS_ALC_PC_P_TAO5,0,0,0,0,0,0,0,,,0.0,0.0,0.0,VRAI,Finance,Finance
1004916,oracle,oracle_table,SYSADM.PS_ALC_PC_TB_G,PS_ALC_PC_TB_G,87,4,83,17,4,66,0,8.413793103448278,40.0,,,,VRAI,Finance,Finance
1004917,oracle,oracle_table,SYSADM.PS_ALC_PC_TB_G1,PS_ALC_PC_TB_G1,0,0,0,0,0,0,0,,,,,,VRAI,Finance,Finance
1004918,oracle,oracle_table,SYSADM.PS_ALC_PC_TB_G2,PS_ALC_PC_TB_G2,0,0,0,0,0,0,0,,,,,,VRAI,Finance,Finance
1004919,oracle,oracle_table,SYSADM.PS_ALC_PC_TB_G3,PS_ALC_PC_TB_G3,0,0,0,0,0,0,0,,,,,,VRAI,Finance,Finance
1004920,oracle,oracle_table,SYSADM.PS_ALC_PC_TB_G4,PS_ALC_PC_TB_G4,0,0,0,0,0,0,0,,,,,,VRAI,Finance,Finance
1004921,oracle,oracle_table,SYSADM.PS_ALC_PC_TB_G5,PS_ALC_PC_TB_G5,0,0,0,0,0,0,0,,,,,,VRAI,Finance,Finance
1004922,oracle,oracle_table,SYSADM.PS_ALC_PC_TB_TAO,PS_ALC_PC_TB_TAO,87,4,83,17,4,66,0,8.413793103448278,40.0,0.0,0.0,0.0,VRAI,Finance,Finance
1004923,oracle,oracle_table,SYSADM.PS_ALC_PC_TB_TAO1,PS_ALC_PC_TB_TAO1,0,0,0,0,0,0,0,,,0.0,0.0,0.0,VRAI,Finance,Finance
1004924,oracle,oracle_table,SYSADM.PS_ALC_PC_TB_TAO2,PS_ALC_PC_TB_TAO2,0,0,0,0,0,0,0,,,0.0,0.0,0.0,VRAI,Finance,Finance
1004925,oracle,oracle_table,SYSADM.PS_ALC_PC_TB_TAO3,PS_ALC_PC_TB_TAO3,0,0,0,0,0,0,0,,,0.0,0.0,0.0,VRAI,Finance,Finance
1004926,oracle,oracle_table,SYSADM.PS_ALC_PC_TB_TAO4,PS_ALC_PC_TB_TAO4,0,0,0,0,0,0,0,,,0.0,0.0,0.0,VRAI,Finance,Finance
1004927,oracle,oracle_table,SYSADM.PS_ALC_PC_TB_TAO5,PS_ALC_PC_TB_TAO5,0,0,0,0,0,0,0,,,0.0,0.0,0.0,VRAI,Finance,Finance
1004928,oracle,oracle_table,SYSADM.PS_ALC_PC_T_G,PS_ALC_PC_T_G,92,4,88,22,4,66,0,9.478260869565217,40.0,,,,VRAI,Finance,Finance
1004929,oracle,oracle_table,SYSADM.PS_ALC_PC_T_G1,PS_ALC_PC_T_G1,0,0,0,0,0,0,0,,,,,,VRAI,Finance,Finance
1004930,oracle,oracle_table,SYSADM.PS_ALC_PC_T_G2,PS_ALC_PC_T_G2,0,0,0,0,0,0,0,,,,,,VRAI,Finance,Finance
1004931,oracle,oracle_table,SYSADM.PS_ALC_PC_T_G3,PS_ALC_PC_T_G3,0,0,0,0,0,0,0,,,,,,VRAI,Finance,Finance
1004932,oracle,oracle_table,SYSADM.PS_ALC_PC_T_G4,PS_ALC_PC_T_G4,0,0,0,0,0,0,0,,,,,,VRAI,Finance,Finance
1004933,oracle,oracle_table,SYSADM.PS_ALC_PC_T_G5,PS_ALC_PC_T_G5,0,0,0,0,0,0,0,,,,,,VRAI,Finance,Finance
1004934,oracle,oracle_table,SYSADM.PS_ALC_PC_TS_G,PS_ALC_PC_TS_G,87,4,83,18,4,65,0,8.482758620689655,40.0,,,,VRAI,Finance,Finance
1004935,oracle,oracle_table,SYSADM.PS_ALC_PC_TS_G1,PS_ALC_PC_TS_G1,0,0,0,0,0,0,0,,,,,,VRAI,Finance,Finance
1004936,oracle,oracle_table,SYSADM.PS_ALC_PC_TS_G2,PS_ALC_PC_TS_G2,0,0,0,0,0,0,0,,,,,,VRAI,Finance,Finance
1004937,oracle,oracle_table,SYSADM.PS_ALC_PC_TS_G3,PS_ALC_PC_TS_G3,0,0,0,0,0,0,0,,,,,,VRAI,Finance,Finance
1004938,oracle,oracle_table,SYSADM.PS_ALC_PC_TS_G4,PS_ALC_PC_TS_G4,0,0,0,0,0,0,0,,,,,,VRAI,Finance,Finance
1004939,oracle,oracle_table,SYSADM.PS_ALC_PC_TS_G5,PS_ALC_PC_TS_G5,0,0,0,0,0,0,0,,,,,,VRAI,Finance,Finance
1004940,oracle,oracle_table,SYSADM.PS_ALC_PC_TS_TAO,PS_ALC_PC_TS_TAO,87,4,83,18,4,65,0,8.482758620689655,40.0,0.0,0.0,0.0,VRAI,Finance,Finance
1004941,oracle,oracle_table,SYSADM.PS_ALC_PC_TS_TAO1,PS_ALC_PC_TS_TAO1,0,0,0,0,0,0,0,,,0.0,0.0,0.0,VRAI,Finance,Finance
1004942,oracle,oracle_table,SYSADM.PS_ALC_PC_TS_TAO2,PS_ALC_PC_TS_TAO2,0,0,0,0,0,0,0,,,0.0,0.0,0.0,VRAI,Finance,Finance
1004943,oracle,oracle_table,SYSADM.PS_ALC_PC_TS_TAO3,PS_ALC_PC_TS_TAO3,0,0,0,0,0,0,0,,,0.0,0.0,0.0,VRAI,Finance,Finance
1004944,oracle,oracle_table,SYSADM.PS_ALC_PC_TS_TAO4,PS_ALC_PC_TS_TAO4,0,0,0,0,0,0,0,,,0.0,0.0,0.0,VRAI,Finance,Finance
1004945,oracle,oracle_table,SYSADM.PS_ALC_PC_TS_TAO5,PS_ALC_PC_TS_TAO5,0,0,0,0,0,0,0,,,0.0,0.0,0.0,VRAI,Finance,Finance
1004946,oracle,oracle_table,SYSADM.PS_ALC_PC_T_TAO,PS_ALC_PC_T_TAO,92,4,88,22,4,66,0,9.478260869565217,40.0,0.0,0.0,0.0,VRAI,Finance,Finance
1004947,oracle,oracle_table,SYSADM.PS_ALC_PC_T_TAO1,PS_ALC_PC_T_TAO1,0,0,0,0,0,0,0,,,0.0,0.0,0.0,VRAI,Finance,Finance
1004948,oracle,oracle_table,SYSADM.PS_ALC_PC_T_TAO2,PS_ALC_PC_T_TAO2,0,0,0,0,0,0,0,,,0.0,0.0,0.0,VRAI,Finance,Finance
1004949,oracle,oracle_table,SYSADM.PS_ALC_PC_T_TAO3,PS_ALC_PC_T_TAO3,0,0,0,0,0,0,0,,,0.0,0.0,0.0,VRAI,Finance,Finance
1004950,oracle,oracle_table,SYSADM.PS_ALC_PC_T_TAO4,PS_ALC_PC_T_TAO4,0,0,0,0,0,0,0,,,0.0,0.0,0.0,VRAI,Finance,Finance
1004951,oracle,oracle_table,SYSADM.PS_ALC_PC_T_TAO5,PS_ALC_PC_T_TAO5,0,0,0,0,0,0,0,,,0.0,0.0,0.0,VRAI,Finance,Finance
1004952,oracle,oracle_table,SYSADM.PS_ALC_POOLF_G,PS_ALC_POOLF_G,13,1,12,3,1,9,0,8.692307692307693,20.0,,,,VRAI,Finance,Finance
1004953,oracle,oracle_table,SYSADM.PS_ALC_POOLF_TAO,PS_ALC_POOLF_TAO,13,1,12,3,1,9,0,8.692307692307693,20.0,0.0,0.0,0.0,VRAI,Finance,Finance
1004954,oracle,oracle_table,SYSADM.PS_ALC_POOLF_TAO1,PS_ALC_POOLF_TAO1,0,0,0,0,0,0,0,,,0.0,0.0,0.0,VRAI,Finance,Finance
1004955,oracle,oracle_table,SYSADM.PS_ALC_POOLF_TAO2,PS_ALC_POOLF_TAO2,0,0,0,0,0,0,0,,,0.0,0.0,0.0,VRAI,Finance,Finance
1004956,oracle,oracle_table,SYSADM.PS_ALC_POOLF_TAO3,PS_ALC_POOLF_TAO3,0,0,0,0,0,0,0,,,0.0,0.0,0.0,VRAI,Finance,Finance
1004957,oracle,oracle_table,SYSADM.PS_ALC_POOLF_TAO4,PS_ALC_POOLF_TAO4,0,0,0,0,0,0,0,,,0.0,0.0,0.0,VRAI,Finance,Finance
1004958,oracle,oracle_table,SYSADM.PS_ALC_POOLF_TAO5,PS_ALC_POOLF_TAO5,0,0,0,0,0,0,0,,,0.0,0.0,0.0,VRAI,Finance,Finance
1004959,oracle,oracle_table,SYSADM.PS_ALC_POOLF_TAO6,PS_ALC_POOLF_TAO6,0,0,0,0,0,0,0,,,0.0,0.0,0.0,VRAI,Finance,Finance
1004960,oracle,oracle_table,SYSADM.PS_ALC_POOLF_TAO7,PS_ALC_POOLF_TAO7,0,0,0,0,0,0,0,,,0.0,0.0,0.0,VRAI,Finance,Finance
1004961,oracle,oracle_table,SYSADM.PS_ALC_POOLV_G,PS_ALC_POOLV_G,9,1,8,3,1,5,0,13.555555555555555,30.0,,,,VRAI,Finance,Finance
1004962,oracle,oracle_table,SYSADM.PS_ALC_POOLV_TAO,PS_ALC_POOLV_TAO,9,1,8,3,1,5,0,13.555555555555555,30.0,0.0,0.0,0.0,VRAI,Finance,Finance
1004963,oracle,oracle_table,SYSADM.PS_ALC_POOLV_TAO1,PS_ALC_POOLV_TAO1,0,0,0,0,0,0,0,,,0.0,0.0,0.0,VRAI,Finance,Finance
1004964,oracle,oracle_table,SYSADM.PS_ALC_POOLV_TAO2,PS_ALC_POOLV_TAO2,0,0,0,0,0,0,0,,,0.0,0.0,0.0,VRAI,Finance,Finance
1004965,oracle,oracle_table,SYSADM.PS_ALC_POOLV_TAO3,PS_ALC_POOLV_TAO3,0,0,0,0,0,0,0,,,0.0,0.0,0.0,VRAI,Finance,Finance
1004966,oracle,oracle_table,SYSADM.PS_ALC_POOLV_TAO4,PS_ALC_POOLV_TAO4,0,0,0,0,0,0,0,,,0.0,0.0,0.0,VRAI,Finance,Finance
1004967,oracle,oracle_table,SYSADM.PS_ALC_POOLV_TAO5,PS_ALC_POOLV_TAO5,0,0,0,0,0,0,0,,,0.0,0.0,0.0,VRAI,Finance,Finance
1004968,oracle,oracle_table,SYSADM.PS_ALC_POOLV_TAO6,PS_ALC_POOLV_TAO6,0,0,0,0,0,0,0,,,0.0,0.0,0.0,VRAI,Finance,Finance
1004969,oracle,oracle_table,SYSADM.PS_ALC_POOLV_TAO7,PS_ALC_POOLV_TAO7,0,0,0,0,0,0,0,,,0.0,0.0,0.0,VRAI,Finance,Finance
1004970,oracle,oracle_table,SYSADM.PS_ALC_POOLX_G,PS_ALC_POOLX_G,9,1,8,3,1,5,0,13.555555555555555,30.0,,,,VRAI,Finance,Finance
1004971,oracle,oracle_table,SYSADM.PS_ALC_POOLX_TAO,PS_ALC_POOLX_TAO,9,1,8,3,1,5,0,13.555555555555555,30.0,0.0,0.0,0.0,VRAI,Finance,Finance
1004972,oracle,oracle_table,SYSADM.PS_ALC_POOLX_TAO1,PS_ALC_POOLX_TAO1,0,0,0,0,0,0,0,,,0.0,0.0,0.0,VRAI,Finance,Finance
1004973,oracle,oracle_table,SYSADM.PS_ALC_POOLX_TAO2,PS_ALC_POOLX_TAO2,0,0,0,0,0,0,0,,,0.0,0.0,0.0,VRAI,Finance,Finance
1004974,oracle,oracle_table,SYSADM.PS_ALC_POOLX_TAO3,PS_ALC_POOLX_TAO3,0,0,0,0,0,0,0,,,0.0,0.0,0.0,VRAI,Finance,Finance
1004975,oracle,oracle_table,SYSADM.PS_ALC_POOLX_TAO4,PS_ALC_POOLX_TAO4,0,0,0,0,0,0,0,,,0.0,0.0,0.0,VRAI,Finance,Finance
1004976,oracle,oracle_table,SYSADM.PS_ALC_POOLX_TAO5,PS_ALC_POOLX_TAO5,0,0,0,0,0,0,0,,,0.0,0.0,0.0,VRAI,Finance,Finance
1004977,oracle,oracle_table,SYSADM.PS_ALC_POOLX_TAO6,PS_ALC_POOLX_TAO6,0,0,0,0,0,0,0,,,0.0,0.0,0.0,VRAI,Finance,Finance
1004978,oracle,oracle_table,SYSADM.PS_ALC_POOLX_TAO7,PS_ALC_POOLX_TAO7,0,0,0,0,0,0,0,,,0.0,0.0,0.0,VRAI,Finance,Finance
1004979,oracle,oracle_table,SYSADM.PS_ALC_RNDLN_G,PS_ALC_RNDLN_G,7,1,6,2,1,4,0,12.285714285714285,30.0,,,,VRAI,Finance,Finance
1004980,oracle,oracle_table,SYSADM.PS_ALC_RNDLN_TAO,PS_ALC_RNDLN_TAO,7,1,6,2,1,4,0,12.285714285714285,30.0,0.0,0.0,0.0,VRAI,Finance,Finance
1004981,oracle,oracle_table,SYSADM.PS_ALC_RNDLN_TAO1,PS_ALC_RNDLN_TAO1,0,0,0,0,0,0,0,,,0.0,0.0,0.0,VRAI,Finance,Finance
1004982,oracle,oracle_table,SYSADM.PS_ALC_RNDLN_TAO2,PS_ALC_RNDLN_TAO2,0,0,0,0,0,0,0,,,0.0,0.0,0.0,VRAI,Finance,Finance
1004983,oracle,oracle_table,SYSADM.PS_ALC_RNDLN_TAO3,PS_ALC_RNDLN_TAO3,0,0,0,0,0,0,0,,,0.0,0.0,0.0,VRAI,Finance,Finance
1004984,oracle,oracle_table,SYSADM.PS_ALC_RNDLN_TAO4,PS_ALC_RNDLN_TAO4,0,0,0,0,0,0,0,,,0.0,0.0,0.0,VRAI,Finance,Finance
1004985,oracle,oracle_table,SYSADM.PS_ALC_RNDLN_TAO5,PS_ALC_RNDLN_TAO5,0,0,0,0,0,0,0,,,0.0,0.0,0.0,VRAI,Finance,Finance
1004986,oracle,oracle_table,SYSADM.PS_ALC_RNDLN_TAO6,PS_ALC_RNDLN_TAO6,0,0,0,0,0,0,0,,,0.0,0.0,0.0,VRAI,Finance,Finance
1004987,oracle,oracle_table,SYSADM.PS_ALC_RNDLN_TAO7,PS_ALC_RNDLN_TAO7,0,0,0,0,0,0,0,,,0.0,0.0,0.0,VRAI,Finance,Finance
1004988,oracle,oracle_table,SYSADM.PS_ALC_STEP_G,PS_ALC_STEP_G,76,4,72,5,4,67,0,7.065789473684211,30.0,,,,VRAI,Finance,Finance
1004989,oracle,oracle_table,SYSADM.PS_ALC_STEP_TAO,PS_ALC_STEP_TAO,76,4,72,5,4,67,0,7.065789473684211,30.0,0.0,0.0,0.0,VRAI,Finance,Finance
1004990,oracle,oracle_table,SYSADM.PS_ALC_STEP_TAO1,PS_ALC_STEP_TAO1,0,0,0,0,0,0,0,,,0.0,0.0,0.0,VRAI,Finance,Finance
1004991,oracle,oracle_table,SYSADM.PS_ALC_STEP_TAO2,PS_ALC_STEP_TAO2,0,0,0,0,0,0,0,,,0.0,0.0,0.0,VRAI,Finance,Finance
1004992,oracle,oracle_table,SYSADM.PS_ALC_STEP_TAO3,PS_ALC_STEP_TAO3,0,0,0,0,0,0,0,,,0.0,0.0,0.0,VRAI,Finance,Finance
1004993,oracle,oracle_table,SYSADM.PS_ALC_STEP_TAO4,PS_ALC_STEP_TAO4,0,0,0,0,0,0,0,,,0.0,0.0,0.0,VRAI,Finance,Finance
1004994,oracle,oracle_table,SYSADM.PS_ALC_STEP_TAO5,PS_ALC_STEP_TAO5,0,0,0,0,0,0,0,,,0.0,0.0,0.0,VRAI,Finance,Finance
1004995,oracle,oracle_table,SYSADM.PS_ALC_STEP_TAO6,PS_ALC_STEP_TAO6,0,0,0,0,0,0,0,,,0.0,0.0,0.0,VRAI,Finance,Finance
1004996,oracle,oracle_table,SYSADM.PS_ALC_STEP_TAO7,PS_ALC_STEP_TAO7,0,0,0,0,0,0,0,,,0.0,0.0,0.0,VRAI,Finance,Finance
1004997,oracle,oracle_table,SYSADM.PS_ALC_TARGV_G,PS_ALC_TARGV_G,9,1,8,2,1,6,0,12.0,30.0,,,,VRAI,Finance,Finance
1004998,oracle,oracle_table,SYSADM.PS_ALC_TARGV_TAO,PS_ALC_TARGV_TAO,9,1,8,2,1,6,0,12.0,30.0,0.0,0.0,0.0,VRAI,Finance,Finance
1004999,oracle,oracle_table,SYSADM.PS_ALC_TARGV_TAO1,PS_ALC_TARGV_TAO1,0,0,0,0,0,0,0,,,0.0,0.0,0.0,VRAI,Finance,Finance
1005000,oracle,oracle_table,SYSADM.PS_ALC_TARGV_TAO2,PS_ALC_TARGV_TAO2,0,0,0,0,0,0,0,,,0.0,0.0,0.0,VRAI,Finance,Finance
1005001,oracle,oracle_table,SYSADM.PS_ALC_TARGV_TAO3,PS_ALC_TARGV_TAO3,0,0,0,0,0,0,0,,,0.0,0.0,0.0,VRAI,Finance,Finance
1005002,oracle,oracle_table,SYSADM.PS_ALC_TARGV_TAO4,PS_ALC_TARGV_TAO4,0,0,0,0,0,0,0,,,0.0,0.0,0.0,VRAI,Finance,Finance
1005003,oracle,oracle_table,SYSADM.PS_ALC_TARGV_TAO5,PS_ALC_TARGV_TAO5,0,0,0,0,0,0,0,,,0.0,0.0,0.0,VRAI,Finance,Finance
1005004,oracle,oracle_table,SYSADM.PS_ALC_TARGV_TAO6,PS_ALC_TARGV_TAO6,0,0,0,0,0,0,0,,,0.0,0.0,0.0,VRAI,Finance,Finance
1005005,oracle,oracle_table,SYSADM.PS_ALC_TARGV_TAO7,PS_ALC_TARGV_TAO7,0,0,0,0,0,0,0,,,0.0,0.0,0.0,VRAI,Finance,Finance
1005006,oracle,oracle_table,SYSADM.PS_ALC_TGWK_DL,PS_ALC_TGWK_DL,54,3,51,9,4,41,0,8.925925925925926,30.0,0.0,0.0,0.0,VRAI,Finance,Finance
1005007,oracle,oracle_table,SYSADM.PS_ALLOC_AMT_TBL,PS_ALLOC_AMT_TBL,24,0,24,3,1,20,0,15.916666666666666,28.0,54.0,13770.0,0.013132095336914,VRAI,Finance,Finance
1005008,oracle,oracle_table,SYSADM.PS_ALLOC_AMT_TMP,PS_ALLOC_AMT_TMP,5,0,5,0,0,5,0,20.4,30.0,0.0,0.0,0.0,VRAI,Finance,Finance
1005009,oracle,oracle_table,SYSADM.PS_ALLOC_BASF_TBL,PS_ALLOC_BASF_TBL,12,0,12,2,1,9,0,8.583333333333332,20.0,67.0,3350.0,0.0031948089599609,VRAI,Finance,Finance
1005010,oracle,oracle_table,SYSADM.PS_ALLOC_BASIS,PS_ALLOC_BASIS,10,0,10,2,1,7,0,9.7,30.0,2.0,142.0,0.0001354217529296,VRAI,Finance,Finance
1005011,oracle,oracle_table,SYSADM.PS_ALLOC_BASIS_DST,PS_ALLOC_BASIS_DST,28,0,28,3,1,24,0,8.071428571428571,15.0,14.0,1176.0,0.0011215209960937,VRAI,Finance,Finance
1005012,oracle,oracle_table,SYSADM.PS_ALLOC_BASIS_SRC,PS_ALLOC_BASIS_SRC,29,0,29,2,1,26,0,7.793103448275862,15.0,2.0,178.0,0.0001697540283203,VRAI,Finance,Finance
1005013,oracle,oracle_table,SYSADM.PS_ALLOC_BAS_LANG,PS_ALLOC_BAS_LANG,5,0,5,0,1,4,0,11.6,30.0,0.0,0.0,0.0,VRAI,Finance,Finance
1005014,oracle,oracle_table,SYSADM.PS_ALLOC_BASMV_TBL,PS_ALLOC_BASMV_TBL,6,0,6,0,1,5,0,17.166666666666664,30.0,0.0,0.0,0.0,VRAI,Finance,Finance
1005015,oracle,oracle_table,SYSADM.PS_ALLOC_BASV_TBL,PS_ALLOC_BASV_TBL,9,0,9,3,1,5,0,13.22222222222222,30.0,126.0,6048.0,0.005767822265625,VRAI,Finance,Finance
1005016,oracle,oracle_table,SYSADM.PS_ALLOC_BASWK_BUD,PS_ALLOC_BASWK_BUD,27,0,27,4,0,23,0,8.11111111111111,28.0,0.0,0.0,0.0,VRAI,Finance,Finance
1005017,oracle,oracle_table,SYSADM.PS_ALLOC_BASX_TBL,PS_ALLOC_BASX_TBL,8,0,8,2,1,5,0,14.0,30.0,0.0,0.0,0.0,VRAI,Finance,Finance
1005018,oracle,oracle_table,SYSADM.PS_ALLOC_CALC_LOG,PS_ALLOC_CALC_LOG,45,0,45,12,0,33,0,10.933333333333332,28.0,0.0,0.0,0.0,VRAI,Finance,Finance
1005019,oracle,oracle_table,SYSADM.PS_ALLOC_CLCLG_BDP,PS_ALLOC_CLCLG_BDP,39,0,39,8,0,31,0,9.17948717948718,28.0,0.0,0.0,0.0,VRAI,Finance,Finance
1005020,oracle,oracle_table,SYSADM.PS_ALLOC_CLCLG_BUD,PS_ALLOC_CLCLG_BUD,38,0,38,12,0,26,0,11.684210526315788,28.0,0.0,0.0,0.0,VRAI,Finance,Finance
1005021,oracle,oracle_table,SYSADM.PS_ALLOC_DEFN,PS_ALLOC_DEFN,30,0,30,0,1,29,0,6.966666666666667,15.0,1.0,91.0,8.67843627929e-05,VRAI,Finance,Finance
1005022,oracle,oracle_table,SYSADM.PS_ALLOC_DEFN_DTL,PS_ALLOC_DEFN_DTL,22,0,22,0,1,21,0,8.181818181818182,15.0,3.0,258.0,0.0002460479736328,VRAI,Finance,Finance
1005023,oracle,oracle_table,SYSADM.PS_ALLOC_DEFN_DTLA,PS_ALLOC_DEFN_DTLA,22,0,22,0,1,21,0,8.181818181818182,15.0,0.0,0.0,0.0,VRAI,Finance,Finance
1005024,oracle,oracle_table,SYSADM.PS_ALLOC_DIST_TMP,PS_ALLOC_DIST_TMP,60,3,57,14,5,41,0,9.65,30.0,0.0,0.0,0.0,VRAI,Finance,Finance
1005025,oracle,oracle_table,SYSADM.PS_ALLOC_GROUP_C,PS_ALLOC_GROUP_C,10,1,9,0,1,9,1,8.9,30.0,0.0,0.0,0.0,VRAI,Finance,Finance
1005026,oracle,oracle_table,SYSADM.PS_ALLOC_GROUP_E,PS_ALLOC_GROUP_E,8,1,7,0,1,7,1,10.875,30.0,0.0,0.0,0.0,VRAI,Finance,Finance
1005027,oracle,oracle_table,SYSADM.PS_ALLOC_GROUP_TBL,PS_ALLOC_GROUP_TBL,9,1,8,1,1,7,1,6.777777777777778,30.0,38.0,10716.0,0.0102195739746093,VRAI,Finance,Finance
1005028,oracle,oracle_table,SYSADM.PS_ALLOC_GRP_LANG,PS_ALLOC_GRP_LANG,7,1,6,1,1,5,1,8.714285714285714,30.0,0.0,0.0,0.0,VRAI,Finance,Finance
1005029,oracle,oracle_table,SYSADM.PS_ALLOC_GRSTP_TBL,PS_ALLOC_GRSTP_TBL,8,0,8,3,1,4,0,6.0,10.0,43.0,1763.0,0.0016813278198242,VRAI,Finance,Finance
1005030,oracle,oracle_table,SYSADM.PS_ALLOC_OFFV_TBL,PS_ALLOC_OFFV_TBL,8,0,8,1,1,6,0,12.25,30.0,109.0,4578.0,0.0043659210205078,VRAI,Finance,Finance
1005031,oracle,oracle_table,SYSADM.PS_ALLOC_POOLF_TBL,PS_ALLOC_POOLF_TBL,12,0,12,2,1,9,0,8.583333333333332,20.0,89.0,4539.0,0.0043287277221679,VRAI,Finance,Finance
1005032,oracle,oracle_table,SYSADM.PS_ALLOC_POOLU_TBL,PS_ALLOC_POOLU_TBL,5,0,5,0,1,4,0,14.6,30.0,0.0,0.0,0.0,VRAI,Finance,Finance
1005033,oracle,oracle_table,SYSADM.PS_ALLOC_POOLV_TBL,PS_ALLOC_POOLV_TBL,8,0,8,2,1,5,0,14.0,30.0,105.0,4725.0,0.0045061111450195,VRAI,Finance,Finance
1005034,oracle,oracle_table,SYSADM.PS_ALLOC_POOLX_TBL,PS_ALLOC_POOLX_TBL,8,0,8,2,1,5,0,14.0,30.0,0.0,0.0,0.0,VRAI,Finance,Finance
1005035,oracle,oracle_table,SYSADM.PS_ALLOC_REQUEST,PS_ALLOC_REQUEST,23,2,21,4,2,17,0,8.826086956521738,30.0,5.0,410.0,0.0003910064697265,VRAI,Finance,Finance
1005036,oracle,oracle_table,SYSADM.PS_ALLOC_REQUEST_H,PS_ALLOC_REQUEST_H,23,2,21,4,2,17,0,8.826086956521738,30.0,0.0,0.0,0.0,VRAI,Finance,Finance
1005037,oracle,oracle_table,SYSADM.PS_ALLOC_RNDLN_TBL,PS_ALLOC_RNDLN_TBL,6,0,6,1,1,4,0,12.666666666666666,30.0,0.0,0.0,0.0,VRAI,Finance,Finance
1005038,oracle,oracle_table,SYSADM.PS_ALLOC_ROUND_TMP,PS_ALLOC_ROUND_TMP,38,1,37,7,2,29,0,10.078947368421051,28.0,0.0,0.0,0.0,VRAI,Finance,Finance
1005039,oracle,oracle_table,SYSADM.PS_ALLOC_STEP_LANG,PS_ALLOC_STEP_LANG,6,1,5,1,1,4,0,10.166666666666666,30.0,0.0,0.0,0.0,VRAI,Finance,Finance
1005040,oracle,oracle_table,SYSADM.PS_ALLOC_STEP_TBL,PS_ALLOC_STEP_TBL,75,3,72,4,4,67,0,7.026666666666666,30.0,54.0,20628.0,0.0196723937988281,VRAI,Finance,Finance
1005041,oracle,oracle_table,SYSADM.PS_ALLOC_TARGV_TBL,PS_ALLOC_TARGV_TBL,8,0,8,1,1,6,0,12.25,30.0,236.0,10148.0,0.0096778869628906,VRAI,Finance,Finance
1005042,oracle,oracle_table,SYSADM.PS_ALLOC_TGTWK_BDP,PS_ALLOC_TGTWK_BDP,40,1,39,6,1,33,0,8.575,28.0,0.0,0.0,0.0,VRAI,Finance,Finance
1005043,oracle,oracle_table,SYSADM.PS_ALLOC_TGTWK_PC,PS_ALLOC_TGTWK_PC,106,7,99,22,7,77,0,8.61320754716981,40.0,0.0,0.0,0.0,VRAI,Finance,Finance
1005044,oracle,oracle_table,SYSADM.PS_ALLOC_TMP,PS_ALLOC_TMP,67,3,64,15,5,47,0,9.477611940298509,30.0,0.0,0.0,0.0,VRAI,Finance,Finance
1005045,oracle,oracle_table,SYSADM.PS_ALLOC_TMP1,PS_ALLOC_TMP1,0,0,0,0,0,0,0,,,0.0,0.0,0.0,VRAI,Finance,Finance
1005046,oracle,oracle_table,SYSADM.PS_ALLOC_TMP2,PS_ALLOC_TMP2,0,0,0,0,0,0,0,,,0.0,0.0,0.0,VRAI,Finance,Finance
1005047,oracle,oracle_table,SYSADM.PS_ALLOC_TMP3,PS_ALLOC_TMP3,0,0,0,0,0,0,0,,,0.0,0.0,0.0,VRAI,Finance,Finance
1005048,oracle,oracle_table,SYSADM.PS_ALL_VCH_PD_TAO,PS_ALL_VCH_PD_TAO,14,1,13,1,1,12,0,20.285714285714285,55.0,0.0,0.0,0.0,VRAI,Finance,Finance
1005049,oracle,oracle_table,SYSADM.PS_ALTACCT_EDR,PS_ALTACCT_EDR,6,0,6,0,3,3,0,15.166666666666666,30.0,0.0,0.0,0.0,VRAI,Finance,Finance
1005050,oracle,oracle_table,SYSADM.PS_ALTACCT_LANG,PS_ALTACCT_LANG,7,1,6,0,1,6,1,9.714285714285714,30.0,0.0,0.0,0.0,VRAI,Finance,Finance
1005051,oracle,oracle_table,SYSADM.PS_ALTACCT_TBL,PS_ALTACCT_TBL,25,2,23,1,2,22,1,17.84,254.0,644.0,91448.0,0.0872116088867187,VRAI,Finance,Finance
1005052,oracle,oracle_table,SYSADM.PS_ALTACCT_XREF,PS_ALTACCT_XREF,8,0,8,0,0,8,0,6.5,10.0,1415.0,62260.0,0.0593757629394531,VRAI,Finance,Finance
1005055,oracle,oracle_table,SYSADM.PS_AM_ACCOUNT_T,PS_AM_ACCOUNT_T,16,0,16,3,0,13,0,5.625,10.0,0.0,0.0,0.0,VRAI,Finance,Finance
1005056,oracle,oracle_table,SYSADM.PS_AM_ACCOUNT_T1,PS_AM_ACCOUNT_T1,0,0,0,0,0,0,0,,,0.0,0.0,0.0,VRAI,Finance,Finance
1005057,oracle,oracle_table,SYSADM.PS_AM_ACCOUNT_T2,PS_AM_ACCOUNT_T2,0,0,0,0,0,0,0,,,0.0,0.0,0.0,VRAI,Finance,Finance
1005058,oracle,oracle_table,SYSADM.PS_AM_ACCOUNT_T3,PS_AM_ACCOUNT_T3,0,0,0,0,0,0,0,,,0.0,0.0,0.0,VRAI,Finance,Finance
1005059,oracle,oracle_table,SYSADM.PS_AM_ACCOUNT_T4,PS_AM_ACCOUNT_T4,0,0,0,0,0,0,0,,,0.0,0.0,0.0,VRAI,Finance,Finance
1005060,oracle,oracle_table,SYSADM.PS_AM_ADD_ATT,PS_AM_ADD_ATT,9,2,7,1,2,6,0,22.11111111111111,64.0,0.0,0.0,0.0,VRAI,Finance,Finance
1005061,oracle,oracle_table,SYSADM.PS_AM_ADD_DTL_WL,PS_AM_ADD_DTL_WL,17,3,14,0,3,14,0,21.11764705882353,50.0,5.0,495.0,0.000472068786621,VRAI,Finance,Finance
1005062,oracle,oracle_table,SYSADM.PS_AM_ADD_E_HDR_WL,PS_AM_ADD_E_HDR_WL,10,1,9,2,1,7,0,29.6,80.0,5.0,720.0,0.0006866455078125,VRAI,Finance,Finance
1005063,oracle,oracle_table,SYSADM.PS_AM_ADD_R_HDR_WL,PS_AM_ADD_R_HDR_WL,11,1,10,2,1,8,0,26.63636363636364,80.0,506.0,55660.0,0.0530815124511718,VRAI,Finance,Finance
1005064,oracle,oracle_table,SYSADM.PS_AM_ADJ_AF_HDR,PS_AM_ADJ_AF_HDR,10,3,7,0,3,7,0,38.5,250.0,2.0,138.0,0.000131607055664,VRAI,Finance,Finance
1005065,oracle,oracle_table,SYSADM.PS_AM_ADJ_AF_XREF,PS_AM_ADJ_AF_XREF,15,4,11,2,3,10,1,18.33333333333333,30.0,2.0,248.0,0.0002365112304687,VRAI,Finance,Finance
1005066,oracle,oracle_table,SYSADM.PS_AM_AEDISTAU_AET,PS_AM_AEDISTAU_AET,46,2,44,17,2,27,0,11.282608695652172,28.0,1.0,92.0,8.77380371093e-05,VRAI,Finance,Finance
1005067,oracle,oracle_table,SYSADM.PS_AM_AEDISTBK_AET,PS_AM_AEDISTBK_AET,38,0,38,4,0,34,0,6.289473684210527,28.0,1.0,78.0,7.43865966796e-05,VRAI,Finance,Finance
1005068,oracle,oracle_table,SYSADM.PS_AM_AEDISTDL_AET,PS_AM_AEDISTDL_AET,72,7,65,10,7,55,0,8.86111111111111,30.0,1.0,144.0,0.0001373291015625,VRAI,Finance,Finance
1005069,oracle,oracle_table,SYSADM.PS_AM_AEDISTL1_AET,PS_AM_AEDISTL1_AET,176,12,164,39,12,125,0,10.068181818181818,30.0,1.0,342.0,0.0003261566162109,VRAI,Finance,Finance
1005070,oracle,oracle_table,SYSADM.PS_AM_AEDISTRQ_AET,PS_AM_AEDISTRQ_AET,24,2,22,6,2,16,0,9.5,30.0,1.0,54.0,5.14984130859e-05,VRAI,Finance,Finance
1005071,oracle,oracle_table,SYSADM.PS_AMAEDIST_RQST,PS_AMAEDIST_RQST,27,1,26,6,2,19,0,9.037037037037036,30.0,18.0,2016.0,0.001922607421875,VRAI,Finance,Finance
1005072,oracle,oracle_table,SYSADM.PS_AMAEJGEN_RQST,PS_AMAEJGEN_RQST,19,1,18,3,1,15,0,9.210526315789473,30.0,0.0,0.0,0.0,VRAI,Finance,Finance
1005073,oracle,oracle_table,SYSADM.PS_AMAE_TMPLID_LNG,PS_AMAE_TMPLID_LNG,4,0,4,0,0,4,0,12.0,30.0,0.0,0.0,0.0,VRAI,Finance,Finance
1005074,oracle,oracle_table,SYSADM.PS_AMAE_TMPLID_TBL,PS_AMAE_TMPLID_TBL,11,0,11,0,0,11,0,4.8181818181818175,30.0,17.0,918.0,0.0008754730224609,VRAI,Finance,Finance
1005075,oracle,oracle_table,SYSADM.PS_AMALLOC_RQST,PS_AMALLOC_RQST,9,0,9,2,0,7,0,10.444444444444445,30.0,0.0,0.0,0.0,VRAI,Finance,Finance
1005076,oracle,oracle_table,SYSADM.PS_AMALLOCTEMP,PS_AMALLOCTEMP,25,2,23,1,2,22,0,8.8,26.0,0.0,0.0,0.0,VRAI,Finance,Finance
1005077,oracle,oracle_table,SYSADM.PS_AM_AMAEDIST_AET,PS_AM_AMAEDIST_AET,106,6,100,9,6,91,0,10.245283018867925,50.0,1.0,208.0,0.0001983642578125,VRAI,Finance,Finance
1005078,oracle,oracle_table,SYSADM.PS_AM_AMAEVAT_AET,PS_AM_AMAEVAT_AET,40,1,39,2,1,37,0,19.175,30.0,1.0,81.0,7.72476196289e-05,VRAI,Finance,Finance
1005079,oracle,oracle_table,SYSADM.PS_AM_AMDCALLC_AET,PS_AM_AMDCALLC_AET,11,1,10,4,1,6,0,5.090909090909091,15.0,1.0,23.0,2.19345092773e-05,VRAI,Finance,Finance
1005080,oracle,oracle_table,SYSADM.PS_AMAPLEA1_TAO,PS_AMAPLEA1_TAO,38,7,31,8,7,23,0,12.447368421052632,30.0,0.0,0.0,0.0,VRAI,Finance,Finance
1005081,oracle,oracle_table,SYSADM.PS_AMAPLEA1_TAO1,PS_AMAPLEA1_TAO1,0,0,0,0,0,0,0,,,0.0,0.0,0.0,VRAI,Finance,Finance
1005082,oracle,oracle_table,SYSADM.PS_AMAPLEA1_TAO2,PS_AMAPLEA1_TAO2,0,0,0,0,0,0,0,,,0.0,0.0,0.0,VRAI,Finance,Finance
1005083,oracle,oracle_table,SYSADM.PS_AMAPLEA1_TAO3,PS_AMAPLEA1_TAO3,0,0,0,0,0,0,0,,,0.0,0.0,0.0,VRAI,Finance,Finance
1005084,oracle,oracle_table,SYSADM.PS_AMAPLEA1_TAO4,PS_AMAPLEA1_TAO4,0,0,0,0,0,0,0,,,0.0,0.0,0.0,VRAI,Finance,Finance
1005085,oracle,oracle_table,SYSADM.PS_AMAPLEA1_TAO5,PS_AMAPLEA1_TAO5,0,0,0,0,0,0,0,,,0.0,0.0,0.0,VRAI,Finance,Finance
1005086,oracle,oracle_table,SYSADM.PS_AMAPLEA1_TAO6,PS_AMAPLEA1_TAO6,0,0,0,0,0,0,0,,,0.0,0.0,0.0,VRAI,Finance,Finance
1005087,oracle,oracle_table,SYSADM.PS_AMAPLEA1_TAO7,PS_AMAPLEA1_TAO7,0,0,0,0,0,0,0,,,0.0,0.0,0.0,VRAI,Finance,Finance
1005088,oracle,oracle_table,SYSADM.PS_AMAPLEA1_TAO8,PS_AMAPLEA1_TAO8,0,0,0,0,0,0,0,,,0.0,0.0,0.0,VRAI,Finance,Finance
1005089,oracle,oracle_table,SYSADM.PS_AMAPLEA2_TAO,PS_AMAPLEA2_TAO,32,0,32,5,1,26,0,8.625,28.0,0.0,0.0,0.0,VRAI,Finance,Finance
1005090,oracle,oracle_table,SYSADM.PS_AMAPLEA2_TAO1,PS_AMAPLEA2_TAO1,0,0,0,0,0,0,0,,,0.0,0.0,0.0,VRAI,Finance,Finance
1005091,oracle,oracle_table,SYSADM.PS_AMAPLEA2_TAO2,PS_AMAPLEA2_TAO2,0,0,0,0,0,0,0,,,0.0,0.0,0.0,VRAI,Finance,Finance
1005092,oracle,oracle_table,SYSADM.PS_AMAPLEA2_TAO3,PS_AMAPLEA2_TAO3,0,0,0,0,0,0,0,,,0.0,0.0,0.0,VRAI,Finance,Finance
1005093,oracle,oracle_table,SYSADM.PS_AMAPLEA2_TAO4,PS_AMAPLEA2_TAO4,0,0,0,0,0,0,0,,,0.0,0.0,0.0,VRAI,Finance,Finance
1005094,oracle,oracle_table,SYSADM.PS_AMAPLEA2_TAO5,PS_AMAPLEA2_TAO5,0,0,0,0,0,0,0,,,0.0,0.0,0.0,VRAI,Finance,Finance
1005095,oracle,oracle_table,SYSADM.PS_AMAPLEA2_TAO6,PS_AMAPLEA2_TAO6,0,0,0,0,0,0,0,,,0.0,0.0,0.0,VRAI,Finance,Finance
1005096,oracle,oracle_table,SYSADM.PS_AMAPLEA2_TAO7,PS_AMAPLEA2_TAO7,0,0,0,0,0,0,0,,,0.0,0.0,0.0,VRAI,Finance,Finance
1005097,oracle,oracle_table,SYSADM.PS_AMAPLEA2_TAO8,PS_AMAPLEA2_TAO8,0,0,0,0,0,0,0,,,0.0,0.0,0.0,VRAI,Finance,Finance
1005098,oracle,oracle_table,SYSADM.PS_AMAPLEA3_TAO,PS_AMAPLEA3_TAO,6,1,5,2,1,3,0,8.833333333333332,12.0,0.0,0.0,0.0,VRAI,Finance,Finance
1005099,oracle,oracle_table,SYSADM.PS_AMAPLEA3_TAO1,PS_AMAPLEA3_TAO1,0,0,0,0,0,0,0,,,0.0,0.0,0.0,VRAI,Finance,Finance
1005100,oracle,oracle_table,SYSADM.PS_AMAPLEA3_TAO2,PS_AMAPLEA3_TAO2,0,0,0,0,0,0,0,,,0.0,0.0,0.0,VRAI,Finance,Finance
1005101,oracle,oracle_table,SYSADM.PS_AMAPLEA3_TAO3,PS_AMAPLEA3_TAO3,0,0,0,0,0,0,0,,,0.0,0.0,0.0,VRAI,Finance,Finance
1005102,oracle,oracle_table,SYSADM.PS_AMAPLEA3_TAO4,PS_AMAPLEA3_TAO4,0,0,0,0,0,0,0,,,0.0,0.0,0.0,VRAI,Finance,Finance
1005103,oracle,oracle_table,SYSADM.PS_AMAPLEA3_TAO5,PS_AMAPLEA3_TAO5,0,0,0,0,0,0,0,,,0.0,0.0,0.0,VRAI,Finance,Finance
1005104,oracle,oracle_table,SYSADM.PS_AMAPLEA3_TAO6,PS_AMAPLEA3_TAO6,0,0,0,0,0,0,0,,,0.0,0.0,0.0,VRAI,Finance,Finance
1005105,oracle,oracle_table,SYSADM.PS_AMAPLEA3_TAO7,PS_AMAPLEA3_TAO7,0,0,0,0,0,0,0,,,0.0,0.0,0.0,VRAI,Finance,Finance
1005106,oracle,oracle_table,SYSADM.PS_AMAPLEA3_TAO8,PS_AMAPLEA3_TAO8,0,0,0,0,0,0,0,,,0.0,0.0,0.0,VRAI,Finance,Finance
1005107,oracle,oracle_table,SYSADM.PS_AMAPLEA4_TAO,PS_AMAPLEA4_TAO,28,1,27,2,1,25,0,7.642857142857144,15.0,0.0,0.0,0.0,VRAI,Finance,Finance
1005108,oracle,oracle_table,SYSADM.PS_AMAPLEA4_TAO1,PS_AMAPLEA4_TAO1,0,0,0,0,0,0,0,,,0.0,0.0,0.0,VRAI,Finance,Finance
1005109,oracle,oracle_table,SYSADM.PS_AMAPLEA4_TAO2,PS_AMAPLEA4_TAO2,0,0,0,0,0,0,0,,,0.0,0.0,0.0,VRAI,Finance,Finance
1005110,oracle,oracle_table,SYSADM.PS_AMAPLEA4_TAO3,PS_AMAPLEA4_TAO3,0,0,0,0,0,0,0,,,0.0,0.0,0.0,VRAI,Finance,Finance
1005111,oracle,oracle_table,SYSADM.PS_AMAPLEA4_TAO4,PS_AMAPLEA4_TAO4,0,0,0,0,0,0,0,,,0.0,0.0,0.0,VRAI,Finance,Finance
1005112,oracle,oracle_table,SYSADM.PS_AMAPLEA4_TAO5,PS_AMAPLEA4_TAO5,0,0,0,0,0,0,0,,,0.0,0.0,0.0,VRAI,Finance,Finance
1005113,oracle,oracle_table,SYSADM.PS_AMAPLEA4_TAO6,PS_AMAPLEA4_TAO6,0,0,0,0,0,0,0,,,0.0,0.0,0.0,VRAI,Finance,Finance
1005114,oracle,oracle_table,SYSADM.PS_AMAPLEA4_TAO7,PS_AMAPLEA4_TAO7,0,0,0,0,0,0,0,,,0.0,0.0,0.0,VRAI,Finance,Finance
1005115,oracle,oracle_table,SYSADM.PS_AMAPLEA4_TAO8,PS_AMAPLEA4_TAO8,0,0,0,0,0,0,0,,,0.0,0.0,0.0,VRAI,Finance,Finance
1005116,oracle,oracle_table,SYSADM.PS_AMAPLEA5_TAO,PS_AMAPLEA5_TAO,38,7,31,8,7,23,0,12.447368421052632,30.0,0.0,0.0,0.0,VRAI,Finance,Finance
1005117,oracle,oracle_table,SYSADM.PS_AMAPLEA5_TAO1,PS_AMAPLEA5_TAO1,0,0,0,0,0,0,0,,,0.0,0.0,0.0,VRAI,Finance,Finance
1005118,oracle,oracle_table,SYSADM.PS_AMAPLEA5_TAO2,PS_AMAPLEA5_TAO2,0,0,0,0,0,0,0,,,0.0,0.0,0.0,VRAI,Finance,Finance
1005119,oracle,oracle_table,SYSADM.PS_AMAPLEA5_TAO3,PS_AMAPLEA5_TAO3,0,0,0,0,0,0,0,,,0.0,0.0,0.0,VRAI,Finance,Finance
1005120,oracle,oracle_table,SYSADM.PS_AMAPLEA5_TAO4,PS_AMAPLEA5_TAO4,0,0,0,0,0,0,0,,,0.0,0.0,0.0,VRAI,Finance,Finance
1005121,oracle,oracle_table,SYSADM.PS_AMAPLEA5_TAO5,PS_AMAPLEA5_TAO5,0,0,0,0,0,0,0,,,0.0,0.0,0.0,VRAI,Finance,Finance
1005122,oracle,oracle_table,SYSADM.PS_AMAPLEA5_TAO6,PS_AMAPLEA5_TAO6,0,0,0,0,0,0,0,,,0.0,0.0,0.0,VRAI,Finance,Finance
1005123,oracle,oracle_table,SYSADM.PS_AMAPLEA5_TAO7,PS_AMAPLEA5_TAO7,0,0,0,0,0,0,0,,,0.0,0.0,0.0,VRAI,Finance,Finance
1005124,oracle,oracle_table,SYSADM.PS_AMAPLEA5_TAO8,PS_AMAPLEA5_TAO8,0,0,0,0,0,0,0,,,0.0,0.0,0.0,VRAI,Finance,Finance
1005125,oracle,oracle_table,SYSADM.PS_AMAPLEAA_TAO,PS_AMAPLEAA_TAO,93,9,84,17,9,67,0,9.634408602150536,30.0,0.0,0.0,0.0,VRAI,Finance,Finance
1005126,oracle,oracle_table,SYSADM.PS_AMAPLEAA_TAO1,PS_AMAPLEAA_TAO1,0,0,0,0,0,0,0,,,0.0,0.0,0.0,VRAI,Finance,Finance
1005127,oracle,oracle_table,SYSADM.PS_AMAPLEAA_TAO2,PS_AMAPLEAA_TAO2,0,0,0,0,0,0,0,,,0.0,0.0,0.0,VRAI,Finance,Finance
1005128,oracle,oracle_table,SYSADM.PS_AMAPLEAA_TAO3,PS_AMAPLEAA_TAO3,0,0,0,0,0,0,0,,,0.0,0.0,0.0,VRAI,Finance,Finance
1005129,oracle,oracle_table,SYSADM.PS_AMAPLEAA_TAO4,PS_AMAPLEAA_TAO4,0,0,0,0,0,0,0,,,0.0,0.0,0.0,VRAI,Finance,Finance
1005130,oracle,oracle_table,SYSADM.PS_AMAPLEAA_TAO5,PS_AMAPLEAA_TAO5,0,0,0,0,0,0,0,,,0.0,0.0,0.0,VRAI,Finance,Finance
1005131,oracle,oracle_table,SYSADM.PS_AMAPLEAA_TAO6,PS_AMAPLEAA_TAO6,0,0,0,0,0,0,0,,,0.0,0.0,0.0,VRAI,Finance,Finance
1005132,oracle,oracle_table,SYSADM.PS_AMAPLEAA_TAO7,PS_AMAPLEAA_TAO7,0,0,0,0,0,0,0,,,0.0,0.0,0.0,VRAI,Finance,Finance
1005133,oracle,oracle_table,SYSADM.PS_AMAPLEAA_TAO8,PS_AMAPLEAA_TAO8,0,0,0,0,0,0,0,,,0.0,0.0,0.0,VRAI,Finance,Finance
1005134,oracle,oracle_table,SYSADM.PS_AMAPLEAL_TAO,PS_AMAPLEAL_TAO,6,1,5,3,1,2,0,11.333333333333332,28.0,0.0,0.0,0.0,VRAI,Finance,Finance
1005135,oracle,oracle_table,SYSADM.PS_AMAPLEAL_TAO1,PS_AMAPLEAL_TAO1,0,0,0,0,0,0,0,,,0.0,0.0,0.0,VRAI,Finance,Finance
1005136,oracle,oracle_table,SYSADM.PS_AMAPLEAL_TAO2,PS_AMAPLEAL_TAO2,0,0,0,0,0,0,0,,,0.0,0.0,0.0,VRAI,Finance,Finance
1005137,oracle,oracle_table,SYSADM.PS_AMAPLEAL_TAO3,PS_AMAPLEAL_TAO3,0,0,0,0,0,0,0,,,0.0,0.0,0.0,VRAI,Finance,Finance
1005138,oracle,oracle_table,SYSADM.PS_AMAPLEAL_TAO4,PS_AMAPLEAL_TAO4,0,0,0,0,0,0,0,,,0.0,0.0,0.0,VRAI,Finance,Finance
1005139,oracle,oracle_table,SYSADM.PS_AMAPLEAL_TAO5,PS_AMAPLEAL_TAO5,0,0,0,0,0,0,0,,,0.0,0.0,0.0,VRAI,Finance,Finance
1005140,oracle,oracle_table,SYSADM.PS_AMAPLEAL_TAO6,PS_AMAPLEAL_TAO6,0,0,0,0,0,0,0,,,0.0,0.0,0.0,VRAI,Finance,Finance
1005141,oracle,oracle_table,SYSADM.PS_AMAPLEAL_TAO7,PS_AMAPLEAL_TAO7,0,0,0,0,0,0,0,,,0.0,0.0,0.0,VRAI,Finance,Finance
1005142,oracle,oracle_table,SYSADM.PS_AMAPLEAL_TAO8,PS_AMAPLEAL_TAO8,0,0,0,0,0,0,0,,,0.0,0.0,0.0,VRAI,Finance,Finance
1005143,oracle,oracle_table,SYSADM.PS_AMAPLEAPMT_AET,PS_AMAPLEAPMT_AET,24,5,19,3,4,17,1,19.041666666666664,254.0,0.0,0.0,0.0,VRAI,Finance,Finance
1005144,oracle,oracle_table,SYSADM.PS_AMAPLEAPMT_RQST,PS_AMAPLEAPMT_RQST,14,3,11,1,4,9,0,12.642857142857142,30.0,1.0,89.0,8.48770141601e-05,VRAI,Finance,Finance
1005145,oracle,oracle_table,SYSADM.PS_AMAPLEASQ_TAO,PS_AMAPLEASQ_TAO,11,1,10,5,1,5,0,6.454545454545455,12.0,0.0,0.0,0.0,VRAI,Finance,Finance
1005146,oracle,oracle_table,SYSADM.PS_AMAPLEASQ_TAO1,PS_AMAPLEASQ_TAO1,0,0,0,0,0,0,0,,,0.0,0.0,0.0,VRAI,Finance,Finance
1005147,oracle,oracle_table,SYSADM.PS_AMAPLEASQ_TAO2,PS_AMAPLEASQ_TAO2,0,0,0,0,0,0,0,,,0.0,0.0,0.0,VRAI,Finance,Finance
1005148,oracle,oracle_table,SYSADM.PS_AMAPLEASQ_TAO3,PS_AMAPLEASQ_TAO3,0,0,0,0,0,0,0,,,0.0,0.0,0.0,VRAI,Finance,Finance
1005149,oracle,oracle_table,SYSADM.PS_AMAPLEASQ_TAO4,PS_AMAPLEASQ_TAO4,0,0,0,0,0,0,0,,,0.0,0.0,0.0,VRAI,Finance,Finance
1005150,oracle,oracle_table,SYSADM.PS_AMAPLEASQ_TAO5,PS_AMAPLEASQ_TAO5,0,0,0,0,0,0,0,,,0.0,0.0,0.0,VRAI,Finance,Finance
1005151,oracle,oracle_table,SYSADM.PS_AMAPLEASQ_TAO6,PS_AMAPLEASQ_TAO6,0,0,0,0,0,0,0,,,0.0,0.0,0.0,VRAI,Finance,Finance
1005152,oracle,oracle_table,SYSADM.PS_AMAPLEASQ_TAO7,PS_AMAPLEASQ_TAO7,0,0,0,0,0,0,0,,,0.0,0.0,0.0,VRAI,Finance,Finance
1005153,oracle,oracle_table,SYSADM.PS_AMAPLEASQ_TAO8,PS_AMAPLEASQ_TAO8,0,0,0,0,0,0,0,,,0.0,0.0,0.0,VRAI,Finance,Finance
1005154,oracle,oracle_table,SYSADM.PS_AM_APPROVAL_HDR,PS_AM_APPROVAL_HDR,9,2,7,0,2,7,0,16.333333333333332,30.0,3.0,231.0,0.0002202987670898,VRAI,Finance,Finance
1005155,oracle,oracle_table,SYSADM.PS_AM_ARCH_AET,PS_AM_ARCH_AET,15,1,14,3,1,11,0,10.333333333333332,30.0,0.0,0.0,0.0,VRAI,Finance,Finance
1005156,oracle,oracle_table,SYSADM.PS_AM_AREA_LANG,PS_AM_AREA_LANG,7,1,6,0,1,6,1,9.714285714285714,30.0,0.0,0.0,0.0,VRAI,Finance,Finance
1005157,oracle,oracle_table,SYSADM.PS_AM_AREA_TBL,PS_AM_AREA_TBL,7,1,6,0,1,6,1,9.428571428571429,30.0,10.0,1520.0,0.0014495849609375,VRAI,Finance,Finance
1005158,oracle,oracle_table,SYSADM.PS_AM_ARO_AET,PS_AM_ARO_AET,7,0,7,5,0,2,0,7.7142857142857135,17.0,0.0,0.0,0.0,VRAI,Finance,Finance
1005159,oracle,oracle_table,SYSADM.PS_AMAROMAS1_TAO,PS_AMAROMAS1_TAO,4,0,4,2,0,2,0,7.5,12.0,0.0,0.0,0.0,VRAI,Finance,Finance
1005160,oracle,oracle_table,SYSADM.PS_AMAROMAS1_TAO1,PS_AMAROMAS1_TAO1,0,0,0,0,0,0,0,,,0.0,0.0,0.0,VRAI,Finance,Finance
1005161,oracle,oracle_table,SYSADM.PS_AMAROMAS1_TAO2,PS_AMAROMAS1_TAO2,0,0,0,0,0,0,0,,,0.0,0.0,0.0,VRAI,Finance,Finance
1005162,oracle,oracle_table,SYSADM.PS_AMAROMAS1_TAO3,PS_AMAROMAS1_TAO3,0,0,0,0,0,0,0,,,0.0,0.0,0.0,VRAI,Finance,Finance
1005163,oracle,oracle_table,SYSADM.PS_AMAROMAS1_TAO4,PS_AMAROMAS1_TAO4,0,0,0,0,0,0,0,,,0.0,0.0,0.0,VRAI,Finance,Finance
1005164,oracle,oracle_table,SYSADM.PS_AMAROMAS1_TAO5,PS_AMAROMAS1_TAO5,0,0,0,0,0,0,0,,,0.0,0.0,0.0,VRAI,Finance,Finance
1005165,oracle,oracle_table,SYSADM.PS_AMAROMAS1_TAO6,PS_AMAROMAS1_TAO6,0,0,0,0,0,0,0,,,0.0,0.0,0.0,VRAI,Finance,Finance
1005166,oracle,oracle_table,SYSADM.PS_AMAROMAS1_TAO7,PS_AMAROMAS1_TAO7,0,0,0,0,0,0,0,,,0.0,0.0,0.0,VRAI,Finance,Finance
1005167,oracle,oracle_table,SYSADM.PS_AMAROMAS1_TAO8,PS_AMAROMAS1_TAO8,0,0,0,0,0,0,0,,,0.0,0.0,0.0,VRAI,Finance,Finance
1005168,oracle,oracle_table,SYSADM.PS_AMAROMASS_AET,PS_AMAROMASS_AET,11,0,11,5,0,6,0,10.272727272727272,30.0,0.0,0.0,0.0,VRAI,Finance,Finance
1005169,oracle,oracle_table,SYSADM.PS_AM_ARO_RPT_AET,PS_AM_ARO_RPT_AET,35,3,32,5,2,28,1,122.88571428571429,4000.0,0.0,0.0,0.0,VRAI,Finance,Finance
1005170,oracle,oracle_table,SYSADM.PS_AM_ASSET_IOT,PS_AM_ASSET_IOT,12,1,11,0,0,12,1,199.25,2000.0,0.0,0.0,0.0,VRAI,Finance,Finance
1005171,oracle,oracle_table,SYSADM.PS_AM_ASSET_SD,PS_AM_ASSET_SD,31,5,26,11,5,15,0,14.193548387096774,50.0,3.0,282.0,0.0002689361572265,VRAI,Finance,Finance
1005172,oracle,oracle_table,SYSADM.PS_AM_ASST_AUD_AET,PS_AM_ASST_AUD_AET,7,0,7,3,0,4,0,7.571428571428571,15.0,3.0,51.0,4.86373901367e-05,VRAI,Finance,Finance
1005173,oracle,oracle_table,SYSADM.PS_AM_ASST_AUD_ARC,PS_AM_ASST_AUD_ARC,14,1,13,4,1,9,0,46.85714285714285,254.0,0.0,0.0,0.0,VRAI,Finance,Finance
1005174,oracle,oracle_table,SYSADM.PS_AM_ASST_AUD_TBL,PS_AM_ASST_AUD_TBL,12,1,11,3,1,8,0,51.5,254.0,0.0,0.0,0.0,VRAI,Finance,Finance
1005175,oracle,oracle_table,SYSADM.PS_AM_AST_1_TAO,PS_AM_AST_1_TAO,4,0,4,2,0,2,0,13.75,28.0,0.0,0.0,0.0,VRAI,Finance,Finance
1005176,oracle,oracle_table,SYSADM.PS_AM_AST_1_TAO1,PS_AM_AST_1_TAO1,0,0,0,0,0,0,0,,,0.0,0.0,0.0,VRAI,Finance,Finance
1005177,oracle,oracle_table,SYSADM.PS_AM_AST_1_TAO2,PS_AM_AST_1_TAO2,0,0,0,0,0,0,0,,,0.0,0.0,0.0,VRAI,Finance,Finance
1005178,oracle,oracle_table,SYSADM.PS_AM_AST_1_TAO3,PS_AM_AST_1_TAO3,0,0,0,0,0,0,0,,,0.0,0.0,0.0,VRAI,Finance,Finance
1005179,oracle,oracle_table,SYSADM.PS_AM_AST_1_TAO4,PS_AM_AST_1_TAO4,0,0,0,0,0,0,0,,,0.0,0.0,0.0,VRAI,Finance,Finance
1005180,oracle,oracle_table,SYSADM.PS_AM_AST_1_TAO5,PS_AM_AST_1_TAO5,0,0,0,0,0,0,0,,,0.0,0.0,0.0,VRAI,Finance,Finance
1005181,oracle,oracle_table,SYSADM.PS_AM_AST_1_TAO6,PS_AM_AST_1_TAO6,0,0,0,0,0,0,0,,,0.0,0.0,0.0,VRAI,Finance,Finance
1005182,oracle,oracle_table,SYSADM.PS_AM_AST_1_TAO7,PS_AM_AST_1_TAO7,0,0,0,0,0,0,0,,,0.0,0.0,0.0,VRAI,Finance,Finance
1005183,oracle,oracle_table,SYSADM.PS_AM_AST_1_TAO8,PS_AM_AST_1_TAO8,0,0,0,0,0,0,0,,,0.0,0.0,0.0,VRAI,Finance,Finance
1005184,oracle,oracle_table,SYSADM.PS_AM_AST_2_TAO,PS_AM_AST_2_TAO,3,0,3,2,0,1,0,16.666666666666664,28.0,0.0,0.0,0.0,VRAI,Finance,Finance
1005185,oracle,oracle_table,SYSADM.PS_AM_AST_2_TAO1,PS_AM_AST_2_TAO1,0,0,0,0,0,0,0,,,0.0,0.0,0.0,VRAI,Finance,Finance
1005186,oracle,oracle_table,SYSADM.PS_AM_AST_2_TAO2,PS_AM_AST_2_TAO2,0,0,0,0,0,0,0,,,0.0,0.0,0.0,VRAI,Finance,Finance
1005187,oracle,oracle_table,SYSADM.PS_AM_AST_2_TAO3,PS_AM_AST_2_TAO3,0,0,0,0,0,0,0,,,0.0,0.0,0.0,VRAI,Finance,Finance
1005188,oracle,oracle_table,SYSADM.PS_AM_AST_2_TAO4,PS_AM_AST_2_TAO4,0,0,0,0,0,0,0,,,0.0,0.0,0.0,VRAI,Finance,Finance
1005189,oracle,oracle_table,SYSADM.PS_AM_AST_2_TAO5,PS_AM_AST_2_TAO5,0,0,0,0,0,0,0,,,0.0,0.0,0.0,VRAI,Finance,Finance
1005190,oracle,oracle_table,SYSADM.PS_AM_AST_2_TAO6,PS_AM_AST_2_TAO6,0,0,0,0,0,0,0,,,0.0,0.0,0.0,VRAI,Finance,Finance
1005191,oracle,oracle_table,SYSADM.PS_AM_AST_2_TAO7,PS_AM_AST_2_TAO7,0,0,0,0,0,0,0,,,0.0,0.0,0.0,VRAI,Finance,Finance
1005192,oracle,oracle_table,SYSADM.PS_AM_AST_2_TAO8,PS_AM_AST_2_TAO8,0,0,0,0,0,0,0,,,0.0,0.0,0.0,VRAI,Finance,Finance
1005193,oracle,oracle_table,SYSADM.PS_AM_AST_3_TAO,PS_AM_AST_3_TAO,4,0,4,3,0,1,0,19.5,28.0,0.0,0.0,0.0,VRAI,Finance,Finance
1005194,oracle,oracle_table,SYSADM.PS_AM_AST_3_TAO1,PS_AM_AST_3_TAO1,0,0,0,0,0,0,0,,,0.0,0.0,0.0,VRAI,Finance,Finance
1005195,oracle,oracle_table,SYSADM.PS_AM_AST_3_TAO2,PS_AM_AST_3_TAO2,0,0,0,0,0,0,0,,,0.0,0.0,0.0,VRAI,Finance,Finance
1005196,oracle,oracle_table,SYSADM.PS_AM_AST_3_TAO3,PS_AM_AST_3_TAO3,0,0,0,0,0,0,0,,,0.0,0.0,0.0,VRAI,Finance,Finance
1005197,oracle,oracle_table,SYSADM.PS_AM_AST_3_TAO4,PS_AM_AST_3_TAO4,0,0,0,0,0,0,0,,,0.0,0.0,0.0,VRAI,Finance,Finance
1005198,oracle,oracle_table,SYSADM.PS_AM_AST_3_TAO5,PS_AM_AST_3_TAO5,0,0,0,0,0,0,0,,,0.0,0.0,0.0,VRAI,Finance,Finance
1005199,oracle,oracle_table,SYSADM.PS_AM_AST_3_TAO6,PS_AM_AST_3_TAO6,0,0,0,0,0,0,0,,,0.0,0.0,0.0,VRAI,Finance,Finance
1005200,oracle,oracle_table,SYSADM.PS_AM_AST_3_TAO7,PS_AM_AST_3_TAO7,0,0,0,0,0,0,0,,,0.0,0.0,0.0,VRAI,Finance,Finance
1005201,oracle,oracle_table,SYSADM.PS_AM_AST_3_TAO8,PS_AM_AST_3_TAO8,0,0,0,0,0,0,0,,,0.0,0.0,0.0,VRAI,Finance,Finance
1005202,oracle,oracle_table,SYSADM.PS_AM_AST_COMP_HIS,PS_AM_AST_COMP_HIS,14,3,11,0,4,10,0,29.07142857142857,254.0,73.0,4891.0,0.0046644210815429,VRAI,Finance,Finance
1005203,oracle,oracle_table,SYSADM.PS_AM_AST_IMP_AET,PS_AM_AST_IMP_AET,18,0,18,14,0,4,0,19.88888888888889,28.0,0.0,0.0,0.0,VRAI,Finance,Finance
1005204,oracle,oracle_table,SYSADM.PS_AM_ATT_AET,PS_AM_ATT_AET,7,0,7,1,0,6,0,16.0,30.0,0.0,0.0,0.0,VRAI,Finance,Finance
1005205,oracle,oracle_table,SYSADM.PS_AM_ATT_RQST,PS_AM_ATT_RQST,8,1,7,1,1,6,0,17.25,30.0,2.0,74.0,7.0571899414e-05,VRAI,Finance,Finance
1005206,oracle,oracle_table,SYSADM.PS_AM_AUD_HDR_TAO,PS_AM_AUD_HDR_TAO,15,1,14,1,3,11,1,7.0,26.0,0.0,0.0,0.0,VRAI,Finance,Finance
1005207,oracle,oracle_table,SYSADM.PS_AM_AUD_STAGE,PS_AM_AUD_STAGE,13,1,12,3,1,9,0,47.76923076923077,254.0,0.0,0.0,0.0,VRAI,Finance,Finance
1005208,oracle,oracle_table,SYSADM.PS_AM_AUTORET_AET,PS_AM_AUTORET_AET,48,3,45,8,3,37,0,8.979166666666666,30.0,0.0,0.0,0.0,VRAI,Finance,Finance
1005209,oracle,oracle_table,SYSADM.PS_AM_BASE_CC1_TMP,PS_AM_BASE_CC1_TMP,12,0,12,1,0,11,0,5.583333333333333,10.0,0.0,0.0,0.0,VRAI,Finance,Finance
1005210,oracle,oracle_table,SYSADM.PS_AM_BASE_CC_TMP,PS_AM_BASE_CC_TMP,12,0,12,1,0,11,0,5.583333333333333,10.0,0.0,0.0,0.0,VRAI,Finance,Finance
1005211,oracle,oracle_table,SYSADM.PS_AM_BI_ADDR,PS_AM_BI_ADDR,55,0,55,14,0,41,0,13.636363636363637,55.0,0.0,0.0,0.0,VRAI,Finance,Finance
1005212,oracle,oracle_table,SYSADM.PS_AM_BI_ADDR1,PS_AM_BI_ADDR1,0,0,0,0,0,0,0,,,0.0,0.0,0.0,VRAI,Finance,Finance
1005213,oracle,oracle_table,SYSADM.PS_AM_BI_ADDR2,PS_AM_BI_ADDR2,0,0,0,0,0,0,0,,,0.0,0.0,0.0,VRAI,Finance,Finance
1005214,oracle,oracle_table,SYSADM.PS_AM_BI_ADDR3,PS_AM_BI_ADDR3,0,0,0,0,0,0,0,,,0.0,0.0,0.0,VRAI,Finance,Finance
1005215,oracle,oracle_table,SYSADM.PS_AM_BI_ADDR4,PS_AM_BI_ADDR4,0,0,0,0,0,0,0,,,0.0,0.0,0.0,VRAI,Finance,Finance
1005216,oracle,oracle_table,SYSADM.PS_AM_BI_ADDR5,PS_AM_BI_ADDR5,0,0,0,0,0,0,0,,,0.0,0.0,0.0,VRAI,Finance,Finance
1005217,oracle,oracle_table,SYSADM.PS_AM_BI_ADDR6,PS_AM_BI_ADDR6,0,0,0,0,0,0,0,,,0.0,0.0,0.0,VRAI,Finance,Finance
1005218,oracle,oracle_table,SYSADM.PS_AM_BI_ADDR7,PS_AM_BI_ADDR7,0,0,0,0,0,0,0,,,0.0,0.0,0.0,VRAI,Finance,Finance
1005219,oracle,oracle_table,SYSADM.PS_AM_BI_ADDR8,PS_AM_BI_ADDR8,0,0,0,0,0,0,0,,,0.0,0.0,0.0,VRAI,Finance,Finance
1005220,oracle,oracle_table,SYSADM.PS_AM_BI_AEDS,PS_AM_BI_AEDS,48,1,47,10,1,37,0,8.791666666666666,30.0,0.0,0.0,0.0,VRAI,Finance,Finance
1005221,oracle,oracle_table,SYSADM.PS_AM_BI_AEDS1,PS_AM_BI_AEDS1,0,0,0,0,0,0,0,,,0.0,0.0,0.0,VRAI,Finance,Finance
1005222,oracle,oracle_table,SYSADM.PS_AM_BI_AEDS2,PS_AM_BI_AEDS2,0,0,0,0,0,0,0,,,0.0,0.0,0.0,VRAI,Finance,Finance
1005223,oracle,oracle_table,SYSADM.PS_AM_BI_AEDS3,PS_AM_BI_AEDS3,0,0,0,0,0,0,0,,,0.0,0.0,0.0,VRAI,Finance,Finance
1005224,oracle,oracle_table,SYSADM.PS_AM_BI_AEDS4,PS_AM_BI_AEDS4,0,0,0,0,0,0,0,,,0.0,0.0,0.0,VRAI,Finance,Finance
1005225,oracle,oracle_table,SYSADM.PS_AM_BI_AEDS5,PS_AM_BI_AEDS5,0,0,0,0,0,0,0,,,0.0,0.0,0.0,VRAI,Finance,Finance
1005226,oracle,oracle_table,SYSADM.PS_AM_BI_AEDS6,PS_AM_BI_AEDS6,0,0,0,0,0,0,0,,,0.0,0.0,0.0,VRAI,Finance,Finance
1005227,oracle,oracle_table,SYSADM.PS_AM_BI_AEDS7,PS_AM_BI_AEDS7,0,0,0,0,0,0,0,,,0.0,0.0,0.0,VRAI,Finance,Finance
1005228,oracle,oracle_table,SYSADM.PS_AM_BI_AEDS8,PS_AM_BI_AEDS8,0,0,0,0,0,0,0,,,0.0,0.0,0.0,VRAI,Finance,Finance
1005229,oracle,oracle_table,SYSADM.PS_AMBI_BU_LANG,PS_AMBI_BU_LANG,4,0,4,0,0,4,0,12.0,30.0,0.0,0.0,0.0,VRAI,Finance,Finance
1005230,oracle,oracle_table,SYSADM.PS_AM_BI_DRIVER,PS_AM_BI_DRIVER,245,18,227,53,18,174,0,9.53469387755102,40.0,0.0,0.0,0.0,VRAI,Finance,Finance
1005231,oracle,oracle_table,SYSADM.PS_AM_BI_DRIVER1,PS_AM_BI_DRIVER1,0,0,0,0,0,0,0,,,0.0,0.0,0.0,VRAI,Finance,Finance
1005232,oracle,oracle_table,SYSADM.PS_AM_BI_DRIVER2,PS_AM_BI_DRIVER2,0,0,0,0,0,0,0,,,0.0,0.0,0.0,VRAI,Finance,Finance
1005233,oracle,oracle_table,SYSADM.PS_AM_BI_DRIVER3,PS_AM_BI_DRIVER3,0,0,0,0,0,0,0,,,0.0,0.0,0.0,VRAI,Finance,Finance
1005234,oracle,oracle_table,SYSADM.PS_AM_BI_DRIVER4,PS_AM_BI_DRIVER4,0,0,0,0,0,0,0,,,0.0,0.0,0.0,VRAI,Finance,Finance
1005235,oracle,oracle_table,SYSADM.PS_AM_BI_DRIVER5,PS_AM_BI_DRIVER5,0,0,0,0,0,0,0,,,0.0,0.0,0.0,VRAI,Finance,Finance
1005236,oracle,oracle_table,SYSADM.PS_AM_BI_DRIVER6,PS_AM_BI_DRIVER6,0,0,0,0,0,0,0,,,0.0,0.0,0.0,VRAI,Finance,Finance
1005237,oracle,oracle_table,SYSADM.PS_AM_BI_DRIVER7,PS_AM_BI_DRIVER7,0,0,0,0,0,0,0,,,0.0,0.0,0.0,VRAI,Finance,Finance
1005238,oracle,oracle_table,SYSADM.PS_AM_BI_DRIVER8,PS_AM_BI_DRIVER8,0,0,0,0,0,0,0,,,0.0,0.0,0.0,VRAI,Finance,Finance
1005239,oracle,oracle_table,SYSADM.PS_AM_BI_HDR,PS_AM_BI_HDR,96,3,93,5,3,88,0,13.78125,70.0,0.0,0.0,0.0,VRAI,Finance,Finance
1005240,oracle,oracle_table,SYSADM.PS_AM_BI_HDR1,PS_AM_BI_HDR1,0,0,0,0,0,0,0,,,0.0,0.0,0.0,VRAI,Finance,Finance
1005241,oracle,oracle_table,SYSADM.PS_AM_BI_HDR2,PS_AM_BI_HDR2,0,0,0,0,0,0,0,,,0.0,0.0,0.0,VRAI,Finance,Finance
1005242,oracle,oracle_table,SYSADM.PS_AM_BI_HDR3,PS_AM_BI_HDR3,0,0,0,0,0,0,0,,,0.0,0.0,0.0,VRAI,Finance,Finance
1005243,oracle,oracle_table,SYSADM.PS_AM_BI_HDR4,PS_AM_BI_HDR4,0,0,0,0,0,0,0,,,0.0,0.0,0.0,VRAI,Finance,Finance
1005244,oracle,oracle_table,SYSADM.PS_AM_BI_HDR5,PS_AM_BI_HDR5,0,0,0,0,0,0,0,,,0.0,0.0,0.0,VRAI,Finance,Finance
1005245,oracle,oracle_table,SYSADM.PS_AM_BI_HDR6,PS_AM_BI_HDR6,0,0,0,0,0,0,0,,,0.0,0.0,0.0,VRAI,Finance,Finance
1005246,oracle,oracle_table,SYSADM.PS_AM_BI_HDR7,PS_AM_BI_HDR7,0,0,0,0,0,0,0,,,0.0,0.0,0.0,VRAI,Finance,Finance
1005247,oracle,oracle_table,SYSADM.PS_AM_BI_HDR8,PS_AM_BI_HDR8,0,0,0,0,0,0,0,,,0.0,0.0,0.0,VRAI,Finance,Finance
1005248,oracle,oracle_table,SYSADM.PS_AM_BI_INTFC_AET,PS_AM_BI_INTFC_AET,90,4,86,22,4,64,0,10.088888888888889,40.0,0.0,0.0,0.0,VRAI,Finance,Finance
1005249,oracle,oracle_table,SYSADM.PS_AMBI_INTFC_BILL,PS_AMBI_INTFC_BILL,20,1,19,4,1,15,0,21.7,254.0,5.0,405.0,0.0003862380981445,VRAI,Finance,Finance
1005250,oracle,oracle_table,SYSADM.PS_AMBI_INTFC_PROC,PS_AMBI_INTFC_PROC,9,0,9,1,0,8,0,12.333333333333332,30.0,1.0,55.0,5.24520874023e-05,VRAI,Finance,Finance
1005251,oracle,oracle_table,SYSADM.PS_AM_BI_NOTE,PS_AM_BI_NOTE,7,0,7,4,0,3,0,41.14285714285714,254.0,0.0,0.0,0.0,VRAI,Finance,Finance
1005252,oracle,oracle_table,SYSADM.PS_AM_BI_NOTE1,PS_AM_BI_NOTE1,0,0,0,0,0,0,0,,,0.0,0.0,0.0,VRAI,Finance,Finance
1005253,oracle,oracle_table,SYSADM.PS_AM_BI_NOTE2,PS_AM_BI_NOTE2,0,0,0,0,0,0,0,,,0.0,0.0,0.0,VRAI,Finance,Finance
1005254,oracle,oracle_table,SYSADM.PS_AM_BI_NOTE3,PS_AM_BI_NOTE3,0,0,0,0,0,0,0,,,0.0,0.0,0.0,VRAI,Finance,Finance
1005255,oracle,oracle_table,SYSADM.PS_AM_BI_NOTE4,PS_AM_BI_NOTE4,0,0,0,0,0,0,0,,,0.0,0.0,0.0,VRAI,Finance,Finance
1005256,oracle,oracle_table,SYSADM.PS_AM_BI_NOTE5,PS_AM_BI_NOTE5,0,0,0,0,0,0,0,,,0.0,0.0,0.0,VRAI,Finance,Finance
1005257,oracle,oracle_table,SYSADM.PS_AM_BI_NOTE6,PS_AM_BI_NOTE6,0,0,0,0,0,0,0,,,0.0,0.0,0.0,VRAI,Finance,Finance
1005258,oracle,oracle_table,SYSADM.PS_AM_BI_NOTE7,PS_AM_BI_NOTE7,0,0,0,0,0,0,0,,,0.0,0.0,0.0,VRAI,Finance,Finance
1005259,oracle,oracle_table,SYSADM.PS_AM_BI_NOTE8,PS_AM_BI_NOTE8,0,0,0,0,0,0,0,,,0.0,0.0,0.0,VRAI,Finance,Finance
1005260,oracle,oracle_table,SYSADM.PS_AM_BI_TA1,PS_AM_BI_TA1,21,1,20,4,1,16,0,20.714285714285715,254.0,0.0,0.0,0.0,VRAI,Finance,Finance
1005261,oracle,oracle_table,SYSADM.PS_AM_BI_TA11,PS_AM_BI_TA11,0,0,0,0,0,0,0,,,0.0,0.0,0.0,VRAI,Finance,Finance
1005262,oracle,oracle_table,SYSADM.PS_AM_BI_TA12,PS_AM_BI_TA12,0,0,0,0,0,0,0,,,0.0,0.0,0.0,VRAI,Finance,Finance
1005263,oracle,oracle_table,SYSADM.PS_AM_BI_TA13,PS_AM_BI_TA13,0,0,0,0,0,0,0,,,0.0,0.0,0.0,VRAI,Finance,Finance
1005264,oracle,oracle_table,SYSADM.PS_AM_BI_TA14,PS_AM_BI_TA14,0,0,0,0,0,0,0,,,0.0,0.0,0.0,VRAI,Finance,Finance
1005265,oracle,oracle_table,SYSADM.PS_AM_BI_TA15,PS_AM_BI_TA15,0,0,0,0,0,0,0,,,0.0,0.0,0.0,VRAI,Finance,Finance
1005266,oracle,oracle_table,SYSADM.PS_AM_BI_TA16,PS_AM_BI_TA16,0,0,0,0,0,0,0,,,0.0,0.0,0.0,VRAI,Finance,Finance
1005267,oracle,oracle_table,SYSADM.PS_AM_BI_TA17,PS_AM_BI_TA17,0,0,0,0,0,0,0,,,0.0,0.0,0.0,VRAI,Finance,Finance
1005268,oracle,oracle_table,SYSADM.PS_AM_BI_TA18,PS_AM_BI_TA18,0,0,0,0,0,0,0,,,0.0,0.0,0.0,VRAI,Finance,Finance
1005269,oracle,oracle_table,SYSADM.PS_AM_BKC_DFT_AET,PS_AM_BKC_DFT_AET,9,0,9,1,0,8,0,8.777777777777779,20.0,1.0,20.0,1.90734863281e-05,VRAI,Finance,Finance
1005270,oracle,oracle_table,SYSADM.PS_AM_BKC_DL_TAO,PS_AM_BKC_DL_TAO,7,1,6,1,1,5,0,9.714285714285714,26.0,0.0,0.0,0.0,VRAI,Finance,Finance
1005271,oracle,oracle_table,SYSADM.PS_AM_BKC_DL_TAO4,PS_AM_BKC_DL_TAO4,0,0,0,0,0,0,0,,,0.0,0.0,0.0,VRAI,Finance,Finance
1005272,oracle,oracle_table,SYSADM.PS_AM_BKC_DL_TAO5,PS_AM_BKC_DL_TAO5,0,0,0,0,0,0,0,,,0.0,0.0,0.0,VRAI,Finance,Finance
1005273,oracle,oracle_table,SYSADM.PS_AM_BKC_DL_TAO6,PS_AM_BKC_DL_TAO6,0,0,0,0,0,0,0,,,0.0,0.0,0.0,VRAI,Finance,Finance
1005274,oracle,oracle_table,SYSADM.PS_AM_BKC_DL_TAO7,PS_AM_BKC_DL_TAO7,0,0,0,0,0,0,0,,,0.0,0.0,0.0,VRAI,Finance,Finance
1005275,oracle,oracle_table,SYSADM.PS_AM_BKC_DL_TAO8,PS_AM_BKC_DL_TAO8,0,0,0,0,0,0,0,,,0.0,0.0,0.0,VRAI,Finance,Finance
1005276,oracle,oracle_table,SYSADM.PS_AM_BKC_RSET_AET,PS_AM_BKC_RSET_AET,14,0,14,1,0,13,0,8.714285714285714,30.0,0.0,0.0,0.0,VRAI,Finance,Finance
1005277,oracle,oracle_table,SYSADM.PS_AM_BOOK_TAO,PS_AM_BOOK_TAO,2,0,2,1,0,1,0,10.0,10.0,0.0,0.0,0.0,VRAI,Finance,Finance
1005278,oracle,oracle_table,SYSADM.PS_AM_BOOK_TAO1,PS_AM_BOOK_TAO1,0,0,0,0,0,0,0,,,0.0,0.0,0.0,VRAI,Finance,Finance
1005279,oracle,oracle_table,SYSADM.PS_AM_BOOK_TAO2,PS_AM_BOOK_TAO2,0,0,0,0,0,0,0,,,0.0,0.0,0.0,VRAI,Finance,Finance
1005280,oracle,oracle_table,SYSADM.PS_AM_BOOK_TAO3,PS_AM_BOOK_TAO3,0,0,0,0,0,0,0,,,0.0,0.0,0.0,VRAI,Finance,Finance
1005281,oracle,oracle_table,SYSADM.PS_AM_BOOK_TAO4,PS_AM_BOOK_TAO4,0,0,0,0,0,0,0,,,0.0,0.0,0.0,VRAI,Finance,Finance
1005282,oracle,oracle_table,SYSADM.PS_AM_BOOK_TAO5,PS_AM_BOOK_TAO5,0,0,0,0,0,0,0,,,0.0,0.0,0.0,VRAI,Finance,Finance
1005283,oracle,oracle_table,SYSADM.PS_AM_BOOK_TAO6,PS_AM_BOOK_TAO6,0,0,0,0,0,0,0,,,0.0,0.0,0.0,VRAI,Finance,Finance
1005284,oracle,oracle_table,SYSADM.PS_AM_BOOK_TAO7,PS_AM_BOOK_TAO7,0,0,0,0,0,0,0,,,0.0,0.0,0.0,VRAI,Finance,Finance
1005285,oracle,oracle_table,SYSADM.PS_AM_BOOK_TAO8,PS_AM_BOOK_TAO8,0,0,0,0,0,0,0,,,0.0,0.0,0.0,VRAI,Finance,Finance
1005286,oracle,oracle_table,SYSADM.PS_AM_BU_BK_TAO,PS_AM_BU_BK_TAO,5,1,4,2,1,2,0,7.6,10.0,0.0,0.0,0.0,VRAI,Finance,Finance
1005287,oracle,oracle_table,SYSADM.PS_AM_BU_BK_TAO1,PS_AM_BU_BK_TAO1,0,0,0,0,0,0,0,,,0.0,0.0,0.0,VRAI,Finance,Finance
1005288,oracle,oracle_table,SYSADM.PS_AM_BU_BK_TAO10,PS_AM_BU_BK_TAO10,0,0,0,0,0,0,0,,,0.0,0.0,0.0,VRAI,Finance,Finance
1005289,oracle,oracle_table,SYSADM.PS_AM_BU_BK_TAO11,PS_AM_BU_BK_TAO11,0,0,0,0,0,0,0,,,0.0,0.0,0.0,VRAI,Finance,Finance
1005290,oracle,oracle_table,SYSADM.PS_AM_BU_BK_TAO12,PS_AM_BU_BK_TAO12,0,0,0,0,0,0,0,,,0.0,0.0,0.0,VRAI,Finance,Finance
1005291,oracle,oracle_table,SYSADM.PS_AM_BU_BK_TAO13,PS_AM_BU_BK_TAO13,0,0,0,0,0,0,0,,,0.0,0.0,0.0,VRAI,Finance,Finance
1005292,oracle,oracle_table,SYSADM.PS_AM_BU_BK_TAO2,PS_AM_BU_BK_TAO2,0,0,0,0,0,0,0,,,0.0,0.0,0.0,VRAI,Finance,Finance
1005293,oracle,oracle_table,SYSADM.PS_AM_BU_BK_TAO3,PS_AM_BU_BK_TAO3,0,0,0,0,0,0,0,,,0.0,0.0,0.0,VRAI,Finance,Finance
1005294,oracle,oracle_table,SYSADM.PS_AM_BU_BK_TAO4,PS_AM_BU_BK_TAO4,0,0,0,0,0,0,0,,,0.0,0.0,0.0,VRAI,Finance,Finance
1005295,oracle,oracle_table,SYSADM.PS_AM_BU_BK_TAO5,PS_AM_BU_BK_TAO5,0,0,0,0,0,0,0,,,0.0,0.0,0.0,VRAI,Finance,Finance
1005296,oracle,oracle_table,SYSADM.PS_AM_BU_BK_TAO6,PS_AM_BU_BK_TAO6,0,0,0,0,0,0,0,,,0.0,0.0,0.0,VRAI,Finance,Finance
1005297,oracle,oracle_table,SYSADM.PS_AM_BU_BK_TAO7,PS_AM_BU_BK_TAO7,0,0,0,0,0,0,0,,,0.0,0.0,0.0,VRAI,Finance,Finance
1005298,oracle,oracle_table,SYSADM.PS_AM_BU_BK_TAO8,PS_AM_BU_BK_TAO8,0,0,0,0,0,0,0,,,0.0,0.0,0.0,VRAI,Finance,Finance
1005299,oracle,oracle_table,SYSADM.PS_AM_BU_BK_TAO9,PS_AM_BU_BK_TAO9,0,0,0,0,0,0,0,,,0.0,0.0,0.0,VRAI,Finance,Finance
1005300,oracle,oracle_table,SYSADM.PS_AM_CALENDAR_AET,PS_AM_CALENDAR_AET,10,2,8,6,2,2,0,8.9,19.0,0.0,0.0,0.0,VRAI,Finance,Finance
1005301,oracle,oracle_table,SYSADM.PS_AM_CALENDAR_TMP,PS_AM_CALENDAR_TMP,10,2,8,6,2,2,0,8.9,19.0,0.0,0.0,0.0,VRAI,Finance,Finance
1005302,oracle,oracle_table,SYSADM.PS_AM_CAPVAL2_AET,PS_AM_CAPVAL2_AET,127,10,117,29,10,88,0,11.48031496062992,254.0,0.0,0.0,0.0,VRAI,Finance,Finance
1005303,oracle,oracle_table,SYSADM.PS_AM_CAPVAL_AET,PS_AM_CAPVAL_AET,45,5,40,2,4,39,1,97.0,4000.0,0.0,0.0,0.0,VRAI,Finance,Finance
1005304,oracle,oracle_table,SYSADM.PS_AM_CAPVAL_RQST,PS_AM_CAPVAL_RQST,42,4,38,2,4,36,0,8.571428571428571,30.0,0.0,0.0,0.0,VRAI,Finance,Finance
1005305,oracle,oracle_table,SYSADM.PS_AM_CAPVAL_STG,PS_AM_CAPVAL_STG,16,1,15,4,1,11,0,12.875,30.0,0.0,0.0,0.0,VRAI,Finance,Finance
1005306,oracle,oracle_table,SYSADM.PS_AMCCAUPD_RQST,PS_AMCCAUPD_RQST,12,1,11,2,1,9,0,10.75,30.0,0.0,0.0,0.0,VRAI,Finance,Finance
1005307,oracle,oracle_table,SYSADM.PS_AM_CDSUM_AET,PS_AM_CDSUM_AET,12,0,12,2,0,10,0,11.166666666666666,30.0,0.0,0.0,0.0,VRAI,Finance,Finance
1005308,oracle,oracle_table,SYSADM.PS_AM_CEDT_SSRC,PS_AM_CEDT_SSRC,3,0,3,0,0,3,0,6.0,10.0,0.0,0.0,0.0,VRAI,Finance,Finance
1005309,oracle,oracle_table,SYSADM.PS_AM_CF_1_TAO,PS_AM_CF_1_TAO,17,0,17,2,0,15,0,9.411764705882351,28.0,0.0,0.0,0.0,VRAI,Finance,Finance
1005310,oracle,oracle_table,SYSADM.PS_AM_CF_1_TAO1,PS_AM_CF_1_TAO1,0,0,0,0,0,0,0,,,0.0,0.0,0.0,VRAI,Finance,Finance
1005311,oracle,oracle_table,SYSADM.PS_AM_CF_1_TAO2,PS_AM_CF_1_TAO2,0,0,0,0,0,0,0,,,0.0,0.0,0.0,VRAI,Finance,Finance
1005312,oracle,oracle_table,SYSADM.PS_AM_CF_1_TAO3,PS_AM_CF_1_TAO3,0,0,0,0,0,0,0,,,0.0,0.0,0.0,VRAI,Finance,Finance
1005313,oracle,oracle_table,SYSADM.PS_AM_CF_1_TAO4,PS_AM_CF_1_TAO4,0,0,0,0,0,0,0,,,0.0,0.0,0.0,VRAI,Finance,Finance
1005314,oracle,oracle_table,SYSADM.PS_AM_CF_1_TAO5,PS_AM_CF_1_TAO5,0,0,0,0,0,0,0,,,0.0,0.0,0.0,VRAI,Finance,Finance
1005315,oracle,oracle_table,SYSADM.PS_AM_CF_1_TAO6,PS_AM_CF_1_TAO6,0,0,0,0,0,0,0,,,0.0,0.0,0.0,VRAI,Finance,Finance
1005316,oracle,oracle_table,SYSADM.PS_AM_CF_1_TAO7,PS_AM_CF_1_TAO7,0,0,0,0,0,0,0,,,0.0,0.0,0.0,VRAI,Finance,Finance
1005317,oracle,oracle_table,SYSADM.PS_AM_CF_1_TAO8,PS_AM_CF_1_TAO8,0,0,0,0,0,0,0,,,0.0,0.0,0.0,VRAI,Finance,Finance
1005318,oracle,oracle_table,SYSADM.PS_AM_CF_2_TAO,PS_AM_CF_2_TAO,17,0,17,2,0,15,0,9.411764705882351,28.0,0.0,0.0,0.0,VRAI,Finance,Finance
1005319,oracle,oracle_table,SYSADM.PS_AM_CF_2_TAO1,PS_AM_CF_2_TAO1,0,0,0,0,0,0,0,,,0.0,0.0,0.0,VRAI,Finance,Finance
1005320,oracle,oracle_table,SYSADM.PS_AM_CF_2_TAO2,PS_AM_CF_2_TAO2,0,0,0,0,0,0,0,,,0.0,0.0,0.0,VRAI,Finance,Finance
1005321,oracle,oracle_table,SYSADM.PS_AM_CF_2_TAO3,PS_AM_CF_2_TAO3,0,0,0,0,0,0,0,,,0.0,0.0,0.0,VRAI,Finance,Finance
1005322,oracle,oracle_table,SYSADM.PS_AM_CF_2_TAO4,PS_AM_CF_2_TAO4,0,0,0,0,0,0,0,,,0.0,0.0,0.0,VRAI,Finance,Finance
1005323,oracle,oracle_table,SYSADM.PS_AM_CF_2_TAO5,PS_AM_CF_2_TAO5,0,0,0,0,0,0,0,,,0.0,0.0,0.0,VRAI,Finance,Finance
1005324,oracle,oracle_table,SYSADM.PS_AM_CF_2_TAO6,PS_AM_CF_2_TAO6,0,0,0,0,0,0,0,,,0.0,0.0,0.0,VRAI,Finance,Finance
1005325,oracle,oracle_table,SYSADM.PS_AM_CF_2_TAO7,PS_AM_CF_2_TAO7,0,0,0,0,0,0,0,,,0.0,0.0,0.0,VRAI,Finance,Finance
1005326,oracle,oracle_table,SYSADM.PS_AM_CF_2_TAO8,PS_AM_CF_2_TAO8,0,0,0,0,0,0,0,,,0.0,0.0,0.0,VRAI,Finance,Finance
1005327,oracle,oracle_table,SYSADM.PS_AM_CF_3_TAO,PS_AM_CF_3_TAO,18,0,18,3,0,15,0,10.444444444444445,28.0,0.0,0.0,0.0,VRAI,Finance,Finance
1005328,oracle,oracle_table,SYSADM.PS_AM_CF_3_TAO1,PS_AM_CF_3_TAO1,0,0,0,0,0,0,0,,,0.0,0.0,0.0,VRAI,Finance,Finance
1005329,oracle,oracle_table,SYSADM.PS_AM_CF_3_TAO2,PS_AM_CF_3_TAO2,0,0,0,0,0,0,0,,,0.0,0.0,0.0,VRAI,Finance,Finance
1005330,oracle,oracle_table,SYSADM.PS_AM_CF_3_TAO3,PS_AM_CF_3_TAO3,0,0,0,0,0,0,0,,,0.0,0.0,0.0,VRAI,Finance,Finance
1005331,oracle,oracle_table,SYSADM.PS_AM_CF_3_TAO4,PS_AM_CF_3_TAO4,0,0,0,0,0,0,0,,,0.0,0.0,0.0,VRAI,Finance,Finance
1005332,oracle,oracle_table,SYSADM.PS_AM_CF_3_TAO5,PS_AM_CF_3_TAO5,0,0,0,0,0,0,0,,,0.0,0.0,0.0,VRAI,Finance,Finance
1005333,oracle,oracle_table,SYSADM.PS_AM_CF_3_TAO6,PS_AM_CF_3_TAO6,0,0,0,0,0,0,0,,,0.0,0.0,0.0,VRAI,Finance,Finance
1005334,oracle,oracle_table,SYSADM.PS_AM_CF_3_TAO7,PS_AM_CF_3_TAO7,0,0,0,0,0,0,0,,,0.0,0.0,0.0,VRAI,Finance,Finance
1005335,oracle,oracle_table,SYSADM.PS_AM_CF_3_TAO8,PS_AM_CF_3_TAO8,0,0,0,0,0,0,0,,,0.0,0.0,0.0,VRAI,Finance,Finance
1005336,oracle,oracle_table,SYSADM.PS_AM_CF_IMP_AET,PS_AM_CF_IMP_AET,26,0,26,8,0,18,0,13.5,28.0,0.0,0.0,0.0,VRAI,Finance,Finance
1005337,oracle,oracle_table,SYSADM.PS_AM_CF_MAP_AET,PS_AM_CF_MAP_AET,9,0,9,1,0,8,0,43.55555555555556,254.0,0.0,0.0,0.0,VRAI,Finance,Finance
1005338,oracle,oracle_table,SYSADM.PS_AM_CF_MAP_DET,PS_AM_CF_MAP_DET,5,0,5,0,0,5,0,18.6,30.0,9.0,342.0,0.0003261566162109,VRAI,Finance,Finance
1005339,oracle,oracle_table,SYSADM.PS_AM_CF_MAP_HDR,PS_AM_CF_MAP_HDR,2,0,2,0,0,2,0,7.5,10.0,3.0,36.0,3.43322753906e-05,VRAI,Finance,Finance
1005340,oracle,oracle_table,SYSADM.PS_AM_CF_MAP_TAO,PS_AM_CF_MAP_TAO,6,0,6,1,0,5,0,21.33333333333333,30.0,0.0,0.0,0.0,VRAI,Finance,Finance
1005341,oracle,oracle_table,SYSADM.PS_AM_CF_MAP_TAO1,PS_AM_CF_MAP_TAO1,0,0,0,0,0,0,0,,,0.0,0.0,0.0,VRAI,Finance,Finance
1005342,oracle,oracle_table,SYSADM.PS_AM_CF_MAP_TAO10,PS_AM_CF_MAP_TAO10,0,0,0,0,0,0,0,,,0.0,0.0,0.0,VRAI,Finance,Finance
1005343,oracle,oracle_table,SYSADM.PS_AM_CF_MAP_TAO11,PS_AM_CF_MAP_TAO11,0,0,0,0,0,0,0,,,0.0,0.0,0.0,VRAI,Finance,Finance
1005344,oracle,oracle_table,SYSADM.PS_AM_CF_MAP_TAO12,PS_AM_CF_MAP_TAO12,0,0,0,0,0,0,0,,,0.0,0.0,0.0,VRAI,Finance,Finance
1005345,oracle,oracle_table,SYSADM.PS_AM_CF_MAP_TAO13,PS_AM_CF_MAP_TAO13,0,0,0,0,0,0,0,,,0.0,0.0,0.0,VRAI,Finance,Finance
1005346,oracle,oracle_table,SYSADM.PS_AM_CF_MAP_TAO2,PS_AM_CF_MAP_TAO2,0,0,0,0,0,0,0,,,0.0,0.0,0.0,VRAI,Finance,Finance
1005347,oracle,oracle_table,SYSADM.PS_AM_CF_MAP_TAO3,PS_AM_CF_MAP_TAO3,0,0,0,0,0,0,0,,,0.0,0.0,0.0,VRAI,Finance,Finance
1005348,oracle,oracle_table,SYSADM.PS_AM_CF_MAP_TAO4,PS_AM_CF_MAP_TAO4,0,0,0,0,0,0,0,,,0.0,0.0,0.0,VRAI,Finance,Finance
1005349,oracle,oracle_table,SYSADM.PS_AM_CF_MAP_TAO5,PS_AM_CF_MAP_TAO5,0,0,0,0,0,0,0,,,0.0,0.0,0.0,VRAI,Finance,Finance
1005350,oracle,oracle_table,SYSADM.PS_AM_CF_MAP_TAO6,PS_AM_CF_MAP_TAO6,0,0,0,0,0,0,0,,,0.0,0.0,0.0,VRAI,Finance,Finance
1005351,oracle,oracle_table,SYSADM.PS_AM_CF_MAP_TAO7,PS_AM_CF_MAP_TAO7,0,0,0,0,0,0,0,,,0.0,0.0,0.0,VRAI,Finance,Finance
1005352,oracle,oracle_table,SYSADM.PS_AM_CF_MAP_TAO8,PS_AM_CF_MAP_TAO8,0,0,0,0,0,0,0,,,0.0,0.0,0.0,VRAI,Finance,Finance
1005353,oracle,oracle_table,SYSADM.PS_AM_CF_MAP_TAO9,PS_AM_CF_MAP_TAO9,0,0,0,0,0,0,0,,,0.0,0.0,0.0,VRAI,Finance,Finance
1005354,oracle,oracle_table,SYSADM.PS_AM_CF_SPACE_AET,PS_AM_CF_SPACE_AET,19,0,19,1,0,18,0,7.368421052631579,15.0,0.0,0.0,0.0,VRAI,Finance,Finance
1005355,oracle,oracle_table,SYSADM.PS_AM_CGU_DTL,PS_AM_CGU_DTL,4,0,4,0,0,4,0,11.0,20.0,6.0,150.0,0.0001430511474609,VRAI,Finance,Finance
1005356,oracle,oracle_table,SYSADM.PS_AM_CGU_FLD_VAL,PS_AM_CGU_FLD_VAL,5,0,5,0,0,5,0,20.6,30.0,11.0,352.0,0.000335693359375,VRAI,Finance,Finance
1005357,oracle,oracle_table,SYSADM.PS_AM_CGU_HDR,PS_AM_CGU_HDR,5,0,5,0,0,5,0,15.2,30.0,4.0,152.0,0.0001449584960937,VRAI,Finance,Finance
1005358,oracle,oracle_table,SYSADM.PS_AM_CGU_IMP_AET,PS_AM_CGU_IMP_AET,47,5,42,18,4,25,1,38.48936170212765,254.0,0.0,0.0,0.0,VRAI,Finance,Finance
1005359,oracle,oracle_table,SYSADM.PS_AM_CGU_IMP_RUN,PS_AM_CGU_IMP_RUN,41,2,39,11,3,27,1,16.195121951219512,50.0,0.0,0.0,0.0,VRAI,Finance,Finance
1005360,oracle,oracle_table,SYSADM.PS_AM_CGU_LG,PS_AM_CGU_LG,4,0,4,0,0,4,0,14.5,30.0,0.0,0.0,0.0,VRAI,Finance,Finance
1005361,oracle,oracle_table,SYSADM.PS_AM_CHART_D1_WRK,PS_AM_CHART_D1_WRK,4,0,4,1,0,3,0,16.25,30.0,0.0,0.0,0.0,VRAI,Finance,Finance
1005362,oracle,oracle_table,SYSADM.PS_AM_CHART_DET,PS_AM_CHART_DET,3,0,3,0,0,3,0,26.0,30.0,0.0,0.0,0.0,VRAI,Finance,Finance
1005363,oracle,oracle_table,SYSADM.PS_AM_CHART_D_WRK,PS_AM_CHART_D_WRK,11,0,11,9,0,2,0,21.272727272727277,28.0,0.0,0.0,0.0,VRAI,Finance,Finance
1005364,oracle,oracle_table,SYSADM.PS_AM_CLEREC_AET,PS_AM_CLEREC_AET,41,1,40,4,1,36,0,6.51219512195122,17.0,0.0,0.0,0.0,VRAI,Finance,Finance
1005365,oracle,oracle_table,SYSADM.PS_AM_CLEREC_RQST,PS_AM_CLEREC_RQST,17,1,16,3,1,13,0,10.470588235294116,30.0,0.0,0.0,0.0,VRAI,Finance,Finance
1005366,oracle,oracle_table,SYSADM.PS_AM_CMBEDIT_CF,PS_AM_CMBEDIT_CF,60,5,55,12,5,43,0,9.8,30.0,0.0,0.0,0.0,VRAI,Finance,Finance
1005367,oracle,oracle_table,SYSADM.PS_AM_COA_BU_TAO,PS_AM_COA_BU_TAO,2,0,2,1,0,1,0,7.5,10.0,0.0,0.0,0.0,VRAI,Finance,Finance
1005368,oracle,oracle_table,SYSADM.PS_AM_COA_BU_TAO1,PS_AM_COA_BU_TAO1,0,0,0,0,0,0,0,,,0.0,0.0,0.0,VRAI,Finance,Finance
1005369,oracle,oracle_table,SYSADM.PS_AM_COA_BU_TAO10,PS_AM_COA_BU_TAO10,0,0,0,0,0,0,0,,,0.0,0.0,0.0,VRAI,Finance,Finance
1005370,oracle,oracle_table,SYSADM.PS_AM_COA_BU_TAO11,PS_AM_COA_BU_TAO11,0,0,0,0,0,0,0,,,0.0,0.0,0.0,VRAI,Finance,Finance
1005371,oracle,oracle_table,SYSADM.PS_AM_COA_BU_TAO12,PS_AM_COA_BU_TAO12,0,0,0,0,0,0,0,,,0.0,0.0,0.0,VRAI,Finance,Finance
1005372,oracle,oracle_table,SYSADM.PS_AM_COA_BU_TAO13,PS_AM_COA_BU_TAO13,0,0,0,0,0,0,0,,,0.0,0.0,0.0,VRAI,Finance,Finance
1005373,oracle,oracle_table,SYSADM.PS_AM_COA_BU_TAO2,PS_AM_COA_BU_TAO2,0,0,0,0,0,0,0,,,0.0,0.0,0.0,VRAI,Finance,Finance
1005374,oracle,oracle_table,SYSADM.PS_AM_COA_BU_TAO3,PS_AM_COA_BU_TAO3,0,0,0,0,0,0,0,,,0.0,0.0,0.0,VRAI,Finance,Finance
1005375,oracle,oracle_table,SYSADM.PS_AM_COA_BU_TAO4,PS_AM_COA_BU_TAO4,0,0,0,0,0,0,0,,,0.0,0.0,0.0,VRAI,Finance,Finance
1005376,oracle,oracle_table,SYSADM.PS_AM_COA_BU_TAO5,PS_AM_COA_BU_TAO5,0,0,0,0,0,0,0,,,0.0,0.0,0.0,VRAI,Finance,Finance
1005377,oracle,oracle_table,SYSADM.PS_AM_COA_BU_TAO6,PS_AM_COA_BU_TAO6,0,0,0,0,0,0,0,,,0.0,0.0,0.0,VRAI,Finance,Finance
1005378,oracle,oracle_table,SYSADM.PS_AM_COA_BU_TAO7,PS_AM_COA_BU_TAO7,0,0,0,0,0,0,0,,,0.0,0.0,0.0,VRAI,Finance,Finance
1005379,oracle,oracle_table,SYSADM.PS_AM_COA_BU_TAO8,PS_AM_COA_BU_TAO8,0,0,0,0,0,0,0,,,0.0,0.0,0.0,VRAI,Finance,Finance
1005380,oracle,oracle_table,SYSADM.PS_AM_COA_BU_TAO9,PS_AM_COA_BU_TAO9,0,0,0,0,0,0,0,,,0.0,0.0,0.0,VRAI,Finance,Finance
1005381,oracle,oracle_table,SYSADM.PS_AMCOMMENT_STAGE,PS_AMCOMMENT_STAGE,11,4,7,1,2,8,1,17.727272727272727,50.0,0.0,0.0,0.0,VRAI,Finance,Finance
1005382,oracle,oracle_table,SYSADM.PS_AM_CON2_TMP,PS_AM_CON2_TMP,17,1,16,7,1,9,0,9.0,30.0,0.0,0.0,0.0,VRAI,Finance,Finance
1005383,oracle,oracle_table,SYSADM.PS_AM_CON_TMP,PS_AM_CON_TMP,17,1,16,7,1,9,0,9.0,30.0,0.0,0.0,0.0,VRAI,Finance,Finance
1005384,oracle,oracle_table,SYSADM.PS_AM_COST_A_TAO,PS_AM_COST_A_TAO,57,5,52,13,5,39,0,10.017543859649122,30.0,0.0,0.0,0.0,VRAI,Finance,Finance
1005385,oracle,oracle_table,SYSADM.PS_AM_COST_A_TAO1,PS_AM_COST_A_TAO1,0,0,0,0,0,0,0,,,0.0,0.0,0.0,VRAI,Finance,Finance
1005386,oracle,oracle_table,SYSADM.PS_AM_COST_A_TAO2,PS_AM_COST_A_TAO2,0,0,0,0,0,0,0,,,0.0,0.0,0.0,VRAI,Finance,Finance
1005387,oracle,oracle_table,SYSADM.PS_AM_COST_A_TAO3,PS_AM_COST_A_TAO3,0,0,0,0,0,0,0,,,0.0,0.0,0.0,VRAI,Finance,Finance
1005388,oracle,oracle_table,SYSADM.PS_AM_COST_A_TAO4,PS_AM_COST_A_TAO4,0,0,0,0,0,0,0,,,0.0,0.0,0.0,VRAI,Finance,Finance
1005389,oracle,oracle_table,SYSADM.PS_AM_COST_A_TAO5,PS_AM_COST_A_TAO5,0,0,0,0,0,0,0,,,0.0,0.0,0.0,VRAI,Finance,Finance
1005390,oracle,oracle_table,SYSADM.PS_AM_COST_A_TAO6,PS_AM_COST_A_TAO6,0,0,0,0,0,0,0,,,0.0,0.0,0.0,VRAI,Finance,Finance
1005391,oracle,oracle_table,SYSADM.PS_AM_COST_A_TAO7,PS_AM_COST_A_TAO7,0,0,0,0,0,0,0,,,0.0,0.0,0.0,VRAI,Finance,Finance
1005392,oracle,oracle_table,SYSADM.PS_AM_COST_A_TAO8,PS_AM_COST_A_TAO8,0,0,0,0,0,0,0,,,0.0,0.0,0.0,VRAI,Finance,Finance
1005393,oracle,oracle_table,SYSADM.PS_AM_COST_C_TAO,PS_AM_COST_C_TAO,7,2,5,3,2,2,0,7.428571428571427,10.0,0.0,0.0,0.0,VRAI,Finance,Finance
1005394,oracle,oracle_table,SYSADM.PS_AM_COST_C_TAO1,PS_AM_COST_C_TAO1,0,0,0,0,0,0,0,,,0.0,0.0,0.0,VRAI,Finance,Finance
1005395,oracle,oracle_table,SYSADM.PS_AM_COST_C_TAO2,PS_AM_COST_C_TAO2,0,0,0,0,0,0,0,,,0.0,0.0,0.0,VRAI,Finance,Finance
1005396,oracle,oracle_table,SYSADM.PS_AM_COST_C_TAO3,PS_AM_COST_C_TAO3,0,0,0,0,0,0,0,,,0.0,0.0,0.0,VRAI,Finance,Finance
1005397,oracle,oracle_table,SYSADM.PS_AM_COST_C_TAO4,PS_AM_COST_C_TAO4,0,0,0,0,0,0,0,,,0.0,0.0,0.0,VRAI,Finance,Finance
1005398,oracle,oracle_table,SYSADM.PS_AM_COST_C_TAO5,PS_AM_COST_C_TAO5,0,0,0,0,0,0,0,,,0.0,0.0,0.0,VRAI,Finance,Finance
1005399,oracle,oracle_table,SYSADM.PS_AM_COST_C_TAO6,PS_AM_COST_C_TAO6,0,0,0,0,0,0,0,,,0.0,0.0,0.0,VRAI,Finance,Finance
1005400,oracle,oracle_table,SYSADM.PS_AM_COST_C_TAO7,PS_AM_COST_C_TAO7,0,0,0,0,0,0,0,,,0.0,0.0,0.0,VRAI,Finance,Finance
1005401,oracle,oracle_table,SYSADM.PS_AM_COST_C_TAO8,PS_AM_COST_C_TAO8,0,0,0,0,0,0,0,,,0.0,0.0,0.0,VRAI,Finance,Finance
1005402,oracle,oracle_table,SYSADM.PS_AM_COST_DFT_AET,PS_AM_COST_DFT_AET,14,2,12,1,2,11,0,11.142857142857142,30.0,0.0,0.0,0.0,VRAI,Finance,Finance
1005403,oracle,oracle_table,SYSADM.PS_AM_COST_SUM_AUD,PS_AM_COST_SUM_AUD,60,6,54,13,6,41,0,10.95,30.0,0.0,0.0,0.0,VRAI,Finance,Finance
1005404,oracle,oracle_table,SYSADM.PS_AM_COST_SUM_RUN,PS_AM_COST_SUM_RUN,12,0,12,0,2,10,0,11.333333333333332,30.0,0.0,0.0,0.0,VRAI,Finance,Finance
1005405,oracle,oracle_table,SYSADM.PS_AM_COST_U_TAO,PS_AM_COST_U_TAO,57,5,52,13,5,39,0,10.017543859649122,30.0,0.0,0.0,0.0,VRAI,Finance,Finance
1005406,oracle,oracle_table,SYSADM.PS_AM_COST_U_TAO1,PS_AM_COST_U_TAO1,0,0,0,0,0,0,0,,,0.0,0.0,0.0,VRAI,Finance,Finance
1005407,oracle,oracle_table,SYSADM.PS_AM_COST_U_TAO2,PS_AM_COST_U_TAO2,0,0,0,0,0,0,0,,,0.0,0.0,0.0,VRAI,Finance,Finance
1005408,oracle,oracle_table,SYSADM.PS_AM_COST_U_TAO3,PS_AM_COST_U_TAO3,0,0,0,0,0,0,0,,,0.0,0.0,0.0,VRAI,Finance,Finance
1005409,oracle,oracle_table,SYSADM.PS_AM_COST_U_TAO4,PS_AM_COST_U_TAO4,0,0,0,0,0,0,0,,,0.0,0.0,0.0,VRAI,Finance,Finance
1005410,oracle,oracle_table,SYSADM.PS_AM_COST_U_TAO5,PS_AM_COST_U_TAO5,0,0,0,0,0,0,0,,,0.0,0.0,0.0,VRAI,Finance,Finance
1005411,oracle,oracle_table,SYSADM.PS_AM_COST_U_TAO6,PS_AM_COST_U_TAO6,0,0,0,0,0,0,0,,,0.0,0.0,0.0,VRAI,Finance,Finance
1005412,oracle,oracle_table,SYSADM.PS_AM_COST_U_TAO7,PS_AM_COST_U_TAO7,0,0,0,0,0,0,0,,,0.0,0.0,0.0,VRAI,Finance,Finance
1005413,oracle,oracle_table,SYSADM.PS_AM_COST_U_TAO8,PS_AM_COST_U_TAO8,0,0,0,0,0,0,0,,,0.0,0.0,0.0,VRAI,Finance,Finance
1005414,oracle,oracle_table,SYSADM.PS_AM_CPY_BK_TAO,PS_AM_CPY_BK_TAO,2,0,2,1,0,1,0,10.0,10.0,0.0,0.0,0.0,VRAI,Finance,Finance
1005415,oracle,oracle_table,SYSADM.PS_AM_CR01_TAO,PS_AM_CR01_TAO,7,2,5,1,2,4,0,8.571428571428571,12.0,0.0,0.0,0.0,VRAI,Finance,Finance
1005416,oracle,oracle_table,SYSADM.PS_AM_CR01_TAO1,PS_AM_CR01_TAO1,0,0,0,0,0,0,0,,,0.0,0.0,0.0,VRAI,Finance,Finance
1005417,oracle,oracle_table,SYSADM.PS_AM_CR01_TAO2,PS_AM_CR01_TAO2,0,0,0,0,0,0,0,,,0.0,0.0,0.0,VRAI,Finance,Finance
1005418,oracle,oracle_table,SYSADM.PS_AM_CR01_TAO3,PS_AM_CR01_TAO3,0,0,0,0,0,0,0,,,0.0,0.0,0.0,VRAI,Finance,Finance
1005419,oracle,oracle_table,SYSADM.PS_AM_CR01_TAO4,PS_AM_CR01_TAO4,0,0,0,0,0,0,0,,,0.0,0.0,0.0,VRAI,Finance,Finance
1005420,oracle,oracle_table,SYSADM.PS_AM_CR01_TAO5,PS_AM_CR01_TAO5,0,0,0,0,0,0,0,,,0.0,0.0,0.0,VRAI,Finance,Finance
1005421,oracle,oracle_table,SYSADM.PS_AM_CR01_TAO6,PS_AM_CR01_TAO6,0,0,0,0,0,0,0,,,0.0,0.0,0.0,VRAI,Finance,Finance
1005422,oracle,oracle_table,SYSADM.PS_AM_CR01_TAO7,PS_AM_CR01_TAO7,0,0,0,0,0,0,0,,,0.0,0.0,0.0,VRAI,Finance,Finance
1005423,oracle,oracle_table,SYSADM.PS_AM_CR01_TAO8,PS_AM_CR01_TAO8,0,0,0,0,0,0,0,,,0.0,0.0,0.0,VRAI,Finance,Finance
1005424,oracle,oracle_table,SYSADM.PS_AM_CR_BK_TAO,PS_AM_CR_BK_TAO,8,0,8,1,0,7,0,6.75,10.0,0.0,0.0,0.0,VRAI,Finance,Finance
1005425,oracle,oracle_table,SYSADM.PS_AM_CR_BK_TAO1,PS_AM_CR_BK_TAO1,0,0,0,0,0,0,0,,,0.0,0.0,0.0,VRAI,Finance,Finance
1005426,oracle,oracle_table,SYSADM.PS_AM_CR_BK_TAO2,PS_AM_CR_BK_TAO2,0,0,0,0,0,0,0,,,0.0,0.0,0.0,VRAI,Finance,Finance
1005427,oracle,oracle_table,SYSADM.PS_AM_CR_BK_TAO3,PS_AM_CR_BK_TAO3,0,0,0,0,0,0,0,,,0.0,0.0,0.0,VRAI,Finance,Finance
1005428,oracle,oracle_table,SYSADM.PS_AM_CR_BK_TAO4,PS_AM_CR_BK_TAO4,0,0,0,0,0,0,0,,,0.0,0.0,0.0,VRAI,Finance,Finance
1005429,oracle,oracle_table,SYSADM.PS_AM_CR_BK_TAO5,PS_AM_CR_BK_TAO5,0,0,0,0,0,0,0,,,0.0,0.0,0.0,VRAI,Finance,Finance
1005430,oracle,oracle_table,SYSADM.PS_AM_CR_BK_TAO6,PS_AM_CR_BK_TAO6,0,0,0,0,0,0,0,,,0.0,0.0,0.0,VRAI,Finance,Finance
1005431,oracle,oracle_table,SYSADM.PS_AM_CR_BK_TAO7,PS_AM_CR_BK_TAO7,0,0,0,0,0,0,0,,,0.0,0.0,0.0,VRAI,Finance,Finance
1005432,oracle,oracle_table,SYSADM.PS_AM_CR_BK_TAO8,PS_AM_CR_BK_TAO8,0,0,0,0,0,0,0,,,0.0,0.0,0.0,VRAI,Finance,Finance
1005433,oracle,oracle_table,SYSADM.PS_AM_CR_DL_TAO,PS_AM_CR_DL_TAO,71,6,65,10,6,55,0,8.845070422535212,30.0,0.0,0.0,0.0,VRAI,Finance,Finance
1005434,oracle,oracle_table,SYSADM.PS_AM_CR_DL_TAO1,PS_AM_CR_DL_TAO1,0,0,0,0,0,0,0,,,0.0,0.0,0.0,VRAI,Finance,Finance
1005435,oracle,oracle_table,SYSADM.PS_AM_CR_DL_TAO2,PS_AM_CR_DL_TAO2,0,0,0,0,0,0,0,,,0.0,0.0,0.0,VRAI,Finance,Finance
1005436,oracle,oracle_table,SYSADM.PS_AM_CR_DL_TAO3,PS_AM_CR_DL_TAO3,0,0,0,0,0,0,0,,,0.0,0.0,0.0,VRAI,Finance,Finance
1005437,oracle,oracle_table,SYSADM.PS_AM_CR_DL_TAO4,PS_AM_CR_DL_TAO4,0,0,0,0,0,0,0,,,0.0,0.0,0.0,VRAI,Finance,Finance
1005438,oracle,oracle_table,SYSADM.PS_AM_CR_DL_TAO5,PS_AM_CR_DL_TAO5,0,0,0,0,0,0,0,,,0.0,0.0,0.0,VRAI,Finance,Finance
1005439,oracle,oracle_table,SYSADM.PS_AM_CR_DL_TAO6,PS_AM_CR_DL_TAO6,0,0,0,0,0,0,0,,,0.0,0.0,0.0,VRAI,Finance,Finance
1005440,oracle,oracle_table,SYSADM.PS_AM_CR_DL_TAO7,PS_AM_CR_DL_TAO7,0,0,0,0,0,0,0,,,0.0,0.0,0.0,VRAI,Finance,Finance
1005441,oracle,oracle_table,SYSADM.PS_AM_CR_DL_TAO8,PS_AM_CR_DL_TAO8,0,0,0,0,0,0,0,,,0.0,0.0,0.0,VRAI,Finance,Finance
1005442,oracle,oracle_table,SYSADM.PS_AM_CRIT_LVL,PS_AM_CRIT_LVL,3,0,3,1,0,2,0,11.666666666666666,30.0,3.0,33.0,3.14712524414e-05,VRAI,Finance,Finance
1005443,oracle,oracle_table,SYSADM.PS_AM_CRIT_LVL_LNG,PS_AM_CRIT_LVL_LNG,3,0,3,0,0,3,0,11.666666666666666,30.0,0.0,0.0,0.0,VRAI,Finance,Finance
1005444,oracle,oracle_table,SYSADM.PS_AM_CR_OT_TAO,PS_AM_CR_OT_TAO,7,1,6,1,1,5,0,5.7142857142857135,10.0,0.0,0.0,0.0,VRAI,Finance,Finance
1005445,oracle,oracle_table,SYSADM.PS_AM_CR_OT_TAO1,PS_AM_CR_OT_TAO1,0,0,0,0,0,0,0,,,0.0,0.0,0.0,VRAI,Finance,Finance
1005446,oracle,oracle_table,SYSADM.PS_AM_CR_OT_TAO2,PS_AM_CR_OT_TAO2,0,0,0,0,0,0,0,,,0.0,0.0,0.0,VRAI,Finance,Finance
1005447,oracle,oracle_table,SYSADM.PS_AM_CR_OT_TAO3,PS_AM_CR_OT_TAO3,0,0,0,0,0,0,0,,,0.0,0.0,0.0,VRAI,Finance,Finance
1005448,oracle,oracle_table,SYSADM.PS_AM_CR_OT_TAO4,PS_AM_CR_OT_TAO4,0,0,0,0,0,0,0,,,0.0,0.0,0.0,VRAI,Finance,Finance
1005449,oracle,oracle_table,SYSADM.PS_AM_CR_OT_TAO5,PS_AM_CR_OT_TAO5,0,0,0,0,0,0,0,,,0.0,0.0,0.0,VRAI,Finance,Finance
1005450,oracle,oracle_table,SYSADM.PS_AM_CR_OT_TAO6,PS_AM_CR_OT_TAO6,0,0,0,0,0,0,0,,,0.0,0.0,0.0,VRAI,Finance,Finance
1005451,oracle,oracle_table,SYSADM.PS_AM_CR_OT_TAO7,PS_AM_CR_OT_TAO7,0,0,0,0,0,0,0,,,0.0,0.0,0.0,VRAI,Finance,Finance
1005452,oracle,oracle_table,SYSADM.PS_AM_CR_OT_TAO8,PS_AM_CR_OT_TAO8,0,0,0,0,0,0,0,,,0.0,0.0,0.0,VRAI,Finance,Finance
1005453,oracle,oracle_table,SYSADM.PS_AMCURCVN_RQST,PS_AMCURCVN_RQST,24,0,24,0,1,23,0,6.958333333333333,30.0,0.0,0.0,0.0,VRAI,Finance,Finance
1005454,oracle,oracle_table,SYSADM.PS_AM_CUS_STAGE_SS,PS_AM_CUS_STAGE_SS,7,2,5,0,2,5,0,14.857142857142856,30.0,0.0,0.0,0.0,VRAI,Finance,Finance
1005455,oracle,oracle_table,SYSADM.PS_AM_CUST_WRK,PS_AM_CUST_WRK,13,0,13,6,0,7,0,10.307692307692308,28.0,0.0,0.0,0.0,VRAI,Finance,Finance
1005456,oracle,oracle_table,SYSADM.PS_AM_CV01_TAO,PS_AM_CV01_TAO,46,2,44,9,2,35,0,8.369565217391305,28.0,0.0,0.0,0.0,VRAI,Finance,Finance
1005457,oracle,oracle_table,SYSADM.PS_AM_CV01_TAO1,PS_AM_CV01_TAO1,0,0,0,0,0,0,0,,,0.0,0.0,0.0,VRAI,Finance,Finance
1005458,oracle,oracle_table,SYSADM.PS_AM_CV01_TAO2,PS_AM_CV01_TAO2,0,0,0,0,0,0,0,,,0.0,0.0,0.0,VRAI,Finance,Finance
1005459,oracle,oracle_table,SYSADM.PS_AM_CV01_TAO3,PS_AM_CV01_TAO3,0,0,0,0,0,0,0,,,0.0,0.0,0.0,VRAI,Finance,Finance
1005460,oracle,oracle_table,SYSADM.PS_AM_CV01_TAO4,PS_AM_CV01_TAO4,0,0,0,0,0,0,0,,,0.0,0.0,0.0,VRAI,Finance,Finance
1005461,oracle,oracle_table,SYSADM.PS_AM_CV01_TAO5,PS_AM_CV01_TAO5,0,0,0,0,0,0,0,,,0.0,0.0,0.0,VRAI,Finance,Finance
1005462,oracle,oracle_table,SYSADM.PS_AM_CV01_TAO6,PS_AM_CV01_TAO6,0,0,0,0,0,0,0,,,0.0,0.0,0.0,VRAI,Finance,Finance
1005463,oracle,oracle_table,SYSADM.PS_AM_CV01_TAO7,PS_AM_CV01_TAO7,0,0,0,0,0,0,0,,,0.0,0.0,0.0,VRAI,Finance,Finance
1005464,oracle,oracle_table,SYSADM.PS_AM_CV01_TAO8,PS_AM_CV01_TAO8,0,0,0,0,0,0,0,,,0.0,0.0,0.0,VRAI,Finance,Finance
1005465,oracle,oracle_table,SYSADM.PS_AM_CV02_TAO,PS_AM_CV02_TAO,17,1,16,5,1,11,0,10.588235294117649,28.0,0.0,0.0,0.0,VRAI,Finance,Finance
1005466,oracle,oracle_table,SYSADM.PS_AM_CV02_TAO1,PS_AM_CV02_TAO1,0,0,0,0,0,0,0,,,0.0,0.0,0.0,VRAI,Finance,Finance
1005467,oracle,oracle_table,SYSADM.PS_AM_CV02_TAO2,PS_AM_CV02_TAO2,0,0,0,0,0,0,0,,,0.0,0.0,0.0,VRAI,Finance,Finance
1005468,oracle,oracle_table,SYSADM.PS_AM_CV02_TAO3,PS_AM_CV02_TAO3,0,0,0,0,0,0,0,,,0.0,0.0,0.0,VRAI,Finance,Finance
1005469,oracle,oracle_table,SYSADM.PS_AM_CV02_TAO4,PS_AM_CV02_TAO4,0,0,0,0,0,0,0,,,0.0,0.0,0.0,VRAI,Finance,Finance
1005470,oracle,oracle_table,SYSADM.PS_AM_CV02_TAO5,PS_AM_CV02_TAO5,0,0,0,0,0,0,0,,,0.0,0.0,0.0,VRAI,Finance,Finance
1005471,oracle,oracle_table,SYSADM.PS_AM_CV02_TAO6,PS_AM_CV02_TAO6,0,0,0,0,0,0,0,,,0.0,0.0,0.0,VRAI,Finance,Finance
1005472,oracle,oracle_table,SYSADM.PS_AM_CV02_TAO7,PS_AM_CV02_TAO7,0,0,0,0,0,0,0,,,0.0,0.0,0.0,VRAI,Finance,Finance
1005473,oracle,oracle_table,SYSADM.PS_AM_CV02_TAO8,PS_AM_CV02_TAO8,0,0,0,0,0,0,0,,,0.0,0.0,0.0,VRAI,Finance,Finance
1005474,oracle,oracle_table,SYSADM.PS_AMCV1000_RQST,PS_AMCV1000_RQST,13,1,12,1,1,11,0,15.46153846153846,80.0,0.0,0.0,0.0,VRAI,Finance,Finance
